devis_id;date_emission;mois;exercice;client_id;type_client;agence;commercial;categorie;code_prestation;libelle_prestation;quantite;montant_ht;statut;date_decision;delai_1ere_relance_j;nb_relances
DEV-00001;2022-07-01;2022-07;2022-2023;CLI-0170;Particulier;Toulouse;Julien Fabre;Plomberie;PR-003;Réfection réseau eau appartement;1;3434.79;Sans réponse;2022-07-28;4;2
DEV-00002;2022-07-01;2022-07;2022-2023;CLI-0150;Particulier;Bordeaux;Sophie Marchand;Plomberie;PR-002;Recherche de fuite + réparation;1;420.94;Refusé;2022-07-04;1;1
DEV-00003;2022-07-01;2022-07;2022-2023;CLI-0145;Collectivité;Bordeaux;Karim Belkacem;Salle de bain;SB-001;Rénovation salle de bain complète;1;20469.82;Refusé;2022-07-12;;0
DEV-00004;2022-07-04;2022-07;2022-2023;CLI-0120;Particulier;Toulouse;Julien Fabre;Plomberie;PR-003;Réfection réseau eau appartement;1;2836.66;Refusé;2022-07-28;10;2
DEV-00005;2022-07-05;2022-07;2022-2023;CLI-0004;Particulier;Bordeaux;Karim Belkacem;Chauffage;CH-003;Installation pompe à chaleur air/eau;1;13409.78;Refusé;2022-07-08;9;0
DEV-00006;2022-07-05;2022-07;2022-2023;CLI-0114;Particulier;Bordeaux;Sophie Marchand;Plomberie;PR-002;Recherche de fuite + réparation;1;408.99;Accepté;2022-07-17;1;2
DEV-00007;2022-07-06;2022-07;2022-2023;CLI-0068;Particulier;Bordeaux;Karim Belkacem;Plomberie;PR-001;Remplacement chauffe-eau 200 L;1;1043.35;Refusé;2022-08-04;1;1
DEV-00008;2022-07-06;2022-07;2022-2023;CLI-0160;Particulier;Bordeaux;Karim Belkacem;Plomberie;PR-004;Remplacement colonne d'évacuation;1;5812.36;Accepté;2022-08-07;3;1
DEV-00009;2022-07-06;2022-07;2022-2023;CLI-0102;Particulier;Toulouse;Julien Fabre;Plomberie;PR-002;Recherche de fuite + réparation;1;420.81;Refusé;2022-07-28;8;2
DEV-00010;2022-07-08;2022-07;2022-2023;CLI-0089;Particulier;Bordeaux;Karim Belkacem;Salle de bain;SB-003;Pose meuble vasque + robinetterie;1;1332.2;Accepté;2022-08-04;1;3
DEV-00011;2022-07-08;2022-07;2022-2023;CLI-0043;Particulier;Toulouse;Julien Fabre;Salle de bain;SB-001;Rénovation salle de bain complète;1;9816.44;Sans réponse;2022-07-12;5;0
DEV-00012;2022-07-11;2022-07;2022-2023;CLI-0151;Syndic;Bordeaux;Karim Belkacem;Salle de bain;SB-002;Remplacement baignoire par douche;1;7815.09;Refusé;2022-08-07;;0
DEV-00013;2022-07-11;2022-07;2022-2023;CLI-0051;Particulier;Toulouse;Julien Fabre;Salle de bain;SB-001;Rénovation salle de bain complète;1;8570.48;Refusé;2022-08-08;1;1
DEV-00014;2022-07-11;2022-07;2022-2023;CLI-0098;Particulier;Bordeaux;Karim Belkacem;Dépannage;DP-004;Remise en service chaudière;1;223.45;Accepté;2022-07-30;2;1
DEV-00015;2022-07-12;2022-07;2022-2023;CLI-0042;Particulier;Bordeaux;Sophie Marchand;Dépannage;DP-002;Débouchage canalisation;1;331.48;Accepté;2022-07-20;3;1
DEV-00016;2022-07-12;2022-07;2022-2023;CLI-0049;Particulier;Bordeaux;Karim Belkacem;Chauffage;CH-005;Désembouage circuit chauffage;1;730.54;Sans réponse;2022-08-01;6;1
DEV-00017;2022-07-12;2022-07;2022-2023;CLI-0083;Collectivité;Toulouse;Julien Fabre;Salle de bain;SB-001;Rénovation salle de bain complète;1;25587.26;Sans réponse;2022-07-28;10;1
DEV-00018;2022-07-13;2022-07;2022-2023;CLI-0079;Particulier;Bordeaux;Karim Belkacem;Électricité;EL-004;Éclairage LED locaux professionnels;1;3374.26;Refusé;2022-08-04;7;2
DEV-00019;2022-07-13;2022-07;2022-2023;CLI-0168;Particulier;Bordeaux;Karim Belkacem;Plomberie;PR-004;Remplacement colonne d'évacuation;1;5021.61;Sans réponse;2022-07-30;;0
DEV-00020;2022-07-15;2022-07;2022-2023;CLI-0133;Syndic;Bordeaux;Sophie Marchand;Dépannage;DP-002;Débouchage canalisation;1;737.31;Refusé;2022-08-17;8;2
DEV-00021;2022-07-15;2022-07;2022-2023;CLI-0056;Particulier;Bordeaux;Sophie Marchand;Plomberie;PR-002;Recherche de fuite + réparation;1;491.43;Sans réponse;2022-07-23;9;0
DEV-00022;2022-07-15;2022-07;2022-2023;CLI-0014;Particulier;Bordeaux;Karim Belkacem;Plomberie;PR-003;Réfection réseau eau appartement;1;3207.71;Sans réponse;2022-07-27;4;2
DEV-00023;2022-07-18;2022-07;2022-2023;CLI-0061;Professionnel;Toulouse;Julien Fabre;Électricité;EL-002;Installation borne de recharge VE;1;2265.82;Sans réponse;2022-08-25;3;3
DEV-00024;2022-07-20;2022-07;2022-2023;CLI-0026;Particulier;Bordeaux;Sophie Marchand;Salle de bain;SB-001;Rénovation salle de bain complète;1;10132.95;Sans réponse;2022-09-02;12;1
DEV-00025;2022-07-21;2022-07;2022-2023;CLI-0002;Particulier;Bordeaux;Sophie Marchand;Dépannage;DP-003;Dépannage électrique urgence;1;311.16;Sans réponse;2022-08-14;;0
DEV-00026;2022-07-21;2022-07;2022-2023;CLI-0156;Particulier;Bordeaux;Karim Belkacem;Plomberie;PR-003;Réfection réseau eau appartement;1;3476.87;Accepté;2022-08-13;1;1
DEV-00027;2022-07-21;2022-07;2022-2023;CLI-0094;Professionnel;Toulouse;Julien Fabre;Électricité;EL-003;Rénovation électrique complète;1;16995.08;Sans réponse;2022-08-14;6;3
DEV-00028;2022-07-21;2022-07;2022-2023;CLI-0005;Particulier;Bordeaux;Sophie Marchand;Dépannage;DP-001;Dépannage plomberie urgence;1;262.87;Accepté;2022-08-01;2;1
DEV-00029;2022-07-22;2022-07;2022-2023;CLI-0059;Particulier;Bordeaux;Karim Belkacem;Électricité;EL-001;Mise aux normes tableau électrique;1;1839.23;Sans réponse;2022-08-31;1;3
DEV-00030;2022-07-22;2022-07;2022-2023;CLI-0133;Syndic;Bordeaux;Karim Belkacem;Salle de bain;SB-001;Rénovation salle de bain complète;1;17449.94;Sans réponse;2022-09-04;5;4
DEV-00031;2022-07-25;2022-07;2022-2023;CLI-0196;Particulier;Bordeaux;Karim Belkacem;Salle de bain;SB-001;Rénovation salle de bain complète;1;10167.81;Accepté;2022-08-22;1;4
DEV-00032;2022-07-25;2022-07;2022-2023;CLI-0139;Particulier;Bordeaux;Sophie Marchand;Salle de bain;SB-001;Rénovation salle de bain complète;1;10695.42;Sans réponse;2022-08-17;6;1
DEV-00033;2022-07-25;2022-07;2022-2023;CLI-0042;Particulier;Bordeaux;Karim Belkacem;Salle de bain;SB-001;Rénovation salle de bain complète;1;10068.38;Refusé;2022-08-05;;0
DEV-00034;2022-07-26;2022-07;2022-2023;CLI-0025;Syndic;Bordeaux;Karim Belkacem;Chauffage;CH-001;Installation chaudière gaz condensation;1;8733.0;Accepté;2022-08-10;3;2
DEV-00035;2022-07-27;2022-07;2022-2023;CLI-0082;Particulier;Toulouse;Julien Fabre;Électricité;EL-004;Éclairage LED locaux professionnels;1;3416.7;Sans réponse;2022-08-10;6;2
DEV-00036;2022-07-27;2022-07;2022-2023;CLI-0052;Particulier;Toulouse;Julien Fabre;Salle de bain;SB-002;Remplacement baignoire par douche;1;3641.62;Accepté;2022-08-28;1;1
DEV-00037;2022-07-28;2022-07;2022-2023;CLI-0036;Particulier;Toulouse;Julien Fabre;Plomberie;PR-002;Recherche de fuite + réparation;1;422.16;Accepté;2022-08-18;1;2
DEV-00038;2022-07-28;2022-07;2022-2023;CLI-0158;Particulier;Bordeaux;Karim Belkacem;Électricité;EL-002;Installation borne de recharge VE;1;1418.22;Accepté;2022-07-31;1;1
DEV-00039;2022-07-29;2022-07;2022-2023;CLI-0005;Particulier;Bordeaux;Karim Belkacem;Salle de bain;SB-001;Rénovation salle de bain complète;1;10620.92;Sans réponse;2022-08-27;;0
DEV-00040;2022-08-01;2022-08;2022-2023;CLI-0178;Particulier;Toulouse;Julien Fabre;Plomberie;PR-002;Recherche de fuite + réparation;1;395.72;Sans réponse;2022-09-04;7;3
DEV-00041;2022-08-01;2022-08;2022-2023;CLI-0105;Particulier;Toulouse;Julien Fabre;Chauffage;CH-005;Désembouage circuit chauffage;2;1528.12;Sans réponse;2022-08-28;;0
DEV-00042;2022-08-01;2022-08;2022-2023;CLI-0177;Particulier;Toulouse;Julien Fabre;Plomberie;PR-002;Recherche de fuite + réparation;1;387.0;Sans réponse;2022-08-19;8;1
DEV-00043;2022-08-01;2022-08;2022-2023;CLI-0127;Particulier;Toulouse;Julien Fabre;Plomberie;PR-001;Remplacement chauffe-eau 200 L;2;2377.95;Accepté;2022-09-11;4;1
DEV-00044;2022-08-02;2022-08;2022-2023;CLI-0069;Professionnel;Toulouse;Julien Fabre;Plomberie;PR-001;Remplacement chauffe-eau 200 L;2;3750.58;Refusé;2022-08-15;2;2
DEV-00045;2022-08-02;2022-08;2022-2023;CLI-0159;Syndic;Bordeaux;Karim Belkacem;Plomberie;PR-004;Remplacement colonne d'évacuation;1;11164.87;Sans réponse;2022-08-16;1;2
DEV-00046;2022-08-02;2022-08;2022-2023;CLI-0153;Particulier;Bordeaux;Karim Belkacem;Chauffage;CH-004;Remplacement radiateurs (lot de 5);1;2211.72;Refusé;2022-09-08;1;2
DEV-00047;2022-08-03;2022-08;2022-2023;CLI-0114;Particulier;Bordeaux;Karim Belkacem;Électricité;EL-001;Mise aux normes tableau électrique;3;4741.05;Accepté;2022-08-27;3;1
DEV-00048;2022-08-03;2022-08;2022-2023;CLI-0095;Particulier;Bordeaux;Sophie Marchand;Dépannage;DP-001;Dépannage plomberie urgence;1;269.28;Accepté;2022-08-19;6;1
DEV-00049;2022-08-04;2022-08;2022-2023;CLI-0070;Particulier;Toulouse;Julien Fabre;Chauffage;CH-001;Installation chaudière gaz condensation;1;5151.21;Refusé;2022-08-24;2;2
DEV-00050;2022-08-04;2022-08;2022-2023;CLI-0097;Particulier;Toulouse;Julien Fabre;Salle de bain;SB-002;Remplacement baignoire par douche;1;3084.15;Refusé;2022-09-02;11;2
DEV-00051;2022-08-08;2022-08;2022-2023;CLI-0055;Professionnel;Bordeaux;Karim Belkacem;Dépannage;DP-001;Dépannage plomberie urgence;1;446.64;Refusé;2022-08-25;5;1
DEV-00052;2022-08-09;2022-08;2022-2023;CLI-0154;Particulier;Bordeaux;Karim Belkacem;Dépannage;DP-004;Remise en service chaudière;1;222.49;Accepté;2022-09-01;1;2
DEV-00053;2022-08-09;2022-08;2022-2023;CLI-0155;Particulier;Bordeaux;Sophie Marchand;Chauffage;CH-004;Remplacement radiateurs (lot de 5);1;2634.9;Sans réponse;2022-09-11;5;3
DEV-00054;2022-08-10;2022-08;2022-2023;CLI-0067;Professionnel;Bordeaux;Karim Belkacem;Salle de bain;SB-001;Rénovation salle de bain complète;1;16749.18;Accepté;2022-09-01;3;2
DEV-00055;2022-08-11;2022-08;2022-2023;CLI-0079;Particulier;Bordeaux;Karim Belkacem;Dépannage;DP-004;Remise en service chaudière;1;196.89;Accepté;2022-09-15;;0
DEV-00056;2022-08-12;2022-08;2022-2023;CLI-0052;Particulier;Toulouse;Julien Fabre;Dépannage;DP-002;Débouchage canalisation;2;702.51;Refusé;2022-09-02;5;1
DEV-00057;2022-08-15;2022-08;2022-2023;CLI-0085;Particulier;Toulouse;Julien Fabre;Chauffage;CH-003;Installation pompe à chaleur air/eau;1;14114.35;Refusé;2022-09-05;;0
DEV-00058;2022-08-15;2022-08;2022-2023;CLI-0109;Professionnel;Toulouse;Julien Fabre;Électricité;EL-001;Mise aux normes tableau électrique;1;3135.61;Accepté;2022-09-19;2;3
DEV-00059;2022-08-16;2022-08;2022-2023;CLI-0122;Particulier;Toulouse;Julien Fabre;Dépannage;DP-004;Remise en service chaudière;1;199.33;Accepté;2022-08-27;1;1
DEV-00060;2022-08-16;2022-08;2022-2023;CLI-0185;Particulier;Bordeaux;Karim Belkacem;Dépannage;DP-001;Dépannage plomberie urgence;2;544.21;Accepté;2022-09-11;3;1
DEV-00061;2022-08-16;2022-08;2022-2023;CLI-0163;Particulier;Toulouse;Julien Fabre;Dépannage;DP-003;Dépannage électrique urgence;2;542.8;Accepté;2022-09-16;7;2
DEV-00062;2022-08-17;2022-08;2022-2023;CLI-0140;Syndic;Toulouse;Julien Fabre;Électricité;EL-002;Installation borne de recharge VE;1;3465.25;Accepté;2022-08-29;1;1
DEV-00063;2022-08-17;2022-08;2022-2023;CLI-0040;Professionnel;Bordeaux;Sophie Marchand;Chauffage;CH-005;Désembouage circuit chauffage;1;1249.77;Sans réponse;2022-08-30;;0
DEV-00064;2022-08-18;2022-08;2022-2023;CLI-0003;Professionnel;Toulouse;Julien Fabre;Plomberie;PR-003;Réfection réseau eau appartement;1;5777.72;Accepté;2022-08-25;6;1
DEV-00065;2022-08-18;2022-08;2022-2023;CLI-0141;Particulier;Bordeaux;Karim Belkacem;Salle de bain;SB-001;Rénovation salle de bain complète;1;9765.22;Refusé;2022-08-29;;0
DEV-00066;2022-08-19;2022-08;2022-2023;CLI-0140;Syndic;Toulouse;Julien Fabre;Chauffage;CH-005;Désembouage circuit chauffage;1;1629.88;Sans réponse;2022-09-19;;0
DEV-00067;2022-08-22;2022-08;2022-2023;CLI-0121;Syndic;Toulouse;Julien Fabre;Salle de bain;SB-001;Rénovation salle de bain complète;1;20649.1;Sans réponse;2022-10-04;11;2
DEV-00068;2022-08-22;2022-08;2022-2023;CLI-0027;Particulier;Toulouse;Julien Fabre;Plomberie;PR-001;Remplacement chauffe-eau 200 L;1;1089.83;Sans réponse;2022-08-27;3;1
DEV-00069;2022-08-24;2022-08;2022-2023;CLI-0182;Professionnel;Bordeaux;Karim Belkacem;Plomberie;PR-004;Remplacement colonne d'évacuation;1;10086.79;Refusé;2022-08-27;1;1
DEV-00070;2022-08-24;2022-08;2022-2023;CLI-0160;Particulier;Bordeaux;Sophie Marchand;Salle de bain;SB-002;Remplacement baignoire par douche;1;3772.29;Sans réponse;2022-08-29;;0
DEV-00071;2022-08-25;2022-08;2022-2023;CLI-0036;Particulier;Toulouse;Julien Fabre;Plomberie;PR-003;Réfection réseau eau appartement;1;2720.69;Refusé;2022-09-12;5;1
DEV-00072;2022-08-25;2022-08;2022-2023;CLI-0167;Particulier;Toulouse;Julien Fabre;Plomberie;PR-002;Recherche de fuite + réparation;3;1235.22;Sans réponse;2022-09-05;5;1
DEV-00073;2022-08-29;2022-08;2022-2023;CLI-0008;Particulier;Toulouse;Julien Fabre;Chauffage;CH-005;Désembouage circuit chauffage;1;736.14;Accepté;2022-09-24;1;1
DEV-00074;2022-08-29;2022-08;2022-2023;CLI-0080;Particulier;Bordeaux;Karim Belkacem;Plomberie;PR-003;Réfection réseau eau appartement;1;3456.85;Sans réponse;2022-09-21;2;1
DEV-00075;2022-08-29;2022-08;2022-2023;CLI-0063;Particulier;Bordeaux;Karim Belkacem;Électricité;EL-004;Éclairage LED locaux professionnels;1;3634.55;Sans réponse;2022-09-15;1;2
DEV-00076;2022-08-30;2022-08;2022-2023;CLI-0209;Particulier;Toulouse;Julien Fabre;Électricité;EL-004;Éclairage LED locaux professionnels;1;3348.7;Sans réponse;2022-09-05;6;1
DEV-00077;2022-08-31;2022-08;2022-2023;CLI-0046;Syndic;Toulouse;Julien Fabre;Dépannage;DP-001;Dépannage plomberie urgence;1;529.64;Accepté;2022-09-18;6;3
DEV-00078;2022-08-31;2022-08;2022-2023;CLI-0005;Particulier;Bordeaux;Karim Belkacem;Plomberie;PR-001;Remplacement chauffe-eau 200 L;2;2693.16;Sans réponse;2022-09-25;13;1
DEV-00079;2022-09-01;2022-09;2022-2023;CLI-0166;Particulier;Bordeaux;Sophie Marchand;Électricité;EL-001;Mise aux normes tableau électrique;1;1575.87;Accepté;2022-10-07;6;1
DEV-00080;2022-09-02;2022-09;2022-2023;CLI-0047;Particulier;Bordeaux;Karim Belkacem;Chauffage;CH-003;Installation pompe à chaleur air/eau;1;12318.47;Accepté;2022-09-29;4;3
DEV-00081;2022-09-02;2022-09;2022-2023;CLI-0068;Particulier;Bordeaux;Sophie Marchand;Chauffage;CH-001;Installation chaudière gaz condensation;1;5067.76;Accepté;2022-09-18;8;2
DEV-00082;2022-09-02;2022-09;2022-2023;CLI-0065;Particulier;Bordeaux;Karim Belkacem;Chauffage;CH-005;Désembouage circuit chauffage;1;644.61;Sans réponse;2022-09-29;;0
DEV-00083;2022-09-05;2022-09;2022-2023;CLI-0213;Professionnel;Bordeaux;Sophie Marchand;Salle de bain;SB-002;Remplacement baignoire par douche;1;6485.38;Sans réponse;2022-09-25;;0
DEV-00084;2022-09-05;2022-09;2022-2023;CLI-0008;Particulier;Toulouse;Julien Fabre;Électricité;EL-002;Installation borne de recharge VE;1;1276.18;Accepté;2022-10-06;3;1
DEV-00085;2022-09-06;2022-09;2022-2023;CLI-0170;Particulier;Toulouse;Julien Fabre;Salle de bain;SB-002;Remplacement baignoire par douche;1;3220.4;Accepté;2022-09-25;5;2
DEV-00086;2022-09-06;2022-09;2022-2023;CLI-0131;Particulier;Toulouse;Julien Fabre;Chauffage;CH-005;Désembouage circuit chauffage;1;733.99;Accepté;2022-10-03;2;2
DEV-00087;2022-09-07;2022-09;2022-2023;CLI-0148;Particulier;Bordeaux;Karim Belkacem;Plomberie;PR-001;Remplacement chauffe-eau 200 L;1;1053.03;Sans réponse;2022-09-21;4;1
DEV-00088;2022-09-08;2022-09;2022-2023;CLI-0002;Particulier;Bordeaux;Sophie Marchand;Plomberie;PR-003;Réfection réseau eau appartement;1;3179.39;Refusé;2022-09-24;1;2
DEV-00089;2022-09-12;2022-09;2022-2023;CLI-0103;Particulier;Toulouse;Julien Fabre;Salle de bain;SB-003;Pose meuble vasque + robinetterie;1;1265.01;Refusé;2022-10-06;;0
DEV-00090;2022-09-12;2022-09;2022-2023;CLI-0025;Syndic;Bordeaux;Sophie Marchand;Dépannage;DP-003;Dépannage électrique urgence;1;580.54;Sans réponse;2022-09-27;;0
DEV-00091;2022-09-12;2022-09;2022-2023;CLI-0169;Professionnel;Bordeaux;Sophie Marchand;Électricité;EL-004;Éclairage LED locaux professionnels;1;4820.6;Sans réponse;2022-09-16;6;0
DEV-00092;2022-09-13;2022-09;2022-2023;CLI-0117;Particulier;Toulouse;Julien Fabre;Salle de bain;SB-001;Rénovation salle de bain complète;1;9970.87;Accepté;2022-09-22;3;1
DEV-00093;2022-09-13;2022-09;2022-2023;CLI-0065;Particulier;Bordeaux;Sophie Marchand;Dépannage;DP-004;Remise en service chaudière;1;209.36;Accepté;2022-10-14;5;3
DEV-00094;2022-09-13;2022-09;2022-2023;CLI-0025;Syndic;Bordeaux;Sophie Marchand;Chauffage;CH-001;Installation chaudière gaz condensation;1;11006.55;Sans réponse;2022-10-01;13;1
DEV-00095;2022-09-14;2022-09;2022-2023;CLI-0218;Syndic;Bordeaux;Karim Belkacem;Salle de bain;SB-003;Pose meuble vasque + robinetterie;1;2400.78;Accepté;2022-10-30;1;2
DEV-00096;2022-09-14;2022-09;2022-2023;CLI-0009;Particulier;Toulouse;Julien Fabre;Chauffage;CH-004;Remplacement radiateurs (lot de 5);1;2556.52;Sans réponse;2022-09-22;11;0
DEV-00097;2022-09-15;2022-09;2022-2023;CLI-0214;Particulier;Toulouse;Julien Fabre;Salle de bain;SB-001;Rénovation salle de bain complète;1;9611.5;Accepté;2022-09-28;5;1
DEV-00098;2022-09-15;2022-09;2022-2023;CLI-0108;Professionnel;Toulouse;Julien Fabre;Salle de bain;SB-003;Pose meuble vasque + robinetterie;1;1921.53;Sans réponse;2022-09-19;4;1
DEV-00099;2022-09-15;2022-09;2022-2023;CLI-0156;Particulier;Bordeaux;Karim Belkacem;Salle de bain;SB-001;Rénovation salle de bain complète;1;10092.69;Sans réponse;2022-10-06;8;1
DEV-00100;2022-09-15;2022-09;2022-2023;CLI-0069;Professionnel;Toulouse;Julien Fabre;Chauffage;CH-003;Installation pompe à chaleur air/eau;1;20556.28;Accepté;2022-09-23;1;1
DEV-00101;2022-09-16;2022-09;2022-2023;CLI-0094;Professionnel;Toulouse;Julien Fabre;Plomberie;PR-002;Recherche de fuite + réparation;1;691.89;Sans réponse;2022-10-19;1;2
DEV-00102;2022-09-16;2022-09;2022-2023;CLI-0106;Particulier;Toulouse;Julien Fabre;Électricité;EL-004;Éclairage LED locaux professionnels;1;3769.5;Refusé;2022-09-27;11;1
DEV-00103;2022-09-19;2022-09;2022-2023;CLI-0218;Syndic;Bordeaux;Karim Belkacem;Dépannage;DP-004;Remise en service chaudière;1;463.19;Accepté;2022-10-09;8;1
DEV-00104;2022-09-19;2022-09;2022-2023;CLI-0098;Particulier;Bordeaux;Karim Belkacem;Chauffage;CH-001;Installation chaudière gaz condensation;1;4733.78;Accepté;2022-10-06;1;2
DEV-00105;2022-09-19;2022-09;2022-2023;CLI-0056;Particulier;Bordeaux;Sophie Marchand;Électricité;EL-004;Éclairage LED locaux professionnels;1;3503.96;Refusé;2022-10-12;;0
DEV-00106;2022-09-21;2022-09;2022-2023;CLI-0126;Particulier;Bordeaux;Karim Belkacem;Chauffage;CH-001;Installation chaudière gaz condensation;1;4643.37;Accepté;2022-10-18;2;1
DEV-00107;2022-09-21;2022-09;2022-2023;CLI-0030;Particulier;Toulouse;Julien Fabre;Chauffage;CH-005;Désembouage circuit chauffage;1;761.89;Accepté;2022-10-15;6;3
DEV-00108;2022-09-21;2022-09;2022-2023;CLI-0149;Particulier;Toulouse;Julien Fabre;Électricité;EL-004;Éclairage LED locaux professionnels;1;3597.1;Refusé;2022-10-11;3;2
DEV-00109;2022-09-21;2022-09;2022-2023;CLI-0211;Particulier;Bordeaux;Karim Belkacem;Électricité;EL-002;Installation borne de recharge VE;1;1621.86;Accepté;2022-10-05;1;2
DEV-00110;2022-09-22;2022-09;2022-2023;CLI-0115;Particulier;Bordeaux;Sophie Marchand;Dépannage;DP-002;Débouchage canalisation;1;316.54;Refusé;2022-10-04;4;1
DEV-00111;2022-09-22;2022-09;2022-2023;CLI-0192;Particulier;Toulouse;Julien Fabre;Plomberie;PR-004;Remplacement colonne d'évacuation;1;5633.94;Sans réponse;2022-10-01;6;1
DEV-00112;2022-09-23;2022-09;2022-2023;CLI-0160;Particulier;Bordeaux;Sophie Marchand;Dépannage;DP-003;Dépannage électrique urgence;1;274.16;Refusé;2022-10-19;;0
DEV-00113;2022-09-26;2022-09;2022-2023;CLI-0215;Particulier;Toulouse;Julien Fabre;Électricité;EL-003;Rénovation électrique complète;1;10533.36;Refusé;2022-10-04;4;1
DEV-00114;2022-09-26;2022-09;2022-2023;CLI-0121;Syndic;Toulouse;Julien Fabre;Dépannage;DP-001;Dépannage plomberie urgence;1;517.36;Accepté;2022-10-17;8;2
DEV-00115;2022-09-28;2022-09;2022-2023;CLI-0067;Professionnel;Bordeaux;Karim Belkacem;Dépannage;DP-002;Débouchage canalisation;1;672.38;Accepté;2022-10-08;1;2
DEV-00116;2022-09-29;2022-09;2022-2023;CLI-0103;Particulier;Toulouse;Julien Fabre;Électricité;EL-002;Installation borne de recharge VE;1;1397.3;Accepté;2022-11-09;7;1
DEV-00117;2022-09-29;2022-09;2022-2023;CLI-0171;Syndic;Toulouse;Julien Fabre;Plomberie;PR-001;Remplacement chauffe-eau 200 L;1;2719.09;Refusé;2022-10-25;;0
DEV-00118;2022-09-30;2022-09;2022-2023;CLI-0072;Particulier;Bordeaux;Sophie Marchand;Salle de bain;SB-002;Remplacement baignoire par douche;1;3997.87;Accepté;2022-10-17;2;1
DEV-00119;2022-09-30;2022-09;2022-2023;CLI-0061;Professionnel;Toulouse;Julien Fabre;Plomberie;PR-002;Recherche de fuite + réparation;1;703.32;Sans réponse;2022-10-14;;0
DEV-00120;2022-09-30;2022-09;2022-2023;CLI-0087;Particulier;Toulouse;Julien Fabre;Salle de bain;SB-001;Rénovation salle de bain complète;1;8679.85;Sans réponse;2022-11-05;;0
DEV-00121;2022-10-04;2022-10;2022-2023;CLI-0043;Particulier;Toulouse;Julien Fabre;Dépannage;DP-002;Débouchage canalisation;1;314.67;Refusé;2022-11-02;;0
DEV-00122;2022-10-04;2022-10;2022-2023;CLI-0093;Professionnel;Bordeaux;Sophie Marchand;Chauffage;CH-001;Installation chaudière gaz condensation;1;9351.44;Sans réponse;2022-11-06;10;1
DEV-00123;2022-10-05;2022-10;2022-2023;CLI-0018;Particulier;Bordeaux;Karim Belkacem;Salle de bain;SB-002;Remplacement baignoire par douche;1;3686.15;Accepté;2022-10-25;2;3
DEV-00124;2022-10-06;2022-10;2022-2023;CLI-0204;Particulier;Toulouse;Julien Fabre;Chauffage;CH-003;Installation pompe à chaleur air/eau;1;13226.44;Sans réponse;2022-11-04;1;1
DEV-00125;2022-10-07;2022-10;2022-2023;CLI-0077;Particulier;Bordeaux;Sophie Marchand;Électricité;EL-004;Éclairage LED locaux professionnels;1;3367.36;Sans réponse;2022-10-22;7;1
DEV-00126;2022-10-07;2022-10;2022-2023;CLI-0135;Professionnel;Bordeaux;Karim Belkacem;Chauffage;CH-001;Installation chaudière gaz condensation;1;7992.91;Accepté;2022-10-15;1;2
DEV-00127;2022-10-10;2022-10;2022-2023;CLI-0063;Particulier;Bordeaux;Karim Belkacem;Dépannage;DP-001;Dépannage plomberie urgence;1;255.22;Accepté;2022-10-18;9;0
DEV-00128;2022-10-10;2022-10;2022-2023;CLI-0001;Professionnel;Bordeaux;Sophie Marchand;Électricité;EL-002;Installation borne de recharge VE;1;2143.5;Sans réponse;2022-11-07;5;2
DEV-00129;2022-10-10;2022-10;2022-2023;CLI-0121;Syndic;Toulouse;Julien Fabre;Électricité;EL-004;Éclairage LED locaux professionnels;2;14151.1;Refusé;2022-11-04;6;2
DEV-00130;2022-10-12;2022-10;2022-2023;CLI-0096;Particulier;Bordeaux;Karim Belkacem;Chauffage;CH-003;Installation pompe à chaleur air/eau;1;13023.14;Sans réponse;2022-10-29;1;2
DEV-00131;2022-10-13;2022-10;2022-2023;CLI-0119;Particulier;Bordeaux;Karim Belkacem;Chauffage;CH-005;Désembouage circuit chauffage;1;788.33;Sans réponse;2022-10-29;1;2
DEV-00132;2022-10-13;2022-10;2022-2023;CLI-0036;Particulier;Toulouse;Julien Fabre;Dépannage;DP-003;Dépannage électrique urgence;1;320.63;Accepté;2022-11-02;3;2
DEV-00133;2022-10-14;2022-10;2022-2023;CLI-0206;Syndic;Toulouse;Julien Fabre;Électricité;EL-004;Éclairage LED locaux professionnels;2;14530.66;Sans réponse;2022-10-18;13;0
DEV-00134;2022-10-14;2022-10;2022-2023;CLI-0116;Particulier;Bordeaux;Karim Belkacem;Électricité;EL-001;Mise aux normes tableau électrique;2;3868.01;Accepté;2022-11-14;1;1
DEV-00135;2022-10-14;2022-10;2022-2023;CLI-0214;Particulier;Toulouse;Julien Fabre;Chauffage;CH-004;Remplacement radiateurs (lot de 5);1;2616.62;Accepté;2022-10-31;3;1
DEV-00136;2022-10-14;2022-10;2022-2023;CLI-0055;Professionnel;Bordeaux;Sophie Marchand;Salle de bain;SB-002;Remplacement baignoire par douche;1;5498.67;Refusé;2022-10-28;14;1
DEV-00137;2022-10-17;2022-10;2022-2023;CLI-0186;Particulier;Bordeaux;Karim Belkacem;Dépannage;DP-003;Dépannage électrique urgence;2;662.75;Refusé;2022-11-07;2;1
DEV-00138;2022-10-17;2022-10;2022-2023;CLI-0178;Particulier;Toulouse;Julien Fabre;Chauffage;CH-003;Installation pompe à chaleur air/eau;1;11907.22;Sans réponse;2022-10-20;1;1
DEV-00139;2022-10-18;2022-10;2022-2023;CLI-0150;Particulier;Bordeaux;Karim Belkacem;Salle de bain;SB-003;Pose meuble vasque + robinetterie;1;1191.19;Sans réponse;2022-10-21;4;0
DEV-00140;2022-10-18;2022-10;2022-2023;CLI-0112;Particulier;Bordeaux;Sophie Marchand;Dépannage;DP-003;Dépannage électrique urgence;2;609.29;Accepté;2022-11-20;1;2
DEV-00141;2022-10-18;2022-10;2022-2023;CLI-0204;Particulier;Toulouse;Julien Fabre;Dépannage;DP-003;Dépannage électrique urgence;1;282.57;Accepté;2022-11-08;7;2
DEV-00142;2022-10-20;2022-10;2022-2023;CLI-0021;Particulier;Bordeaux;Sophie Marchand;Salle de bain;SB-001;Rénovation salle de bain complète;1;10095.29;Refusé;2022-11-14;;0
DEV-00143;2022-10-20;2022-10;2022-2023;CLI-0147;Particulier;Bordeaux;Karim Belkacem;Salle de bain;SB-003;Pose meuble vasque + robinetterie;1;1155.19;Accepté;2022-11-08;5;3
DEV-00144;2022-10-21;2022-10;2022-2023;CLI-0190;Particulier;Toulouse;Julien Fabre;Chauffage;CH-004;Remplacement radiateurs (lot de 5);1;2335.25;Sans réponse;2022-11-14;7;2
DEV-00145;2022-10-21;2022-10;2022-2023;CLI-0232;Particulier;Bordeaux;Karim Belkacem;Plomberie;PR-001;Remplacement chauffe-eau 200 L;1;1314.77;Accepté;2022-11-09;1;1
DEV-00146;2022-10-21;2022-10;2022-2023;CLI-0110;Particulier;Toulouse;Julien Fabre;Électricité;EL-002;Installation borne de recharge VE;2;2617.41;Refusé;2022-11-16;10;2
DEV-00147;2022-10-24;2022-10;2022-2023;CLI-0072;Particulier;Bordeaux;Karim Belkacem;Électricité;EL-003;Rénovation électrique complète;1;8098.41;Accepté;2022-11-09;1;3
DEV-00148;2022-10-25;2022-10;2022-2023;CLI-0230;Professionnel;Bordeaux;Sophie Marchand;Électricité;EL-002;Installation borne de recharge VE;1;2541.66;Accepté;2022-11-27;2;1
DEV-00149;2022-10-25;2022-10;2022-2023;CLI-0222;Particulier;Bordeaux;Sophie Marchand;Dépannage;DP-004;Remise en service chaudière;1;248.78;Accepté;2022-11-17;5;1
DEV-00150;2022-10-26;2022-10;2022-2023;CLI-0030;Particulier;Toulouse;Julien Fabre;Salle de bain;SB-003;Pose meuble vasque + robinetterie;3;3887.81;Sans réponse;2022-11-04;11;0
DEV-00151;2022-10-26;2022-10;2022-2023;CLI-0059;Particulier;Bordeaux;Karim Belkacem;Plomberie;PR-002;Recherche de fuite + réparation;1;460.38;Accepté;2022-11-04;4;1
DEV-00152;2022-10-27;2022-10;2022-2023;CLI-0020;Particulier;Bordeaux;Sophie Marchand;Salle de bain;SB-001;Rénovation salle de bain complète;1;10177.67;Refusé;2022-11-24;;0
DEV-00153;2022-10-27;2022-10;2022-2023;CLI-0137;Particulier;Bordeaux;Karim Belkacem;Dépannage;DP-001;Dépannage plomberie urgence;1;247.46;Accepté;2022-11-02;2;1
DEV-00154;2022-10-28;2022-10;2022-2023;CLI-0173;Particulier;Bordeaux;Karim Belkacem;Dépannage;DP-003;Dépannage électrique urgence;1;307.86;Accepté;2022-12-10;1;2
DEV-00155;2022-10-28;2022-10;2022-2023;CLI-0067;Professionnel;Bordeaux;Karim Belkacem;Salle de bain;SB-003;Pose meuble vasque + robinetterie;1;1768.44;Accepté;2022-11-04;;0
DEV-00156;2022-10-31;2022-10;2022-2023;CLI-0201;Particulier;Toulouse;Julien Fabre;Salle de bain;SB-002;Remplacement baignoire par douche;2;7596.34;Accepté;2022-12-07;5;4
DEV-00157;2022-10-31;2022-10;2022-2023;CLI-0104;Particulier;Toulouse;Julien Fabre;Dépannage;DP-004;Remise en service chaudière;1;213.75;Sans réponse;2022-12-04;2;1
DEV-00158;2022-11-01;2022-11;2022-2023;CLI-0183;Particulier;Bordeaux;Sophie Marchand;Chauffage;CH-003;Installation pompe à chaleur air/eau;1;14175.05;Sans réponse;2022-11-22;9;1
DEV-00159;2022-11-02;2022-11;2022-2023;CLI-0130;Particulier;Toulouse;Julien Fabre;Chauffage;CH-004;Remplacement radiateurs (lot de 5);1;2755.53;Sans réponse;2022-11-11;;0
DEV-00160;2022-11-02;2022-11;2022-2023;CLI-0054;Particulier;Bordeaux;Karim Belkacem;Électricité;EL-002;Installation borne de recharge VE;3;4165.81;Accepté;2022-11-27;1;1
DEV-00161;2022-11-02;2022-11;2022-2023;CLI-0155;Particulier;Bordeaux;Sophie Marchand;Chauffage;CH-005;Désembouage circuit chauffage;1;694.78;Sans réponse;2022-11-12;2;1
DEV-00162;2022-11-04;2022-11;2022-2023;CLI-0152;Particulier;Bordeaux;Karim Belkacem;Dépannage;DP-001;Dépannage plomberie urgence;1;243.9;Refusé;2022-11-29;1;1
DEV-00163;2022-11-07;2022-11;2022-2023;CLI-0203;Particulier;Toulouse;Julien Fabre;Dépannage;DP-002;Débouchage canalisation;1;331.47;Sans réponse;2022-11-10;7;0
DEV-00164;2022-11-07;2022-11;2022-2023;CLI-0009;Particulier;Toulouse;Julien Fabre;Plomberie;PR-002;Recherche de fuite + réparation;1;416.01;Accepté;2022-11-25;1;1
DEV-00165;2022-11-08;2022-11;2022-2023;CLI-0058;Particulier;Toulouse;Julien Fabre;Chauffage;CH-001;Installation chaudière gaz condensation;1;4983.7;Sans réponse;2022-11-19;4;1
DEV-00166;2022-11-09;2022-11;2022-2023;CLI-0117;Particulier;Toulouse;Julien Fabre;Plomberie;PR-002;Recherche de fuite + réparation;1;462.67;Refusé;2022-12-17;9;1
DEV-00167;2022-11-09;2022-11;2022-2023;CLI-0158;Particulier;Bordeaux;Karim Belkacem;Électricité;EL-002;Installation borne de recharge VE;2;3023.73;Accepté;2022-11-25;1;2
DEV-00168;2022-11-10;2022-11;2022-2023;CLI-0156;Particulier;Bordeaux;Karim Belkacem;Dépannage;DP-004;Remise en service chaudière;1;242.24;Sans réponse;2022-11-17;3;1
DEV-00169;2022-11-11;2022-11;2022-2023;CLI-0178;Particulier;Toulouse;Julien Fabre;Électricité;EL-004;Éclairage LED locaux professionnels;1;3429.0;Sans réponse;2022-12-08;;0
DEV-00170;2022-11-11;2022-11;2022-2023;CLI-0096;Particulier;Bordeaux;Karim Belkacem;Chauffage;CH-001;Installation chaudière gaz condensation;1;4357.31;Accepté;2022-11-22;3;2
DEV-00171;2022-11-11;2022-11;2022-2023;CLI-0051;Particulier;Toulouse;Julien Fabre;Chauffage;CH-001;Installation chaudière gaz condensation;1;5205.02;Sans réponse;2022-11-19;8;1
DEV-00172;2022-11-14;2022-11;2022-2023;CLI-0088;Particulier;Toulouse;Julien Fabre;Électricité;EL-004;Éclairage LED locaux professionnels;1;3796.3;Accepté;2022-12-10;5;2
DEV-00173;2022-11-14;2022-11;2022-2023;CLI-0043;Particulier;Toulouse;Julien Fabre;Plomberie;PR-003;Réfection réseau eau appartement;2;6143.72;Sans réponse;2022-11-18;12;0
DEV-00174;2022-11-15;2022-11;2022-2023;CLI-0032;Particulier;Toulouse;Julien Fabre;Dépannage;DP-004;Remise en service chaudière;1;227.15;Accepté;2022-12-01;6;1
DEV-00175;2022-11-15;2022-11;2022-2023;CLI-0103;Particulier;Toulouse;Julien Fabre;Salle de bain;SB-003;Pose meuble vasque + robinetterie;1;1160.57;Sans réponse;2022-11-29;6;1
DEV-00176;2022-11-15;2022-11;2022-2023;CLI-0031;Professionnel;Bordeaux;Sophie Marchand;Salle de bain;SB-001;Rénovation salle de bain complète;1;15099.02;Sans réponse;2022-12-02;4;2
DEV-00177;2022-11-15;2022-11;2022-2023;CLI-0142;Particulier;Bordeaux;Karim Belkacem;Plomberie;PR-002;Recherche de fuite + réparation;1;475.96;Refusé;2022-12-03;6;1
DEV-00178;2022-11-17;2022-11;2022-2023;CLI-0119;Particulier;Bordeaux;Sophie Marchand;Salle de bain;SB-001;Rénovation salle de bain complète;1;8548.05;Accepté;2022-12-20;1;1
DEV-00179;2022-11-21;2022-11;2022-2023;CLI-0018;Particulier;Bordeaux;Karim Belkacem;Chauffage;CH-004;Remplacement radiateurs (lot de 5);1;2613.17;Accepté;2022-12-03;6;1
DEV-00180;2022-11-22;2022-11;2022-2023;CLI-0098;Particulier;Bordeaux;Karim Belkacem;Électricité;EL-003;Rénovation électrique complète;1;8806.73;Accepté;2022-12-15;5;3
DEV-00181;2022-11-22;2022-11;2022-2023;CLI-0012;Particulier;Toulouse;Julien Fabre;Électricité;EL-001;Mise aux normes tableau électrique;1;1634.9;Accepté;2022-12-09;4;2
DEV-00182;2022-11-23;2022-11;2022-2023;CLI-0026;Particulier;Bordeaux;Karim Belkacem;Dépannage;DP-003;Dépannage électrique urgence;1;263.03;Accepté;2022-12-06;;0
DEV-00183;2022-11-23;2022-11;2022-2023;CLI-0212;Professionnel;Bordeaux;Karim Belkacem;Salle de bain;SB-002;Remplacement baignoire par douche;1;6531.41;Sans réponse;2022-11-28;1;1
DEV-00184;2022-11-24;2022-11;2022-2023;CLI-0072;Particulier;Bordeaux;Sophie Marchand;Salle de bain;SB-002;Remplacement baignoire par douche;1;3316.24;Sans réponse;2023-01-07;7;3
DEV-00185;2022-11-25;2022-11;2022-2023;CLI-0109;Professionnel;Toulouse;Julien Fabre;Électricité;EL-004;Éclairage LED locaux professionnels;1;6234.87;Accepté;2023-01-05;1;2
DEV-00186;2022-11-25;2022-11;2022-2023;CLI-0245;Professionnel;Toulouse;Julien Fabre;Électricité;EL-003;Rénovation électrique complète;1;16695.0;Sans réponse;2023-01-02;8;1
DEV-00187;2022-11-28;2022-11;2022-2023;CLI-0199;Particulier;Toulouse;Julien Fabre;Électricité;EL-001;Mise aux normes tableau électrique;1;1891.42;Sans réponse;2022-12-14;9;1
DEV-00188;2022-11-29;2022-11;2022-2023;CLI-0138;Particulier;Toulouse;Julien Fabre;Électricité;EL-002;Installation borne de recharge VE;2;2537.54;Accepté;2022-12-28;9;3
DEV-00189;2022-11-29;2022-11;2022-2023;CLI-0025;Syndic;Bordeaux;Sophie Marchand;Dépannage;DP-004;Remise en service chaudière;1;481.96;Accepté;2022-12-18;3;2
DEV-00190;2022-11-30;2022-11;2022-2023;CLI-0148;Particulier;Bordeaux;Sophie Marchand;Plomberie;PR-001;Remplacement chauffe-eau 200 L;1;1173.63;Sans réponse;2022-12-22;6;3
DEV-00191;2022-12-01;2022-12;2022-2023;CLI-0115;Particulier;Bordeaux;Karim Belkacem;Plomberie;PR-002;Recherche de fuite + réparation;2;913.16;Refusé;2022-12-27;1;1
DEV-00192;2022-12-01;2022-12;2022-2023;CLI-0107;Particulier;Toulouse;Julien Fabre;Dépannage;DP-004;Remise en service chaudière;1;252.94;Sans réponse;2022-12-07;10;0
DEV-00193;2022-12-02;2022-12;2022-2023;CLI-0172;Particulier;Bordeaux;Karim Belkacem;Chauffage;CH-003;Installation pompe à chaleur air/eau;1;14068.34;Accepté;2022-12-27;;0
DEV-00194;2022-12-02;2022-12;2022-2023;CLI-0090;Particulier;Bordeaux;Sophie Marchand;Plomberie;PR-001;Remplacement chauffe-eau 200 L;1;1112.35;Accepté;2022-12-12;2;1
DEV-00195;2022-12-02;2022-12;2022-2023;CLI-0097;Particulier;Toulouse;Julien Fabre;Chauffage;CH-003;Installation pompe à chaleur air/eau;1;11920.52;Accepté;2022-12-13;1;2
DEV-00196;2022-12-07;2022-12;2022-2023;CLI-0139;Particulier;Bordeaux;Sophie Marchand;Chauffage;CH-005;Désembouage circuit chauffage;2;1342.14;Accepté;2022-12-31;10;2
DEV-00197;2022-12-07;2022-12;2022-2023;CLI-0112;Particulier;Bordeaux;Sophie Marchand;Chauffage;CH-003;Installation pompe à chaleur air/eau;1;13595.2;Refusé;2023-01-07;1;3
DEV-00198;2022-12-08;2022-12;2022-2023;CLI-0178;Particulier;Toulouse;Julien Fabre;Électricité;EL-002;Installation borne de recharge VE;1;1366.48;Refusé;2022-12-23;1;2
DEV-00199;2022-12-08;2022-12;2022-2023;CLI-0225;Particulier;Toulouse;Julien Fabre;Plomberie;PR-003;Réfection réseau eau appartement;1;2723.02;Accepté;2022-12-29;12;2
DEV-00200;2022-12-08;2022-12;2022-2023;CLI-0081;Particulier;Bordeaux;Karim Belkacem;Électricité;EL-002;Installation borne de recharge VE;1;1612.17;Sans réponse;2022-12-28;;0
DEV-00201;2022-12-08;2022-12;2022-2023;CLI-0008;Particulier;Toulouse;Julien Fabre;Dépannage;DP-003;Dépannage électrique urgence;2;596.46;Sans réponse;2022-12-20;5;1
DEV-00202;2022-12-09;2022-12;2022-2023;CLI-0018;Particulier;Bordeaux;Sophie Marchand;Dépannage;DP-001;Dépannage plomberie urgence;1;247.73;Refusé;2023-01-07;11;3
DEV-00203;2022-12-09;2022-12;2022-2023;CLI-0150;Particulier;Bordeaux;Sophie Marchand;Électricité;EL-001;Mise aux normes tableau électrique;1;1861.92;Refusé;2023-01-08;8;1
DEV-00204;2022-12-12;2022-12;2022-2023;CLI-0226;Particulier;Bordeaux;Sophie Marchand;Chauffage;CH-004;Remplacement radiateurs (lot de 5);1;2346.29;Refusé;2023-01-09;;0
DEV-00205;2022-12-12;2022-12;2022-2023;CLI-0143;Particulier;Toulouse;Julien Fabre;Électricité;EL-001;Mise aux normes tableau électrique;1;1515.68;Refusé;2022-12-27;7;1
DEV-00206;2022-12-13;2022-12;2022-2023;CLI-0134;Particulier;Toulouse;Julien Fabre;Salle de bain;SB-003;Pose meuble vasque + robinetterie;1;1306.54;Accepté;2023-02-06;10;3
DEV-00207;2022-12-15;2022-12;2022-2023;CLI-0187;Particulier;Bordeaux;Sophie Marchand;Dépannage;DP-001;Dépannage plomberie urgence;1;231.75;Accepté;2022-12-21;1;1
DEV-00208;2022-12-15;2022-12;2022-2023;CLI-0186;Particulier;Bordeaux;Karim Belkacem;Dépannage;DP-002;Débouchage canalisation;1;401.37;Refusé;2022-12-30;8;2
DEV-00209;2022-12-16;2022-12;2022-2023;CLI-0091;Particulier;Bordeaux;Sophie Marchand;Chauffage;CH-005;Désembouage circuit chauffage;1;647.03;Sans réponse;2022-12-20;;0
DEV-00210;2022-12-16;2022-12;2022-2023;CLI-0029;Particulier;Bordeaux;Sophie Marchand;Chauffage;CH-002;Entretien annuel chaudière;1;167.66;Sans réponse;2023-01-06;7;2
DEV-00211;2022-12-16;2022-12;2022-2023;CLI-0086;Particulier;Toulouse;Julien Fabre;Électricité;EL-003;Rénovation électrique complète;1;9607.95;Accepté;2023-01-16;2;1
DEV-00212;2022-12-19;2022-12;2022-2023;CLI-0022;Particulier;Bordeaux;Karim Belkacem;Dépannage;DP-001;Dépannage plomberie urgence;3;881.66;Accepté;2022-12-30;11;1
DEV-00213;2022-12-19;2022-12;2022-2023;CLI-0062;Particulier;Toulouse;Julien Fabre;Dépannage;DP-001;Dépannage plomberie urgence;1;275.45;Refusé;2023-01-22;;0
DEV-00214;2022-12-20;2022-12;2022-2023;CLI-0054;Particulier;Bordeaux;Karim Belkacem;Plomberie;PR-003;Réfection réseau eau appartement;2;6164.17;Refusé;2023-01-06;1;2
DEV-00215;2022-12-20;2022-12;2022-2023;CLI-0123;Particulier;Toulouse;Julien Fabre;Chauffage;CH-003;Installation pompe à chaleur air/eau;1;14160.29;Accepté;2022-12-27;4;1
DEV-00216;2022-12-20;2022-12;2022-2023;CLI-0213;Professionnel;Bordeaux;Sophie Marchand;Chauffage;CH-003;Installation pompe à chaleur air/eau;1;20553.14;Accepté;2023-01-18;7;2
DEV-00217;2022-12-21;2022-12;2022-2023;CLI-0245;Professionnel;Toulouse;Julien Fabre;Salle de bain;SB-001;Rénovation salle de bain complète;1;18389.13;Accepté;2023-01-19;3;1
DEV-00218;2022-12-22;2022-12;2022-2023;CLI-0089;Particulier;Bordeaux;Sophie Marchand;Électricité;EL-002;Installation borne de recharge VE;2;3076.12;Accepté;2023-01-06;8;1
DEV-00219;2022-12-22;2022-12;2022-2023;CLI-0022;Particulier;Bordeaux;Sophie Marchand;Dépannage;DP-001;Dépannage plomberie urgence;1;232.77;Refusé;2023-01-12;7;1
DEV-00220;2022-12-23;2022-12;2022-2023;CLI-0202;Particulier;Bordeaux;Sophie Marchand;Chauffage;CH-001;Installation chaudière gaz condensation;1;4955.43;Accepté;2023-01-05;1;1
DEV-00221;2022-12-23;2022-12;2022-2023;CLI-0168;Particulier;Bordeaux;Karim Belkacem;Électricité;EL-003;Rénovation électrique complète;1;8788.0;Sans réponse;2023-01-25;1;1
DEV-00222;2022-12-23;2022-12;2022-2023;CLI-0045;Syndic;Bordeaux;Karim Belkacem;Dépannage;DP-002;Débouchage canalisation;1;807.06;Accepté;2023-01-17;8;2
DEV-00223;2022-12-27;2022-12;2022-2023;CLI-0195;Particulier;Bordeaux;Sophie Marchand;Dépannage;DP-003;Dépannage électrique urgence;3;981.09;Sans réponse;2023-01-07;;0
DEV-00224;2022-12-27;2022-12;2022-2023;CLI-0133;Syndic;Bordeaux;Karim Belkacem;Salle de bain;SB-001;Rénovation salle de bain complète;1;21671.67;Sans réponse;2023-01-04;;0
DEV-00225;2022-12-27;2022-12;2022-2023;CLI-0191;Particulier;Bordeaux;Sophie Marchand;Électricité;EL-004;Éclairage LED locaux professionnels;1;3585.44;Sans réponse;2023-01-02;;0
DEV-00226;2022-12-27;2022-12;2022-2023;CLI-0166;Particulier;Bordeaux;Karim Belkacem;Chauffage;CH-002;Entretien annuel chaudière;1;163.21;Accepté;2023-01-12;7;2
DEV-00227;2022-12-28;2022-12;2022-2023;CLI-0066;Professionnel;Toulouse;Julien Fabre;Chauffage;CH-002;Entretien annuel chaudière;1;247.0;Refusé;2023-01-25;13;1
DEV-00228;2022-12-28;2022-12;2022-2023;CLI-0137;Particulier;Bordeaux;Sophie Marchand;Électricité;EL-003;Rénovation électrique complète;1;10184.14;Refusé;2023-02-06;6;2
DEV-00229;2022-12-29;2022-12;2022-2023;CLI-0160;Particulier;Bordeaux;Karim Belkacem;Plomberie;PR-002;Recherche de fuite + réparation;1;465.27;Accepté;2023-01-26;6;2
DEV-00230;2022-12-29;2022-12;2022-2023;CLI-0187;Particulier;Bordeaux;Sophie Marchand;Électricité;EL-004;Éclairage LED locaux professionnels;1;3135.0;Sans réponse;2023-01-07;9;1
DEV-00231;2022-12-29;2022-12;2022-2023;CLI-0057;Syndic;Toulouse;Julien Fabre;Chauffage;CH-002;Entretien annuel chaudière;1;345.02;Refusé;2023-01-15;1;2
DEV-00232;2022-12-29;2022-12;2022-2023;CLI-0169;Professionnel;Bordeaux;Karim Belkacem;Dépannage;DP-004;Remise en service chaudière;1;387.44;Accepté;2023-01-15;1;1
DEV-00233;2022-12-29;2022-12;2022-2023;CLI-0243;Professionnel;Bordeaux;Sophie Marchand;Salle de bain;SB-001;Rénovation salle de bain complète;1;17576.46;Accepté;2023-01-29;2;3
DEV-00234;2022-12-30;2022-12;2022-2023;CLI-0002;Particulier;Bordeaux;Karim Belkacem;Chauffage;CH-003;Installation pompe à chaleur air/eau;1;14738.45;Refusé;2023-01-12;;0
DEV-00235;2022-12-30;2022-12;2022-2023;CLI-0196;Particulier;Bordeaux;Sophie Marchand;Dépannage;DP-002;Débouchage canalisation;1;388.27;Refusé;2023-02-17;4;1
DEV-00236;2022-12-30;2022-12;2022-2023;CLI-0163;Particulier;Toulouse;Julien Fabre;Chauffage;CH-005;Désembouage circuit chauffage;1;775.28;Accepté;2023-01-26;3;3
DEV-00237;2023-01-02;2023-01;2022-2023;CLI-0184;Particulier;Toulouse;Julien Fabre;Chauffage;CH-003;Installation pompe à chaleur air/eau;1;12196.83;Refusé;2023-01-23;8;2
DEV-00238;2023-01-02;2023-01;2022-2023;CLI-0105;Particulier;Toulouse;Julien Fabre;Dépannage;DP-002;Débouchage canalisation;1;303.84;Sans réponse;2023-01-11;7;1
DEV-00239;2023-01-02;2023-01;2022-2023;CLI-0194;Syndic;Toulouse;Julien Fabre;Chauffage;CH-005;Désembouage circuit chauffage;1;1485.27;Sans réponse;2023-01-15;4;2
DEV-00240;2023-01-03;2023-01;2022-2023;CLI-0211;Particulier;Bordeaux;Sophie Marchand;Dépannage;DP-003;Dépannage électrique urgence;1;324.96;Refusé;2023-01-22;8;1
DEV-00241;2023-01-03;2023-01;2022-2023;CLI-0233;Particulier;Toulouse;Julien Fabre;Dépannage;DP-001;Dépannage plomberie urgence;1;298.71;Accepté;2023-02-10;4;3
DEV-00242;2023-01-05;2023-01;2022-2023;CLI-0208;Particulier;Bordeaux;Karim Belkacem;Salle de bain;SB-001;Rénovation salle de bain complète;1;10222.04;Sans réponse;2023-02-01;6;2
DEV-00243;2023-01-05;2023-01;2022-2023;CLI-0202;Particulier;Bordeaux;Karim Belkacem;Électricité;EL-002;Installation borne de recharge VE;1;1293.0;Refusé;2023-02-08;5;2
DEV-00244;2023-01-06;2023-01;2022-2023;CLI-0124;Particulier;Toulouse;Julien Fabre;Chauffage;CH-002;Entretien annuel chaudière;1;154.71;Accepté;2023-01-14;3;1
DEV-00245;2023-01-09;2023-01;2022-2023;CLI-0004;Particulier;Bordeaux;Sophie Marchand;Salle de bain;SB-003;Pose meuble vasque + robinetterie;2;2300.59;Sans réponse;2023-01-25;;0
DEV-00246;2023-01-09;2023-01;2022-2023;CLI-0033;Syndic;Bordeaux;Karim Belkacem;Chauffage;CH-001;Installation chaudière gaz condensation;1;10746.37;Sans réponse;2023-01-25;;0
DEV-00247;2023-01-09;2023-01;2022-2023;CLI-0040;Professionnel;Bordeaux;Karim Belkacem;Chauffage;CH-001;Installation chaudière gaz condensation;1;7573.47;Accepté;2023-01-19;3;2
DEV-00248;2023-01-09;2023-01;2022-2023;CLI-0213;Professionnel;Bordeaux;Sophie Marchand;Électricité;EL-003;Rénovation électrique complète;1;17581.38;Accepté;2023-02-04;1;2
DEV-00249;2023-01-10;2023-01;2022-2023;CLI-0196;Particulier;Bordeaux;Karim Belkacem;Dépannage;DP-001;Dépannage plomberie urgence;1;266.75;Accepté;2023-01-31;;0
DEV-00250;2023-01-11;2023-01;2022-2023;CLI-0115;Particulier;Bordeaux;Sophie Marchand;Électricité;EL-002;Installation borne de recharge VE;1;1340.61;Sans réponse;2023-02-07;1;2
DEV-00251;2023-01-11;2023-01;2022-2023;CLI-0244;Professionnel;Bordeaux;Karim Belkacem;Salle de bain;SB-001;Rénovation salle de bain complète;1;14834.02;Sans réponse;2023-01-21;9;1
DEV-00252;2023-01-12;2023-01;2022-2023;CLI-0015;Particulier;Bordeaux;Sophie Marchand;Salle de bain;SB-001;Rénovation salle de bain complète;1;10987.04;Accepté;2023-02-07;1;2
DEV-00253;2023-01-12;2023-01;2022-2023;CLI-0010;Particulier;Bordeaux;Karim Belkacem;Plomberie;PR-003;Réfection réseau eau appartement;2;6565.05;Accepté;2023-02-18;5;2
DEV-00254;2023-01-12;2023-01;2022-2023;CLI-0096;Particulier;Bordeaux;Karim Belkacem;Électricité;EL-003;Rénovation électrique complète;1;8539.38;Sans réponse;2023-01-17;8;0
DEV-00255;2023-01-13;2023-01;2022-2023;CLI-0012;Particulier;Toulouse;Julien Fabre;Dépannage;DP-004;Remise en service chaudière;1;208.27;Refusé;2023-02-19;9;1
DEV-00256;2023-01-13;2023-01;2022-2023;CLI-0176;Professionnel;Toulouse;Julien Fabre;Électricité;EL-003;Rénovation électrique complète;1;17871.36;Accepté;2023-02-12;8;2
DEV-00257;2023-01-13;2023-01;2022-2023;CLI-0206;Syndic;Toulouse;Julien Fabre;Chauffage;CH-003;Installation pompe à chaleur air/eau;1;29471.58;Accepté;2023-02-23;7;2
DEV-00258;2023-01-13;2023-01;2022-2023;CLI-0054;Particulier;Bordeaux;Karim Belkacem;Dépannage;DP-001;Dépannage plomberie urgence;2;509.59;Accepté;2023-02-15;6;1
DEV-00259;2023-01-16;2023-01;2022-2023;CLI-0071;Particulier;Toulouse;Julien Fabre;Chauffage;CH-001;Installation chaudière gaz condensation;1;4393.96;Sans réponse;2023-02-18;8;4
DEV-00260;2023-01-17;2023-01;2022-2023;CLI-0186;Particulier;Bordeaux;Karim Belkacem;Salle de bain;SB-002;Remplacement baignoire par douche;3;10312.14;Sans réponse;2023-02-11;3;2
DEV-00261;2023-01-18;2023-01;2022-2023;CLI-0091;Particulier;Bordeaux;Karim Belkacem;Dépannage;DP-002;Débouchage canalisation;1;390.31;Accepté;2023-01-31;1;2
DEV-00262;2023-01-18;2023-01;2022-2023;CLI-0172;Particulier;Bordeaux;Sophie Marchand;Électricité;EL-004;Éclairage LED locaux professionnels;2;5814.45;Refusé;2023-02-01;;0
DEV-00263;2023-01-18;2023-01;2022-2023;CLI-0219;Particulier;Toulouse;Julien Fabre;Chauffage;CH-005;Désembouage circuit chauffage;1;637.43;Sans réponse;2023-02-02;7;2
DEV-00264;2023-01-19;2023-01;2022-2023;CLI-0145;Collectivité;Bordeaux;Sophie Marchand;Dépannage;DP-002;Débouchage canalisation;1;904.75;Accepté;2023-02-09;;0
DEV-00265;2023-01-19;2023-01;2022-2023;CLI-0133;Syndic;Bordeaux;Karim Belkacem;Salle de bain;SB-002;Remplacement baignoire par douche;2;16395.74;Refusé;2023-02-10;1;1
DEV-00266;2023-01-20;2023-01;2022-2023;CLI-0086;Particulier;Toulouse;Julien Fabre;Électricité;EL-004;Éclairage LED locaux professionnels;1;3657.73;Refusé;2023-02-08;1;1
DEV-00267;2023-01-23;2023-01;2022-2023;CLI-0182;Professionnel;Bordeaux;Sophie Marchand;Dépannage;DP-002;Débouchage canalisation;1;672.17;Sans réponse;2023-02-07;2;1
DEV-00268;2023-01-23;2023-01;2022-2023;CLI-0095;Particulier;Bordeaux;Karim Belkacem;Plomberie;PR-004;Remplacement colonne d'évacuation;1;6218.39;Accepté;2023-02-11;1;2
DEV-00269;2023-01-25;2023-01;2022-2023;CLI-0118;Particulier;Toulouse;Julien Fabre;Salle de bain;SB-002;Remplacement baignoire par douche;1;3831.84;Accepté;2023-02-12;12;1
DEV-00270;2023-01-25;2023-01;2022-2023;CLI-0231;Professionnel;Bordeaux;Karim Belkacem;Salle de bain;SB-003;Pose meuble vasque + robinetterie;1;1993.88;Accepté;2023-02-02;1;1
DEV-00271;2023-01-26;2023-01;2022-2023;CLI-0139;Particulier;Bordeaux;Karim Belkacem;Dépannage;DP-001;Dépannage plomberie urgence;1;241.05;Accepté;2023-02-17;2;1
DEV-00272;2023-01-26;2023-01;2022-2023;CLI-0040;Professionnel;Bordeaux;Sophie Marchand;Électricité;EL-002;Installation borne de recharge VE;1;2450.47;Sans réponse;2023-03-03;9;3
DEV-00273;2023-01-26;2023-01;2022-2023;CLI-0052;Particulier;Toulouse;Julien Fabre;Dépannage;DP-001;Dépannage plomberie urgence;1;286.48;Accepté;2023-02-09;10;1
DEV-00274;2023-01-26;2023-01;2022-2023;CLI-0236;Particulier;Toulouse;Julien Fabre;Plomberie;PR-002;Recherche de fuite + réparation;1;418.94;Sans réponse;2023-02-05;3;1
DEV-00275;2023-01-27;2023-01;2022-2023;CLI-0125;Particulier;Toulouse;Julien Fabre;Dépannage;DP-003;Dépannage électrique urgence;1;296.51;Refusé;2023-02-01;;0
DEV-00276;2023-01-27;2023-01;2022-2023;CLI-0117;Particulier;Toulouse;Julien Fabre;Plomberie;PR-001;Remplacement chauffe-eau 200 L;1;1308.28;Accepté;2023-03-05;11;1
DEV-00277;2023-01-30;2023-01;2022-2023;CLI-0016;Particulier;Bordeaux;Sophie Marchand;Chauffage;CH-005;Désembouage circuit chauffage;1;655.3;Accepté;2023-03-10;8;2
DEV-00278;2023-01-30;2023-01;2022-2023;CLI-0141;Particulier;Bordeaux;Karim Belkacem;Électricité;EL-003;Rénovation électrique complète;1;10277.06;Refusé;2023-02-19;8;1
DEV-00279;2023-01-31;2023-01;2022-2023;CLI-0106;Particulier;Toulouse;Julien Fabre;Électricité;EL-001;Mise aux normes tableau électrique;2;3452.12;Refusé;2023-02-17;10;2
DEV-00280;2023-01-31;2023-01;2022-2023;CLI-0107;Particulier;Toulouse;Julien Fabre;Dépannage;DP-003;Dépannage électrique urgence;2;612.32;Accepté;2023-03-05;9;1
DEV-00281;2023-01-31;2023-01;2022-2023;CLI-0255;Particulier;Bordeaux;Sophie Marchand;Chauffage;CH-005;Désembouage circuit chauffage;1;697.97;Accepté;2023-02-11;2;1
DEV-00282;2023-02-01;2023-02;2022-2023;CLI-0108;Professionnel;Toulouse;Julien Fabre;Dépannage;DP-001;Dépannage plomberie urgence;1;509.87;Sans réponse;2023-02-13;5;1
DEV-00283;2023-02-01;2023-02;2022-2023;CLI-0143;Particulier;Toulouse;Julien Fabre;Dépannage;DP-001;Dépannage plomberie urgence;1;267.3;Accepté;2023-03-03;3;2
DEV-00284;2023-02-02;2023-02;2022-2023;CLI-0134;Particulier;Toulouse;Julien Fabre;Chauffage;CH-005;Désembouage circuit chauffage;2;1404.39;Refusé;2023-03-01;10;2
DEV-00285;2023-02-03;2023-02;2022-2023;CLI-0183;Particulier;Bordeaux;Sophie Marchand;Dépannage;DP-002;Débouchage canalisation;1;385.43;Refusé;2023-02-22;;0
DEV-00286;2023-02-03;2023-02;2022-2023;CLI-0121;Syndic;Toulouse;Julien Fabre;Dépannage;DP-003;Dépannage électrique urgence;1;693.68;Accepté;2023-03-05;10;2
DEV-00287;2023-02-06;2023-02;2022-2023;CLI-0257;Professionnel;Toulouse;Julien Fabre;Électricité;EL-004;Éclairage LED locaux professionnels;1;5808.77;Accepté;2023-03-03;4;1
DEV-00288;2023-02-06;2023-02;2022-2023;CLI-0149;Particulier;Toulouse;Julien Fabre;Chauffage;CH-003;Installation pompe à chaleur air/eau;1;15088.18;Sans réponse;2023-03-18;6;2
DEV-00289;2023-02-07;2023-02;2022-2023;CLI-0028;Particulier;Toulouse;Julien Fabre;Électricité;EL-004;Éclairage LED locaux professionnels;3;8762.62;Sans réponse;2023-03-16;6;2
DEV-00290;2023-02-07;2023-02;2022-2023;CLI-0272;Professionnel;Toulouse;Julien Fabre;Électricité;EL-001;Mise aux normes tableau électrique;1;2999.18;Sans réponse;2023-03-02;1;1
DEV-00291;2023-02-07;2023-02;2022-2023;CLI-0154;Particulier;Bordeaux;Karim Belkacem;Dépannage;DP-004;Remise en service chaudière;1;232.0;Refusé;2023-02-25;;0
DEV-00292;2023-02-08;2023-02;2022-2023;CLI-0247;Professionnel;Bordeaux;Sophie Marchand;Salle de bain;SB-001;Rénovation salle de bain complète;1;14856.8;Accepté;2023-03-21;4;3
DEV-00293;2023-02-08;2023-02;2022-2023;CLI-0171;Syndic;Toulouse;Julien Fabre;Électricité;EL-001;Mise aux normes tableau électrique;1;4143.48;Refusé;2023-02-13;3;1
DEV-00294;2023-02-09;2023-02;2022-2023;CLI-0164;Particulier;Toulouse;Julien Fabre;Dépannage;DP-001;Dépannage plomberie urgence;3;717.0;Accepté;2023-03-06;3;1
DEV-00295;2023-02-09;2023-02;2022-2023;CLI-0204;Particulier;Toulouse;Julien Fabre;Chauffage;CH-003;Installation pompe à chaleur air/eau;1;13078.7;Refusé;2023-03-03;9;2
DEV-00296;2023-02-09;2023-02;2022-2023;CLI-0182;Professionnel;Bordeaux;Sophie Marchand;Dépannage;DP-002;Débouchage canalisation;1;526.46;Refusé;2023-03-15;8;3
DEV-00297;2023-02-10;2023-02;2022-2023;CLI-0070;Particulier;Toulouse;Julien Fabre;Salle de bain;SB-002;Remplacement baignoire par douche;1;3678.38;Refusé;2023-03-15;6;3
DEV-00298;2023-02-10;2023-02;2022-2023;CLI-0004;Particulier;Bordeaux;Sophie Marchand;Plomberie;PR-004;Remplacement colonne d'évacuation;3;14561.35;Sans réponse;2023-03-14;1;1
DEV-00299;2023-02-13;2023-02;2022-2023;CLI-0273;Particulier;Bordeaux;Sophie Marchand;Chauffage;CH-003;Installation pompe à chaleur air/eau;1;13387.7;Refusé;2023-02-28;;0
DEV-00300;2023-02-14;2023-02;2022-2023;CLI-0247;Professionnel;Bordeaux;Sophie Marchand;Chauffage;CH-001;Installation chaudière gaz condensation;3;27425.57;Refusé;2023-02-27;3;1
DEV-00301;2023-02-14;2023-02;2022-2023;CLI-0053;Particulier;Bordeaux;Sophie Marchand;Dépannage;DP-004;Remise en service chaudière;1;262.04;Refusé;2023-03-12;9;1
DEV-00302;2023-02-14;2023-02;2022-2023;CLI-0229;Particulier;Toulouse;Julien Fabre;Dépannage;DP-002;Débouchage canalisation;1;350.63;Sans réponse;2023-03-18;;0
DEV-00303;2023-02-15;2023-02;2022-2023;CLI-0138;Particulier;Toulouse;Julien Fabre;Chauffage;CH-003;Installation pompe à chaleur air/eau;1;11530.18;Accepté;2023-02-18;8;0
DEV-00304;2023-02-15;2023-02;2022-2023;CLI-0149;Particulier;Toulouse;Julien Fabre;Chauffage;CH-003;Installation pompe à chaleur air/eau;1;12295.03;Refusé;2023-03-10;9;2
DEV-00305;2023-02-16;2023-02;2022-2023;CLI-0116;Particulier;Bordeaux;Karim Belkacem;Dépannage;DP-004;Remise en service chaudière;1;199.77;Accepté;2023-03-08;1;2
DEV-00306;2023-02-16;2023-02;2022-2023;CLI-0031;Professionnel;Bordeaux;Karim Belkacem;Dépannage;DP-001;Dépannage plomberie urgence;1;422.6;Refusé;2023-03-29;7;1
DEV-00307;2023-02-16;2023-02;2022-2023;CLI-0038;Particulier;Bordeaux;Sophie Marchand;Électricité;EL-003;Rénovation électrique complète;1;10082.98;Sans réponse;2023-03-19;;0
DEV-00308;2023-02-17;2023-02;2022-2023;CLI-0224;Particulier;Toulouse;Julien Fabre;Électricité;EL-001;Mise aux normes tableau électrique;1;1889.87;Refusé;2023-03-17;9;1
DEV-00309;2023-02-17;2023-02;2022-2023;CLI-0206;Syndic;Toulouse;Julien Fabre;Salle de bain;SB-002;Remplacement baignoire par douche;1;8372.28;Refusé;2023-03-07;6;1
DEV-00310;2023-02-20;2023-02;2022-2023;CLI-0123;Particulier;Toulouse;Julien Fabre;Électricité;EL-001;Mise aux normes tableau électrique;1;1906.56;Refusé;2023-03-15;4;1
DEV-00311;2023-02-20;2023-02;2022-2023;CLI-0265;Particulier;Bordeaux;Karim Belkacem;Chauffage;CH-005;Désembouage circuit chauffage;1;806.58;Accepté;2023-04-06;3;2
DEV-00312;2023-02-20;2023-02;2022-2023;CLI-0154;Particulier;Bordeaux;Sophie Marchand;Dépannage;DP-002;Débouchage canalisation;2;790.67;Accepté;2023-03-27;1;1
DEV-00313;2023-02-21;2023-02;2022-2023;CLI-0160;Particulier;Bordeaux;Karim Belkacem;Plomberie;PR-004;Remplacement colonne d'évacuation;1;5279.01;Sans réponse;2023-03-13;3;2
DEV-00314;2023-02-21;2023-02;2022-2023;CLI-0155;Particulier;Bordeaux;Karim Belkacem;Salle de bain;SB-003;Pose meuble vasque + robinetterie;1;1285.28;Refusé;2023-03-25;;0
DEV-00315;2023-02-22;2023-02;2022-2023;CLI-0002;Particulier;Bordeaux;Sophie Marchand;Électricité;EL-003;Rénovation électrique complète;1;10665.78;Sans réponse;2023-02-28;1;1
DEV-00316;2023-02-22;2023-02;2022-2023;CLI-0034;Particulier;Toulouse;Julien Fabre;Électricité;EL-003;Rénovation électrique complète;1;9918.55;Accepté;2023-03-23;10;2
DEV-00317;2023-02-22;2023-02;2022-2023;CLI-0016;Particulier;Bordeaux;Karim Belkacem;Plomberie;PR-002;Recherche de fuite + réparation;1;412.75;Accepté;2023-03-31;4;3
DEV-00318;2023-02-23;2023-02;2022-2023;CLI-0007;Particulier;Toulouse;Julien Fabre;Dépannage;DP-001;Dépannage plomberie urgence;1;253.62;Accepté;2023-03-25;2;3
DEV-00319;2023-02-23;2023-02;2022-2023;CLI-0218;Syndic;Bordeaux;Karim Belkacem;Salle de bain;SB-001;Rénovation salle de bain complète;1;20110.31;Refusé;2023-03-16;17;1
DEV-00320;2023-02-23;2023-02;2022-2023;CLI-0068;Particulier;Bordeaux;Sophie Marchand;Dépannage;DP-004;Remise en service chaudière;1;245.22;Accepté;2023-03-05;1;2
DEV-00321;2023-02-24;2023-02;2022-2023;CLI-0261;Particulier;Toulouse;Julien Fabre;Salle de bain;SB-001;Rénovation salle de bain complète;1;9734.99;Sans réponse;2023-03-30;18;1
DEV-00322;2023-02-24;2023-02;2022-2023;CLI-0224;Particulier;Toulouse;Julien Fabre;Chauffage;CH-002;Entretien annuel chaudière;1;165.12;Sans réponse;2023-03-25;5;3
DEV-00323;2023-02-27;2023-02;2022-2023;CLI-0200;Particulier;Bordeaux;Sophie Marchand;Chauffage;CH-005;Désembouage circuit chauffage;2;1552.11;Sans réponse;2023-04-12;1;2
DEV-00324;2023-02-27;2023-02;2022-2023;CLI-0138;Particulier;Toulouse;Julien Fabre;Chauffage;CH-001;Installation chaudière gaz condensation;1;5001.63;Sans réponse;2023-03-26;4;2
DEV-00325;2023-02-27;2023-02;2022-2023;CLI-0062;Particulier;Toulouse;Julien Fabre;Électricité;EL-001;Mise aux normes tableau électrique;1;1607.39;Refusé;2023-03-28;8;3
DEV-00326;2023-02-27;2023-02;2022-2023;CLI-0195;Particulier;Bordeaux;Karim Belkacem;Plomberie;PR-003;Réfection réseau eau appartement;3;9312.0;Accepté;2023-03-08;4;1
DEV-00327;2023-02-28;2023-02;2022-2023;CLI-0082;Particulier;Toulouse;Julien Fabre;Salle de bain;SB-001;Rénovation salle de bain complète;1;8808.64;Sans réponse;2023-03-19;9;1
DEV-00328;2023-02-28;2023-02;2022-2023;CLI-0046;Syndic;Toulouse;Julien Fabre;Électricité;EL-003;Rénovation électrique complète;1;17064.63;Sans réponse;2023-03-25;;0
DEV-00329;2023-03-01;2023-03;2022-2023;CLI-0066;Professionnel;Toulouse;Julien Fabre;Électricité;EL-004;Éclairage LED locaux professionnels;1;6437.88;Accepté;2023-03-23;4;1
DEV-00330;2023-03-02;2023-03;2022-2023;CLI-0034;Particulier;Toulouse;Julien Fabre;Plomberie;PR-002;Recherche de fuite + réparation;1;385.81;Refusé;2023-04-01;5;1
DEV-00331;2023-03-02;2023-03;2022-2023;CLI-0009;Particulier;Toulouse;Julien Fabre;Plomberie;PR-004;Remplacement colonne d'évacuation;1;5920.78;Refusé;2023-03-06;11;0
DEV-00332;2023-03-02;2023-03;2022-2023;CLI-0200;Particulier;Bordeaux;Sophie Marchand;Chauffage;CH-002;Entretien annuel chaudière;1;131.71;Refusé;2023-03-25;10;2
DEV-00333;2023-03-03;2023-03;2022-2023;CLI-0172;Particulier;Bordeaux;Sophie Marchand;Plomberie;PR-001;Remplacement chauffe-eau 200 L;1;1386.51;Accepté;2023-03-26;6;2
DEV-00334;2023-03-03;2023-03;2022-2023;CLI-0095;Particulier;Bordeaux;Karim Belkacem;Chauffage;CH-002;Entretien annuel chaudière;2;315.92;Sans réponse;2023-04-04;8;1
DEV-00335;2023-03-06;2023-03;2022-2023;CLI-0132;Particulier;Toulouse;Julien Fabre;Salle de bain;SB-003;Pose meuble vasque + robinetterie;3;3810.21;Accepté;2023-04-08;2;4
DEV-00336;2023-03-06;2023-03;2022-2023;CLI-0139;Particulier;Bordeaux;Karim Belkacem;Dépannage;DP-001;Dépannage plomberie urgence;3;821.39;Accepté;2023-04-16;5;4
DEV-00337;2023-03-06;2023-03;2022-2023;CLI-0137;Particulier;Bordeaux;Karim Belkacem;Électricité;EL-004;Éclairage LED locaux professionnels;1;2925.98;Accepté;2023-04-11;2;2
DEV-00338;2023-03-07;2023-03;2022-2023;CLI-0085;Particulier;Toulouse;Julien Fabre;Plomberie;PR-004;Remplacement colonne d'évacuation;1;5703.91;Accepté;2023-03-24;7;1
DEV-00339;2023-03-08;2023-03;2022-2023;CLI-0209;Particulier;Toulouse;Julien Fabre;Électricité;EL-003;Rénovation électrique complète;1;8696.92;Accepté;2023-03-31;3;2
DEV-00340;2023-03-08;2023-03;2022-2023;CLI-0183;Particulier;Bordeaux;Karim Belkacem;Salle de bain;SB-003;Pose meuble vasque + robinetterie;1;1100.65;Refusé;2023-04-01;1;1
DEV-00341;2023-03-09;2023-03;2022-2023;CLI-0008;Particulier;Toulouse;Julien Fabre;Dépannage;DP-002;Débouchage canalisation;1;366.81;Accepté;2023-03-27;6;1
DEV-00342;2023-03-09;2023-03;2022-2023;CLI-0200;Particulier;Bordeaux;Sophie Marchand;Salle de bain;SB-002;Remplacement baignoire par douche;1;3745.62;Accepté;2023-04-07;5;1
DEV-00343;2023-03-10;2023-03;2022-2023;CLI-0085;Particulier;Toulouse;Julien Fabre;Plomberie;PR-003;Réfection réseau eau appartement;2;6419.54;Sans réponse;2023-03-15;;0
DEV-00344;2023-03-10;2023-03;2022-2023;CLI-0059;Particulier;Bordeaux;Sophie Marchand;Dépannage;DP-004;Remise en service chaudière;1;208.74;Accepté;2023-04-20;8;3
DEV-00345;2023-03-10;2023-03;2022-2023;CLI-0195;Particulier;Bordeaux;Sophie Marchand;Plomberie;PR-003;Réfection réseau eau appartement;2;5695.25;Sans réponse;2023-03-26;;0
DEV-00346;2023-03-10;2023-03;2022-2023;CLI-0012;Particulier;Toulouse;Julien Fabre;Chauffage;CH-002;Entretien annuel chaudière;1;145.09;Sans réponse;2023-03-25;;0
DEV-00347;2023-03-14;2023-03;2022-2023;CLI-0189;Professionnel;Bordeaux;Karim Belkacem;Électricité;EL-001;Mise aux normes tableau électrique;1;2766.06;Accepté;2023-04-09;7;2
DEV-00348;2023-03-15;2023-03;2022-2023;CLI-0071;Particulier;Toulouse;Julien Fabre;Plomberie;PR-001;Remplacement chauffe-eau 200 L;1;1222.35;Sans réponse;2023-04-12;3;2
DEV-00349;2023-03-16;2023-03;2022-2023;CLI-0121;Syndic;Toulouse;Julien Fabre;Salle de bain;SB-001;Rénovation salle de bain complète;1;22675.9;Accepté;2023-04-28;8;2
DEV-00350;2023-03-16;2023-03;2022-2023;CLI-0177;Particulier;Toulouse;Julien Fabre;Salle de bain;SB-002;Remplacement baignoire par douche;1;3413.2;Refusé;2023-03-25;7;1
DEV-00351;2023-03-17;2023-03;2022-2023;CLI-0188;Particulier;Bordeaux;Karim Belkacem;Électricité;EL-002;Installation borne de recharge VE;1;1514.19;Accepté;2023-04-12;5;1
DEV-00352;2023-03-21;2023-03;2022-2023;CLI-0235;Particulier;Toulouse;Julien Fabre;Plomberie;PR-004;Remplacement colonne d'évacuation;1;5993.68;Accepté;2023-04-19;3;2
DEV-00353;2023-03-21;2023-03;2022-2023;CLI-0142;Particulier;Bordeaux;Karim Belkacem;Plomberie;PR-002;Recherche de fuite + réparation;1;447.47;Accepté;2023-04-13;2;2
DEV-00354;2023-03-23;2023-03;2022-2023;CLI-0206;Syndic;Toulouse;Julien Fabre;Électricité;EL-001;Mise aux normes tableau électrique;1;3779.9;Accepté;2023-04-04;10;1
DEV-00355;2023-03-23;2023-03;2022-2023;CLI-0253;Particulier;Bordeaux;Sophie Marchand;Électricité;EL-003;Rénovation électrique complète;1;10471.63;Accepté;2023-04-02;1;1
DEV-00356;2023-03-23;2023-03;2022-2023;CLI-0026;Particulier;Bordeaux;Karim Belkacem;Plomberie;PR-003;Réfection réseau eau appartement;1;3420.64;Accepté;2023-03-27;11;0
DEV-00357;2023-03-23;2023-03;2022-2023;CLI-0152;Particulier;Bordeaux;Karim Belkacem;Électricité;EL-002;Installation borne de recharge VE;1;1491.88;Sans réponse;2023-04-08;4;1
DEV-00358;2023-03-24;2023-03;2022-2023;CLI-0167;Particulier;Toulouse;Julien Fabre;Chauffage;CH-005;Désembouage circuit chauffage;1;689.83;Sans réponse;2023-04-27;10;3
DEV-00359;2023-03-24;2023-03;2022-2023;CLI-0287;Particulier;Toulouse;Julien Fabre;Plomberie;PR-002;Recherche de fuite + réparation;1;393.01;Sans réponse;2023-04-09;5;2
DEV-00360;2023-03-27;2023-03;2022-2023;CLI-0196;Particulier;Bordeaux;Sophie Marchand;Dépannage;DP-001;Dépannage plomberie urgence;1;308.32;Accepté;2023-04-21;1;2
DEV-00361;2023-03-27;2023-03;2022-2023;CLI-0267;Particulier;Bordeaux;Karim Belkacem;Salle de bain;SB-003;Pose meuble vasque + robinetterie;2;2223.29;Accepté;2023-04-17;1;2
DEV-00362;2023-03-28;2023-03;2022-2023;CLI-0034;Particulier;Toulouse;Julien Fabre;Électricité;EL-001;Mise aux normes tableau électrique;1;1754.19;Refusé;2023-04-06;11;0
DEV-00363;2023-03-29;2023-03;2022-2023;CLI-0221;Particulier;Bordeaux;Sophie Marchand;Plomberie;PR-004;Remplacement colonne d'évacuation;1;5236.31;Refusé;2023-05-09;10;1
DEV-00364;2023-03-30;2023-03;2022-2023;CLI-0221;Particulier;Bordeaux;Karim Belkacem;Salle de bain;SB-002;Remplacement baignoire par douche;1;4019.02;Accepté;2023-04-05;2;1
DEV-00365;2023-03-30;2023-03;2022-2023;CLI-0262;Particulier;Toulouse;Julien Fabre;Électricité;EL-003;Rénovation électrique complète;1;8739.8;Sans réponse;2023-04-20;;0
DEV-00366;2023-03-31;2023-03;2022-2023;CLI-0075;Syndic;Toulouse;Julien Fabre;Dépannage;DP-001;Dépannage plomberie urgence;1;517.06;Accepté;2023-04-11;8;1
DEV-00367;2023-03-31;2023-03;2022-2023;CLI-0260;Professionnel;Toulouse;Julien Fabre;Électricité;EL-003;Rénovation électrique complète;1;17156.73;Sans réponse;2023-05-03;11;3
DEV-00368;2023-03-31;2023-03;2022-2023;CLI-0258;Professionnel;Bordeaux;Karim Belkacem;Électricité;EL-002;Installation borne de recharge VE;2;5174.9;Accepté;2023-04-23;1;1
DEV-00369;2023-03-31;2023-03;2022-2023;CLI-0027;Particulier;Toulouse;Julien Fabre;Électricité;EL-003;Rénovation électrique complète;1;8898.65;Accepté;2023-04-28;1;2
DEV-00370;2023-04-03;2023-04;2022-2023;CLI-0258;Professionnel;Bordeaux;Karim Belkacem;Salle de bain;SB-002;Remplacement baignoire par douche;1;5655.53;Accepté;2023-05-17;1;1
DEV-00371;2023-04-04;2023-04;2022-2023;CLI-0282;Particulier;Bordeaux;Karim Belkacem;Chauffage;CH-002;Entretien annuel chaudière;1;143.72;Refusé;2023-05-06;1;3
DEV-00372;2023-04-06;2023-04;2022-2023;CLI-0162;Particulier;Bordeaux;Sophie Marchand;Salle de bain;SB-001;Rénovation salle de bain complète;1;8577.33;Sans réponse;2023-04-09;8;0
DEV-00373;2023-04-07;2023-04;2022-2023;CLI-0197;Particulier;Bordeaux;Karim Belkacem;Salle de bain;SB-003;Pose meuble vasque + robinetterie;3;3476.87;Accepté;2023-05-06;5;1
DEV-00374;2023-04-07;2023-04;2022-2023;CLI-0208;Particulier;Bordeaux;Sophie Marchand;Dépannage;DP-002;Débouchage canalisation;1;337.12;Refusé;2023-04-19;1;2
DEV-00375;2023-04-10;2023-04;2022-2023;CLI-0009;Particulier;Toulouse;Julien Fabre;Dépannage;DP-003;Dépannage électrique urgence;1;291.92;Sans réponse;2023-04-25;13;1
DEV-00376;2023-04-10;2023-04;2022-2023;CLI-0238;Particulier;Bordeaux;Karim Belkacem;Dépannage;DP-002;Débouchage canalisation;1;347.89;Accepté;2023-05-08;1;3
DEV-00377;2023-04-11;2023-04;2022-2023;CLI-0114;Particulier;Bordeaux;Sophie Marchand;Salle de bain;SB-003;Pose meuble vasque + robinetterie;1;1198.19;Sans réponse;2023-05-25;6;2
DEV-00378;2023-04-11;2023-04;2022-2023;CLI-0095;Particulier;Bordeaux;Sophie Marchand;Salle de bain;SB-003;Pose meuble vasque + robinetterie;1;1258.57;Sans réponse;2023-05-31;5;1
DEV-00379;2023-04-12;2023-04;2022-2023;CLI-0202;Particulier;Bordeaux;Karim Belkacem;Salle de bain;SB-001;Rénovation salle de bain complète;1;9421.98;Accepté;2023-05-18;9;3
DEV-00380;2023-04-12;2023-04;2022-2023;CLI-0195;Particulier;Bordeaux;Sophie Marchand;Plomberie;PR-003;Réfection réseau eau appartement;3;9616.65;Sans réponse;2023-05-01;7;2
DEV-00381;2023-04-12;2023-04;2022-2023;CLI-0095;Particulier;Bordeaux;Sophie Marchand;Électricité;EL-004;Éclairage LED locaux professionnels;1;3796.15;Sans réponse;2023-05-06;;0
DEV-00382;2023-04-13;2023-04;2022-2023;CLI-0163;Particulier;Toulouse;Julien Fabre;Électricité;EL-001;Mise aux normes tableau électrique;1;1803.21;Accepté;2023-05-12;6;2
DEV-00383;2023-04-13;2023-04;2022-2023;CLI-0284;Professionnel;Toulouse;Julien Fabre;Salle de bain;SB-003;Pose meuble vasque + robinetterie;1;2191.53;Refusé;2023-05-13;9;2
DEV-00384;2023-04-13;2023-04;2022-2023;CLI-0153;Particulier;Bordeaux;Karim Belkacem;Salle de bain;SB-003;Pose meuble vasque + robinetterie;1;1288.68;Accepté;2023-04-23;1;1
DEV-00385;2023-04-13;2023-04;2022-2023;CLI-0047;Particulier;Bordeaux;Karim Belkacem;Dépannage;DP-001;Dépannage plomberie urgence;2;602.27;Refusé;2023-05-18;2;2
DEV-00386;2023-04-14;2023-04;2022-2023;CLI-0162;Particulier;Bordeaux;Karim Belkacem;Électricité;EL-003;Rénovation électrique complète;1;9318.99;Accepté;2023-04-20;4;1
DEV-00387;2023-04-14;2023-04;2022-2023;CLI-0154;Particulier;Bordeaux;Sophie Marchand;Dépannage;DP-003;Dépannage électrique urgence;2;639.78;Accepté;2023-04-30;5;2
DEV-00388;2023-04-14;2023-04;2022-2023;CLI-0276;Professionnel;Bordeaux;Karim Belkacem;Dépannage;DP-004;Remise en service chaudière;1;445.12;Accepté;2023-05-12;2;3
DEV-00389;2023-04-17;2023-04;2022-2023;CLI-0023;Particulier;Toulouse;Julien Fabre;Salle de bain;SB-002;Remplacement baignoire par douche;2;6934.73;Accepté;2023-05-22;5;1
DEV-00390;2023-04-17;2023-04;2022-2023;CLI-0194;Syndic;Toulouse;Julien Fabre;Dépannage;DP-004;Remise en service chaudière;1;419.75;Refusé;2023-05-08;;0
DEV-00391;2023-04-17;2023-04;2022-2023;CLI-0088;Particulier;Toulouse;Julien Fabre;Dépannage;DP-001;Dépannage plomberie urgence;1;236.76;Accepté;2023-05-02;6;1
DEV-00392;2023-04-18;2023-04;2022-2023;CLI-0015;Particulier;Bordeaux;Karim Belkacem;Plomberie;PR-001;Remplacement chauffe-eau 200 L;1;1109.41;Sans réponse;2023-04-27;4;1
DEV-00393;2023-04-18;2023-04;2022-2023;CLI-0205;Professionnel;Bordeaux;Sophie Marchand;Chauffage;CH-002;Entretien annuel chaudière;2;503.04;Accepté;2023-05-20;7;1
DEV-00394;2023-04-18;2023-04;2022-2023;CLI-0167;Particulier;Toulouse;Julien Fabre;Plomberie;PR-003;Réfection réseau eau appartement;1;3333.02;Accepté;2023-04-30;2;1
DEV-00395;2023-04-18;2023-04;2022-2023;CLI-0179;Professionnel;Bordeaux;Sophie Marchand;Plomberie;PR-003;Réfection réseau eau appartement;1;5999.33;Sans réponse;2023-05-16;2;1
DEV-00396;2023-04-19;2023-04;2022-2023;CLI-0191;Particulier;Bordeaux;Karim Belkacem;Électricité;EL-003;Rénovation électrique complète;1;9225.83;Sans réponse;2023-05-14;6;2
DEV-00397;2023-04-19;2023-04;2022-2023;CLI-0190;Particulier;Toulouse;Julien Fabre;Électricité;EL-004;Éclairage LED locaux professionnels;1;3257.64;Accepté;2023-05-22;10;1
DEV-00398;2023-04-20;2023-04;2022-2023;CLI-0041;Particulier;Toulouse;Julien Fabre;Électricité;EL-004;Éclairage LED locaux professionnels;1;3398.65;Sans réponse;2023-05-05;5;2
DEV-00399;2023-04-20;2023-04;2022-2023;CLI-0126;Particulier;Bordeaux;Karim Belkacem;Salle de bain;SB-002;Remplacement baignoire par douche;1;3178.8;Accepté;2023-05-06;1;2
DEV-00400;2023-04-20;2023-04;2022-2023;CLI-0263;Syndic;Bordeaux;Sophie Marchand;Électricité;EL-001;Mise aux normes tableau électrique;2;7891.98;Sans réponse;2023-05-14;;0
DEV-00401;2023-04-21;2023-04;2022-2023;CLI-0214;Particulier;Toulouse;Julien Fabre;Dépannage;DP-002;Débouchage canalisation;1;338.05;Refusé;2023-05-11;7;1
DEV-00402;2023-04-21;2023-04;2022-2023;CLI-0130;Particulier;Toulouse;Julien Fabre;Salle de bain;SB-003;Pose meuble vasque + robinetterie;1;1150.78;Refusé;2023-05-15;6;2
DEV-00403;2023-04-24;2023-04;2022-2023;CLI-0126;Particulier;Bordeaux;Sophie Marchand;Électricité;EL-002;Installation borne de recharge VE;1;1309.29;Sans réponse;2023-05-14;;0
DEV-00404;2023-04-25;2023-04;2022-2023;CLI-0145;Collectivité;Bordeaux;Sophie Marchand;Plomberie;PR-004;Remplacement colonne d'évacuation;1;11892.78;Refusé;2023-05-24;7;2
DEV-00405;2023-04-25;2023-04;2022-2023;CLI-0275;Professionnel;Bordeaux;Sophie Marchand;Chauffage;CH-003;Installation pompe à chaleur air/eau;1;20902.62;Accepté;2023-05-13;6;2
DEV-00406;2023-04-27;2023-04;2022-2023;CLI-0270;Particulier;Bordeaux;Sophie Marchand;Plomberie;PR-004;Remplacement colonne d'évacuation;1;5392.59;Accepté;2023-05-25;8;1
DEV-00407;2023-04-28;2023-04;2022-2023;CLI-0169;Professionnel;Bordeaux;Karim Belkacem;Salle de bain;SB-003;Pose meuble vasque + robinetterie;1;1977.51;Accepté;2023-05-30;3;2
DEV-00408;2023-04-28;2023-04;2022-2023;CLI-0104;Particulier;Toulouse;Julien Fabre;Plomberie;PR-004;Remplacement colonne d'évacuation;1;6003.41;Accepté;2023-06-08;3;4
DEV-00409;2023-05-01;2023-05;2022-2023;CLI-0272;Professionnel;Toulouse;Julien Fabre;Dépannage;DP-002;Débouchage canalisation;1;687.44;Accepté;2023-05-08;7;1
DEV-00410;2023-05-01;2023-05;2022-2023;CLI-0045;Syndic;Bordeaux;Karim Belkacem;Dépannage;DP-004;Remise en service chaudière;1;456.92;Accepté;2023-06-19;1;3
DEV-00411;2023-05-02;2023-05;2022-2023;CLI-0272;Professionnel;Toulouse;Julien Fabre;Électricité;EL-003;Rénovation électrique complète;1;18219.38;Refusé;2023-05-09;2;1
DEV-00412;2023-05-02;2023-05;2022-2023;CLI-0015;Particulier;Bordeaux;Sophie Marchand;Salle de bain;SB-001;Rénovation salle de bain complète;1;10450.28;Sans réponse;2023-05-26;10;2
DEV-00413;2023-05-03;2023-05;2022-2023;CLI-0107;Particulier;Toulouse;Julien Fabre;Plomberie;PR-001;Remplacement chauffe-eau 200 L;1;1133.65;Refusé;2023-05-16;1;1
DEV-00414;2023-05-03;2023-05;2022-2023;CLI-0213;Professionnel;Bordeaux;Karim Belkacem;Plomberie;PR-001;Remplacement chauffe-eau 200 L;2;4222.96;Accepté;2023-05-18;1;3
DEV-00415;2023-05-03;2023-05;2022-2023;CLI-0165;Particulier;Bordeaux;Karim Belkacem;Plomberie;PR-002;Recherche de fuite + réparation;1;420.01;Accepté;2023-05-23;1;2
DEV-00416;2023-05-04;2023-05;2022-2023;CLI-0172;Particulier;Bordeaux;Sophie Marchand;Salle de bain;SB-001;Rénovation salle de bain complète;1;9884.49;Refusé;2023-05-25;5;1
DEV-00417;2023-05-04;2023-05;2022-2023;CLI-0176;Professionnel;Toulouse;Julien Fabre;Salle de bain;SB-002;Remplacement baignoire par douche;1;5984.3;Accepté;2023-05-22;1;2
DEV-00418;2023-05-05;2023-05;2022-2023;CLI-0164;Particulier;Toulouse;Julien Fabre;Électricité;EL-001;Mise aux normes tableau électrique;1;1645.35;Sans réponse;2023-06-15;9;3
DEV-00419;2023-05-05;2023-05;2022-2023;CLI-0206;Syndic;Toulouse;Julien Fabre;Salle de bain;SB-001;Rénovation salle de bain complète;1;20794.54;Sans réponse;2023-06-02;7;1
DEV-00420;2023-05-05;2023-05;2022-2023;CLI-0085;Particulier;Toulouse;Julien Fabre;Chauffage;CH-005;Désembouage circuit chauffage;1;774.38;Accepté;2023-06-02;7;1
DEV-00421;2023-05-08;2023-05;2022-2023;CLI-0224;Particulier;Toulouse;Julien Fabre;Électricité;EL-002;Installation borne de recharge VE;1;1311.26;Sans réponse;2023-06-08;6;1
DEV-00422;2023-05-08;2023-05;2022-2023;CLI-0133;Syndic;Bordeaux;Sophie Marchand;Électricité;EL-002;Installation borne de recharge VE;1;3062.22;Accepté;2023-06-09;12;3
DEV-00423;2023-05-09;2023-05;2022-2023;CLI-0158;Particulier;Bordeaux;Sophie Marchand;Salle de bain;SB-003;Pose meuble vasque + robinetterie;1;1170.89;Sans réponse;2023-05-25;5;1
DEV-00424;2023-05-09;2023-05;2022-2023;CLI-0256;Particulier;Bordeaux;Sophie Marchand;Salle de bain;SB-003;Pose meuble vasque + robinetterie;1;1107.56;Sans réponse;2023-06-11;7;2
DEV-00425;2023-05-10;2023-05;2022-2023;CLI-0141;Particulier;Bordeaux;Karim Belkacem;Plomberie;PR-004;Remplacement colonne d'évacuation;1;6198.18;Accepté;2023-05-29;6;1
DEV-00426;2023-05-11;2023-05;2022-2023;CLI-0274;Particulier;Bordeaux;Sophie Marchand;Dépannage;DP-003;Dépannage électrique urgence;1;267.1;Sans réponse;2023-06-06;1;1
DEV-00427;2023-05-12;2023-05;2022-2023;CLI-0029;Particulier;Bordeaux;Sophie Marchand;Électricité;EL-003;Rénovation électrique complète;1;9543.2;Sans réponse;2023-06-01;;0
DEV-00428;2023-05-12;2023-05;2022-2023;CLI-0150;Particulier;Bordeaux;Karim Belkacem;Salle de bain;SB-001;Rénovation salle de bain complète;1;10365.5;Refusé;2023-05-17;6;0
DEV-00429;2023-05-15;2023-05;2022-2023;CLI-0247;Professionnel;Bordeaux;Karim Belkacem;Plomberie;PR-004;Remplacement colonne d'évacuation;2;16936.09;Sans réponse;2023-05-19;1;1
DEV-00430;2023-05-15;2023-05;2022-2023;CLI-0239;Particulier;Bordeaux;Sophie Marchand;Plomberie;PR-001;Remplacement chauffe-eau 200 L;1;1208.9;Accepté;2023-06-02;;0
DEV-00431;2023-05-16;2023-05;2022-2023;CLI-0214;Particulier;Toulouse;Julien Fabre;Électricité;EL-002;Installation borne de recharge VE;1;1364.69;Sans réponse;2023-06-11;9;2
DEV-00432;2023-05-16;2023-05;2022-2023;CLI-0086;Particulier;Toulouse;Julien Fabre;Dépannage;DP-001;Dépannage plomberie urgence;1;239.62;Refusé;2023-06-08;4;1
DEV-00433;2023-05-16;2023-05;2022-2023;CLI-0050;Particulier;Toulouse;Julien Fabre;Plomberie;PR-001;Remplacement chauffe-eau 200 L;1;1127.4;Accepté;2023-06-01;7;1
DEV-00434;2023-05-17;2023-05;2022-2023;CLI-0142;Particulier;Bordeaux;Sophie Marchand;Salle de bain;SB-003;Pose meuble vasque + robinetterie;3;3908.86;Accepté;2023-07-01;5;1
DEV-00435;2023-05-17;2023-05;2022-2023;CLI-0081;Particulier;Bordeaux;Sophie Marchand;Plomberie;PR-003;Réfection réseau eau appartement;1;3451.06;Accepté;2023-06-04;6;1
DEV-00436;2023-05-18;2023-05;2022-2023;CLI-0068;Particulier;Bordeaux;Karim Belkacem;Dépannage;DP-003;Dépannage électrique urgence;1;327.39;Accepté;2023-06-09;9;2
DEV-00437;2023-05-18;2023-05;2022-2023;CLI-0120;Particulier;Toulouse;Julien Fabre;Chauffage;CH-005;Désembouage circuit chauffage;1;664.27;Accepté;2023-05-31;1;1
DEV-00438;2023-05-19;2023-05;2022-2023;CLI-0037;Particulier;Toulouse;Julien Fabre;Plomberie;PR-002;Recherche de fuite + réparation;1;491.8;Refusé;2023-06-16;1;1
DEV-00439;2023-05-22;2023-05;2022-2023;CLI-0159;Syndic;Bordeaux;Karim Belkacem;Salle de bain;SB-003;Pose meuble vasque + robinetterie;1;2523.36;Accepté;2023-06-29;4;1
DEV-00440;2023-05-23;2023-05;2022-2023;CLI-0112;Particulier;Bordeaux;Sophie Marchand;Dépannage;DP-002;Débouchage canalisation;1;366.84;Accepté;2023-05-26;2;1
DEV-00441;2023-05-23;2023-05;2022-2023;CLI-0109;Professionnel;Toulouse;Julien Fabre;Plomberie;PR-002;Recherche de fuite + réparation;1;800.41;Accepté;2023-06-17;7;2
DEV-00442;2023-05-23;2023-05;2022-2023;CLI-0094;Professionnel;Toulouse;Julien Fabre;Dépannage;DP-002;Débouchage canalisation;1;535.12;Refusé;2023-06-17;1;3
DEV-00443;2023-05-24;2023-05;2022-2023;CLI-0052;Particulier;Toulouse;Julien Fabre;Électricité;EL-004;Éclairage LED locaux professionnels;1;2917.36;Refusé;2023-06-18;2;1
DEV-00444;2023-05-24;2023-05;2022-2023;CLI-0160;Particulier;Bordeaux;Sophie Marchand;Chauffage;CH-004;Remplacement radiateurs (lot de 5);1;2607.93;Refusé;2023-06-14;3;2
DEV-00445;2023-05-25;2023-05;2022-2023;CLI-0300;Professionnel;Toulouse;Julien Fabre;Dépannage;DP-003;Dépannage électrique urgence;1;575.49;Accepté;2023-06-03;4;1
DEV-00446;2023-05-25;2023-05;2022-2023;CLI-0247;Professionnel;Bordeaux;Sophie Marchand;Plomberie;PR-001;Remplacement chauffe-eau 200 L;3;7078.81;Accepté;2023-06-23;4;3
DEV-00447;2023-05-26;2023-05;2022-2023;CLI-0204;Particulier;Toulouse;Julien Fabre;Électricité;EL-001;Mise aux normes tableau électrique;1;1695.14;Refusé;2023-06-25;5;3
DEV-00448;2023-05-26;2023-05;2022-2023;CLI-0219;Particulier;Toulouse;Julien Fabre;Dépannage;DP-003;Dépannage électrique urgence;2;614.02;Refusé;2023-06-06;;0
DEV-00449;2023-05-26;2023-05;2022-2023;CLI-0226;Particulier;Bordeaux;Karim Belkacem;Salle de bain;SB-001;Rénovation salle de bain complète;1;9399.73;Refusé;2023-07-18;;0
DEV-00450;2023-05-26;2023-05;2022-2023;CLI-0225;Particulier;Toulouse;Julien Fabre;Salle de bain;SB-003;Pose meuble vasque + robinetterie;1;1099.92;Accepté;2023-05-29;6;0
DEV-00451;2023-05-29;2023-05;2022-2023;CLI-0184;Particulier;Toulouse;Julien Fabre;Salle de bain;SB-002;Remplacement baignoire par douche;2;6763.31;Accepté;2023-06-19;9;2
DEV-00452;2023-05-29;2023-05;2022-2023;CLI-0131;Particulier;Toulouse;Julien Fabre;Salle de bain;SB-003;Pose meuble vasque + robinetterie;1;1308.99;Sans réponse;2023-07-01;9;2
DEV-00453;2023-05-30;2023-05;2022-2023;CLI-0273;Particulier;Bordeaux;Karim Belkacem;Chauffage;CH-002;Entretien annuel chaudière;1;133.57;Sans réponse;2023-06-25;5;1
DEV-00454;2023-05-31;2023-05;2022-2023;CLI-0231;Professionnel;Bordeaux;Sophie Marchand;Chauffage;CH-004;Remplacement radiateurs (lot de 5);1;4002.53;Refusé;2023-07-01;11;3
DEV-00455;2023-06-01;2023-06;2022-2023;CLI-0240;Syndic;Bordeaux;Karim Belkacem;Électricité;EL-001;Mise aux normes tableau électrique;1;3935.86;Accepté;2023-06-19;1;1
DEV-00456;2023-06-02;2023-06;2022-2023;CLI-0032;Particulier;Toulouse;Julien Fabre;Électricité;EL-004;Éclairage LED locaux professionnels;1;3014.14;Accepté;2023-06-25;1;3
DEV-00457;2023-06-02;2023-06;2022-2023;CLI-0109;Professionnel;Toulouse;Julien Fabre;Électricité;EL-004;Éclairage LED locaux professionnels;1;5819.75;Refusé;2023-06-08;8;0
DEV-00458;2023-06-05;2023-06;2022-2023;CLI-0189;Professionnel;Bordeaux;Karim Belkacem;Plomberie;PR-003;Réfection réseau eau appartement;1;5051.16;Refusé;2023-07-11;6;1
DEV-00459;2023-06-05;2023-06;2022-2023;CLI-0134;Particulier;Toulouse;Julien Fabre;Dépannage;DP-004;Remise en service chaudière;1;223.47;Refusé;2023-06-25;3;2
DEV-00460;2023-06-05;2023-06;2022-2023;CLI-0117;Particulier;Toulouse;Julien Fabre;Salle de bain;SB-001;Rénovation salle de bain complète;1;10935.48;Refusé;2023-07-04;5;3
DEV-00461;2023-06-06;2023-06;2022-2023;CLI-0249;Particulier;Toulouse;Julien Fabre;Électricité;EL-002;Installation borne de recharge VE;2;3207.43;Sans réponse;2023-07-05;1;2
DEV-00462;2023-06-07;2023-06;2022-2023;CLI-0194;Syndic;Toulouse;Julien Fabre;Plomberie;PR-001;Remplacement chauffe-eau 200 L;1;2815.37;Sans réponse;2023-06-26;7;3
DEV-00463;2023-06-08;2023-06;2022-2023;CLI-0215;Particulier;Toulouse;Julien Fabre;Plomberie;PR-002;Recherche de fuite + réparation;3;1279.14;Sans réponse;2023-06-18;;0
DEV-00464;2023-06-08;2023-06;2022-2023;CLI-0069;Professionnel;Toulouse;Julien Fabre;Salle de bain;SB-002;Remplacement baignoire par douche;1;6092.4;Sans réponse;2023-06-24;4;2
DEV-00465;2023-06-08;2023-06;2022-2023;CLI-0238;Particulier;Bordeaux;Sophie Marchand;Salle de bain;SB-003;Pose meuble vasque + robinetterie;2;2377.61;Sans réponse;2023-07-22;6;2
DEV-00466;2023-06-09;2023-06;2022-2023;CLI-0132;Particulier;Toulouse;Julien Fabre;Salle de bain;SB-003;Pose meuble vasque + robinetterie;1;1354.45;Accepté;2023-06-13;3;1
DEV-00467;2023-06-09;2023-06;2022-2023;CLI-0198;Syndic;Bordeaux;Sophie Marchand;Plomberie;PR-003;Réfection réseau eau appartement;1;6403.84;Refusé;2023-06-27;6;2
DEV-00468;2023-06-09;2023-06;2022-2023;CLI-0253;Particulier;Bordeaux;Karim Belkacem;Plomberie;PR-003;Réfection réseau eau appartement;1;2928.27;Accepté;2023-07-08;1;1
DEV-00469;2023-06-12;2023-06;2022-2023;CLI-0274;Particulier;Bordeaux;Karim Belkacem;Salle de bain;SB-001;Rénovation salle de bain complète;1;10318.63;Sans réponse;2023-07-13;;0
DEV-00470;2023-06-12;2023-06;2022-2023;CLI-0243;Professionnel;Bordeaux;Karim Belkacem;Plomberie;PR-003;Réfection réseau eau appartement;1;5625.45;Refusé;2023-06-18;;0
DEV-00471;2023-06-13;2023-06;2022-2023;CLI-0027;Particulier;Toulouse;Julien Fabre;Plomberie;PR-003;Réfection réseau eau appartement;1;3437.44;Accepté;2023-06-26;12;1
DEV-00472;2023-06-13;2023-06;2022-2023;CLI-0068;Particulier;Bordeaux;Sophie Marchand;Salle de bain;SB-001;Rénovation salle de bain complète;1;10561.32;Sans réponse;2023-07-07;11;2
DEV-00473;2023-06-14;2023-06;2022-2023;CLI-0172;Particulier;Bordeaux;Karim Belkacem;Chauffage;CH-003;Installation pompe à chaleur air/eau;1;12631.48;Sans réponse;2023-06-19;14;0
DEV-00474;2023-06-14;2023-06;2022-2023;CLI-0241;Particulier;Toulouse;Julien Fabre;Plomberie;PR-001;Remplacement chauffe-eau 200 L;1;1419.59;Accepté;2023-06-21;6;1
DEV-00475;2023-06-14;2023-06;2022-2023;CLI-0060;Particulier;Toulouse;Julien Fabre;Salle de bain;SB-003;Pose meuble vasque + robinetterie;1;1195.4;Accepté;2023-07-08;4;1
DEV-00476;2023-06-15;2023-06;2022-2023;CLI-0277;Particulier;Toulouse;Julien Fabre;Salle de bain;SB-002;Remplacement baignoire par douche;1;3143.2;Refusé;2023-07-20;2;1
DEV-00477;2023-06-15;2023-06;2022-2023;CLI-0041;Particulier;Toulouse;Julien Fabre;Chauffage;CH-001;Installation chaudière gaz condensation;2;9097.96;Sans réponse;2023-07-12;9;2
DEV-00478;2023-06-15;2023-06;2022-2023;CLI-0239;Particulier;Bordeaux;Sophie Marchand;Plomberie;PR-003;Réfection réseau eau appartement;1;3126.13;Accepté;2023-07-04;6;2
DEV-00479;2023-06-15;2023-06;2022-2023;CLI-0206;Syndic;Toulouse;Julien Fabre;Électricité;EL-001;Mise aux normes tableau électrique;1;3998.27;Accepté;2023-06-19;9;0
DEV-00480;2023-06-15;2023-06;2022-2023;CLI-0271;Particulier;Bordeaux;Sophie Marchand;Électricité;EL-004;Éclairage LED locaux professionnels;1;3105.12;Refusé;2023-07-05;5;3
DEV-00481;2023-06-16;2023-06;2022-2023;CLI-0004;Particulier;Bordeaux;Karim Belkacem;Chauffage;CH-002;Entretien annuel chaudière;3;405.51;Sans réponse;2023-06-26;3;1
DEV-00482;2023-06-16;2023-06;2022-2023;CLI-0246;Particulier;Toulouse;Julien Fabre;Électricité;EL-002;Installation borne de recharge VE;1;1683.27;Sans réponse;2023-07-24;10;3
DEV-00483;2023-06-16;2023-06;2022-2023;CLI-0001;Professionnel;Bordeaux;Sophie Marchand;Électricité;EL-001;Mise aux normes tableau électrique;2;5432.17;Accepté;2023-06-20;3;1
DEV-00484;2023-06-19;2023-06;2022-2023;CLI-0212;Professionnel;Bordeaux;Sophie Marchand;Salle de bain;SB-002;Remplacement baignoire par douche;1;7000.56;Sans réponse;2023-07-06;;0
DEV-00485;2023-06-19;2023-06;2022-2023;CLI-0293;Professionnel;Toulouse;Julien Fabre;Électricité;EL-004;Éclairage LED locaux professionnels;3;18738.79;Refusé;2023-07-07;15;1
DEV-00486;2023-06-19;2023-06;2022-2023;CLI-0125;Particulier;Toulouse;Julien Fabre;Chauffage;CH-001;Installation chaudière gaz condensation;1;4415.79;Accepté;2023-07-21;4;1
DEV-00487;2023-06-20;2023-06;2022-2023;CLI-0031;Professionnel;Bordeaux;Sophie Marchand;Plomberie;PR-003;Réfection réseau eau appartement;1;5972.47;Sans réponse;2023-07-05;6;1
DEV-00488;2023-06-20;2023-06;2022-2023;CLI-0016;Particulier;Bordeaux;Sophie Marchand;Électricité;EL-002;Installation borne de recharge VE;1;1481.89;Sans réponse;2023-07-27;5;1
DEV-00489;2023-06-20;2023-06;2022-2023;CLI-0289;Particulier;Bordeaux;Sophie Marchand;Plomberie;PR-001;Remplacement chauffe-eau 200 L;1;1223.96;Accepté;2023-07-22;4;1
DEV-00490;2023-06-21;2023-06;2022-2023;CLI-0320;Particulier;Bordeaux;Karim Belkacem;Dépannage;DP-001;Dépannage plomberie urgence;1;288.28;Accepté;2023-07-23;2;2
DEV-00491;2023-06-22;2023-06;2022-2023;CLI-0129;Professionnel;Toulouse;Julien Fabre;Plomberie;PR-002;Recherche de fuite + réparation;1;716.76;Accepté;2023-07-17;5;2
DEV-00492;2023-06-22;2023-06;2022-2023;CLI-0257;Professionnel;Toulouse;Julien Fabre;Salle de bain;SB-001;Rénovation salle de bain complète;1;17894.88;Accepté;2023-07-01;5;1
DEV-00493;2023-06-22;2023-06;2022-2023;CLI-0034;Particulier;Toulouse;Julien Fabre;Salle de bain;SB-001;Rénovation salle de bain complète;1;9511.81;Sans réponse;2023-07-22;1;2
DEV-00494;2023-06-23;2023-06;2022-2023;CLI-0036;Particulier;Toulouse;Julien Fabre;Salle de bain;SB-002;Remplacement baignoire par douche;1;3354.06;Sans réponse;2023-07-14;1;1
DEV-00495;2023-06-23;2023-06;2022-2023;CLI-0021;Particulier;Bordeaux;Karim Belkacem;Dépannage;DP-004;Remise en service chaudière;3;773.92;Refusé;2023-06-26;;0
DEV-00496;2023-06-23;2023-06;2022-2023;CLI-0020;Particulier;Bordeaux;Sophie Marchand;Chauffage;CH-003;Installation pompe à chaleur air/eau;1;14844.85;Accepté;2023-07-24;7;1
DEV-00497;2023-06-26;2023-06;2022-2023;CLI-0077;Particulier;Bordeaux;Karim Belkacem;Dépannage;DP-002;Débouchage canalisation;1;333.18;Sans réponse;2023-07-21;;0
DEV-00498;2023-06-26;2023-06;2022-2023;CLI-0027;Particulier;Toulouse;Julien Fabre;Salle de bain;SB-001;Rénovation salle de bain complète;1;9609.58;Sans réponse;2023-07-05;18;0
DEV-00499;2023-06-27;2023-06;2022-2023;CLI-0263;Syndic;Bordeaux;Karim Belkacem;Salle de bain;SB-003;Pose meuble vasque + robinetterie;1;2492.86;Accepté;2023-07-18;7;2
DEV-00500;2023-06-27;2023-06;2022-2023;CLI-0290;Particulier;Toulouse;Julien Fabre;Salle de bain;SB-003;Pose meuble vasque + robinetterie;1;1042.77;Accepté;2023-07-18;;0
DEV-00501;2023-06-27;2023-06;2022-2023;CLI-0205;Professionnel;Bordeaux;Karim Belkacem;Électricité;EL-004;Éclairage LED locaux professionnels;1;6034.91;Sans réponse;2023-07-16;;0
DEV-00502;2023-06-28;2023-06;2022-2023;CLI-0316;Particulier;Toulouse;Julien Fabre;Plomberie;PR-004;Remplacement colonne d'évacuation;1;5889.63;Sans réponse;2023-07-02;10;0
DEV-00503;2023-06-28;2023-06;2022-2023;CLI-0057;Syndic;Toulouse;Julien Fabre;Plomberie;PR-004;Remplacement colonne d'évacuation;2;23727.22;Sans réponse;2023-07-08;10;1
DEV-00504;2023-06-28;2023-06;2022-2023;CLI-0081;Particulier;Bordeaux;Sophie Marchand;Dépannage;DP-003;Dépannage électrique urgence;1;282.58;Accepté;2023-08-04;6;2
DEV-00505;2023-06-29;2023-06;2022-2023;CLI-0288;Particulier;Toulouse;Julien Fabre;Salle de bain;SB-002;Remplacement baignoire par douche;1;4000.3;Accepté;2023-07-19;6;1
DEV-00506;2023-06-29;2023-06;2022-2023;CLI-0200;Particulier;Bordeaux;Sophie Marchand;Électricité;EL-002;Installation borne de recharge VE;1;1511.21;Accepté;2023-07-25;;0
DEV-00507;2023-06-29;2023-06;2022-2023;CLI-0209;Particulier;Toulouse;Julien Fabre;Dépannage;DP-003;Dépannage électrique urgence;1;323.57;Accepté;2023-07-16;3;2
DEV-00508;2023-06-29;2023-06;2022-2023;CLI-0269;Particulier;Toulouse;Julien Fabre;Plomberie;PR-003;Réfection réseau eau appartement;1;3261.94;Refusé;2023-08-05;13;2
DEV-00509;2023-06-30;2023-06;2022-2023;CLI-0126;Particulier;Bordeaux;Sophie Marchand;Dépannage;DP-002;Débouchage canalisation;1;307.84;Accepté;2023-08-12;10;2
DEV-00510;2023-06-30;2023-06;2022-2023;CLI-0026;Particulier;Bordeaux;Sophie Marchand;Électricité;EL-002;Installation borne de recharge VE;1;1469.52;Accepté;2023-07-27;1;1
DEV-00511;2023-07-03;2023-07;2023-2024;CLI-0105;Particulier;Toulouse;Julien Fabre;Chauffage;CH-001;Installation chaudière gaz condensation;1;4688.69;Refusé;2023-07-06;3;1
DEV-00512;2023-07-04;2023-07;2023-2024;CLI-0203;Particulier;Toulouse;Julien Fabre;Électricité;EL-001;Mise aux normes tableau électrique;1;1511.07;Refusé;2023-08-06;14;2
DEV-00513;2023-07-04;2023-07;2023-2024;CLI-0208;Particulier;Bordeaux;Karim Belkacem;Dépannage;DP-004;Remise en service chaudière;1;204.36;Accepté;2023-07-10;3;1
DEV-00514;2023-07-05;2023-07;2023-2024;CLI-0189;Professionnel;Bordeaux;Karim Belkacem;Plomberie;PR-002;Recherche de fuite + réparation;1;728.87;Refusé;2023-07-28;10;1
DEV-00515;2023-07-05;2023-07;2023-2024;CLI-0246;Particulier;Toulouse;Julien Fabre;Électricité;EL-001;Mise aux normes tableau électrique;1;1625.68;Refusé;2023-08-01;4;1
DEV-00516;2023-07-05;2023-07;2023-2024;CLI-0247;Professionnel;Bordeaux;Sophie Marchand;Dépannage;DP-001;Dépannage plomberie urgence;1;480.5;Sans réponse;2023-07-26;3;2
DEV-00517;2023-07-06;2023-07;2023-2024;CLI-0085;Particulier;Toulouse;Julien Fabre;Plomberie;PR-001;Remplacement chauffe-eau 200 L;1;1310.22;Sans réponse;2023-07-14;15;0
DEV-00518;2023-07-06;2023-07;2023-2024;CLI-0228;Particulier;Toulouse;Julien Fabre;Plomberie;PR-002;Recherche de fuite + réparation;2;784.32;Refusé;2023-08-05;5;1
DEV-00519;2023-07-07;2023-07;2023-2024;CLI-0228;Particulier;Toulouse;Julien Fabre;Salle de bain;SB-003;Pose meuble vasque + robinetterie;1;1114.78;Refusé;2023-07-27;5;1
DEV-00520;2023-07-07;2023-07;2023-2024;CLI-0062;Particulier;Toulouse;Julien Fabre;Électricité;EL-003;Rénovation électrique complète;1;8327.22;Accepté;2023-07-28;7;1
DEV-00521;2023-07-10;2023-07;2023-2024;CLI-0128;Particulier;Bordeaux;Sophie Marchand;Chauffage;CH-005;Désembouage circuit chauffage;1;698.69;Refusé;2023-08-04;11;2
DEV-00522;2023-07-12;2023-07;2023-2024;CLI-0175;Particulier;Toulouse;Julien Fabre;Électricité;EL-001;Mise aux normes tableau électrique;1;1722.78;Accepté;2023-08-29;11;2
DEV-00523;2023-07-12;2023-07;2023-2024;CLI-0165;Particulier;Bordeaux;Sophie Marchand;Salle de bain;SB-003;Pose meuble vasque + robinetterie;1;1207.76;Accepté;2023-08-13;4;2
DEV-00524;2023-07-12;2023-07;2023-2024;CLI-0299;Professionnel;Toulouse;Julien Fabre;Électricité;EL-004;Éclairage LED locaux professionnels;3;18451.65;Sans réponse;2023-08-12;5;1
DEV-00525;2023-07-13;2023-07;2023-2024;CLI-0243;Professionnel;Bordeaux;Sophie Marchand;Plomberie;PR-002;Recherche de fuite + réparation;1;665.08;Accepté;2023-08-03;2;1
DEV-00526;2023-07-13;2023-07;2023-2024;CLI-0007;Particulier;Toulouse;Julien Fabre;Électricité;EL-001;Mise aux normes tableau électrique;1;1904.44;Sans réponse;2023-08-11;13;2
DEV-00527;2023-07-13;2023-07;2023-2024;CLI-0119;Particulier;Bordeaux;Sophie Marchand;Dépannage;DP-003;Dépannage électrique urgence;1;280.75;Sans réponse;2023-08-17;5;1
DEV-00528;2023-07-14;2023-07;2023-2024;CLI-0169;Professionnel;Bordeaux;Sophie Marchand;Dépannage;DP-003;Dépannage électrique urgence;2;959.32;Accepté;2023-08-07;5;3
DEV-00529;2023-07-14;2023-07;2023-2024;CLI-0178;Particulier;Toulouse;Julien Fabre;Chauffage;CH-004;Remplacement radiateurs (lot de 5);1;2346.3;Sans réponse;2023-08-09;4;1
DEV-00530;2023-07-17;2023-07;2023-2024;CLI-0203;Particulier;Toulouse;Julien Fabre;Salle de bain;SB-003;Pose meuble vasque + robinetterie;1;1170.4;Sans réponse;2023-07-31;;0
DEV-00531;2023-07-18;2023-07;2023-2024;CLI-0100;Particulier;Bordeaux;Karim Belkacem;Salle de bain;SB-001;Rénovation salle de bain complète;1;10377.05;Refusé;2023-07-21;8;0
DEV-00532;2023-07-19;2023-07;2023-2024;CLI-0212;Professionnel;Bordeaux;Sophie Marchand;Plomberie;PR-003;Réfection réseau eau appartement;1;4997.74;Accepté;2023-08-15;;0
DEV-00533;2023-07-19;2023-07;2023-2024;CLI-0095;Particulier;Bordeaux;Karim Belkacem;Chauffage;CH-004;Remplacement radiateurs (lot de 5);1;2377.61;Sans réponse;2023-07-30;10;1
DEV-00534;2023-07-20;2023-07;2023-2024;CLI-0191;Particulier;Bordeaux;Sophie Marchand;Dépannage;DP-003;Dépannage électrique urgence;1;323.12;Sans réponse;2023-08-09;;0
DEV-00535;2023-07-20;2023-07;2023-2024;CLI-0223;Particulier;Bordeaux;Karim Belkacem;Salle de bain;SB-001;Rénovation salle de bain complète;1;10500.01;Accepté;2023-07-31;2;1
DEV-00536;2023-07-20;2023-07;2023-2024;CLI-0222;Particulier;Bordeaux;Karim Belkacem;Plomberie;PR-002;Recherche de fuite + réparation;1;400.55;Accepté;2023-08-10;7;2
DEV-00537;2023-07-20;2023-07;2023-2024;CLI-0154;Particulier;Bordeaux;Sophie Marchand;Chauffage;CH-003;Installation pompe à chaleur air/eau;1;12695.35;Sans réponse;2023-08-14;8;2
DEV-00538;2023-07-21;2023-07;2023-2024;CLI-0111;Particulier;Bordeaux;Sophie Marchand;Salle de bain;SB-001;Rénovation salle de bain complète;1;10305.37;Refusé;2023-08-09;5;2
DEV-00539;2023-07-21;2023-07;2023-2024;CLI-0179;Professionnel;Bordeaux;Sophie Marchand;Plomberie;PR-001;Remplacement chauffe-eau 200 L;2;4478.66;Sans réponse;2023-07-25;10;0
DEV-00540;2023-07-21;2023-07;2023-2024;CLI-0139;Particulier;Bordeaux;Sophie Marchand;Plomberie;PR-003;Réfection réseau eau appartement;1;3101.94;Sans réponse;2023-08-24;9;3
DEV-00541;2023-07-24;2023-07;2023-2024;CLI-0107;Particulier;Toulouse;Julien Fabre;Salle de bain;SB-002;Remplacement baignoire par douche;1;4058.14;Sans réponse;2023-08-23;;0
DEV-00542;2023-07-24;2023-07;2023-2024;CLI-0092;Particulier;Toulouse;Julien Fabre;Salle de bain;SB-003;Pose meuble vasque + robinetterie;1;1119.8;Accepté;2023-08-23;5;3
DEV-00543;2023-07-24;2023-07;2023-2024;CLI-0102;Particulier;Toulouse;Julien Fabre;Dépannage;DP-001;Dépannage plomberie urgence;1;238.89;Refusé;2023-08-16;;0
DEV-00544;2023-07-25;2023-07;2023-2024;CLI-0176;Professionnel;Toulouse;Julien Fabre;Salle de bain;SB-002;Remplacement baignoire par douche;1;6312.86;Accepté;2023-08-08;8;1
DEV-00545;2023-07-25;2023-07;2023-2024;CLI-0280;Particulier;Bordeaux;Sophie Marchand;Plomberie;PR-003;Réfection réseau eau appartement;1;3414.06;Refusé;2023-09-12;13;4
DEV-00546;2023-07-26;2023-07;2023-2024;CLI-0118;Particulier;Toulouse;Julien Fabre;Chauffage;CH-003;Installation pompe à chaleur air/eau;1;12397.16;Accepté;2023-08-20;8;2
DEV-00547;2023-07-27;2023-07;2023-2024;CLI-0201;Particulier;Toulouse;Julien Fabre;Salle de bain;SB-003;Pose meuble vasque + robinetterie;1;1078.05;Sans réponse;2023-08-10;8;1
DEV-00548;2023-07-28;2023-07;2023-2024;CLI-0278;Particulier;Bordeaux;Sophie Marchand;Plomberie;PR-003;Réfection réseau eau appartement;3;8361.82;Sans réponse;2023-08-14;6;2
DEV-00549;2023-07-28;2023-07;2023-2024;CLI-0162;Particulier;Bordeaux;Karim Belkacem;Plomberie;PR-002;Recherche de fuite + réparation;3;1228.52;Sans réponse;2023-08-10;9;1
DEV-00550;2023-07-31;2023-07;2023-2024;CLI-0248;Particulier;Bordeaux;Sophie Marchand;Dépannage;DP-002;Débouchage canalisation;2;621.81;Accepté;2023-08-04;8;0
DEV-00551;2023-07-31;2023-07;2023-2024;CLI-0327;Professionnel;Toulouse;Julien Fabre;Plomberie;PR-001;Remplacement chauffe-eau 200 L;1;2206.57;Accepté;2023-08-13;8;1
DEV-00552;2023-08-01;2023-08;2023-2024;CLI-0186;Particulier;Bordeaux;Sophie Marchand;Électricité;EL-002;Installation borne de recharge VE;1;1696.79;Refusé;2023-08-28;7;4
DEV-00553;2023-08-01;2023-08;2023-2024;CLI-0242;Particulier;Toulouse;Julien Fabre;Plomberie;PR-002;Recherche de fuite + réparation;1;473.59;Refusé;2023-08-27;;0
DEV-00554;2023-08-01;2023-08;2023-2024;CLI-0034;Particulier;Toulouse;Julien Fabre;Électricité;EL-002;Installation borne de recharge VE;1;1364.84;Accepté;2023-08-18;5;1
DEV-00555;2023-08-03;2023-08;2023-2024;CLI-0091;Particulier;Bordeaux;Karim Belkacem;Électricité;EL-003;Rénovation électrique complète;1;9225.37;Accepté;2023-08-23;1;1
DEV-00556;2023-08-03;2023-08;2023-2024;CLI-0158;Particulier;Bordeaux;Karim Belkacem;Salle de bain;SB-003;Pose meuble vasque + robinetterie;1;1044.43;Refusé;2023-08-16;;0
DEV-00557;2023-08-03;2023-08;2023-2024;CLI-0320;Particulier;Bordeaux;Karim Belkacem;Salle de bain;SB-001;Rénovation salle de bain complète;1;8400.57;Sans réponse;2023-08-20;9;1
DEV-00558;2023-08-03;2023-08;2023-2024;CLI-0155;Particulier;Bordeaux;Sophie Marchand;Plomberie;PR-003;Réfection réseau eau appartement;1;2898.35;Refusé;2023-08-16;5;1
DEV-00559;2023-08-04;2023-08;2023-2024;CLI-0207;Particulier;Toulouse;Julien Fabre;Dépannage;DP-004;Remise en service chaudière;1;249.44;Accepté;2023-08-08;4;1
DEV-00560;2023-08-04;2023-08;2023-2024;CLI-0247;Professionnel;Bordeaux;Karim Belkacem;Électricité;EL-004;Éclairage LED locaux professionnels;1;5297.76;Refusé;2023-08-22;1;2
DEV-00561;2023-08-04;2023-08;2023-2024;CLI-0304;Professionnel;Toulouse;Julien Fabre;Plomberie;PR-002;Recherche de fuite + réparation;1;744.42;Accepté;2023-08-26;;0
DEV-00562;2023-08-07;2023-08;2023-2024;CLI-0151;Syndic;Bordeaux;Karim Belkacem;Salle de bain;SB-001;Rénovation salle de bain complète;1;18523.19;Sans réponse;2023-09-04;7;3
DEV-00563;2023-08-08;2023-08;2023-2024;CLI-0167;Particulier;Toulouse;Julien Fabre;Salle de bain;SB-003;Pose meuble vasque + robinetterie;1;1324.31;Refusé;2023-09-14;7;1
DEV-00564;2023-08-08;2023-08;2023-2024;CLI-0071;Particulier;Toulouse;Julien Fabre;Salle de bain;SB-002;Remplacement baignoire par douche;1;4074.92;Sans réponse;2023-09-06;11;1
DEV-00565;2023-08-09;2023-08;2023-2024;CLI-0223;Particulier;Bordeaux;Sophie Marchand;Chauffage;CH-003;Installation pompe à chaleur air/eau;1;12323.19;Sans réponse;2023-09-10;2;3
DEV-00566;2023-08-10;2023-08;2023-2024;CLI-0151;Syndic;Bordeaux;Sophie Marchand;Dépannage;DP-004;Remise en service chaudière;1;474.6;Sans réponse;2023-08-22;6;1
DEV-00567;2023-08-10;2023-08;2023-2024;CLI-0019;Particulier;Bordeaux;Karim Belkacem;Salle de bain;SB-001;Rénovation salle de bain complète;1;10119.64;Sans réponse;2023-08-24;;0
DEV-00568;2023-08-10;2023-08;2023-2024;CLI-0159;Syndic;Bordeaux;Karim Belkacem;Électricité;EL-003;Rénovation électrique complète;1;17516.6;Accepté;2023-09-06;1;1
DEV-00569;2023-08-11;2023-08;2023-2024;CLI-0064;Professionnel;Toulouse;Julien Fabre;Plomberie;PR-002;Recherche de fuite + réparation;1;807.4;Accepté;2023-08-23;11;1
DEV-00570;2023-08-11;2023-08;2023-2024;CLI-0023;Particulier;Toulouse;Julien Fabre;Plomberie;PR-004;Remplacement colonne d'évacuation;1;5856.37;Sans réponse;2023-08-19;;0
DEV-00571;2023-08-11;2023-08;2023-2024;CLI-0136;Particulier;Toulouse;Julien Fabre;Électricité;EL-003;Rénovation électrique complète;1;8816.7;Refusé;2023-08-19;9;0
DEV-00572;2023-08-11;2023-08;2023-2024;CLI-0129;Professionnel;Toulouse;Julien Fabre;Salle de bain;SB-001;Rénovation salle de bain complète;1;18191.16;Accepté;2023-08-15;4;1
DEV-00573;2023-08-14;2023-08;2023-2024;CLI-0248;Particulier;Bordeaux;Sophie Marchand;Dépannage;DP-002;Débouchage canalisation;1;351.01;Accepté;2023-08-31;6;2
DEV-00574;2023-08-15;2023-08;2023-2024;CLI-0183;Particulier;Bordeaux;Karim Belkacem;Chauffage;CH-003;Installation pompe à chaleur air/eau;1;13394.09;Accepté;2023-09-20;1;1
DEV-00575;2023-08-15;2023-08;2023-2024;CLI-0108;Professionnel;Toulouse;Julien Fabre;Chauffage;CH-005;Désembouage circuit chauffage;1;1056.73;Refusé;2023-09-12;5;2
DEV-00576;2023-08-15;2023-08;2023-2024;CLI-0322;Particulier;Bordeaux;Karim Belkacem;Plomberie;PR-001;Remplacement chauffe-eau 200 L;1;1368.0;Sans réponse;2023-10-02;1;2
DEV-00577;2023-08-16;2023-08;2023-2024;CLI-0303;Particulier;Bordeaux;Sophie Marchand;Salle de bain;SB-001;Rénovation salle de bain complète;1;9268.95;Sans réponse;2023-09-04;5;2
DEV-00578;2023-08-16;2023-08;2023-2024;CLI-0055;Professionnel;Bordeaux;Sophie Marchand;Dépannage;DP-002;Débouchage canalisation;1;683.83;Accepté;2023-09-17;5;3
DEV-00579;2023-08-17;2023-08;2023-2024;CLI-0201;Particulier;Toulouse;Julien Fabre;Dépannage;DP-003;Dépannage électrique urgence;1;344.16;Sans réponse;2023-08-31;9;1
DEV-00580;2023-08-17;2023-08;2023-2024;CLI-0294;Professionnel;Toulouse;Julien Fabre;Électricité;EL-001;Mise aux normes tableau électrique;1;3190.97;Sans réponse;2023-09-18;;0
DEV-00581;2023-08-17;2023-08;2023-2024;CLI-0174;Professionnel;Bordeaux;Karim Belkacem;Plomberie;PR-002;Recherche de fuite + réparation;1;796.69;Accepté;2023-08-29;1;2
DEV-00582;2023-08-18;2023-08;2023-2024;CLI-0263;Syndic;Bordeaux;Karim Belkacem;Dépannage;DP-002;Débouchage canalisation;1;769.19;Refusé;2023-08-31;1;2
DEV-00583;2023-08-21;2023-08;2023-2024;CLI-0135;Professionnel;Bordeaux;Karim Belkacem;Électricité;EL-001;Mise aux normes tableau électrique;1;2618.7;Accepté;2023-09-22;3;2
DEV-00584;2023-08-22;2023-08;2023-2024;CLI-0341;Collectivité;Toulouse;Julien Fabre;Plomberie;PR-001;Remplacement chauffe-eau 200 L;2;6542.72;Sans réponse;2023-09-08;3;2
DEV-00585;2023-08-22;2023-08;2023-2024;CLI-0040;Professionnel;Bordeaux;Sophie Marchand;Dépannage;DP-001;Dépannage plomberie urgence;1;443.01;Refusé;2023-09-28;5;2
DEV-00586;2023-08-22;2023-08;2023-2024;CLI-0075;Syndic;Toulouse;Julien Fabre;Chauffage;CH-002;Entretien annuel chaudière;1;292.98;Sans réponse;2023-09-25;6;3
DEV-00587;2023-08-23;2023-08;2023-2024;CLI-0031;Professionnel;Bordeaux;Karim Belkacem;Électricité;EL-002;Installation borne de recharge VE;1;2468.07;Accepté;2023-08-28;4;1
DEV-00588;2023-08-24;2023-08;2023-2024;CLI-0078;Collectivité;Toulouse;Julien Fabre;Plomberie;PR-001;Remplacement chauffe-eau 200 L;1;3028.79;Accepté;2023-09-14;3;1
DEV-00589;2023-08-24;2023-08;2023-2024;CLI-0137;Particulier;Bordeaux;Karim Belkacem;Salle de bain;SB-002;Remplacement baignoire par douche;2;7776.25;Accepté;2023-09-04;1;2
DEV-00590;2023-08-24;2023-08;2023-2024;CLI-0056;Particulier;Bordeaux;Karim Belkacem;Salle de bain;SB-003;Pose meuble vasque + robinetterie;1;1160.07;Accepté;2023-09-02;1;1
DEV-00591;2023-08-25;2023-08;2023-2024;CLI-0093;Professionnel;Bordeaux;Sophie Marchand;Plomberie;PR-004;Remplacement colonne d'évacuation;1;10054.19;Refusé;2023-09-22;;0
DEV-00592;2023-08-25;2023-08;2023-2024;CLI-0189;Professionnel;Bordeaux;Karim Belkacem;Électricité;EL-001;Mise aux normes tableau électrique;1;2801.52;Refusé;2023-08-31;;0
DEV-00593;2023-08-28;2023-08;2023-2024;CLI-0303;Particulier;Bordeaux;Sophie Marchand;Électricité;EL-004;Éclairage LED locaux professionnels;1;3074.66;Accepté;2023-09-02;7;0
DEV-00594;2023-08-28;2023-08;2023-2024;CLI-0242;Particulier;Toulouse;Julien Fabre;Salle de bain;SB-001;Rénovation salle de bain complète;1;8419.39;Sans réponse;2023-08-31;;0
DEV-00595;2023-08-28;2023-08;2023-2024;CLI-0210;Particulier;Toulouse;Julien Fabre;Plomberie;PR-001;Remplacement chauffe-eau 200 L;1;1177.94;Refusé;2023-09-14;9;1
DEV-00596;2023-08-28;2023-08;2023-2024;CLI-0210;Particulier;Toulouse;Julien Fabre;Électricité;EL-002;Installation borne de recharge VE;2;3388.39;Refusé;2023-09-22;8;1
DEV-00597;2023-08-29;2023-08;2023-2024;CLI-0006;Particulier;Bordeaux;Karim Belkacem;Chauffage;CH-003;Installation pompe à chaleur air/eau;1;11639.07;Refusé;2023-09-18;;0
DEV-00598;2023-08-29;2023-08;2023-2024;CLI-0184;Particulier;Toulouse;Julien Fabre;Électricité;EL-002;Installation borne de recharge VE;1;1384.93;Sans réponse;2023-10-10;8;1
DEV-00599;2023-08-29;2023-08;2023-2024;CLI-0206;Syndic;Toulouse;Julien Fabre;Électricité;EL-003;Rénovation électrique complète;1;20090.92;Accepté;2023-10-04;8;2
DEV-00600;2023-08-30;2023-08;2023-2024;CLI-0015;Particulier;Bordeaux;Karim Belkacem;Électricité;EL-002;Installation borne de recharge VE;1;1485.02;Accepté;2023-09-09;1;2
DEV-00601;2023-08-30;2023-08;2023-2024;CLI-0297;Professionnel;Bordeaux;Sophie Marchand;Dépannage;DP-002;Débouchage canalisation;1;625.29;Refusé;2023-09-24;2;1
DEV-00602;2023-08-31;2023-08;2023-2024;CLI-0298;Particulier;Toulouse;Julien Fabre;Dépannage;DP-001;Dépannage plomberie urgence;1;271.13;Accepté;2023-10-09;2;3
DEV-00603;2023-08-31;2023-08;2023-2024;CLI-0128;Particulier;Bordeaux;Sophie Marchand;Électricité;EL-003;Rénovation électrique complète;1;8843.51;Sans réponse;2023-09-25;;0
DEV-00604;2023-08-31;2023-08;2023-2024;CLI-0116;Particulier;Bordeaux;Sophie Marchand;Dépannage;DP-003;Dépannage électrique urgence;1;325.34;Accepté;2023-09-18;2;2
DEV-00605;2023-09-01;2023-09;2023-2024;CLI-0033;Syndic;Bordeaux;Sophie Marchand;Dépannage;DP-002;Débouchage canalisation;1;752.53;Accepté;2023-09-08;;0
DEV-00606;2023-09-01;2023-09;2023-2024;CLI-0073;Professionnel;Toulouse;Julien Fabre;Chauffage;CH-001;Installation chaudière gaz condensation;1;9554.01;Sans réponse;2023-09-06;;0
DEV-00607;2023-09-04;2023-09;2023-2024;CLI-0068;Particulier;Bordeaux;Karim Belkacem;Dépannage;DP-004;Remise en service chaudière;1;262.8;Accepté;2023-09-28;1;2
DEV-00608;2023-09-05;2023-09;2023-2024;CLI-0142;Particulier;Bordeaux;Sophie Marchand;Chauffage;CH-001;Installation chaudière gaz condensation;3;13086.36;Refusé;2023-09-24;9;1
DEV-00609;2023-09-05;2023-09;2023-2024;CLI-0201;Particulier;Toulouse;Julien Fabre;Plomberie;PR-003;Réfection réseau eau appartement;1;2804.77;Refusé;2023-09-13;;0
DEV-00610;2023-09-06;2023-09;2023-2024;CLI-0137;Particulier;Bordeaux;Karim Belkacem;Chauffage;CH-003;Installation pompe à chaleur air/eau;1;14190.52;Sans réponse;2023-09-27;;0
DEV-00611;2023-09-06;2023-09;2023-2024;CLI-0324;Particulier;Bordeaux;Karim Belkacem;Chauffage;CH-002;Entretien annuel chaudière;1;142.47;Accepté;2023-09-18;5;1
DEV-00612;2023-09-06;2023-09;2023-2024;CLI-0326;Particulier;Toulouse;Nadia Cherif;Chauffage;CH-004;Remplacement radiateurs (lot de 5);1;2783.3;Refusé;2023-09-21;6;1
DEV-00613;2023-09-06;2023-09;2023-2024;CLI-0254;Particulier;Toulouse;Julien Fabre;Plomberie;PR-003;Réfection réseau eau appartement;1;2910.42;Accepté;2023-10-08;;0
DEV-00614;2023-09-07;2023-09;2023-2024;CLI-0046;Syndic;Toulouse;Julien Fabre;Dépannage;DP-002;Débouchage canalisation;1;686.73;Refusé;2023-09-18;6;2
DEV-00615;2023-09-07;2023-09;2023-2024;CLI-0022;Particulier;Bordeaux;Karim Belkacem;Salle de bain;SB-001;Rénovation salle de bain complète;1;10749.92;Refusé;2023-10-08;5;3
DEV-00616;2023-09-08;2023-09;2023-2024;CLI-0200;Particulier;Bordeaux;Karim Belkacem;Dépannage;DP-002;Débouchage canalisation;1;375.81;Accepté;2023-09-25;7;1
DEV-00617;2023-09-11;2023-09;2023-2024;CLI-0002;Particulier;Bordeaux;Karim Belkacem;Chauffage;CH-004;Remplacement radiateurs (lot de 5);1;2874.78;Sans réponse;2023-10-07;4;1
DEV-00618;2023-09-11;2023-09;2023-2024;CLI-0114;Particulier;Bordeaux;Karim Belkacem;Salle de bain;SB-003;Pose meuble vasque + robinetterie;1;1204.19;Accepté;2023-10-14;4;3
DEV-00619;2023-09-12;2023-09;2023-2024;CLI-0328;Particulier;Bordeaux;Sophie Marchand;Plomberie;PR-004;Remplacement colonne d'évacuation;1;5800.24;Refusé;2023-10-13;;0
DEV-00620;2023-09-12;2023-09;2023-2024;CLI-0147;Particulier;Bordeaux;Sophie Marchand;Salle de bain;SB-003;Pose meuble vasque + robinetterie;1;1081.22;Accepté;2023-09-21;2;1
DEV-00621;2023-09-13;2023-09;2023-2024;CLI-0253;Particulier;Bordeaux;Sophie Marchand;Chauffage;CH-004;Remplacement radiateurs (lot de 5);1;2568.02;Accepté;2023-09-23;3;2
DEV-00622;2023-09-13;2023-09;2023-2024;CLI-0351;Syndic;Bordeaux;Sophie Marchand;Salle de bain;SB-003;Pose meuble vasque + robinetterie;1;2191.04;Refusé;2023-09-26;13;1
DEV-00623;2023-09-14;2023-09;2023-2024;CLI-0220;Particulier;Bordeaux;Karim Belkacem;Chauffage;CH-004;Remplacement radiateurs (lot de 5);1;2556.03;Accepté;2023-09-30;1;2
DEV-00624;2023-09-14;2023-09;2023-2024;CLI-0278;Particulier;Bordeaux;Sophie Marchand;Dépannage;DP-004;Remise en service chaudière;1;245.21;Accepté;2023-10-13;1;1
DEV-00625;2023-09-15;2023-09;2023-2024;CLI-0038;Particulier;Bordeaux;Karim Belkacem;Chauffage;CH-001;Installation chaudière gaz condensation;1;4367.95;Refusé;2023-10-21;6;1
DEV-00626;2023-09-18;2023-09;2023-2024;CLI-0158;Particulier;Bordeaux;Sophie Marchand;Salle de bain;SB-002;Remplacement baignoire par douche;1;3351.58;Refusé;2023-10-18;;0
DEV-00627;2023-09-18;2023-09;2023-2024;CLI-0002;Particulier;Bordeaux;Sophie Marchand;Chauffage;CH-002;Entretien annuel chaudière;1;153.68;Sans réponse;2023-10-11;2;2
DEV-00628;2023-09-19;2023-09;2023-2024;CLI-0136;Particulier;Toulouse;Nadia Cherif;Électricité;EL-004;Éclairage LED locaux professionnels;1;3255.63;Sans réponse;2023-10-22;8;1
DEV-00629;2023-09-19;2023-09;2023-2024;CLI-0121;Syndic;Toulouse;Nadia Cherif;Salle de bain;SB-003;Pose meuble vasque + robinetterie;3;6672.18;Accepté;2023-10-02;4;1
DEV-00630;2023-09-19;2023-09;2023-2024;CLI-0312;Professionnel;Toulouse;Julien Fabre;Plomberie;PR-001;Remplacement chauffe-eau 200 L;1;2200.16;Sans réponse;2023-10-05;6;2
DEV-00631;2023-09-19;2023-09;2023-2024;CLI-0112;Particulier;Bordeaux;Karim Belkacem;Électricité;EL-004;Éclairage LED locaux professionnels;1;2975.58;Accepté;2023-09-26;4;1
DEV-00632;2023-09-20;2023-09;2023-2024;CLI-0306;Particulier;Bordeaux;Sophie Marchand;Électricité;EL-004;Éclairage LED locaux professionnels;1;3321.37;Refusé;2023-10-06;2;1
DEV-00633;2023-09-20;2023-09;2023-2024;CLI-0314;Particulier;Bordeaux;Sophie Marchand;Salle de bain;SB-002;Remplacement baignoire par douche;1;3648.32;Refusé;2023-10-19;;0
DEV-00634;2023-09-21;2023-09;2023-2024;CLI-0133;Syndic;Bordeaux;Karim Belkacem;Dépannage;DP-003;Dépannage électrique urgence;1;592.02;Accepté;2023-10-04;6;1
DEV-00635;2023-09-21;2023-09;2023-2024;CLI-0125;Particulier;Toulouse;Nadia Cherif;Chauffage;CH-001;Installation chaudière gaz condensation;1;4631.4;Refusé;2023-09-28;3;1
DEV-00636;2023-09-22;2023-09;2023-2024;CLI-0156;Particulier;Bordeaux;Karim Belkacem;Plomberie;PR-004;Remplacement colonne d'évacuation;1;5801.57;Accepté;2023-10-25;2;1
DEV-00637;2023-09-25;2023-09;2023-2024;CLI-0113;Professionnel;Bordeaux;Karim Belkacem;Dépannage;DP-003;Dépannage électrique urgence;1;506.99;Accepté;2023-10-23;8;2
DEV-00638;2023-09-25;2023-09;2023-2024;CLI-0312;Professionnel;Toulouse;Nadia Cherif;Électricité;EL-002;Installation borne de recharge VE;1;2751.5;Refusé;2023-10-17;1;3
DEV-00639;2023-09-26;2023-09;2023-2024;CLI-0022;Particulier;Bordeaux;Karim Belkacem;Salle de bain;SB-001;Rénovation salle de bain complète;1;10983.79;Sans réponse;2023-10-18;;0
DEV-00640;2023-09-26;2023-09;2023-2024;CLI-0177;Particulier;Toulouse;Nadia Cherif;Plomberie;PR-004;Remplacement colonne d'évacuation;1;6396.3;Refusé;2023-10-19;;0
DEV-00641;2023-09-27;2023-09;2023-2024;CLI-0001;Professionnel;Bordeaux;Sophie Marchand;Dépannage;DP-001;Dépannage plomberie urgence;1;427.77;Sans réponse;2023-11-06;;0
DEV-00642;2023-09-27;2023-09;2023-2024;CLI-0062;Particulier;Toulouse;Nadia Cherif;Dépannage;DP-004;Remise en service chaudière;1;233.89;Sans réponse;2023-10-07;1;2
DEV-00643;2023-09-28;2023-09;2023-2024;CLI-0100;Particulier;Bordeaux;Karim Belkacem;Salle de bain;SB-002;Remplacement baignoire par douche;1;3651.3;Refusé;2023-10-01;5;0
DEV-00644;2023-09-28;2023-09;2023-2024;CLI-0042;Particulier;Bordeaux;Sophie Marchand;Chauffage;CH-005;Désembouage circuit chauffage;1;801.51;Accepté;2023-10-30;14;2
DEV-00645;2023-09-29;2023-09;2023-2024;CLI-0212;Professionnel;Bordeaux;Sophie Marchand;Salle de bain;SB-001;Rénovation salle de bain complète;1;17552.04;Accepté;2023-10-02;7;0
DEV-00646;2023-09-29;2023-09;2023-2024;CLI-0322;Particulier;Bordeaux;Karim Belkacem;Salle de bain;SB-002;Remplacement baignoire par douche;1;4085.92;Refusé;2023-11-15;1;1
DEV-00647;2023-10-02;2023-10;2023-2024;CLI-0090;Particulier;Bordeaux;Karim Belkacem;Chauffage;CH-002;Entretien annuel chaudière;1;160.7;Accepté;2023-10-05;9;0
DEV-00648;2023-10-02;2023-10;2023-2024;CLI-0070;Particulier;Toulouse;Nadia Cherif;Électricité;EL-001;Mise aux normes tableau électrique;2;3985.01;Accepté;2023-11-13;;0
DEV-00649;2023-10-02;2023-10;2023-2024;CLI-0131;Particulier;Toulouse;Nadia Cherif;Salle de bain;SB-001;Rénovation salle de bain complète;1;10889.18;Refusé;2023-10-09;7;1
DEV-00650;2023-10-02;2023-10;2023-2024;CLI-0063;Particulier;Bordeaux;Sophie Marchand;Électricité;EL-002;Installation borne de recharge VE;1;1669.7;Accepté;2023-11-02;11;2
DEV-00651;2023-10-03;2023-10;2023-2024;CLI-0157;Particulier;Bordeaux;Karim Belkacem;Chauffage;CH-001;Installation chaudière gaz condensation;1;5090.43;Sans réponse;2023-10-08;;0
DEV-00652;2023-10-03;2023-10;2023-2024;CLI-0125;Particulier;Toulouse;Julien Fabre;Chauffage;CH-002;Entretien annuel chaudière;2;323.15;Sans réponse;2023-11-09;9;1
DEV-00653;2023-10-05;2023-10;2023-2024;CLI-0186;Particulier;Bordeaux;Karim Belkacem;Plomberie;PR-002;Recherche de fuite + réparation;3;1223.06;Accepté;2023-10-28;4;3
DEV-00654;2023-10-05;2023-10;2023-2024;CLI-0256;Particulier;Bordeaux;Karim Belkacem;Électricité;EL-001;Mise aux normes tableau électrique;1;1983.11;Refusé;2023-11-06;16;2
DEV-00655;2023-10-05;2023-10;2023-2024;CLI-0015;Particulier;Bordeaux;Karim Belkacem;Électricité;EL-002;Installation borne de recharge VE;2;2995.03;Refusé;2023-10-22;3;2
DEV-00656;2023-10-06;2023-10;2023-2024;CLI-0329;Particulier;Bordeaux;Sophie Marchand;Chauffage;CH-004;Remplacement radiateurs (lot de 5);1;2481.46;Accepté;2023-11-14;5;3
DEV-00657;2023-10-09;2023-10;2023-2024;CLI-0286;Particulier;Bordeaux;Sophie Marchand;Dépannage;DP-002;Débouchage canalisation;1;371.59;Refusé;2023-11-17;5;1
DEV-00658;2023-10-09;2023-10;2023-2024;CLI-0328;Particulier;Bordeaux;Karim Belkacem;Chauffage;CH-004;Remplacement radiateurs (lot de 5);2;5328.83;Refusé;2023-10-17;12;0
DEV-00659;2023-10-09;2023-10;2023-2024;CLI-0183;Particulier;Bordeaux;Sophie Marchand;Salle de bain;SB-003;Pose meuble vasque + robinetterie;1;1088.33;Refusé;2023-10-22;1;3
DEV-00660;2023-10-09;2023-10;2023-2024;CLI-0342;Particulier;Toulouse;Julien Fabre;Chauffage;CH-005;Désembouage circuit chauffage;1;701.99;Refusé;2023-10-25;8;1
DEV-00661;2023-10-10;2023-10;2023-2024;CLI-0193;Particulier;Bordeaux;Karim Belkacem;Électricité;EL-004;Éclairage LED locaux professionnels;1;3065.64;Refusé;2023-11-25;10;4
DEV-00662;2023-10-10;2023-10;2023-2024;CLI-0100;Particulier;Bordeaux;Karim Belkacem;Chauffage;CH-002;Entretien annuel chaudière;1;156.25;Refusé;2023-11-05;2;2
DEV-00663;2023-10-11;2023-10;2023-2024;CLI-0078;Collectivité;Toulouse;Julien Fabre;Plomberie;PR-001;Remplacement chauffe-eau 200 L;1;2644.54;Sans réponse;2023-11-07;9;2
DEV-00664;2023-10-11;2023-10;2023-2024;CLI-0065;Particulier;Bordeaux;Karim Belkacem;Dépannage;DP-003;Dépannage électrique urgence;1;335.45;Accepté;2023-11-08;;0
DEV-00665;2023-10-11;2023-10;2023-2024;CLI-0098;Particulier;Bordeaux;Karim Belkacem;Dépannage;DP-002;Débouchage canalisation;1;377.9;Accepté;2023-10-22;2;2
DEV-00666;2023-10-11;2023-10;2023-2024;CLI-0230;Professionnel;Bordeaux;Sophie Marchand;Électricité;EL-002;Installation borne de recharge VE;1;2862.0;Accepté;2023-11-11;5;1
DEV-00667;2023-10-12;2023-10;2023-2024;CLI-0207;Particulier;Toulouse;Julien Fabre;Électricité;EL-002;Installation borne de recharge VE;1;1584.18;Accepté;2023-10-25;3;1
DEV-00668;2023-10-13;2023-10;2023-2024;CLI-0102;Particulier;Toulouse;Nadia Cherif;Chauffage;CH-002;Entretien annuel chaudière;2;335.82;Accepté;2023-10-28;5;1
DEV-00669;2023-10-13;2023-10;2023-2024;CLI-0243;Professionnel;Bordeaux;Sophie Marchand;Plomberie;PR-003;Réfection réseau eau appartement;1;5212.27;Accepté;2023-11-13;1;1
DEV-00670;2023-10-13;2023-10;2023-2024;CLI-0181;Professionnel;Toulouse;Julien Fabre;Plomberie;PR-003;Réfection réseau eau appartement;1;5557.99;Accepté;2023-11-02;9;1
DEV-00671;2023-10-16;2023-10;2023-2024;CLI-0108;Professionnel;Toulouse;Nadia Cherif;Dépannage;DP-003;Dépannage électrique urgence;1;526.39;Refusé;2023-10-22;11;0
DEV-00672;2023-10-16;2023-10;2023-2024;CLI-0281;Particulier;Bordeaux;Sophie Marchand;Salle de bain;SB-001;Rénovation salle de bain complète;1;8970.1;Refusé;2023-11-03;2;2
DEV-00673;2023-10-18;2023-10;2023-2024;CLI-0183;Particulier;Bordeaux;Karim Belkacem;Chauffage;CH-005;Désembouage circuit chauffage;1;785.97;Sans réponse;2023-11-03;1;2
DEV-00674;2023-10-18;2023-10;2023-2024;CLI-0205;Professionnel;Bordeaux;Karim Belkacem;Chauffage;CH-001;Installation chaudière gaz condensation;1;8409.16;Sans réponse;2023-11-01;;0
DEV-00675;2023-10-19;2023-10;2023-2024;CLI-0195;Particulier;Bordeaux;Karim Belkacem;Chauffage;CH-002;Entretien annuel chaudière;2;330.48;Sans réponse;2023-11-04;2;2
DEV-00676;2023-10-19;2023-10;2023-2024;CLI-0272;Professionnel;Toulouse;Julien Fabre;Dépannage;DP-004;Remise en service chaudière;1;371.95;Accepté;2023-11-17;15;2
DEV-00677;2023-10-20;2023-10;2023-2024;CLI-0342;Particulier;Toulouse;Julien Fabre;Dépannage;DP-002;Débouchage canalisation;1;413.78;Accepté;2023-11-25;3;2
DEV-00678;2023-10-20;2023-10;2023-2024;CLI-0197;Particulier;Bordeaux;Sophie Marchand;Salle de bain;SB-001;Rénovation salle de bain complète;1;9332.25;Refusé;2023-11-15;7;3
DEV-00679;2023-10-20;2023-10;2023-2024;CLI-0079;Particulier;Bordeaux;Karim Belkacem;Salle de bain;SB-003;Pose meuble vasque + robinetterie;1;1288.4;Accepté;2023-11-15;8;1
DEV-00680;2023-10-20;2023-10;2023-2024;CLI-0016;Particulier;Bordeaux;Karim Belkacem;Salle de bain;SB-001;Rénovation salle de bain complète;1;10884.23;Sans réponse;2023-11-03;11;1
DEV-00681;2023-10-23;2023-10;2023-2024;CLI-0274;Particulier;Bordeaux;Karim Belkacem;Plomberie;PR-004;Remplacement colonne d'évacuation;1;5563.15;Accepté;2023-11-07;;0
DEV-00682;2023-10-23;2023-10;2023-2024;CLI-0261;Particulier;Toulouse;Nadia Cherif;Salle de bain;SB-002;Remplacement baignoire par douche;1;4082.21;Accepté;2023-10-27;4;1
DEV-00683;2023-10-23;2023-10;2023-2024;CLI-0364;Particulier;Bordeaux;Karim Belkacem;Salle de bain;SB-003;Pose meuble vasque + robinetterie;1;1344.69;Accepté;2023-11-11;;0
DEV-00684;2023-10-24;2023-10;2023-2024;CLI-0353;Particulier;Toulouse;Julien Fabre;Chauffage;CH-004;Remplacement radiateurs (lot de 5);1;2469.1;Refusé;2023-11-19;4;2
DEV-00685;2023-10-24;2023-10;2023-2024;CLI-0273;Particulier;Bordeaux;Karim Belkacem;Chauffage;CH-002;Entretien annuel chaudière;1;165.95;Accepté;2023-11-04;1;2
DEV-00686;2023-10-25;2023-10;2023-2024;CLI-0305;Particulier;Toulouse;Julien Fabre;Dépannage;DP-002;Débouchage canalisation;1;336.78;Refusé;2023-11-03;4;1
DEV-00687;2023-10-25;2023-10;2023-2024;CLI-0120;Particulier;Toulouse;Julien Fabre;Dépannage;DP-001;Dépannage plomberie urgence;1;243.82;Accepté;2023-11-20;3;1
DEV-00688;2023-10-26;2023-10;2023-2024;CLI-0139;Particulier;Bordeaux;Karim Belkacem;Dépannage;DP-001;Dépannage plomberie urgence;1;273.83;Accepté;2023-11-14;7;2
DEV-00689;2023-10-26;2023-10;2023-2024;CLI-0297;Professionnel;Bordeaux;Sophie Marchand;Salle de bain;SB-002;Remplacement baignoire par douche;1;5352.04;Sans réponse;2023-11-17;10;1
DEV-00690;2023-10-26;2023-10;2023-2024;CLI-0243;Professionnel;Bordeaux;Sophie Marchand;Électricité;EL-003;Rénovation électrique complète;1;13834.87;Sans réponse;2023-12-02;8;2
DEV-00691;2023-10-27;2023-10;2023-2024;CLI-0349;Particulier;Toulouse;Julien Fabre;Dépannage;DP-004;Remise en service chaudière;1;256.42;Accepté;2023-12-10;3;2
DEV-00692;2023-10-30;2023-10;2023-2024;CLI-0287;Particulier;Toulouse;Nadia Cherif;Dépannage;DP-002;Débouchage canalisation;1;388.93;Accepté;2023-11-10;1;1
DEV-00693;2023-10-30;2023-10;2023-2024;CLI-0018;Particulier;Bordeaux;Karim Belkacem;Chauffage;CH-004;Remplacement radiateurs (lot de 5);1;2491.43;Refusé;2023-12-09;4;1
DEV-00694;2023-10-30;2023-10;2023-2024;CLI-0016;Particulier;Bordeaux;Karim Belkacem;Salle de bain;SB-002;Remplacement baignoire par douche;1;3429.32;Accepté;2023-11-20;1;2
DEV-00695;2023-10-31;2023-10;2023-2024;CLI-0331;Particulier;Bordeaux;Karim Belkacem;Dépannage;DP-001;Dépannage plomberie urgence;1;301.25;Accepté;2023-12-01;1;4
DEV-00696;2023-10-31;2023-10;2023-2024;CLI-0011;Particulier;Bordeaux;Sophie Marchand;Chauffage;CH-001;Installation chaudière gaz condensation;1;4435.72;Accepté;2023-11-22;11;2
DEV-00697;2023-11-01;2023-11;2023-2024;CLI-0023;Particulier;Toulouse;Nadia Cherif;Salle de bain;SB-002;Remplacement baignoire par douche;1;4090.04;Accepté;2023-11-23;11;1
DEV-00698;2023-11-01;2023-11;2023-2024;CLI-0042;Particulier;Bordeaux;Sophie Marchand;Dépannage;DP-001;Dépannage plomberie urgence;1;281.4;Accepté;2023-11-26;4;2
DEV-00699;2023-11-01;2023-11;2023-2024;CLI-0255;Particulier;Bordeaux;Sophie Marchand;Chauffage;CH-005;Désembouage circuit chauffage;1;723.39;Accepté;2023-11-25;5;1
DEV-00700;2023-11-01;2023-11;2023-2024;CLI-0214;Particulier;Toulouse;Nadia Cherif;Salle de bain;SB-001;Rénovation salle de bain complète;1;10864.16;Refusé;2023-11-14;;0
DEV-00701;2023-11-02;2023-11;2023-2024;CLI-0309;Particulier;Bordeaux;Sophie Marchand;Salle de bain;SB-003;Pose meuble vasque + robinetterie;1;1177.9;Refusé;2023-11-07;;0
DEV-00702;2023-11-02;2023-11;2023-2024;CLI-0153;Particulier;Bordeaux;Sophie Marchand;Dépannage;DP-004;Remise en service chaudière;1;229.09;Sans réponse;2023-12-02;6;3
DEV-00703;2023-11-03;2023-11;2023-2024;CLI-0083;Collectivité;Toulouse;Nadia Cherif;Salle de bain;SB-003;Pose meuble vasque + robinetterie;1;2903.75;Refusé;2023-11-11;;0
DEV-00704;2023-11-06;2023-11;2023-2024;CLI-0071;Particulier;Toulouse;Julien Fabre;Chauffage;CH-001;Installation chaudière gaz condensation;1;5220.54;Accepté;2023-11-24;1;2
DEV-00705;2023-11-06;2023-11;2023-2024;CLI-0368;Collectivité;Toulouse;Julien Fabre;Salle de bain;SB-002;Remplacement baignoire par douche;1;8319.18;Accepté;2023-11-11;14;0
DEV-00706;2023-11-06;2023-11;2023-2024;CLI-0138;Particulier;Toulouse;Nadia Cherif;Dépannage;DP-001;Dépannage plomberie urgence;1;294.29;Accepté;2023-11-20;2;2
DEV-00707;2023-11-07;2023-11;2023-2024;CLI-0095;Particulier;Bordeaux;Karim Belkacem;Salle de bain;SB-002;Remplacement baignoire par douche;1;3335.03;Sans réponse;2023-12-02;;0
DEV-00708;2023-11-07;2023-11;2023-2024;CLI-0201;Particulier;Toulouse;Julien Fabre;Plomberie;PR-004;Remplacement colonne d'évacuation;1;6226.95;Sans réponse;2023-12-03;4;2
DEV-00709;2023-11-07;2023-11;2023-2024;CLI-0002;Particulier;Bordeaux;Karim Belkacem;Plomberie;PR-001;Remplacement chauffe-eau 200 L;1;1190.87;Accepté;2023-11-23;3;1
DEV-00710;2023-11-08;2023-11;2023-2024;CLI-0199;Particulier;Toulouse;Julien Fabre;Dépannage;DP-004;Remise en service chaudière;1;243.4;Sans réponse;2023-11-17;13;0
DEV-00711;2023-11-08;2023-11;2023-2024;CLI-0069;Professionnel;Toulouse;Nadia Cherif;Électricité;EL-001;Mise aux normes tableau électrique;1;3376.78;Accepté;2023-12-28;5;2
DEV-00712;2023-11-08;2023-11;2023-2024;CLI-0223;Particulier;Bordeaux;Sophie Marchand;Électricité;EL-001;Mise aux normes tableau électrique;1;1790.22;Accepté;2023-11-24;6;2
DEV-00713;2023-11-09;2023-11;2023-2024;CLI-0128;Particulier;Bordeaux;Karim Belkacem;Plomberie;PR-003;Réfection réseau eau appartement;1;3262.55;Refusé;2023-12-06;1;2
DEV-00714;2023-11-09;2023-11;2023-2024;CLI-0171;Syndic;Toulouse;Nadia Cherif;Électricité;EL-002;Installation borne de recharge VE;1;2836.35;Refusé;2023-11-17;9;0
DEV-00715;2023-11-10;2023-11;2023-2024;CLI-0149;Particulier;Toulouse;Nadia Cherif;Chauffage;CH-004;Remplacement radiateurs (lot de 5);1;2667.66;Accepté;2023-12-10;7;1
DEV-00716;2023-11-10;2023-11;2023-2024;CLI-0087;Particulier;Toulouse;Nadia Cherif;Chauffage;CH-003;Installation pompe à chaleur air/eau;1;14014.1;Accepté;2023-12-20;8;2
DEV-00717;2023-11-13;2023-11;2023-2024;CLI-0116;Particulier;Bordeaux;Karim Belkacem;Dépannage;DP-001;Dépannage plomberie urgence;1;242.95;Accepté;2023-12-09;4;3
DEV-00718;2023-11-13;2023-11;2023-2024;CLI-0176;Professionnel;Toulouse;Nadia Cherif;Électricité;EL-004;Éclairage LED locaux professionnels;1;6625.34;Sans réponse;2023-11-20;2;1
DEV-00719;2023-11-13;2023-11;2023-2024;CLI-0093;Professionnel;Bordeaux;Karim Belkacem;Salle de bain;SB-003;Pose meuble vasque + robinetterie;1;2379.57;Refusé;2023-11-23;;0
DEV-00720;2023-11-14;2023-11;2023-2024;CLI-0183;Particulier;Bordeaux;Karim Belkacem;Chauffage;CH-001;Installation chaudière gaz condensation;1;4911.68;Accepté;2023-12-07;1;2
DEV-00721;2023-11-14;2023-11;2023-2024;CLI-0008;Particulier;Toulouse;Julien Fabre;Dépannage;DP-001;Dépannage plomberie urgence;1;301.25;Accepté;2023-12-04;6;3
DEV-00722;2023-11-14;2023-11;2023-2024;CLI-0230;Professionnel;Bordeaux;Sophie Marchand;Salle de bain;SB-002;Remplacement baignoire par douche;1;6631.03;Accepté;2023-12-07;;0
DEV-00723;2023-11-15;2023-11;2023-2024;CLI-0016;Particulier;Bordeaux;Sophie Marchand;Salle de bain;SB-002;Remplacement baignoire par douche;1;3348.18;Sans réponse;2023-12-04;5;2
DEV-00724;2023-11-16;2023-11;2023-2024;CLI-0270;Particulier;Bordeaux;Karim Belkacem;Salle de bain;SB-002;Remplacement baignoire par douche;1;4115.24;Refusé;2023-12-13;9;2
DEV-00725;2023-11-17;2023-11;2023-2024;CLI-0305;Particulier;Toulouse;Nadia Cherif;Chauffage;CH-001;Installation chaudière gaz condensation;1;5458.96;Refusé;2023-12-12;;0
DEV-00726;2023-11-17;2023-11;2023-2024;CLI-0320;Particulier;Bordeaux;Karim Belkacem;Plomberie;PR-003;Réfection réseau eau appartement;1;3368.27;Accepté;2023-12-12;9;3
DEV-00727;2023-11-17;2023-11;2023-2024;CLI-0130;Particulier;Toulouse;Julien Fabre;Salle de bain;SB-001;Rénovation salle de bain complète;1;9416.14;Sans réponse;2023-11-24;8;0
DEV-00728;2023-11-20;2023-11;2023-2024;CLI-0245;Professionnel;Toulouse;Julien Fabre;Dépannage;DP-002;Débouchage canalisation;1;610.14;Accepté;2023-12-16;2;3
DEV-00729;2023-11-21;2023-11;2023-2024;CLI-0269;Particulier;Toulouse;Nadia Cherif;Électricité;EL-001;Mise aux normes tableau électrique;1;1665.24;Sans réponse;2024-01-03;7;2
DEV-00730;2023-11-21;2023-11;2023-2024;CLI-0066;Professionnel;Toulouse;Julien Fabre;Électricité;EL-001;Mise aux normes tableau électrique;1;2692.32;Refusé;2023-11-30;;0
DEV-00731;2023-11-21;2023-11;2023-2024;CLI-0107;Particulier;Toulouse;Julien Fabre;Dépannage;DP-004;Remise en service chaudière;1;216.82;Sans réponse;2023-12-25;;0
DEV-00732;2023-11-22;2023-11;2023-2024;CLI-0181;Professionnel;Toulouse;Nadia Cherif;Chauffage;CH-001;Installation chaudière gaz condensation;1;9325.4;Accepté;2023-12-07;5;1
DEV-00733;2023-11-22;2023-11;2023-2024;CLI-0154;Particulier;Bordeaux;Karim Belkacem;Salle de bain;SB-002;Remplacement baignoire par douche;2;7554.05;Refusé;2023-12-02;4;1
DEV-00734;2023-11-22;2023-11;2023-2024;CLI-0329;Particulier;Bordeaux;Karim Belkacem;Chauffage;CH-005;Désembouage circuit chauffage;1;683.07;Accepté;2023-11-29;16;0
DEV-00735;2023-11-23;2023-11;2023-2024;CLI-0259;Professionnel;Bordeaux;Sophie Marchand;Dépannage;DP-001;Dépannage plomberie urgence;1;529.99;Refusé;2024-01-01;8;1
DEV-00736;2023-11-23;2023-11;2023-2024;CLI-0089;Particulier;Bordeaux;Sophie Marchand;Électricité;EL-001;Mise aux normes tableau électrique;1;1992.1;Accepté;2023-12-05;4;1
DEV-00737;2023-11-24;2023-11;2023-2024;CLI-0037;Particulier;Toulouse;Julien Fabre;Dépannage;DP-003;Dépannage électrique urgence;1;318.31;Accepté;2024-01-06;6;3
DEV-00738;2023-11-24;2023-11;2023-2024;CLI-0323;Particulier;Bordeaux;Sophie Marchand;Plomberie;PR-003;Réfection réseau eau appartement;1;2915.37;Refusé;2023-11-30;;0
DEV-00739;2023-11-24;2023-11;2023-2024;CLI-0038;Particulier;Bordeaux;Sophie Marchand;Chauffage;CH-002;Entretien annuel chaudière;1;168.83;Refusé;2023-12-17;4;1
DEV-00740;2023-11-27;2023-11;2023-2024;CLI-0375;Particulier;Bordeaux;Karim Belkacem;Chauffage;CH-004;Remplacement radiateurs (lot de 5);1;2609.77;Refusé;2023-12-28;6;1
DEV-00741;2023-11-27;2023-11;2023-2024;CLI-0251;Particulier;Bordeaux;Sophie Marchand;Chauffage;CH-003;Installation pompe à chaleur air/eau;1;14243.18;Accepté;2023-12-26;2;4
DEV-00742;2023-11-28;2023-11;2023-2024;CLI-0045;Syndic;Bordeaux;Sophie Marchand;Salle de bain;SB-002;Remplacement baignoire par douche;1;7045.78;Sans réponse;2023-12-23;3;3
DEV-00743;2023-11-28;2023-11;2023-2024;CLI-0210;Particulier;Toulouse;Julien Fabre;Plomberie;PR-003;Réfection réseau eau appartement;1;3598.75;Accepté;2023-12-11;4;2
DEV-00744;2023-11-29;2023-11;2023-2024;CLI-0284;Professionnel;Toulouse;Nadia Cherif;Salle de bain;SB-002;Remplacement baignoire par douche;1;5784.03;Refusé;2023-12-15;7;2
DEV-00745;2023-11-30;2023-11;2023-2024;CLI-0317;Particulier;Bordeaux;Sophie Marchand;Chauffage;CH-004;Remplacement radiateurs (lot de 5);1;2879.32;Refusé;2023-12-23;14;1
DEV-00746;2023-11-30;2023-11;2023-2024;CLI-0190;Particulier;Toulouse;Nadia Cherif;Chauffage;CH-005;Désembouage circuit chauffage;1;710.52;Accepté;2023-12-17;8;1
DEV-00747;2023-12-01;2023-12;2023-2024;CLI-0124;Particulier;Toulouse;Nadia Cherif;Plomberie;PR-004;Remplacement colonne d'évacuation;2;11559.67;Accepté;2023-12-25;7;1
DEV-00748;2023-12-01;2023-12;2023-2024;CLI-0342;Particulier;Toulouse;Julien Fabre;Salle de bain;SB-001;Rénovation salle de bain complète;1;9528.57;Refusé;2023-12-07;10;0
DEV-00749;2023-12-01;2023-12;2023-2024;CLI-0067;Professionnel;Bordeaux;Sophie Marchand;Électricité;EL-003;Rénovation électrique complète;1;15592.02;Sans réponse;2023-12-22;6;2
DEV-00750;2023-12-04;2023-12;2023-2024;CLI-0025;Syndic;Bordeaux;Sophie Marchand;Chauffage;CH-005;Désembouage circuit chauffage;1;1525.05;Accepté;2023-12-27;9;1
DEV-00751;2023-12-05;2023-12;2023-2024;CLI-0218;Syndic;Bordeaux;Karim Belkacem;Chauffage;CH-003;Installation pompe à chaleur air/eau;1;32561.58;Refusé;2024-01-05;1;3
DEV-00752;2023-12-05;2023-12;2023-2024;CLI-0293;Professionnel;Toulouse;Nadia Cherif;Salle de bain;SB-003;Pose meuble vasque + robinetterie;1;2187.99;Refusé;2023-12-27;;0
DEV-00753;2023-12-05;2023-12;2023-2024;CLI-0386;Collectivité;Bordeaux;Karim Belkacem;Dépannage;DP-001;Dépannage plomberie urgence;3;1997.4;Accepté;2023-12-20;4;2
DEV-00754;2023-12-05;2023-12;2023-2024;CLI-0386;Collectivité;Bordeaux;Karim Belkacem;Électricité;EL-003;Rénovation électrique complète;1;23875.73;Refusé;2023-12-20;3;2
DEV-00755;2023-12-06;2023-12;2023-2024;CLI-0156;Particulier;Bordeaux;Sophie Marchand;Chauffage;CH-001;Installation chaudière gaz condensation;1;5642.53;Sans réponse;2023-12-14;11;0
DEV-00756;2023-12-06;2023-12;2023-2024;CLI-0044;Syndic;Bordeaux;Karim Belkacem;Dépannage;DP-004;Remise en service chaudière;1;494.69;Accepté;2023-12-15;15;0
DEV-00757;2023-12-06;2023-12;2023-2024;CLI-0244;Professionnel;Bordeaux;Sophie Marchand;Chauffage;CH-004;Remplacement radiateurs (lot de 5);1;3796.6;Accepté;2024-01-07;2;1
DEV-00758;2023-12-06;2023-12;2023-2024;CLI-0230;Professionnel;Bordeaux;Sophie Marchand;Électricité;EL-001;Mise aux normes tableau électrique;1;3278.4;Accepté;2023-12-26;10;2
DEV-00759;2023-12-07;2023-12;2023-2024;CLI-0204;Particulier;Toulouse;Nadia Cherif;Plomberie;PR-003;Réfection réseau eau appartement;1;3531.56;Refusé;2024-01-08;13;2
DEV-00760;2023-12-07;2023-12;2023-2024;CLI-0288;Particulier;Toulouse;Nadia Cherif;Chauffage;CH-003;Installation pompe à chaleur air/eau;1;11824.34;Refusé;2024-01-07;12;1
DEV-00761;2023-12-07;2023-12;2023-2024;CLI-0254;Particulier;Toulouse;Nadia Cherif;Plomberie;PR-002;Recherche de fuite + réparation;1;385.46;Accepté;2024-01-02;4;3
DEV-00762;2023-12-08;2023-12;2023-2024;CLI-0320;Particulier;Bordeaux;Sophie Marchand;Plomberie;PR-001;Remplacement chauffe-eau 200 L;1;1375.58;Accepté;2024-01-12;9;2
DEV-00763;2023-12-08;2023-12;2023-2024;CLI-0182;Professionnel;Bordeaux;Sophie Marchand;Électricité;EL-004;Éclairage LED locaux professionnels;1;5121.94;Refusé;2024-01-04;13;1
DEV-00764;2023-12-11;2023-12;2023-2024;CLI-0254;Particulier;Toulouse;Nadia Cherif;Chauffage;CH-003;Installation pompe à chaleur air/eau;1;13461.35;Sans réponse;2023-12-16;6;0
DEV-00765;2023-12-11;2023-12;2023-2024;CLI-0288;Particulier;Toulouse;Julien Fabre;Plomberie;PR-002;Recherche de fuite + réparation;1;496.21;Sans réponse;2023-12-26;;0
DEV-00766;2023-12-12;2023-12;2023-2024;CLI-0045;Syndic;Bordeaux;Karim Belkacem;Dépannage;DP-001;Dépannage plomberie urgence;1;585.68;Sans réponse;2023-12-25;7;1
DEV-00767;2023-12-12;2023-12;2023-2024;CLI-0176;Professionnel;Toulouse;Julien Fabre;Chauffage;CH-001;Installation chaudière gaz condensation;1;7915.51;Sans réponse;2024-01-12;2;1
DEV-00768;2023-12-13;2023-12;2023-2024;CLI-0028;Particulier;Toulouse;Nadia Cherif;Salle de bain;SB-002;Remplacement baignoire par douche;1;4202.91;Sans réponse;2024-01-21;13;1
DEV-00769;2023-12-13;2023-12;2023-2024;CLI-0175;Particulier;Toulouse;Nadia Cherif;Plomberie;PR-001;Remplacement chauffe-eau 200 L;1;1247.54;Sans réponse;2024-01-11;;0
DEV-00770;2023-12-14;2023-12;2023-2024;CLI-0294;Professionnel;Toulouse;Nadia Cherif;Plomberie;PR-001;Remplacement chauffe-eau 200 L;1;2438.32;Accepté;2023-12-24;1;1
DEV-00771;2023-12-14;2023-12;2023-2024;CLI-0351;Syndic;Bordeaux;Karim Belkacem;Salle de bain;SB-001;Rénovation salle de bain complète;1;20075.18;Refusé;2023-12-30;5;1
DEV-00772;2023-12-14;2023-12;2023-2024;CLI-0091;Particulier;Bordeaux;Sophie Marchand;Chauffage;CH-005;Désembouage circuit chauffage;1;690.93;Sans réponse;2024-01-02;;0
DEV-00773;2023-12-14;2023-12;2023-2024;CLI-0363;Particulier;Bordeaux;Sophie Marchand;Chauffage;CH-004;Remplacement radiateurs (lot de 5);2;4698.05;Refusé;2023-12-25;10;1
DEV-00774;2023-12-15;2023-12;2023-2024;CLI-0167;Particulier;Toulouse;Nadia Cherif;Chauffage;CH-002;Entretien annuel chaudière;1;158.95;Accepté;2024-01-12;5;3
DEV-00775;2023-12-15;2023-12;2023-2024;CLI-0170;Particulier;Toulouse;Julien Fabre;Salle de bain;SB-001;Rénovation salle de bain complète;1;8721.41;Refusé;2024-01-08;8;3
DEV-00776;2023-12-15;2023-12;2023-2024;CLI-0035;Particulier;Bordeaux;Sophie Marchand;Salle de bain;SB-003;Pose meuble vasque + robinetterie;2;2789.36;Accepté;2024-01-14;8;2
DEV-00777;2023-12-15;2023-12;2023-2024;CLI-0170;Particulier;Toulouse;Nadia Cherif;Salle de bain;SB-003;Pose meuble vasque + robinetterie;1;1113.65;Sans réponse;2024-01-17;;0
DEV-00778;2023-12-18;2023-12;2023-2024;CLI-0345;Particulier;Bordeaux;Sophie Marchand;Chauffage;CH-005;Désembouage circuit chauffage;1;675.48;Accepté;2024-01-05;11;1
DEV-00779;2023-12-18;2023-12;2023-2024;CLI-0296;Professionnel;Bordeaux;Sophie Marchand;Salle de bain;SB-002;Remplacement baignoire par douche;1;5487.17;Accepté;2024-01-03;6;2
DEV-00780;2023-12-18;2023-12;2023-2024;CLI-0091;Particulier;Bordeaux;Karim Belkacem;Dépannage;DP-003;Dépannage électrique urgence;1;284.5;Accepté;2024-01-27;1;3
DEV-00781;2023-12-19;2023-12;2023-2024;CLI-0264;Particulier;Toulouse;Nadia Cherif;Chauffage;CH-005;Désembouage circuit chauffage;1;718.22;Sans réponse;2024-01-18;7;4
DEV-00782;2023-12-19;2023-12;2023-2024;CLI-0156;Particulier;Bordeaux;Karim Belkacem;Chauffage;CH-005;Désembouage circuit chauffage;1;797.79;Sans réponse;2023-12-27;5;1
DEV-00783;2023-12-19;2023-12;2023-2024;CLI-0081;Particulier;Bordeaux;Karim Belkacem;Chauffage;CH-004;Remplacement radiateurs (lot de 5);1;2722.33;Accepté;2024-01-12;;0
DEV-00784;2023-12-20;2023-12;2023-2024;CLI-0134;Particulier;Toulouse;Julien Fabre;Chauffage;CH-002;Entretien annuel chaudière;1;144.75;Sans réponse;2024-01-11;;0
DEV-00785;2023-12-20;2023-12;2023-2024;CLI-0109;Professionnel;Toulouse;Julien Fabre;Électricité;EL-001;Mise aux normes tableau électrique;3;9014.58;Accepté;2024-01-09;7;2
DEV-00786;2023-12-20;2023-12;2023-2024;CLI-0100;Particulier;Bordeaux;Sophie Marchand;Plomberie;PR-002;Recherche de fuite + réparation;1;407.26;Sans réponse;2024-01-20;12;2
DEV-00787;2023-12-20;2023-12;2023-2024;CLI-0316;Particulier;Toulouse;Nadia Cherif;Salle de bain;SB-001;Rénovation salle de bain complète;1;10246.42;Sans réponse;2024-01-05;7;1
DEV-00788;2023-12-20;2023-12;2023-2024;CLI-0211;Particulier;Bordeaux;Sophie Marchand;Chauffage;CH-002;Entretien annuel chaudière;1;161.22;Sans réponse;2024-01-08;6;1
DEV-00789;2023-12-22;2023-12;2023-2024;CLI-0276;Professionnel;Bordeaux;Karim Belkacem;Électricité;EL-001;Mise aux normes tableau électrique;1;2638.67;Sans réponse;2024-01-30;1;2
DEV-00790;2023-12-25;2023-12;2023-2024;CLI-0157;Particulier;Bordeaux;Karim Belkacem;Dépannage;DP-001;Dépannage plomberie urgence;1;282.54;Sans réponse;2024-01-06;;0
DEV-00791;2023-12-25;2023-12;2023-2024;CLI-0035;Particulier;Bordeaux;Sophie Marchand;Chauffage;CH-002;Entretien annuel chaudière;2;312.04;Accepté;2024-01-22;4;3
DEV-00792;2023-12-26;2023-12;2023-2024;CLI-0264;Particulier;Toulouse;Julien Fabre;Dépannage;DP-004;Remise en service chaudière;2;455.63;Refusé;2024-01-25;7;1
DEV-00793;2023-12-26;2023-12;2023-2024;CLI-0271;Particulier;Bordeaux;Sophie Marchand;Chauffage;CH-004;Remplacement radiateurs (lot de 5);1;2445.03;Sans réponse;2024-01-01;4;1
DEV-00794;2023-12-27;2023-12;2023-2024;CLI-0275;Professionnel;Bordeaux;Sophie Marchand;Dépannage;DP-003;Dépannage électrique urgence;1;463.81;Accepté;2024-01-26;;0
DEV-00795;2023-12-27;2023-12;2023-2024;CLI-0190;Particulier;Toulouse;Nadia Cherif;Chauffage;CH-003;Installation pompe à chaleur air/eau;1;15003.11;Accepté;2024-01-08;1;1
DEV-00796;2023-12-27;2023-12;2023-2024;CLI-0238;Particulier;Bordeaux;Sophie Marchand;Électricité;EL-003;Rénovation électrique complète;1;10681.36;Sans réponse;2024-01-18;6;2
DEV-00797;2023-12-28;2023-12;2023-2024;CLI-0318;Particulier;Toulouse;Julien Fabre;Salle de bain;SB-001;Rénovation salle de bain complète;1;10097.76;Accepté;2024-01-13;15;1
DEV-00798;2023-12-28;2023-12;2023-2024;CLI-0160;Particulier;Bordeaux;Sophie Marchand;Dépannage;DP-001;Dépannage plomberie urgence;1;300.57;Sans réponse;2024-01-10;10;1
DEV-00799;2023-12-29;2023-12;2023-2024;CLI-0322;Particulier;Bordeaux;Sophie Marchand;Dépannage;DP-001;Dépannage plomberie urgence;1;279.84;Refusé;2024-01-05;12;0
DEV-00800;2023-12-29;2023-12;2023-2024;CLI-0219;Particulier;Toulouse;Nadia Cherif;Dépannage;DP-003;Dépannage électrique urgence;1;349.23;Accepté;2024-01-24;1;1
DEV-00801;2024-01-01;2024-01;2023-2024;CLI-0184;Particulier;Toulouse;Nadia Cherif;Salle de bain;SB-002;Remplacement baignoire par douche;1;3874.51;Accepté;2024-01-19;2;2
DEV-00802;2024-01-02;2024-01;2023-2024;CLI-0079;Particulier;Bordeaux;Karim Belkacem;Chauffage;CH-005;Désembouage circuit chauffage;1;656.49;Accepté;2024-01-25;2;2
DEV-00803;2024-01-02;2024-01;2023-2024;CLI-0357;Syndic;Toulouse;Julien Fabre;Chauffage;CH-001;Installation chaudière gaz condensation;3;35295.69;Refusé;2024-01-18;9;1
DEV-00804;2024-01-02;2024-01;2023-2024;CLI-0256;Particulier;Bordeaux;Sophie Marchand;Électricité;EL-004;Éclairage LED locaux professionnels;1;3520.46;Accepté;2024-01-23;7;2
DEV-00805;2024-01-02;2024-01;2023-2024;CLI-0025;Syndic;Bordeaux;Sophie Marchand;Salle de bain;SB-002;Remplacement baignoire par douche;1;7320.63;Sans réponse;2024-01-20;10;1
DEV-00806;2024-01-03;2024-01;2023-2024;CLI-0067;Professionnel;Bordeaux;Sophie Marchand;Plomberie;PR-002;Recherche de fuite + réparation;3;2231.44;Refusé;2024-01-10;4;1
DEV-00807;2024-01-03;2024-01;2023-2024;CLI-0258;Professionnel;Bordeaux;Sophie Marchand;Dépannage;DP-003;Dépannage électrique urgence;1;525.38;Accepté;2024-01-28;15;2
DEV-00808;2024-01-03;2024-01;2023-2024;CLI-0268;Particulier;Toulouse;Nadia Cherif;Salle de bain;SB-001;Rénovation salle de bain complète;1;11143.36;Accepté;2024-01-29;10;2
DEV-00809;2024-01-04;2024-01;2023-2024;CLI-0146;Particulier;Bordeaux;Karim Belkacem;Dépannage;DP-003;Dépannage électrique urgence;2;701.42;Accepté;2024-01-11;10;0
DEV-00810;2024-01-04;2024-01;2023-2024;CLI-0360;Particulier;Bordeaux;Sophie Marchand;Chauffage;CH-001;Installation chaudière gaz condensation;1;4334.76;Refusé;2024-02-03;13;1
DEV-00811;2024-01-04;2024-01;2023-2024;CLI-0336;Particulier;Toulouse;Nadia Cherif;Plomberie;PR-002;Recherche de fuite + réparation;1;410.52;Refusé;2024-01-20;13;1
DEV-00812;2024-01-05;2024-01;2023-2024;CLI-0212;Professionnel;Bordeaux;Sophie Marchand;Dépannage;DP-004;Remise en service chaudière;1;373.99;Refusé;2024-01-19;11;1
DEV-00813;2024-01-05;2024-01;2023-2024;CLI-0084;Professionnel;Toulouse;Julien Fabre;Électricité;EL-003;Rénovation électrique complète;1;16399.92;Refusé;2024-02-13;1;2
DEV-00814;2024-01-08;2024-01;2023-2024;CLI-0140;Syndic;Toulouse;Nadia Cherif;Chauffage;CH-005;Désembouage circuit chauffage;1;1694.56;Sans réponse;2024-02-15;6;3
DEV-00815;2024-01-08;2024-01;2023-2024;CLI-0042;Particulier;Bordeaux;Sophie Marchand;Salle de bain;SB-002;Remplacement baignoire par douche;2;6662.96;Sans réponse;2024-02-03;7;1
DEV-00816;2024-01-08;2024-01;2023-2024;CLI-0177;Particulier;Toulouse;Nadia Cherif;Électricité;EL-001;Mise aux normes tableau électrique;1;1901.29;Accepté;2024-02-10;8;2
DEV-00817;2024-01-09;2024-01;2023-2024;CLI-0152;Particulier;Bordeaux;Sophie Marchand;Salle de bain;SB-001;Rénovation salle de bain complète;1;10851.81;Accepté;2024-02-03;7;2
DEV-00818;2024-01-09;2024-01;2023-2024;CLI-0147;Particulier;Bordeaux;Sophie Marchand;Dépannage;DP-001;Dépannage plomberie urgence;1;263.68;Accepté;2024-02-06;11;1
DEV-00819;2024-01-09;2024-01;2023-2024;CLI-0355;Particulier;Bordeaux;Sophie Marchand;Plomberie;PR-003;Réfection réseau eau appartement;1;2983.75;Accepté;2024-01-23;7;1
DEV-00820;2024-01-10;2024-01;2023-2024;CLI-0331;Particulier;Bordeaux;Sophie Marchand;Chauffage;CH-003;Installation pompe à chaleur air/eau;1;13193.36;Accepté;2024-02-06;8;2
DEV-00821;2024-01-11;2024-01;2023-2024;CLI-0029;Particulier;Bordeaux;Karim Belkacem;Chauffage;CH-005;Désembouage circuit chauffage;1;706.88;Accepté;2024-02-05;3;2
DEV-00822;2024-01-11;2024-01;2023-2024;CLI-0179;Professionnel;Bordeaux;Sophie Marchand;Salle de bain;SB-001;Rénovation salle de bain complète;1;14607.55;Sans réponse;2024-01-27;6;1
DEV-00823;2024-01-11;2024-01;2023-2024;CLI-0034;Particulier;Toulouse;Julien Fabre;Plomberie;PR-002;Recherche de fuite + réparation;1;474.56;Accepté;2024-02-08;3;1
DEV-00824;2024-01-12;2024-01;2023-2024;CLI-0384;Particulier;Toulouse;Julien Fabre;Salle de bain;SB-003;Pose meuble vasque + robinetterie;1;1244.28;Accepté;2024-01-27;8;2
DEV-00825;2024-01-12;2024-01;2023-2024;CLI-0237;Particulier;Toulouse;Nadia Cherif;Chauffage;CH-004;Remplacement radiateurs (lot de 5);1;2324.55;Accepté;2024-01-21;8;1
DEV-00826;2024-01-15;2024-01;2023-2024;CLI-0339;Particulier;Bordeaux;Karim Belkacem;Chauffage;CH-005;Désembouage circuit chauffage;2;1407.1;Accepté;2024-02-10;1;2
DEV-00827;2024-01-15;2024-01;2023-2024;CLI-0154;Particulier;Bordeaux;Karim Belkacem;Salle de bain;SB-002;Remplacement baignoire par douche;1;3843.02;Accepté;2024-01-23;3;1
DEV-00828;2024-01-15;2024-01;2023-2024;CLI-0362;Particulier;Bordeaux;Karim Belkacem;Chauffage;CH-004;Remplacement radiateurs (lot de 5);1;2439.61;Sans réponse;2024-02-03;;0
DEV-00829;2024-01-16;2024-01;2023-2024;CLI-0286;Particulier;Bordeaux;Karim Belkacem;Dépannage;DP-002;Débouchage canalisation;3;1031.91;Accepté;2024-01-22;10;0
DEV-00830;2024-01-16;2024-01;2023-2024;CLI-0209;Particulier;Toulouse;Julien Fabre;Chauffage;CH-001;Installation chaudière gaz condensation;1;4566.34;Refusé;2024-02-25;1;2
DEV-00831;2024-01-16;2024-01;2023-2024;CLI-0283;Particulier;Bordeaux;Karim Belkacem;Dépannage;DP-001;Dépannage plomberie urgence;1;303.89;Sans réponse;2024-02-25;4;2
DEV-00832;2024-01-17;2024-01;2023-2024;CLI-0099;Particulier;Bordeaux;Karim Belkacem;Plomberie;PR-003;Réfection réseau eau appartement;1;3449.51;Refusé;2024-02-21;;0
DEV-00833;2024-01-17;2024-01;2023-2024;CLI-0031;Professionnel;Bordeaux;Karim Belkacem;Salle de bain;SB-002;Remplacement baignoire par douche;1;7081.24;Accepté;2024-01-30;1;1
DEV-00834;2024-01-18;2024-01;2023-2024;CLI-0296;Professionnel;Bordeaux;Karim Belkacem;Dépannage;DP-004;Remise en service chaudière;1;365.13;Accepté;2024-02-16;4;2
DEV-00835;2024-01-18;2024-01;2023-2024;CLI-0373;Professionnel;Bordeaux;Karim Belkacem;Électricité;EL-001;Mise aux normes tableau électrique;1;3330.77;Accepté;2024-02-06;1;3
DEV-00836;2024-01-18;2024-01;2023-2024;CLI-0017;Professionnel;Toulouse;Nadia Cherif;Chauffage;CH-005;Désembouage circuit chauffage;1;1068.51;Sans réponse;2024-02-10;1;2
DEV-00837;2024-01-19;2024-01;2023-2024;CLI-0285;Particulier;Bordeaux;Karim Belkacem;Électricité;EL-003;Rénovation électrique complète;1;8256.0;Refusé;2024-01-31;9;1
DEV-00838;2024-01-19;2024-01;2023-2024;CLI-0238;Particulier;Bordeaux;Sophie Marchand;Chauffage;CH-004;Remplacement radiateurs (lot de 5);1;2263.46;Accepté;2024-02-07;4;2
DEV-00839;2024-01-19;2024-01;2023-2024;CLI-0067;Professionnel;Bordeaux;Sophie Marchand;Chauffage;CH-002;Entretien annuel chaudière;2;520.76;Accepté;2024-02-14;14;1
DEV-00840;2024-01-22;2024-01;2023-2024;CLI-0223;Particulier;Bordeaux;Karim Belkacem;Plomberie;PR-003;Réfection réseau eau appartement;1;3476.73;Sans réponse;2024-02-16;;0
DEV-00841;2024-01-22;2024-01;2023-2024;CLI-0254;Particulier;Toulouse;Nadia Cherif;Dépannage;DP-001;Dépannage plomberie urgence;2;598.84;Refusé;2024-02-15;;0
DEV-00842;2024-01-22;2024-01;2023-2024;CLI-0226;Particulier;Bordeaux;Sophie Marchand;Électricité;EL-004;Éclairage LED locaux professionnels;1;3076.54;Sans réponse;2024-02-09;5;2
DEV-00843;2024-01-23;2024-01;2023-2024;CLI-0381;Particulier;Bordeaux;Sophie Marchand;Plomberie;PR-001;Remplacement chauffe-eau 200 L;1;1213.82;Refusé;2024-02-14;9;2
DEV-00844;2024-01-23;2024-01;2023-2024;CLI-0381;Particulier;Bordeaux;Karim Belkacem;Dépannage;DP-001;Dépannage plomberie urgence;2;557.86;Accepté;2024-02-11;1;1
DEV-00845;2024-01-24;2024-01;2023-2024;CLI-0256;Particulier;Bordeaux;Karim Belkacem;Chauffage;CH-005;Désembouage circuit chauffage;1;662.83;Sans réponse;2024-03-01;4;3
DEV-00846;2024-01-24;2024-01;2023-2024;CLI-0393;Particulier;Bordeaux;Karim Belkacem;Électricité;EL-001;Mise aux normes tableau électrique;1;1957.92;Sans réponse;2024-02-08;12;1
DEV-00847;2024-01-24;2024-01;2023-2024;CLI-0389;Professionnel;Bordeaux;Sophie Marchand;Électricité;EL-004;Éclairage LED locaux professionnels;1;5615.76;Sans réponse;2024-02-12;1;2
DEV-00848;2024-01-25;2024-01;2023-2024;CLI-0272;Professionnel;Toulouse;Nadia Cherif;Salle de bain;SB-003;Pose meuble vasque + robinetterie;1;1877.7;Refusé;2024-02-05;6;1
DEV-00849;2024-01-26;2024-01;2023-2024;CLI-0229;Particulier;Toulouse;Julien Fabre;Plomberie;PR-004;Remplacement colonne d'évacuation;1;5966.77;Refusé;2024-02-06;12;0
DEV-00850;2024-01-26;2024-01;2023-2024;CLI-0079;Particulier;Bordeaux;Sophie Marchand;Électricité;EL-001;Mise aux normes tableau électrique;1;1621.4;Refusé;2024-02-14;6;2
DEV-00851;2024-01-29;2024-01;2023-2024;CLI-0117;Particulier;Toulouse;Nadia Cherif;Chauffage;CH-002;Entretien annuel chaudière;1;163.59;Sans réponse;2024-02-15;10;1
DEV-00852;2024-01-29;2024-01;2023-2024;CLI-0045;Syndic;Bordeaux;Karim Belkacem;Plomberie;PR-001;Remplacement chauffe-eau 200 L;1;2970.26;Sans réponse;2024-02-17;12;1
DEV-00853;2024-01-29;2024-01;2023-2024;CLI-0082;Particulier;Toulouse;Nadia Cherif;Chauffage;CH-001;Installation chaudière gaz condensation;1;4373.52;Sans réponse;2024-02-07;1;1
DEV-00854;2024-01-29;2024-01;2023-2024;CLI-0392;Syndic;Bordeaux;Sophie Marchand;Salle de bain;SB-003;Pose meuble vasque + robinetterie;1;2828.71;Refusé;2024-03-14;6;2
DEV-00855;2024-01-30;2024-01;2023-2024;CLI-0027;Particulier;Toulouse;Nadia Cherif;Plomberie;PR-004;Remplacement colonne d'évacuation;1;6488.76;Sans réponse;2024-02-03;;0
DEV-00856;2024-01-31;2024-01;2023-2024;CLI-0264;Particulier;Toulouse;Nadia Cherif;Dépannage;DP-001;Dépannage plomberie urgence;1;268.59;Accepté;2024-02-14;6;2
DEV-00857;2024-01-31;2024-01;2023-2024;CLI-0397;Syndic;Bordeaux;Sophie Marchand;Électricité;EL-001;Mise aux normes tableau électrique;1;3468.29;Refusé;2024-03-06;3;2
DEV-00858;2024-01-31;2024-01;2023-2024;CLI-0116;Particulier;Bordeaux;Karim Belkacem;Dépannage;DP-001;Dépannage plomberie urgence;1;298.38;Accepté;2024-02-15;6;1
DEV-00859;2024-01-31;2024-01;2023-2024;CLI-0006;Particulier;Bordeaux;Karim Belkacem;Dépannage;DP-001;Dépannage plomberie urgence;2;515.39;Sans réponse;2024-02-16;3;2
DEV-00860;2024-02-01;2024-02;2023-2024;CLI-0346;Particulier;Bordeaux;Karim Belkacem;Chauffage;CH-003;Installation pompe à chaleur air/eau;1;13371.2;Sans réponse;2024-02-07;;0
DEV-00861;2024-02-01;2024-02;2023-2024;CLI-0069;Professionnel;Toulouse;Julien Fabre;Salle de bain;SB-003;Pose meuble vasque + robinetterie;1;2027.99;Refusé;2024-02-29;;0
DEV-00862;2024-02-01;2024-02;2023-2024;CLI-0012;Particulier;Toulouse;Nadia Cherif;Dépannage;DP-002;Débouchage canalisation;1;326.61;Sans réponse;2024-02-07;14;0
DEV-00863;2024-02-01;2024-02;2023-2024;CLI-0206;Syndic;Toulouse;Julien Fabre;Chauffage;CH-005;Désembouage circuit chauffage;1;1743.5;Sans réponse;2024-02-24;7;1
DEV-00864;2024-02-02;2024-02;2023-2024;CLI-0068;Particulier;Bordeaux;Sophie Marchand;Salle de bain;SB-003;Pose meuble vasque + robinetterie;1;1108.46;Accepté;2024-02-25;10;1
DEV-00865;2024-02-02;2024-02;2023-2024;CLI-0386;Collectivité;Bordeaux;Karim Belkacem;Chauffage;CH-005;Désembouage circuit chauffage;1;1518.9;Accepté;2024-03-01;1;2
DEV-00866;2024-02-02;2024-02;2023-2024;CLI-0377;Professionnel;Bordeaux;Sophie Marchand;Salle de bain;SB-001;Rénovation salle de bain complète;1;18825.41;Sans réponse;2024-02-18;;0
DEV-00867;2024-02-05;2024-02;2023-2024;CLI-0345;Particulier;Bordeaux;Karim Belkacem;Chauffage;CH-002;Entretien annuel chaudière;1;144.01;Accepté;2024-02-09;12;0
DEV-00868;2024-02-06;2024-02;2023-2024;CLI-0091;Particulier;Bordeaux;Sophie Marchand;Salle de bain;SB-001;Rénovation salle de bain complète;1;8958.99;Accepté;2024-02-17;7;1
DEV-00869;2024-02-06;2024-02;2023-2024;CLI-0070;Particulier;Toulouse;Julien Fabre;Chauffage;CH-005;Désembouage circuit chauffage;1;734.29;Sans réponse;2024-03-12;8;1
DEV-00870;2024-02-06;2024-02;2023-2024;CLI-0386;Collectivité;Bordeaux;Sophie Marchand;Salle de bain;SB-001;Rénovation salle de bain complète;1;20559.85;Refusé;2024-02-28;1;2
DEV-00871;2024-02-07;2024-02;2023-2024;CLI-0029;Particulier;Bordeaux;Sophie Marchand;Dépannage;DP-003;Dépannage électrique urgence;1;287.36;Accepté;2024-03-04;13;1
DEV-00872;2024-02-07;2024-02;2023-2024;CLI-0149;Particulier;Toulouse;Nadia Cherif;Chauffage;CH-001;Installation chaudière gaz condensation;3;13798.06;Sans réponse;2024-02-11;;0
DEV-00873;2024-02-07;2024-02;2023-2024;CLI-0038;Particulier;Bordeaux;Karim Belkacem;Dépannage;DP-003;Dépannage électrique urgence;1;294.3;Refusé;2024-02-16;9;1
DEV-00874;2024-02-07;2024-02;2023-2024;CLI-0224;Particulier;Toulouse;Julien Fabre;Chauffage;CH-004;Remplacement radiateurs (lot de 5);1;2663.39;Sans réponse;2024-03-02;7;2
DEV-00875;2024-02-08;2024-02;2023-2024;CLI-0312;Professionnel;Toulouse;Julien Fabre;Électricité;EL-004;Éclairage LED locaux professionnels;1;5510.72;Refusé;2024-03-04;7;3
DEV-00876;2024-02-08;2024-02;2023-2024;CLI-0258;Professionnel;Bordeaux;Karim Belkacem;Plomberie;PR-004;Remplacement colonne d'évacuation;1;11067.51;Accepté;2024-02-28;2;1
DEV-00877;2024-02-09;2024-02;2023-2024;CLI-0116;Particulier;Bordeaux;Sophie Marchand;Chauffage;CH-004;Remplacement radiateurs (lot de 5);1;2381.09;Accepté;2024-03-10;10;1
DEV-00878;2024-02-09;2024-02;2023-2024;CLI-0234;Particulier;Toulouse;Nadia Cherif;Chauffage;CH-005;Désembouage circuit chauffage;1;731.94;Sans réponse;2024-03-09;5;3
DEV-00879;2024-02-09;2024-02;2023-2024;CLI-0124;Particulier;Toulouse;Julien Fabre;Électricité;EL-003;Rénovation électrique complète;1;10074.39;Sans réponse;2024-03-05;2;1
DEV-00880;2024-02-09;2024-02;2023-2024;CLI-0146;Particulier;Bordeaux;Sophie Marchand;Dépannage;DP-001;Dépannage plomberie urgence;1;267.68;Accepté;2024-02-23;16;0
DEV-00881;2024-02-12;2024-02;2023-2024;CLI-0049;Particulier;Bordeaux;Karim Belkacem;Plomberie;PR-001;Remplacement chauffe-eau 200 L;1;1193.68;Accepté;2024-02-29;6;2
DEV-00882;2024-02-12;2024-02;2023-2024;CLI-0192;Particulier;Toulouse;Julien Fabre;Électricité;EL-001;Mise aux normes tableau électrique;1;1652.5;Accepté;2024-03-29;;0
DEV-00883;2024-02-13;2024-02;2023-2024;CLI-0056;Particulier;Bordeaux;Karim Belkacem;Chauffage;CH-004;Remplacement radiateurs (lot de 5);1;2687.65;Refusé;2024-02-24;;0
DEV-00884;2024-02-13;2024-02;2023-2024;CLI-0189;Professionnel;Bordeaux;Karim Belkacem;Chauffage;CH-001;Installation chaudière gaz condensation;1;8088.89;Accepté;2024-03-16;1;2
DEV-00885;2024-02-14;2024-02;2023-2024;CLI-0224;Particulier;Toulouse;Nadia Cherif;Plomberie;PR-004;Remplacement colonne d'évacuation;1;5981.26;Sans réponse;2024-02-19;7;0
DEV-00886;2024-02-15;2024-02;2023-2024;CLI-0325;Particulier;Toulouse;Nadia Cherif;Salle de bain;SB-003;Pose meuble vasque + robinetterie;1;1335.47;Refusé;2024-03-11;8;2
DEV-00887;2024-02-15;2024-02;2023-2024;CLI-0294;Professionnel;Toulouse;Nadia Cherif;Électricité;EL-002;Installation borne de recharge VE;1;2215.62;Refusé;2024-02-26;6;1
DEV-00888;2024-02-16;2024-02;2023-2024;CLI-0320;Particulier;Bordeaux;Sophie Marchand;Dépannage;DP-001;Dépannage plomberie urgence;1;240.95;Sans réponse;2024-02-27;7;1
DEV-00889;2024-02-16;2024-02;2023-2024;CLI-0199;Particulier;Toulouse;Nadia Cherif;Dépannage;DP-002;Débouchage canalisation;1;389.73;Refusé;2024-03-05;6;2
DEV-00890;2024-02-16;2024-02;2023-2024;CLI-0127;Particulier;Toulouse;Nadia Cherif;Chauffage;CH-001;Installation chaudière gaz condensation;1;5218.27;Accepté;2024-03-09;2;2
DEV-00891;2024-02-19;2024-02;2023-2024;CLI-0039;Particulier;Bordeaux;Sophie Marchand;Chauffage;CH-004;Remplacement radiateurs (lot de 5);1;2204.04;Sans réponse;2024-03-17;;0
DEV-00892;2024-02-19;2024-02;2023-2024;CLI-0292;Professionnel;Bordeaux;Karim Belkacem;Salle de bain;SB-001;Rénovation salle de bain complète;1;17346.51;Accepté;2024-02-26;7;1
DEV-00893;2024-02-19;2024-02;2023-2024;CLI-0391;Syndic;Bordeaux;Karim Belkacem;Plomberie;PR-001;Remplacement chauffe-eau 200 L;1;2288.7;Accepté;2024-03-13;1;1
DEV-00894;2024-02-19;2024-02;2023-2024;CLI-0299;Professionnel;Toulouse;Julien Fabre;Salle de bain;SB-003;Pose meuble vasque + robinetterie;1;2057.09;Sans réponse;2024-03-06;;0
DEV-00895;2024-02-19;2024-02;2023-2024;CLI-0340;Particulier;Bordeaux;Karim Belkacem;Dépannage;DP-002;Débouchage canalisation;1;342.01;Sans réponse;2024-03-01;8;1
DEV-00896;2024-02-19;2024-02;2023-2024;CLI-0137;Particulier;Bordeaux;Sophie Marchand;Dépannage;DP-002;Débouchage canalisation;1;356.5;Sans réponse;2024-03-26;8;3
DEV-00897;2024-02-20;2024-02;2023-2024;CLI-0014;Particulier;Bordeaux;Sophie Marchand;Salle de bain;SB-003;Pose meuble vasque + robinetterie;1;1149.16;Sans réponse;2024-03-29;10;1
DEV-00898;2024-02-20;2024-02;2023-2024;CLI-0158;Particulier;Bordeaux;Karim Belkacem;Chauffage;CH-003;Installation pompe à chaleur air/eau;1;12393.65;Accepté;2024-02-27;5;1
DEV-00899;2024-02-20;2024-02;2023-2024;CLI-0098;Particulier;Bordeaux;Karim Belkacem;Plomberie;PR-004;Remplacement colonne d'évacuation;1;5547.04;Sans réponse;2024-03-20;1;4
DEV-00900;2024-02-21;2024-02;2023-2024;CLI-0134;Particulier;Toulouse;Julien Fabre;Électricité;EL-003;Rénovation électrique complète;1;8350.07;Refusé;2024-03-09;;0
DEV-00901;2024-02-21;2024-02;2023-2024;CLI-0067;Professionnel;Bordeaux;Sophie Marchand;Dépannage;DP-001;Dépannage plomberie urgence;1;516.47;Accepté;2024-03-11;1;2
DEV-00902;2024-02-22;2024-02;2023-2024;CLI-0366;Particulier;Toulouse;Nadia Cherif;Chauffage;CH-002;Entretien annuel chaudière;1;146.15;Accepté;2024-02-26;;0
DEV-00903;2024-02-22;2024-02;2023-2024;CLI-0273;Particulier;Bordeaux;Sophie Marchand;Électricité;EL-004;Éclairage LED locaux professionnels;1;3000.87;Sans réponse;2024-03-05;1;2
DEV-00904;2024-02-22;2024-02;2023-2024;CLI-0405;Particulier;Bordeaux;Sophie Marchand;Électricité;EL-004;Éclairage LED locaux professionnels;1;3259.96;Sans réponse;2024-03-26;;0
DEV-00905;2024-02-23;2024-02;2023-2024;CLI-0084;Professionnel;Toulouse;Nadia Cherif;Chauffage;CH-005;Désembouage circuit chauffage;1;1282.45;Accepté;2024-02-29;7;0
DEV-00906;2024-02-23;2024-02;2023-2024;CLI-0293;Professionnel;Toulouse;Nadia Cherif;Plomberie;PR-003;Réfection réseau eau appartement;1;4746.09;Accepté;2024-03-24;8;1
DEV-00907;2024-02-23;2024-02;2023-2024;CLI-0019;Particulier;Bordeaux;Karim Belkacem;Chauffage;CH-004;Remplacement radiateurs (lot de 5);2;5600.01;Refusé;2024-03-25;5;1
DEV-00908;2024-02-26;2024-02;2023-2024;CLI-0132;Particulier;Toulouse;Nadia Cherif;Salle de bain;SB-002;Remplacement baignoire par douche;1;3909.62;Refusé;2024-03-27;4;1
DEV-00909;2024-02-26;2024-02;2023-2024;CLI-0421;Particulier;Bordeaux;Karim Belkacem;Électricité;EL-001;Mise aux normes tableau électrique;1;2026.08;Sans réponse;2024-03-17;1;1
DEV-00910;2024-02-27;2024-02;2023-2024;CLI-0116;Particulier;Bordeaux;Sophie Marchand;Électricité;EL-003;Rénovation électrique complète;1;9102.96;Refusé;2024-04-02;10;1
DEV-00911;2024-02-27;2024-02;2023-2024;CLI-0357;Syndic;Toulouse;Nadia Cherif;Chauffage;CH-004;Remplacement radiateurs (lot de 5);1;5346.56;Sans réponse;2024-03-17;;0
DEV-00912;2024-02-27;2024-02;2023-2024;CLI-0410;Professionnel;Bordeaux;Sophie Marchand;Électricité;EL-004;Éclairage LED locaux professionnels;1;6485.02;Sans réponse;2024-03-14;;0
DEV-00913;2024-02-28;2024-02;2023-2024;CLI-0138;Particulier;Toulouse;Nadia Cherif;Électricité;EL-002;Installation borne de recharge VE;1;1332.67;Refusé;2024-03-28;3;1
DEV-00914;2024-02-28;2024-02;2023-2024;CLI-0080;Particulier;Bordeaux;Sophie Marchand;Plomberie;PR-002;Recherche de fuite + réparation;1;438.37;Sans réponse;2024-03-29;5;3
DEV-00915;2024-02-28;2024-02;2023-2024;CLI-0125;Particulier;Toulouse;Nadia Cherif;Salle de bain;SB-002;Remplacement baignoire par douche;1;3541.11;Accepté;2024-03-29;;0
DEV-00916;2024-02-28;2024-02;2023-2024;CLI-0358;Professionnel;Bordeaux;Karim Belkacem;Salle de bain;SB-003;Pose meuble vasque + robinetterie;1;2367.57;Sans réponse;2024-03-11;;0
DEV-00917;2024-02-29;2024-02;2023-2024;CLI-0046;Syndic;Toulouse;Julien Fabre;Plomberie;PR-003;Réfection réseau eau appartement;1;7135.78;Accepté;2024-03-14;;0
DEV-00918;2024-02-29;2024-02;2023-2024;CLI-0098;Particulier;Bordeaux;Sophie Marchand;Électricité;EL-002;Installation borne de recharge VE;1;1732.55;Accepté;2024-03-27;9;3
DEV-00919;2024-02-29;2024-02;2023-2024;CLI-0301;Particulier;Toulouse;Nadia Cherif;Chauffage;CH-005;Désembouage circuit chauffage;3;2416.43;Accepté;2024-03-14;7;2
DEV-00920;2024-03-01;2024-03;2023-2024;CLI-0049;Particulier;Bordeaux;Sophie Marchand;Chauffage;CH-001;Installation chaudière gaz condensation;1;4352.77;Refusé;2024-03-09;10;0
DEV-00921;2024-03-01;2024-03;2023-2024;CLI-0059;Particulier;Bordeaux;Sophie Marchand;Salle de bain;SB-002;Remplacement baignoire par douche;1;3647.55;Sans réponse;2024-03-17;10;1
DEV-00922;2024-03-04;2024-03;2023-2024;CLI-0141;Particulier;Bordeaux;Sophie Marchand;Électricité;EL-001;Mise aux normes tableau électrique;3;5025.8;Sans réponse;2024-03-28;;0
DEV-00923;2024-03-04;2024-03;2023-2024;CLI-0031;Professionnel;Bordeaux;Sophie Marchand;Plomberie;PR-003;Réfection réseau eau appartement;2;11334.03;Accepté;2024-03-24;6;2
DEV-00924;2024-03-04;2024-03;2023-2024;CLI-0157;Particulier;Bordeaux;Sophie Marchand;Chauffage;CH-002;Entretien annuel chaudière;1;157.3;Sans réponse;2024-04-07;;0
DEV-00925;2024-03-04;2024-03;2023-2024;CLI-0384;Particulier;Toulouse;Julien Fabre;Électricité;EL-003;Rénovation électrique complète;1;8307.03;Sans réponse;2024-03-18;4;1
DEV-00926;2024-03-04;2024-03;2023-2024;CLI-0098;Particulier;Bordeaux;Karim Belkacem;Électricité;EL-004;Éclairage LED locaux professionnels;1;3892.65;Accepté;2024-03-12;3;1
DEV-00927;2024-03-05;2024-03;2023-2024;CLI-0343;Professionnel;Bordeaux;Karim Belkacem;Salle de bain;SB-003;Pose meuble vasque + robinetterie;3;6666.78;Sans réponse;2024-03-20;;0
DEV-00928;2024-03-06;2024-03;2023-2024;CLI-0249;Particulier;Toulouse;Nadia Cherif;Chauffage;CH-004;Remplacement radiateurs (lot de 5);1;2434.7;Sans réponse;2024-04-04;;0
DEV-00929;2024-03-06;2024-03;2023-2024;CLI-0039;Particulier;Bordeaux;Karim Belkacem;Salle de bain;SB-001;Rénovation salle de bain complète;1;9504.19;Refusé;2024-03-18;;0
DEV-00930;2024-03-06;2024-03;2023-2024;CLI-0404;Professionnel;Toulouse;Julien Fabre;Plomberie;PR-001;Remplacement chauffe-eau 200 L;1;2337.63;Accepté;2024-03-11;8;0
DEV-00931;2024-03-06;2024-03;2023-2024;CLI-0174;Professionnel;Bordeaux;Karim Belkacem;Dépannage;DP-003;Dépannage électrique urgence;1;554.34;Sans réponse;2024-04-05;3;1
DEV-00932;2024-03-07;2024-03;2023-2024;CLI-0173;Particulier;Bordeaux;Sophie Marchand;Électricité;EL-004;Éclairage LED locaux professionnels;1;3254.59;Refusé;2024-03-12;;0
DEV-00933;2024-03-07;2024-03;2023-2024;CLI-0416;Particulier;Bordeaux;Karim Belkacem;Électricité;EL-003;Rénovation électrique complète;1;8516.34;Accepté;2024-04-14;2;1
DEV-00934;2024-03-08;2024-03;2023-2024;CLI-0003;Professionnel;Toulouse;Julien Fabre;Électricité;EL-001;Mise aux normes tableau électrique;1;3336.29;Refusé;2024-04-06;9;2
DEV-00935;2024-03-08;2024-03;2023-2024;CLI-0354;Particulier;Bordeaux;Sophie Marchand;Dépannage;DP-002;Débouchage canalisation;1;337.52;Sans réponse;2024-04-10;;0
DEV-00936;2024-03-08;2024-03;2023-2024;CLI-0085;Particulier;Toulouse;Julien Fabre;Salle de bain;SB-002;Remplacement baignoire par douche;1;4095.95;Refusé;2024-04-16;8;1
DEV-00937;2024-03-11;2024-03;2023-2024;CLI-0336;Particulier;Toulouse;Nadia Cherif;Électricité;EL-003;Rénovation électrique complète;1;8990.91;Sans réponse;2024-03-15;8;0
DEV-00938;2024-03-11;2024-03;2023-2024;CLI-0017;Professionnel;Toulouse;Nadia Cherif;Salle de bain;SB-002;Remplacement baignoire par douche;1;6283.22;Accepté;2024-04-02;4;2
DEV-00939;2024-03-12;2024-03;2023-2024;CLI-0090;Particulier;Bordeaux;Karim Belkacem;Salle de bain;SB-001;Rénovation salle de bain complète;1;9142.84;Refusé;2024-03-26;1;1
DEV-00940;2024-03-12;2024-03;2023-2024;CLI-0256;Particulier;Bordeaux;Sophie Marchand;Dépannage;DP-002;Débouchage canalisation;1;401.47;Refusé;2024-03-24;13;0
DEV-00941;2024-03-12;2024-03;2023-2024;CLI-0097;Particulier;Toulouse;Nadia Cherif;Dépannage;DP-004;Remise en service chaudière;2;470.34;Sans réponse;2024-04-03;1;3
DEV-00942;2024-03-13;2024-03;2023-2024;CLI-0109;Professionnel;Toulouse;Julien Fabre;Plomberie;PR-004;Remplacement colonne d'évacuation;1;10174.69;Accepté;2024-03-26;1;1
DEV-00943;2024-03-13;2024-03;2023-2024;CLI-0280;Particulier;Bordeaux;Sophie Marchand;Électricité;EL-004;Éclairage LED locaux professionnels;2;7429.46;Sans réponse;2024-04-21;;0
DEV-00944;2024-03-13;2024-03;2023-2024;CLI-0200;Particulier;Bordeaux;Sophie Marchand;Salle de bain;SB-001;Rénovation salle de bain complète;1;9408.55;Refusé;2024-04-13;;0
DEV-00945;2024-03-14;2024-03;2023-2024;CLI-0364;Particulier;Bordeaux;Sophie Marchand;Salle de bain;SB-003;Pose meuble vasque + robinetterie;1;1215.79;Accepté;2024-03-31;9;1
DEV-00946;2024-03-14;2024-03;2023-2024;CLI-0244;Professionnel;Bordeaux;Karim Belkacem;Électricité;EL-004;Éclairage LED locaux professionnels;1;6279.6;Accepté;2024-04-15;7;2
DEV-00947;2024-03-14;2024-03;2023-2024;CLI-0055;Professionnel;Bordeaux;Sophie Marchand;Dépannage;DP-004;Remise en service chaudière;1;413.66;Accepté;2024-04-05;6;2
DEV-00948;2024-03-15;2024-03;2023-2024;CLI-0047;Particulier;Bordeaux;Karim Belkacem;Dépannage;DP-004;Remise en service chaudière;1;250.36;Accepté;2024-04-10;2;1
DEV-00949;2024-03-15;2024-03;2023-2024;CLI-0136;Particulier;Toulouse;Julien Fabre;Plomberie;PR-002;Recherche de fuite + réparation;1;469.64;Sans réponse;2024-04-18;9;2
DEV-00950;2024-03-18;2024-03;2023-2024;CLI-0010;Particulier;Bordeaux;Karim Belkacem;Chauffage;CH-005;Désembouage circuit chauffage;1;724.34;Sans réponse;2024-03-27;;0
DEV-00951;2024-03-18;2024-03;2023-2024;CLI-0201;Particulier;Toulouse;Nadia Cherif;Dépannage;DP-003;Dépannage électrique urgence;1;279.31;Accepté;2024-04-11;9;2
DEV-00952;2024-03-18;2024-03;2023-2024;CLI-0288;Particulier;Toulouse;Julien Fabre;Dépannage;DP-002;Débouchage canalisation;1;321.76;Sans réponse;2024-04-03;6;1
DEV-00953;2024-03-19;2024-03;2023-2024;CLI-0012;Particulier;Toulouse;Julien Fabre;Chauffage;CH-002;Entretien annuel chaudière;1;144.87;Accepté;2024-03-28;7;1
DEV-00954;2024-03-20;2024-03;2023-2024;CLI-0187;Particulier;Bordeaux;Karim Belkacem;Chauffage;CH-001;Installation chaudière gaz condensation;1;5652.9;Accepté;2024-04-21;4;2
DEV-00955;2024-03-20;2024-03;2023-2024;CLI-0194;Syndic;Toulouse;Nadia Cherif;Salle de bain;SB-001;Rénovation salle de bain complète;1;18627.35;Refusé;2024-03-23;5;0
DEV-00956;2024-03-21;2024-03;2023-2024;CLI-0116;Particulier;Bordeaux;Karim Belkacem;Chauffage;CH-002;Entretien annuel chaudière;1;156.53;Sans réponse;2024-04-17;7;2
DEV-00957;2024-03-21;2024-03;2023-2024;CLI-0384;Particulier;Toulouse;Julien Fabre;Dépannage;DP-002;Débouchage canalisation;1;373.8;Sans réponse;2024-04-17;7;2
DEV-00958;2024-03-22;2024-03;2023-2024;CLI-0067;Professionnel;Bordeaux;Sophie Marchand;Dépannage;DP-002;Débouchage canalisation;1;566.63;Accepté;2024-04-21;3;2
DEV-00959;2024-03-22;2024-03;2023-2024;CLI-0216;Particulier;Bordeaux;Sophie Marchand;Dépannage;DP-001;Dépannage plomberie urgence;2;477.87;Sans réponse;2024-04-07;;0
DEV-00960;2024-03-25;2024-03;2023-2024;CLI-0367;Particulier;Toulouse;Julien Fabre;Plomberie;PR-004;Remplacement colonne d'évacuation;1;6251.07;Sans réponse;2024-04-04;6;1
DEV-00961;2024-03-25;2024-03;2023-2024;CLI-0415;Particulier;Bordeaux;Sophie Marchand;Électricité;EL-001;Mise aux normes tableau électrique;1;1849.84;Sans réponse;2024-04-24;1;1
DEV-00962;2024-03-25;2024-03;2023-2024;CLI-0278;Particulier;Bordeaux;Sophie Marchand;Plomberie;PR-001;Remplacement chauffe-eau 200 L;2;2324.13;Sans réponse;2024-04-13;1;1
DEV-00963;2024-03-25;2024-03;2023-2024;CLI-0012;Particulier;Toulouse;Julien Fabre;Dépannage;DP-004;Remise en service chaudière;1;250.13;Refusé;2024-04-21;;0
DEV-00964;2024-03-26;2024-03;2023-2024;CLI-0192;Particulier;Toulouse;Nadia Cherif;Dépannage;DP-002;Débouchage canalisation;1;317.65;Sans réponse;2024-04-07;12;1
DEV-00965;2024-03-27;2024-03;2023-2024;CLI-0031;Professionnel;Bordeaux;Sophie Marchand;Électricité;EL-001;Mise aux normes tableau électrique;1;3160.36;Accepté;2024-04-14;4;2
DEV-00966;2024-03-27;2024-03;2023-2024;CLI-0014;Particulier;Bordeaux;Karim Belkacem;Plomberie;PR-004;Remplacement colonne d'évacuation;1;5110.68;Refusé;2024-04-11;;0
DEV-00967;2024-03-27;2024-03;2023-2024;CLI-0197;Particulier;Bordeaux;Sophie Marchand;Salle de bain;SB-003;Pose meuble vasque + robinetterie;1;1400.66;Accepté;2024-04-12;1;1
DEV-00968;2024-03-28;2024-03;2023-2024;CLI-0338;Collectivité;Bordeaux;Sophie Marchand;Salle de bain;SB-003;Pose meuble vasque + robinetterie;1;3249.41;Sans réponse;2024-05-04;;0
DEV-00969;2024-03-28;2024-03;2023-2024;CLI-0336;Particulier;Toulouse;Julien Fabre;Électricité;EL-004;Éclairage LED locaux professionnels;1;3142.92;Refusé;2024-04-03;1;1
DEV-00970;2024-03-28;2024-03;2023-2024;CLI-0340;Particulier;Bordeaux;Sophie Marchand;Chauffage;CH-002;Entretien annuel chaudière;1;169.72;Refusé;2024-04-26;;0
DEV-00971;2024-03-28;2024-03;2023-2024;CLI-0236;Particulier;Toulouse;Nadia Cherif;Dépannage;DP-004;Remise en service chaudière;1;215.31;Sans réponse;2024-04-20;1;1
DEV-00972;2024-03-29;2024-03;2023-2024;CLI-0286;Particulier;Bordeaux;Karim Belkacem;Plomberie;PR-002;Recherche de fuite + réparation;1;438.48;Sans réponse;2024-04-23;1;2
DEV-00973;2024-04-01;2024-04;2023-2024;CLI-0333;Professionnel;Toulouse;Nadia Cherif;Plomberie;PR-001;Remplacement chauffe-eau 200 L;1;2242.69;Accepté;2024-05-01;7;2
DEV-00974;2024-04-02;2024-04;2023-2024;CLI-0150;Particulier;Bordeaux;Sophie Marchand;Plomberie;PR-004;Remplacement colonne d'évacuation;1;5388.42;Refusé;2024-04-13;9;1
DEV-00975;2024-04-02;2024-04;2023-2024;CLI-0097;Particulier;Toulouse;Nadia Cherif;Salle de bain;SB-003;Pose meuble vasque + robinetterie;1;1356.51;Accepté;2024-04-16;;0
DEV-00976;2024-04-03;2024-04;2023-2024;CLI-0009;Particulier;Toulouse;Nadia Cherif;Plomberie;PR-002;Recherche de fuite + réparation;1;425.5;Sans réponse;2024-04-29;1;2
DEV-00977;2024-04-03;2024-04;2023-2024;CLI-0246;Particulier;Toulouse;Nadia Cherif;Salle de bain;SB-003;Pose meuble vasque + robinetterie;1;1169.67;Accepté;2024-04-28;;0
DEV-00978;2024-04-03;2024-04;2023-2024;CLI-0052;Particulier;Toulouse;Julien Fabre;Plomberie;PR-003;Réfection réseau eau appartement;2;5693.48;Sans réponse;2024-04-26;6;2
DEV-00979;2024-04-03;2024-04;2023-2024;CLI-0026;Particulier;Bordeaux;Karim Belkacem;Chauffage;CH-004;Remplacement radiateurs (lot de 5);1;2479.17;Accepté;2024-04-14;3;2
DEV-00980;2024-04-04;2024-04;2023-2024;CLI-0182;Professionnel;Bordeaux;Karim Belkacem;Chauffage;CH-003;Installation pompe à chaleur air/eau;1;20821.7;Sans réponse;2024-04-18;4;2
DEV-00981;2024-04-04;2024-04;2023-2024;CLI-0303;Particulier;Bordeaux;Sophie Marchand;Salle de bain;SB-002;Remplacement baignoire par douche;1;3912.84;Sans réponse;2024-04-17;;0
DEV-00982;2024-04-04;2024-04;2023-2024;CLI-0352;Professionnel;Bordeaux;Karim Belkacem;Salle de bain;SB-002;Remplacement baignoire par douche;1;7072.04;Accepté;2024-04-13;4;1
DEV-00983;2024-04-05;2024-04;2023-2024;CLI-0161;Particulier;Bordeaux;Sophie Marchand;Chauffage;CH-005;Désembouage circuit chauffage;1;771.02;Accepté;2024-04-10;9;0
DEV-00984;2024-04-05;2024-04;2023-2024;CLI-0417;Particulier;Toulouse;Julien Fabre;Plomberie;PR-004;Remplacement colonne d'évacuation;1;5858.16;Sans réponse;2024-05-15;16;2
DEV-00985;2024-04-05;2024-04;2023-2024;CLI-0407;Collectivité;Toulouse;Nadia Cherif;Chauffage;CH-004;Remplacement radiateurs (lot de 5);1;5483.98;Refusé;2024-04-19;13;1
DEV-00986;2024-04-08;2024-04;2023-2024;CLI-0019;Particulier;Bordeaux;Sophie Marchand;Plomberie;PR-003;Réfection réseau eau appartement;1;3019.32;Sans réponse;2024-04-21;9;1
DEV-00987;2024-04-08;2024-04;2023-2024;CLI-0177;Particulier;Toulouse;Nadia Cherif;Chauffage;CH-004;Remplacement radiateurs (lot de 5);1;2692.05;Sans réponse;2024-05-01;13;1
DEV-00988;2024-04-08;2024-04;2023-2024;CLI-0003;Professionnel;Toulouse;Julien Fabre;Dépannage;DP-004;Remise en service chaudière;1;458.44;Accepté;2024-05-07;5;4
DEV-00989;2024-04-08;2024-04;2023-2024;CLI-0134;Particulier;Toulouse;Nadia Cherif;Électricité;EL-002;Installation borne de recharge VE;1;1305.72;Accepté;2024-05-07;8;2
DEV-00990;2024-04-09;2024-04;2023-2024;CLI-0399;Syndic;Toulouse;Julien Fabre;Dépannage;DP-003;Dépannage électrique urgence;1;609.69;Accepté;2024-05-18;7;1
DEV-00991;2024-04-09;2024-04;2023-2024;CLI-0060;Particulier;Toulouse;Nadia Cherif;Salle de bain;SB-003;Pose meuble vasque + robinetterie;2;2641.63;Accepté;2024-05-21;7;1
DEV-00992;2024-04-09;2024-04;2023-2024;CLI-0269;Particulier;Toulouse;Nadia Cherif;Dépannage;DP-001;Dépannage plomberie urgence;2;561.34;Accepté;2024-05-20;1;2
DEV-00993;2024-04-09;2024-04;2023-2024;CLI-0172;Particulier;Bordeaux;Karim Belkacem;Plomberie;PR-001;Remplacement chauffe-eau 200 L;1;1183.08;Accepté;2024-04-22;5;1
DEV-00994;2024-04-10;2024-04;2023-2024;CLI-0402;Particulier;Bordeaux;Karim Belkacem;Salle de bain;SB-003;Pose meuble vasque + robinetterie;1;1162.35;Accepté;2024-05-03;11;1
DEV-00995;2024-04-10;2024-04;2023-2024;CLI-0043;Particulier;Toulouse;Nadia Cherif;Dépannage;DP-004;Remise en service chaudière;1;245.71;Sans réponse;2024-04-13;;0
DEV-00996;2024-04-11;2024-04;2023-2024;CLI-0411;Professionnel;Bordeaux;Sophie Marchand;Salle de bain;SB-001;Rénovation salle de bain complète;1;16034.35;Sans réponse;2024-04-21;;0
DEV-00997;2024-04-11;2024-04;2023-2024;CLI-0185;Particulier;Bordeaux;Sophie Marchand;Salle de bain;SB-003;Pose meuble vasque + robinetterie;1;1292.12;Accepté;2024-05-09;6;1
DEV-00998;2024-04-11;2024-04;2023-2024;CLI-0020;Particulier;Bordeaux;Sophie Marchand;Dépannage;DP-001;Dépannage plomberie urgence;1;280.87;Accepté;2024-05-21;;0
DEV-00999;2024-04-12;2024-04;2023-2024;CLI-0395;Particulier;Bordeaux;Sophie Marchand;Salle de bain;SB-002;Remplacement baignoire par douche;1;3276.68;Refusé;2024-04-21;;0
DEV-01000;2024-04-12;2024-04;2023-2024;CLI-0020;Particulier;Bordeaux;Sophie Marchand;Salle de bain;SB-001;Rénovation salle de bain complète;1;8551.56;Accepté;2024-04-26;3;2
DEV-01001;2024-04-15;2024-04;2023-2024;CLI-0312;Professionnel;Toulouse;Nadia Cherif;Salle de bain;SB-002;Remplacement baignoire par douche;1;5642.0;Refusé;2024-04-24;;0
DEV-01002;2024-04-15;2024-04;2023-2024;CLI-0093;Professionnel;Bordeaux;Karim Belkacem;Salle de bain;SB-003;Pose meuble vasque + robinetterie;1;1814.63;Sans réponse;2024-05-07;9;2
DEV-01003;2024-04-15;2024-04;2023-2024;CLI-0145;Collectivité;Bordeaux;Karim Belkacem;Salle de bain;SB-002;Remplacement baignoire par douche;1;8773.04;Sans réponse;2024-05-07;3;2
DEV-01004;2024-04-15;2024-04;2023-2024;CLI-0127;Particulier;Toulouse;Julien Fabre;Dépannage;DP-001;Dépannage plomberie urgence;1;262.48;Sans réponse;2024-04-27;9;1
DEV-01005;2024-04-16;2024-04;2023-2024;CLI-0208;Particulier;Bordeaux;Sophie Marchand;Salle de bain;SB-002;Remplacement baignoire par douche;1;3890.29;Accepté;2024-05-09;11;2
DEV-01006;2024-04-16;2024-04;2023-2024;CLI-0392;Syndic;Bordeaux;Karim Belkacem;Électricité;EL-001;Mise aux normes tableau électrique;1;4034.31;Sans réponse;2024-05-11;7;1
DEV-01007;2024-04-16;2024-04;2023-2024;CLI-0171;Syndic;Toulouse;Nadia Cherif;Électricité;EL-003;Rénovation électrique complète;1;20742.02;Sans réponse;2024-05-14;3;2
DEV-01008;2024-04-17;2024-04;2023-2024;CLI-0327;Professionnel;Toulouse;Nadia Cherif;Salle de bain;SB-003;Pose meuble vasque + robinetterie;1;1943.9;Refusé;2024-05-11;10;1
DEV-01009;2024-04-17;2024-04;2023-2024;CLI-0200;Particulier;Bordeaux;Karim Belkacem;Salle de bain;SB-002;Remplacement baignoire par douche;1;4065.1;Sans réponse;2024-05-11;9;1
DEV-01010;2024-04-17;2024-04;2023-2024;CLI-0132;Particulier;Toulouse;Nadia Cherif;Électricité;EL-004;Éclairage LED locaux professionnels;1;3845.67;Accepté;2024-05-05;2;1
DEV-01011;2024-04-18;2024-04;2023-2024;CLI-0156;Particulier;Bordeaux;Sophie Marchand;Électricité;EL-001;Mise aux normes tableau électrique;1;2013.61;Sans réponse;2024-06-01;8;1
DEV-01012;2024-04-18;2024-04;2023-2024;CLI-0441;Professionnel;Bordeaux;Sophie Marchand;Salle de bain;SB-003;Pose meuble vasque + robinetterie;1;2224.53;Sans réponse;2024-05-26;;0
DEV-01013;2024-04-18;2024-04;2023-2024;CLI-0383;Particulier;Bordeaux;Karim Belkacem;Dépannage;DP-003;Dépannage électrique urgence;1;273.37;Accepté;2024-05-04;7;2
DEV-01014;2024-04-18;2024-04;2023-2024;CLI-0391;Syndic;Bordeaux;Karim Belkacem;Salle de bain;SB-001;Rénovation salle de bain complète;1;18398.65;Sans réponse;2024-04-28;;0
DEV-01015;2024-04-19;2024-04;2023-2024;CLI-0058;Particulier;Toulouse;Julien Fabre;Dépannage;DP-002;Débouchage canalisation;2;762.4;Sans réponse;2024-05-23;10;1
DEV-01016;2024-04-22;2024-04;2023-2024;CLI-0282;Particulier;Bordeaux;Sophie Marchand;Chauffage;CH-005;Désembouage circuit chauffage;1;715.03;Accepté;2024-05-07;7;1
DEV-01017;2024-04-23;2024-04;2023-2024;CLI-0209;Particulier;Toulouse;Nadia Cherif;Dépannage;DP-001;Dépannage plomberie urgence;1;259.37;Accepté;2024-06-01;6;1
DEV-01018;2024-04-23;2024-04;2023-2024;CLI-0390;Particulier;Bordeaux;Karim Belkacem;Plomberie;PR-003;Réfection réseau eau appartement;1;2859.76;Sans réponse;2024-05-19;;0
DEV-01019;2024-04-23;2024-04;2023-2024;CLI-0335;Syndic;Bordeaux;Sophie Marchand;Plomberie;PR-002;Recherche de fuite + réparation;2;1869.91;Refusé;2024-05-18;5;2
DEV-01020;2024-04-24;2024-04;2023-2024;CLI-0052;Particulier;Toulouse;Nadia Cherif;Dépannage;DP-004;Remise en service chaudière;2;511.56;Accepté;2024-05-13;9;1
DEV-01021;2024-04-24;2024-04;2023-2024;CLI-0206;Syndic;Toulouse;Julien Fabre;Plomberie;PR-001;Remplacement chauffe-eau 200 L;1;3014.3;Sans réponse;2024-05-03;;0
DEV-01022;2024-04-24;2024-04;2023-2024;CLI-0213;Professionnel;Bordeaux;Karim Belkacem;Plomberie;PR-002;Recherche de fuite + réparation;3;2354.75;Sans réponse;2024-04-27;4;0
DEV-01023;2024-04-25;2024-04;2023-2024;CLI-0389;Professionnel;Bordeaux;Sophie Marchand;Électricité;EL-001;Mise aux normes tableau électrique;3;9129.41;Accepté;2024-05-12;7;2
DEV-01024;2024-04-25;2024-04;2023-2024;CLI-0387;Particulier;Toulouse;Nadia Cherif;Plomberie;PR-001;Remplacement chauffe-eau 200 L;1;1396.56;Accepté;2024-05-29;;0
DEV-01025;2024-04-26;2024-04;2023-2024;CLI-0377;Professionnel;Bordeaux;Sophie Marchand;Plomberie;PR-001;Remplacement chauffe-eau 200 L;2;3833.66;Refusé;2024-05-05;6;1
DEV-01026;2024-04-26;2024-04;2023-2024;CLI-0324;Particulier;Bordeaux;Sophie Marchand;Chauffage;CH-004;Remplacement radiateurs (lot de 5);1;2768.04;Sans réponse;2024-05-29;15;2
DEV-01027;2024-04-29;2024-04;2023-2024;CLI-0078;Collectivité;Toulouse;Nadia Cherif;Dépannage;DP-004;Remise en service chaudière;1;491.52;Refusé;2024-06-02;6;2
DEV-01028;2024-04-29;2024-04;2023-2024;CLI-0401;Particulier;Toulouse;Julien Fabre;Salle de bain;SB-002;Remplacement baignoire par douche;1;3831.64;Sans réponse;2024-05-11;12;1
DEV-01029;2024-04-29;2024-04;2023-2024;CLI-0233;Particulier;Toulouse;Julien Fabre;Salle de bain;SB-003;Pose meuble vasque + robinetterie;1;1203.53;Sans réponse;2024-05-24;14;1
DEV-01030;2024-04-30;2024-04;2023-2024;CLI-0218;Syndic;Bordeaux;Sophie Marchand;Plomberie;PR-001;Remplacement chauffe-eau 200 L;1;2444.85;Accepté;2024-05-09;2;1
DEV-01031;2024-04-30;2024-04;2023-2024;CLI-0146;Particulier;Bordeaux;Sophie Marchand;Plomberie;PR-004;Remplacement colonne d'évacuation;1;5791.26;Sans réponse;2024-06-18;5;1
DEV-01032;2024-04-30;2024-04;2023-2024;CLI-0430;Particulier;Toulouse;Nadia Cherif;Électricité;EL-002;Installation borne de recharge VE;1;1509.5;Accepté;2024-05-30;2;1
DEV-01033;2024-04-30;2024-04;2023-2024;CLI-0460;Professionnel;Toulouse;Julien Fabre;Chauffage;CH-001;Installation chaudière gaz condensation;1;8264.35;Accepté;2024-05-19;9;1
DEV-01034;2024-05-01;2024-05;2023-2024;CLI-0132;Particulier;Toulouse;Julien Fabre;Dépannage;DP-002;Débouchage canalisation;1;369.81;Accepté;2024-05-27;18;1
DEV-01035;2024-05-01;2024-05;2023-2024;CLI-0145;Collectivité;Bordeaux;Sophie Marchand;Plomberie;PR-001;Remplacement chauffe-eau 200 L;1;3338.55;Accepté;2024-05-18;11;1
DEV-01036;2024-05-02;2024-05;2023-2024;CLI-0156;Particulier;Bordeaux;Karim Belkacem;Électricité;EL-003;Rénovation électrique complète;1;9227.27;Accepté;2024-05-11;7;1
DEV-01037;2024-05-02;2024-05;2023-2024;CLI-0151;Syndic;Bordeaux;Sophie Marchand;Électricité;EL-002;Installation borne de recharge VE;1;2861.0;Accepté;2024-05-21;6;2
DEV-01038;2024-05-03;2024-05;2023-2024;CLI-0107;Particulier;Toulouse;Nadia Cherif;Plomberie;PR-003;Réfection réseau eau appartement;1;3249.29;Sans réponse;2024-05-09;11;0
DEV-01039;2024-05-03;2024-05;2023-2024;CLI-0438;Particulier;Toulouse;Nadia Cherif;Salle de bain;SB-002;Remplacement baignoire par douche;1;3715.79;Sans réponse;2024-05-26;;0
DEV-01040;2024-05-03;2024-05;2023-2024;CLI-0420;Syndic;Toulouse;Julien Fabre;Plomberie;PR-001;Remplacement chauffe-eau 200 L;1;2959.67;Sans réponse;2024-06-05;11;1
DEV-01041;2024-05-06;2024-05;2023-2024;CLI-0455;Particulier;Toulouse;Nadia Cherif;Salle de bain;SB-001;Rénovation salle de bain complète;1;11316.93;Refusé;2024-06-08;7;1
DEV-01042;2024-05-06;2024-05;2023-2024;CLI-0018;Particulier;Bordeaux;Karim Belkacem;Électricité;EL-002;Installation borne de recharge VE;3;5144.94;Accepté;2024-06-03;5;2
DEV-01043;2024-05-06;2024-05;2023-2024;CLI-0432;Professionnel;Bordeaux;Sophie Marchand;Dépannage;DP-004;Remise en service chaudière;1;444.83;Accepté;2024-05-21;7;2
DEV-01044;2024-05-06;2024-05;2023-2024;CLI-0332;Particulier;Bordeaux;Sophie Marchand;Chauffage;CH-001;Installation chaudière gaz condensation;1;5403.18;Accepté;2024-06-08;;0
DEV-01045;2024-05-07;2024-05;2023-2024;CLI-0459;Professionnel;Bordeaux;Karim Belkacem;Plomberie;PR-001;Remplacement chauffe-eau 200 L;1;2382.19;Sans réponse;2024-05-22;2;2
DEV-01046;2024-05-07;2024-05;2023-2024;CLI-0078;Collectivité;Toulouse;Nadia Cherif;Salle de bain;SB-002;Remplacement baignoire par douche;1;9870.25;Sans réponse;2024-05-14;;0
DEV-01047;2024-05-07;2024-05;2023-2024;CLI-0179;Professionnel;Bordeaux;Karim Belkacem;Salle de bain;SB-001;Rénovation salle de bain complète;1;18103.02;Refusé;2024-05-27;6;2
DEV-01048;2024-05-08;2024-05;2023-2024;CLI-0185;Particulier;Bordeaux;Karim Belkacem;Salle de bain;SB-002;Remplacement baignoire par douche;1;3678.0;Refusé;2024-05-13;8;0
DEV-01049;2024-05-09;2024-05;2023-2024;CLI-0256;Particulier;Bordeaux;Sophie Marchand;Électricité;EL-004;Éclairage LED locaux professionnels;1;3078.17;Accepté;2024-05-22;8;1
DEV-01050;2024-05-09;2024-05;2023-2024;CLI-0437;Syndic;Bordeaux;Sophie Marchand;Plomberie;PR-003;Réfection réseau eau appartement;2;12123.76;Refusé;2024-05-12;4;0
DEV-01051;2024-05-09;2024-05;2023-2024;CLI-0226;Particulier;Bordeaux;Sophie Marchand;Salle de bain;SB-002;Remplacement baignoire par douche;1;3783.44;Sans réponse;2024-05-22;;0
DEV-01052;2024-05-10;2024-05;2023-2024;CLI-0455;Particulier;Toulouse;Julien Fabre;Dépannage;DP-001;Dépannage plomberie urgence;1;286.33;Accepté;2024-06-03;6;2
DEV-01053;2024-05-13;2024-05;2023-2024;CLI-0059;Particulier;Bordeaux;Sophie Marchand;Salle de bain;SB-001;Rénovation salle de bain complète;1;10368.43;Sans réponse;2024-06-09;6;3
DEV-01054;2024-05-13;2024-05;2023-2024;CLI-0032;Particulier;Toulouse;Julien Fabre;Électricité;EL-003;Rénovation électrique complète;1;9601.5;Sans réponse;2024-06-12;6;2
DEV-01055;2024-05-13;2024-05;2023-2024;CLI-0354;Particulier;Bordeaux;Sophie Marchand;Plomberie;PR-004;Remplacement colonne d'évacuation;1;5195.01;Accepté;2024-05-28;9;1
DEV-01056;2024-05-14;2024-05;2023-2024;CLI-0249;Particulier;Toulouse;Julien Fabre;Salle de bain;SB-002;Remplacement baignoire par douche;1;3970.04;Accepté;2024-06-08;11;1
DEV-01057;2024-05-14;2024-05;2023-2024;CLI-0194;Syndic;Toulouse;Julien Fabre;Électricité;EL-002;Installation borne de recharge VE;1;3159.88;Accepté;2024-06-14;;0
DEV-01058;2024-05-15;2024-05;2023-2024;CLI-0218;Syndic;Bordeaux;Karim Belkacem;Électricité;EL-004;Éclairage LED locaux professionnels;2;12559.48;Sans réponse;2024-05-19;;0
DEV-01059;2024-05-15;2024-05;2023-2024;CLI-0394;Professionnel;Toulouse;Julien Fabre;Électricité;EL-003;Rénovation électrique complète;1;14598.81;Refusé;2024-06-28;9;1
DEV-01060;2024-05-15;2024-05;2023-2024;CLI-0378;Particulier;Bordeaux;Sophie Marchand;Salle de bain;SB-001;Rénovation salle de bain complète;1;11149.82;Refusé;2024-05-27;;0
DEV-01061;2024-05-16;2024-05;2023-2024;CLI-0044;Syndic;Bordeaux;Sophie Marchand;Électricité;EL-003;Rénovation électrique complète;1;19614.35;Sans réponse;2024-06-03;;0
DEV-01062;2024-05-16;2024-05;2023-2024;CLI-0122;Particulier;Toulouse;Julien Fabre;Salle de bain;SB-001;Rénovation salle de bain complète;1;11304.83;Accepté;2024-06-10;1;1
DEV-01063;2024-05-17;2024-05;2023-2024;CLI-0216;Particulier;Bordeaux;Karim Belkacem;Salle de bain;SB-002;Remplacement baignoire par douche;1;3248.17;Sans réponse;2024-06-17;9;2
DEV-01064;2024-05-17;2024-05;2023-2024;CLI-0103;Particulier;Toulouse;Nadia Cherif;Plomberie;PR-001;Remplacement chauffe-eau 200 L;1;1397.03;Accepté;2024-06-10;7;2
DEV-01065;2024-05-17;2024-05;2023-2024;CLI-0255;Particulier;Bordeaux;Sophie Marchand;Plomberie;PR-001;Remplacement chauffe-eau 200 L;1;1280.0;Accepté;2024-06-10;8;2
DEV-01066;2024-05-20;2024-05;2023-2024;CLI-0396;Particulier;Toulouse;Nadia Cherif;Électricité;EL-001;Mise aux normes tableau électrique;1;1809.66;Sans réponse;2024-06-03;10;1
DEV-01067;2024-05-21;2024-05;2023-2024;CLI-0304;Professionnel;Toulouse;Julien Fabre;Salle de bain;SB-002;Remplacement baignoire par douche;1;5870.1;Sans réponse;2024-05-31;9;1
DEV-01068;2024-05-21;2024-05;2023-2024;CLI-0082;Particulier;Toulouse;Julien Fabre;Chauffage;CH-004;Remplacement radiateurs (lot de 5);1;2406.79;Sans réponse;2024-06-10;;0
DEV-01069;2024-05-21;2024-05;2023-2024;CLI-0260;Professionnel;Toulouse;Nadia Cherif;Électricité;EL-003;Rénovation électrique complète;1;17920.06;Accepté;2024-06-08;6;2
DEV-01070;2024-05-22;2024-05;2023-2024;CLI-0310;Professionnel;Bordeaux;Sophie Marchand;Électricité;EL-002;Installation borne de recharge VE;1;2926.55;Refusé;2024-06-18;;0
DEV-01071;2024-05-22;2024-05;2023-2024;CLI-0137;Particulier;Bordeaux;Karim Belkacem;Électricité;EL-002;Installation borne de recharge VE;3;4445.25;Sans réponse;2024-06-16;1;2
DEV-01072;2024-05-22;2024-05;2023-2024;CLI-0380;Particulier;Toulouse;Nadia Cherif;Plomberie;PR-004;Remplacement colonne d'évacuation;1;5514.28;Refusé;2024-06-24;;0
DEV-01073;2024-05-22;2024-05;2023-2024;CLI-0436;Particulier;Bordeaux;Karim Belkacem;Dépannage;DP-002;Débouchage canalisation;1;405.15;Sans réponse;2024-06-04;;0
DEV-01074;2024-05-23;2024-05;2023-2024;CLI-0085;Particulier;Toulouse;Nadia Cherif;Salle de bain;SB-001;Rénovation salle de bain complète;1;10706.58;Accepté;2024-05-29;6;1
DEV-01075;2024-05-23;2024-05;2023-2024;CLI-0026;Particulier;Bordeaux;Sophie Marchand;Plomberie;PR-003;Réfection réseau eau appartement;1;3524.99;Accepté;2024-06-09;9;1
DEV-01076;2024-05-23;2024-05;2023-2024;CLI-0096;Particulier;Bordeaux;Karim Belkacem;Dépannage;DP-001;Dépannage plomberie urgence;1;261.71;Accepté;2024-06-26;7;3
DEV-01077;2024-05-24;2024-05;2023-2024;CLI-0257;Professionnel;Toulouse;Julien Fabre;Salle de bain;SB-003;Pose meuble vasque + robinetterie;1;2069.25;Sans réponse;2024-06-04;16;0
DEV-01078;2024-05-24;2024-05;2023-2024;CLI-0383;Particulier;Bordeaux;Sophie Marchand;Salle de bain;SB-001;Rénovation salle de bain complète;1;10609.58;Accepté;2024-06-18;8;2
DEV-01079;2024-05-24;2024-05;2023-2024;CLI-0457;Particulier;Bordeaux;Karim Belkacem;Électricité;EL-002;Installation borne de recharge VE;1;1746.5;Refusé;2024-06-10;5;2
DEV-01080;2024-05-27;2024-05;2023-2024;CLI-0213;Professionnel;Bordeaux;Sophie Marchand;Électricité;EL-004;Éclairage LED locaux professionnels;3;18432.65;Accepté;2024-06-15;7;2
DEV-01081;2024-05-27;2024-05;2023-2024;CLI-0015;Particulier;Bordeaux;Karim Belkacem;Électricité;EL-002;Installation borne de recharge VE;1;1623.26;Sans réponse;2024-06-07;1;2
DEV-01082;2024-05-28;2024-05;2023-2024;CLI-0093;Professionnel;Bordeaux;Sophie Marchand;Plomberie;PR-001;Remplacement chauffe-eau 200 L;1;2177.39;Sans réponse;2024-06-17;;0
DEV-01083;2024-05-28;2024-05;2023-2024;CLI-0163;Particulier;Toulouse;Julien Fabre;Plomberie;PR-002;Recherche de fuite + réparation;1;490.47;Accepté;2024-06-03;8;0
DEV-01084;2024-05-28;2024-05;2023-2024;CLI-0361;Particulier;Bordeaux;Karim Belkacem;Salle de bain;SB-003;Pose meuble vasque + robinetterie;1;1373.83;Refusé;2024-06-17;;0
DEV-01085;2024-05-28;2024-05;2023-2024;CLI-0394;Professionnel;Toulouse;Nadia Cherif;Salle de bain;SB-002;Remplacement baignoire par douche;1;5751.55;Refusé;2024-06-10;;0
DEV-01086;2024-05-29;2024-05;2023-2024;CLI-0017;Professionnel;Toulouse;Julien Fabre;Chauffage;CH-005;Désembouage circuit chauffage;1;1085.93;Accepté;2024-06-22;5;1
DEV-01087;2024-05-29;2024-05;2023-2024;CLI-0445;Professionnel;Bordeaux;Sophie Marchand;Salle de bain;SB-001;Rénovation salle de bain complète;1;16874.8;Sans réponse;2024-06-04;10;0
DEV-01088;2024-05-29;2024-05;2023-2024;CLI-0029;Particulier;Bordeaux;Sophie Marchand;Électricité;EL-004;Éclairage LED locaux professionnels;1;2963.01;Accepté;2024-06-28;10;1
DEV-01089;2024-05-29;2024-05;2023-2024;CLI-0472;Professionnel;Bordeaux;Karim Belkacem;Électricité;EL-003;Rénovation électrique complète;1;15383.64;Accepté;2024-07-07;6;2
DEV-01090;2024-05-30;2024-05;2023-2024;CLI-0471;Syndic;Toulouse;Nadia Cherif;Plomberie;PR-002;Recherche de fuite + réparation;1;1076.46;Refusé;2024-06-08;;0
DEV-01091;2024-05-30;2024-05;2023-2024;CLI-0122;Particulier;Toulouse;Nadia Cherif;Dépannage;DP-002;Débouchage canalisation;1;348.93;Sans réponse;2024-06-17;;0
DEV-01092;2024-05-30;2024-05;2023-2024;CLI-0370;Particulier;Toulouse;Nadia Cherif;Salle de bain;SB-003;Pose meuble vasque + robinetterie;1;1269.49;Refusé;2024-07-01;6;2
DEV-01093;2024-05-30;2024-05;2023-2024;CLI-0435;Particulier;Toulouse;Nadia Cherif;Salle de bain;SB-002;Remplacement baignoire par douche;1;3736.73;Refusé;2024-06-09;10;1
DEV-01094;2024-05-31;2024-05;2023-2024;CLI-0399;Syndic;Toulouse;Nadia Cherif;Chauffage;CH-002;Entretien annuel chaudière;1;365.22;Refusé;2024-06-18;3;1
DEV-01095;2024-05-31;2024-05;2023-2024;CLI-0045;Syndic;Bordeaux;Karim Belkacem;Plomberie;PR-004;Remplacement colonne d'évacuation;2;24610.14;Sans réponse;2024-06-21;10;1
DEV-01096;2024-05-31;2024-05;2023-2024;CLI-0218;Syndic;Bordeaux;Karim Belkacem;Électricité;EL-001;Mise aux normes tableau électrique;3;12005.99;Sans réponse;2024-06-22;;0
DEV-01097;2024-06-03;2024-06;2023-2024;CLI-0074;Particulier;Bordeaux;Karim Belkacem;Dépannage;DP-002;Débouchage canalisation;1;332.13;Accepté;2024-06-17;4;1
DEV-01098;2024-06-03;2024-06;2023-2024;CLI-0103;Particulier;Toulouse;Nadia Cherif;Plomberie;PR-004;Remplacement colonne d'évacuation;1;6131.5;Accepté;2024-06-20;3;1
DEV-01099;2024-06-04;2024-06;2023-2024;CLI-0047;Particulier;Bordeaux;Karim Belkacem;Salle de bain;SB-002;Remplacement baignoire par douche;1;3550.75;Accepté;2024-06-24;9;1
DEV-01100;2024-06-04;2024-06;2023-2024;CLI-0052;Particulier;Toulouse;Nadia Cherif;Salle de bain;SB-003;Pose meuble vasque + robinetterie;1;1241.65;Accepté;2024-06-09;5;1
DEV-01101;2024-06-04;2024-06;2023-2024;CLI-0304;Professionnel;Toulouse;Julien Fabre;Chauffage;CH-002;Entretien annuel chaudière;1;233.99;Sans réponse;2024-07-01;;0
DEV-01102;2024-06-05;2024-06;2023-2024;CLI-0450;Particulier;Bordeaux;Karim Belkacem;Plomberie;PR-002;Recherche de fuite + réparation;2;876.98;Accepté;2024-06-16;1;1
DEV-01103;2024-06-05;2024-06;2023-2024;CLI-0208;Particulier;Bordeaux;Sophie Marchand;Plomberie;PR-003;Réfection réseau eau appartement;1;3407.6;Sans réponse;2024-06-26;6;1
DEV-01104;2024-06-05;2024-06;2023-2024;CLI-0346;Particulier;Bordeaux;Sophie Marchand;Plomberie;PR-002;Recherche de fuite + réparation;1;425.1;Refusé;2024-07-02;8;1
DEV-01105;2024-06-06;2024-06;2023-2024;CLI-0022;Particulier;Bordeaux;Karim Belkacem;Plomberie;PR-004;Remplacement colonne d'évacuation;1;5287.93;Accepté;2024-06-24;;0
DEV-01106;2024-06-06;2024-06;2023-2024;CLI-0122;Particulier;Toulouse;Nadia Cherif;Salle de bain;SB-003;Pose meuble vasque + robinetterie;1;1422.28;Sans réponse;2024-06-22;12;1
DEV-01107;2024-06-06;2024-06;2023-2024;CLI-0098;Particulier;Bordeaux;Karim Belkacem;Plomberie;PR-002;Recherche de fuite + réparation;2;813.48;Sans réponse;2024-06-24;;0
DEV-01108;2024-06-07;2024-06;2023-2024;CLI-0071;Particulier;Toulouse;Julien Fabre;Salle de bain;SB-001;Rénovation salle de bain complète;1;11094.12;Sans réponse;2024-06-29;;0
DEV-01109;2024-06-07;2024-06;2023-2024;CLI-0369;Particulier;Bordeaux;Sophie Marchand;Plomberie;PR-003;Réfection réseau eau appartement;1;3605.78;Sans réponse;2024-07-02;10;2
DEV-01110;2024-06-07;2024-06;2023-2024;CLI-0189;Professionnel;Bordeaux;Sophie Marchand;Dépannage;DP-003;Dépannage électrique urgence;1;506.35;Sans réponse;2024-07-02;13;2
DEV-01111;2024-06-07;2024-06;2023-2024;CLI-0429;Syndic;Toulouse;Julien Fabre;Salle de bain;SB-001;Rénovation salle de bain complète;1;19088.0;Refusé;2024-06-11;9;0
DEV-01112;2024-06-10;2024-06;2023-2024;CLI-0236;Particulier;Toulouse;Nadia Cherif;Plomberie;PR-004;Remplacement colonne d'évacuation;2;10322.47;Sans réponse;2024-07-06;9;2
DEV-01113;2024-06-10;2024-06;2023-2024;CLI-0366;Particulier;Toulouse;Nadia Cherif;Électricité;EL-001;Mise aux normes tableau électrique;1;1771.1;Accepté;2024-07-06;;0
DEV-01114;2024-06-11;2024-06;2023-2024;CLI-0087;Particulier;Toulouse;Nadia Cherif;Plomberie;PR-001;Remplacement chauffe-eau 200 L;1;1195.23;Accepté;2024-06-28;7;1
DEV-01115;2024-06-12;2024-06;2023-2024;CLI-0221;Particulier;Bordeaux;Sophie Marchand;Plomberie;PR-002;Recherche de fuite + réparation;1;504.02;Sans réponse;2024-06-30;;0
DEV-01116;2024-06-12;2024-06;2023-2024;CLI-0394;Professionnel;Toulouse;Julien Fabre;Électricité;EL-003;Rénovation électrique complète;1;17615.0;Sans réponse;2024-06-20;10;0
DEV-01117;2024-06-12;2024-06;2023-2024;CLI-0051;Particulier;Toulouse;Julien Fabre;Salle de bain;SB-001;Rénovation salle de bain complète;1;10093.55;Sans réponse;2024-07-14;11;3
DEV-01118;2024-06-12;2024-06;2023-2024;CLI-0274;Particulier;Bordeaux;Karim Belkacem;Chauffage;CH-005;Désembouage circuit chauffage;1;769.78;Refusé;2024-07-05;1;1
DEV-01119;2024-06-13;2024-06;2023-2024;CLI-0093;Professionnel;Bordeaux;Karim Belkacem;Salle de bain;SB-003;Pose meuble vasque + robinetterie;1;2101.45;Refusé;2024-07-16;7;2
DEV-01120;2024-06-13;2024-06;2023-2024;CLI-0320;Particulier;Bordeaux;Sophie Marchand;Dépannage;DP-004;Remise en service chaudière;1;249.93;Sans réponse;2024-07-03;8;1
DEV-01121;2024-06-13;2024-06;2023-2024;CLI-0126;Particulier;Bordeaux;Karim Belkacem;Électricité;EL-003;Rénovation électrique complète;1;10190.09;Refusé;2024-07-29;2;3
DEV-01122;2024-06-13;2024-06;2023-2024;CLI-0055;Professionnel;Bordeaux;Sophie Marchand;Salle de bain;SB-001;Rénovation salle de bain complète;1;19001.76;Accepté;2024-07-04;7;2
DEV-01123;2024-06-13;2024-06;2023-2024;CLI-0350;Particulier;Bordeaux;Karim Belkacem;Salle de bain;SB-002;Remplacement baignoire par douche;1;3431.87;Sans réponse;2024-07-16;5;1
DEV-01124;2024-06-14;2024-06;2023-2024;CLI-0089;Particulier;Bordeaux;Sophie Marchand;Chauffage;CH-002;Entretien annuel chaudière;1;158.49;Sans réponse;2024-06-23;3;1
DEV-01125;2024-06-14;2024-06;2023-2024;CLI-0151;Syndic;Bordeaux;Karim Belkacem;Électricité;EL-001;Mise aux normes tableau électrique;2;7326.25;Sans réponse;2024-07-05;;0
DEV-01126;2024-06-17;2024-06;2023-2024;CLI-0127;Particulier;Toulouse;Julien Fabre;Dépannage;DP-003;Dépannage électrique urgence;1;298.54;Accepté;2024-06-22;6;0
DEV-01127;2024-06-17;2024-06;2023-2024;CLI-0120;Particulier;Toulouse;Nadia Cherif;Chauffage;CH-001;Installation chaudière gaz condensation;3;17162.34;Refusé;2024-07-04;;0
DEV-01128;2024-06-18;2024-06;2023-2024;CLI-0363;Particulier;Bordeaux;Sophie Marchand;Plomberie;PR-001;Remplacement chauffe-eau 200 L;1;1171.04;Refusé;2024-07-04;10;1
DEV-01129;2024-06-18;2024-06;2023-2024;CLI-0191;Particulier;Bordeaux;Karim Belkacem;Chauffage;CH-005;Désembouage circuit chauffage;1;639.86;Accepté;2024-07-08;2;3
DEV-01130;2024-06-19;2024-06;2023-2024;CLI-0341;Collectivité;Toulouse;Nadia Cherif;Dépannage;DP-001;Dépannage plomberie urgence;1;642.17;Refusé;2024-07-17;4;3
DEV-01131;2024-06-19;2024-06;2023-2024;CLI-0014;Particulier;Bordeaux;Sophie Marchand;Plomberie;PR-002;Recherche de fuite + réparation;1;389.83;Accepté;2024-07-14;10;1
DEV-01132;2024-06-19;2024-06;2023-2024;CLI-0390;Particulier;Bordeaux;Sophie Marchand;Plomberie;PR-003;Réfection réseau eau appartement;1;2781.42;Refusé;2024-07-02;2;1
DEV-01133;2024-06-20;2024-06;2023-2024;CLI-0365;Particulier;Toulouse;Nadia Cherif;Salle de bain;SB-001;Rénovation salle de bain complète;1;9190.39;Accepté;2024-07-16;11;1
DEV-01134;2024-06-20;2024-06;2023-2024;CLI-0365;Particulier;Toulouse;Julien Fabre;Salle de bain;SB-003;Pose meuble vasque + robinetterie;1;1366.27;Accepté;2024-07-21;2;3
DEV-01135;2024-06-20;2024-06;2023-2024;CLI-0009;Particulier;Toulouse;Nadia Cherif;Plomberie;PR-002;Recherche de fuite + réparation;1;412.87;Sans réponse;2024-06-30;1;1
DEV-01136;2024-06-20;2024-06;2023-2024;CLI-0071;Particulier;Toulouse;Nadia Cherif;Dépannage;DP-002;Débouchage canalisation;1;338.8;Accepté;2024-07-11;6;1
DEV-01137;2024-06-21;2024-06;2023-2024;CLI-0489;Particulier;Bordeaux;Karim Belkacem;Salle de bain;SB-001;Rénovation salle de bain complète;1;10598.23;Sans réponse;2024-08-07;1;4
DEV-01138;2024-06-21;2024-06;2023-2024;CLI-0129;Professionnel;Toulouse;Julien Fabre;Électricité;EL-003;Rénovation électrique complète;1;16445.88;Accepté;2024-07-02;5;1
DEV-01139;2024-06-24;2024-06;2023-2024;CLI-0221;Particulier;Bordeaux;Karim Belkacem;Dépannage;DP-002;Débouchage canalisation;3;1017.69;Accepté;2024-07-09;5;2
DEV-01140;2024-06-24;2024-06;2023-2024;CLI-0317;Particulier;Bordeaux;Sophie Marchand;Salle de bain;SB-003;Pose meuble vasque + robinetterie;1;1110.1;Accepté;2024-07-06;7;1
DEV-01141;2024-06-24;2024-06;2023-2024;CLI-0476;Particulier;Bordeaux;Sophie Marchand;Salle de bain;SB-002;Remplacement baignoire par douche;1;3980.64;Accepté;2024-07-16;7;1
DEV-01142;2024-06-25;2024-06;2023-2024;CLI-0287;Particulier;Toulouse;Julien Fabre;Plomberie;PR-002;Recherche de fuite + réparation;1;408.84;Sans réponse;2024-07-15;9;2
DEV-01143;2024-06-25;2024-06;2023-2024;CLI-0269;Particulier;Toulouse;Nadia Cherif;Dépannage;DP-001;Dépannage plomberie urgence;1;265.17;Accepté;2024-08-14;2;3
DEV-01144;2024-06-25;2024-06;2023-2024;CLI-0159;Syndic;Bordeaux;Karim Belkacem;Électricité;EL-002;Installation borne de recharge VE;1;2966.04;Refusé;2024-07-19;;0
DEV-01145;2024-06-25;2024-06;2023-2024;CLI-0248;Particulier;Bordeaux;Karim Belkacem;Plomberie;PR-004;Remplacement colonne d'évacuation;1;5596.79;Sans réponse;2024-07-31;10;2
DEV-01146;2024-06-26;2024-06;2023-2024;CLI-0133;Syndic;Bordeaux;Sophie Marchand;Dépannage;DP-003;Dépannage électrique urgence;1;744.34;Sans réponse;2024-07-31;;0
DEV-01147;2024-06-26;2024-06;2023-2024;CLI-0267;Particulier;Bordeaux;Karim Belkacem;Plomberie;PR-004;Remplacement colonne d'évacuation;1;5910.31;Accepté;2024-08-24;2;3
DEV-01148;2024-06-27;2024-06;2023-2024;CLI-0365;Particulier;Toulouse;Julien Fabre;Salle de bain;SB-002;Remplacement baignoire par douche;1;3352.11;Refusé;2024-07-07;4;1
DEV-01149;2024-06-27;2024-06;2023-2024;CLI-0155;Particulier;Bordeaux;Sophie Marchand;Électricité;EL-001;Mise aux normes tableau électrique;1;1721.06;Sans réponse;2024-07-22;14;2
DEV-01150;2024-06-27;2024-06;2023-2024;CLI-0104;Particulier;Toulouse;Nadia Cherif;Dépannage;DP-003;Dépannage électrique urgence;1;284.94;Accepté;2024-07-29;8;1
DEV-01151;2024-06-27;2024-06;2023-2024;CLI-0461;Particulier;Toulouse;Julien Fabre;Électricité;EL-004;Éclairage LED locaux professionnels;1;2984.8;Accepté;2024-07-25;5;3
DEV-01152;2024-06-28;2024-06;2023-2024;CLI-0023;Particulier;Toulouse;Nadia Cherif;Plomberie;PR-001;Remplacement chauffe-eau 200 L;2;2354.66;Sans réponse;2024-07-13;;0
DEV-01153;2024-06-28;2024-06;2023-2024;CLI-0250;Syndic;Toulouse;Julien Fabre;Dépannage;DP-003;Dépannage électrique urgence;3;1966.77;Refusé;2024-07-21;2;2
DEV-01154;2024-06-28;2024-06;2023-2024;CLI-0433;Particulier;Toulouse;Nadia Cherif;Dépannage;DP-004;Remise en service chaudière;1;246.93;Sans réponse;2024-07-21;9;1
DEV-01155;2024-07-01;2024-07;2024-2025;CLI-0094;Professionnel;Toulouse;Nadia Cherif;Salle de bain;SB-001;Rénovation salle de bain complète;1;18960.99;Accepté;2024-08-08;4;1
DEV-01156;2024-07-01;2024-07;2024-2025;CLI-0333;Professionnel;Toulouse;Nadia Cherif;Salle de bain;SB-002;Remplacement baignoire par douche;1;7181.47;Accepté;2024-07-10;5;1
DEV-01157;2024-07-01;2024-07;2024-2025;CLI-0190;Particulier;Toulouse;Julien Fabre;Électricité;EL-004;Éclairage LED locaux professionnels;3;10313.19;Sans réponse;2024-08-14;17;3
DEV-01158;2024-07-02;2024-07;2024-2025;CLI-0464;Particulier;Bordeaux;Karim Belkacem;Plomberie;PR-002;Recherche de fuite + réparation;1;405.36;Accepté;2024-08-06;4;3
DEV-01159;2024-07-03;2024-07;2024-2025;CLI-0398;Syndic;Toulouse;Julien Fabre;Salle de bain;SB-002;Remplacement baignoire par douche;1;8161.33;Accepté;2024-07-13;8;1
DEV-01160;2024-07-03;2024-07;2024-2025;CLI-0339;Particulier;Bordeaux;Sophie Marchand;Plomberie;PR-003;Réfection réseau eau appartement;1;3369.66;Sans réponse;2024-07-30;;0
DEV-01161;2024-07-03;2024-07;2024-2025;CLI-0256;Particulier;Bordeaux;Karim Belkacem;Plomberie;PR-004;Remplacement colonne d'évacuation;1;5019.68;Accepté;2024-08-01;;0
DEV-01162;2024-07-04;2024-07;2024-2025;CLI-0142;Particulier;Bordeaux;Karim Belkacem;Dépannage;DP-004;Remise en service chaudière;1;210.1;Sans réponse;2024-07-09;6;0
DEV-01163;2024-07-04;2024-07;2024-2025;CLI-0390;Particulier;Bordeaux;Sophie Marchand;Plomberie;PR-001;Remplacement chauffe-eau 200 L;1;1228.3;Sans réponse;2024-07-31;15;2
DEV-01164;2024-07-04;2024-07;2024-2025;CLI-0247;Professionnel;Bordeaux;Sophie Marchand;Plomberie;PR-004;Remplacement colonne d'évacuation;1;9072.95;Sans réponse;2024-07-17;2;2
DEV-01165;2024-07-04;2024-07;2024-2025;CLI-0266;Particulier;Toulouse;Julien Fabre;Plomberie;PR-002;Recherche de fuite + réparation;1;449.23;Accepté;2024-07-27;4;2
DEV-01166;2024-07-05;2024-07;2024-2025;CLI-0086;Particulier;Toulouse;Julien Fabre;Électricité;EL-001;Mise aux normes tableau électrique;1;1761.28;Accepté;2024-07-25;14;1
DEV-01167;2024-07-05;2024-07;2024-2025;CLI-0314;Particulier;Bordeaux;Sophie Marchand;Dépannage;DP-001;Dépannage plomberie urgence;1;251.66;Accepté;2024-07-23;1;2
DEV-01168;2024-07-05;2024-07;2024-2025;CLI-0405;Particulier;Bordeaux;Karim Belkacem;Salle de bain;SB-003;Pose meuble vasque + robinetterie;1;1371.89;Accepté;2024-08-15;1;2
DEV-01169;2024-07-08;2024-07;2024-2025;CLI-0493;Syndic;Bordeaux;Karim Belkacem;Dépannage;DP-003;Dépannage électrique urgence;1;656.25;Accepté;2024-07-27;6;1
DEV-01170;2024-07-08;2024-07;2024-2025;CLI-0051;Particulier;Toulouse;Julien Fabre;Plomberie;PR-002;Recherche de fuite + réparation;1;506.69;Sans réponse;2024-08-08;;0
DEV-01171;2024-07-08;2024-07;2024-2025;CLI-0105;Particulier;Toulouse;Julien Fabre;Salle de bain;SB-002;Remplacement baignoire par douche;1;3801.88;Accepté;2024-07-30;13;1
DEV-01172;2024-07-08;2024-07;2024-2025;CLI-0209;Particulier;Toulouse;Julien Fabre;Électricité;EL-002;Installation borne de recharge VE;2;2859.97;Sans réponse;2024-08-16;6;1
DEV-01173;2024-07-09;2024-07;2024-2025;CLI-0293;Professionnel;Toulouse;Nadia Cherif;Plomberie;PR-003;Réfection réseau eau appartement;3;14554.39;Sans réponse;2024-07-12;;0
DEV-01174;2024-07-09;2024-07;2024-2025;CLI-0189;Professionnel;Bordeaux;Karim Belkacem;Plomberie;PR-001;Remplacement chauffe-eau 200 L;1;2157.96;Accepté;2024-07-15;7;0
DEV-01175;2024-07-09;2024-07;2024-2025;CLI-0068;Particulier;Bordeaux;Sophie Marchand;Dépannage;DP-004;Remise en service chaudière;1;261.54;Accepté;2024-07-23;2;2
DEV-01176;2024-07-10;2024-07;2024-2025;CLI-0049;Particulier;Bordeaux;Sophie Marchand;Plomberie;PR-002;Recherche de fuite + réparation;1;475.29;Sans réponse;2024-08-11;4;3
DEV-01177;2024-07-10;2024-07;2024-2025;CLI-0275;Professionnel;Bordeaux;Karim Belkacem;Salle de bain;SB-002;Remplacement baignoire par douche;1;5435.66;Refusé;2024-07-20;1;1
DEV-01178;2024-07-10;2024-07;2024-2025;CLI-0281;Particulier;Bordeaux;Karim Belkacem;Salle de bain;SB-003;Pose meuble vasque + robinetterie;1;1121.73;Accepté;2024-08-08;;0
DEV-01179;2024-07-11;2024-07;2024-2025;CLI-0301;Particulier;Toulouse;Julien Fabre;Salle de bain;SB-003;Pose meuble vasque + robinetterie;2;2237.0;Accepté;2024-07-28;6;1
DEV-01180;2024-07-11;2024-07;2024-2025;CLI-0079;Particulier;Bordeaux;Sophie Marchand;Salle de bain;SB-003;Pose meuble vasque + robinetterie;1;1239.92;Refusé;2024-08-15;;0
DEV-01181;2024-07-12;2024-07;2024-2025;CLI-0422;Particulier;Bordeaux;Karim Belkacem;Électricité;EL-002;Installation borne de recharge VE;1;1431.65;Sans réponse;2024-07-18;3;1
DEV-01182;2024-07-12;2024-07;2024-2025;CLI-0282;Particulier;Bordeaux;Sophie Marchand;Dépannage;DP-001;Dépannage plomberie urgence;1;244.5;Refusé;2024-08-18;10;2
DEV-01183;2024-07-12;2024-07;2024-2025;CLI-0179;Professionnel;Bordeaux;Karim Belkacem;Plomberie;PR-004;Remplacement colonne d'évacuation;1;9964.63;Accepté;2024-08-15;9;3
DEV-01184;2024-07-15;2024-07;2024-2025;CLI-0269;Particulier;Toulouse;Nadia Cherif;Salle de bain;SB-002;Remplacement baignoire par douche;2;7474.97;Accepté;2024-08-13;10;2
DEV-01185;2024-07-16;2024-07;2024-2025;CLI-0330;Particulier;Toulouse;Julien Fabre;Plomberie;PR-001;Remplacement chauffe-eau 200 L;1;1252.27;Accepté;2024-08-31;6;1
DEV-01186;2024-07-16;2024-07;2024-2025;CLI-0493;Syndic;Bordeaux;Karim Belkacem;Électricité;EL-003;Rénovation électrique complète;1;17997.29;Refusé;2024-08-01;;0
DEV-01187;2024-07-16;2024-07;2024-2025;CLI-0184;Particulier;Toulouse;Julien Fabre;Dépannage;DP-002;Débouchage canalisation;1;411.82;Sans réponse;2024-07-26;12;0
DEV-01188;2024-07-17;2024-07;2024-2025;CLI-0017;Professionnel;Toulouse;Julien Fabre;Dépannage;DP-003;Dépannage électrique urgence;1;523.71;Sans réponse;2024-08-24;9;3
DEV-01189;2024-07-17;2024-07;2024-2025;CLI-0230;Professionnel;Bordeaux;Sophie Marchand;Électricité;EL-004;Éclairage LED locaux professionnels;3;15446.55;Sans réponse;2024-08-17;8;4
DEV-01190;2024-07-17;2024-07;2024-2025;CLI-0254;Particulier;Toulouse;Nadia Cherif;Salle de bain;SB-001;Rénovation salle de bain complète;1;8816.68;Sans réponse;2024-08-09;;0
DEV-01191;2024-07-18;2024-07;2024-2025;CLI-0495;Syndic;Bordeaux;Karim Belkacem;Électricité;EL-001;Mise aux normes tableau électrique;1;3795.2;Accepté;2024-07-23;5;1
DEV-01192;2024-07-19;2024-07;2024-2025;CLI-0154;Particulier;Bordeaux;Karim Belkacem;Électricité;EL-004;Éclairage LED locaux professionnels;1;3001.22;Accepté;2024-07-26;12;0
DEV-01193;2024-07-19;2024-07;2024-2025;CLI-0168;Particulier;Bordeaux;Karim Belkacem;Dépannage;DP-001;Dépannage plomberie urgence;2;515.78;Accepté;2024-07-29;1;1
DEV-01194;2024-07-19;2024-07;2024-2025;CLI-0050;Particulier;Toulouse;Julien Fabre;Chauffage;CH-002;Entretien annuel chaudière;1;161.82;Refusé;2024-08-20;12;2
DEV-01195;2024-07-22;2024-07;2024-2025;CLI-0137;Particulier;Bordeaux;Sophie Marchand;Plomberie;PR-002;Recherche de fuite + réparation;1;489.48;Refusé;2024-08-12;8;3
DEV-01196;2024-07-22;2024-07;2024-2025;CLI-0154;Particulier;Bordeaux;Karim Belkacem;Dépannage;DP-001;Dépannage plomberie urgence;1;295.17;Refusé;2024-08-14;;0
DEV-01197;2024-07-22;2024-07;2024-2025;CLI-0198;Syndic;Bordeaux;Sophie Marchand;Électricité;EL-001;Mise aux normes tableau électrique;1;3207.1;Refusé;2024-08-06;6;1
DEV-01198;2024-07-22;2024-07;2024-2025;CLI-0262;Particulier;Toulouse;Nadia Cherif;Salle de bain;SB-002;Remplacement baignoire par douche;1;3453.0;Refusé;2024-09-05;;0
DEV-01199;2024-07-22;2024-07;2024-2025;CLI-0409;Professionnel;Toulouse;Julien Fabre;Salle de bain;SB-001;Rénovation salle de bain complète;1;18135.35;Refusé;2024-08-13;;0
DEV-01200;2024-07-23;2024-07;2024-2025;CLI-0140;Syndic;Toulouse;Julien Fabre;Dépannage;DP-001;Dépannage plomberie urgence;1;660.59;Sans réponse;2024-08-15;5;2
DEV-01201;2024-07-23;2024-07;2024-2025;CLI-0217;Particulier;Bordeaux;Sophie Marchand;Électricité;EL-001;Mise aux normes tableau électrique;1;1609.32;Refusé;2024-08-21;;0
DEV-01202;2024-07-23;2024-07;2024-2025;CLI-0074;Particulier;Bordeaux;Karim Belkacem;Salle de bain;SB-001;Rénovation salle de bain complète;1;9206.06;Refusé;2024-08-25;5;1
DEV-01203;2024-07-24;2024-07;2024-2025;CLI-0495;Syndic;Bordeaux;Sophie Marchand;Chauffage;CH-001;Installation chaudière gaz condensation;1;10848.69;Refusé;2024-09-03;;0
DEV-01204;2024-07-24;2024-07;2024-2025;CLI-0015;Particulier;Bordeaux;Sophie Marchand;Plomberie;PR-002;Recherche de fuite + réparation;1;498.49;Refusé;2024-08-19;9;2
DEV-01205;2024-07-24;2024-07;2024-2025;CLI-0054;Particulier;Bordeaux;Karim Belkacem;Dépannage;DP-002;Débouchage canalisation;1;355.44;Accepté;2024-07-31;7;1
DEV-01206;2024-07-24;2024-07;2024-2025;CLI-0273;Particulier;Bordeaux;Karim Belkacem;Salle de bain;SB-003;Pose meuble vasque + robinetterie;1;1133.8;Sans réponse;2024-09-02;10;3
DEV-01207;2024-07-24;2024-07;2024-2025;CLI-0415;Particulier;Bordeaux;Karim Belkacem;Plomberie;PR-001;Remplacement chauffe-eau 200 L;1;1153.43;Refusé;2024-07-30;8;0
DEV-01208;2024-07-25;2024-07;2024-2025;CLI-0169;Professionnel;Bordeaux;Karim Belkacem;Salle de bain;SB-003;Pose meuble vasque + robinetterie;1;2261.21;Sans réponse;2024-08-09;6;1
DEV-01209;2024-07-25;2024-07;2024-2025;CLI-0184;Particulier;Toulouse;Nadia Cherif;Dépannage;DP-002;Débouchage canalisation;1;334.11;Accepté;2024-08-20;3;3
DEV-01210;2024-07-26;2024-07;2024-2025;CLI-0105;Particulier;Toulouse;Julien Fabre;Plomberie;PR-003;Réfection réseau eau appartement;1;3558.45;Refusé;2024-08-03;8;1
DEV-01211;2024-07-26;2024-07;2024-2025;CLI-0002;Particulier;Bordeaux;Karim Belkacem;Dépannage;DP-003;Dépannage électrique urgence;1;294.66;Accepté;2024-09-06;6;2
DEV-01212;2024-07-26;2024-07;2024-2025;CLI-0250;Syndic;Toulouse;Nadia Cherif;Électricité;EL-004;Éclairage LED locaux professionnels;1;7503.78;Sans réponse;2024-08-24;4;1
DEV-01213;2024-07-29;2024-07;2024-2025;CLI-0421;Particulier;Bordeaux;Sophie Marchand;Électricité;EL-004;Éclairage LED locaux professionnels;1;3606.63;Accepté;2024-08-12;7;1
DEV-01214;2024-07-29;2024-07;2024-2025;CLI-0007;Particulier;Toulouse;Nadia Cherif;Plomberie;PR-004;Remplacement colonne d'évacuation;1;5229.01;Sans réponse;2024-09-03;;0
DEV-01215;2024-07-29;2024-07;2024-2025;CLI-0318;Particulier;Toulouse;Nadia Cherif;Salle de bain;SB-003;Pose meuble vasque + robinetterie;3;4278.66;Sans réponse;2024-09-13;5;2
DEV-01216;2024-07-30;2024-07;2024-2025;CLI-0115;Particulier;Bordeaux;Sophie Marchand;Salle de bain;SB-003;Pose meuble vasque + robinetterie;1;1173.46;Refusé;2024-09-01;3;1
DEV-01217;2024-07-30;2024-07;2024-2025;CLI-0076;Particulier;Toulouse;Julien Fabre;Chauffage;CH-003;Installation pompe à chaleur air/eau;1;15049.08;Refusé;2024-08-29;;0
DEV-01218;2024-07-30;2024-07;2024-2025;CLI-0200;Particulier;Bordeaux;Sophie Marchand;Électricité;EL-004;Éclairage LED locaux professionnels;1;3111.95;Accepté;2024-09-20;9;1
DEV-01219;2024-07-31;2024-07;2024-2025;CLI-0273;Particulier;Bordeaux;Karim Belkacem;Dépannage;DP-001;Dépannage plomberie urgence;1;255.72;Refusé;2024-08-12;6;1
DEV-01220;2024-07-31;2024-07;2024-2025;CLI-0149;Particulier;Toulouse;Nadia Cherif;Électricité;EL-002;Installation borne de recharge VE;1;1707.23;Sans réponse;2024-09-01;;0
DEV-01221;2024-07-31;2024-07;2024-2025;CLI-0007;Particulier;Toulouse;Julien Fabre;Chauffage;CH-005;Désembouage circuit chauffage;1;817.95;Accepté;2024-08-08;11;0
DEV-01222;2024-08-01;2024-08;2024-2025;CLI-0414;Particulier;Toulouse;Julien Fabre;Chauffage;CH-003;Installation pompe à chaleur air/eau;1;15194.26;Refusé;2024-08-16;;0
DEV-01223;2024-08-01;2024-08;2024-2025;CLI-0091;Particulier;Bordeaux;Karim Belkacem;Chauffage;CH-005;Désembouage circuit chauffage;1;630.71;Refusé;2024-09-01;;0
DEV-01224;2024-08-01;2024-08;2024-2025;CLI-0087;Particulier;Toulouse;Julien Fabre;Plomberie;PR-002;Recherche de fuite + réparation;2;880.79;Refusé;2024-08-21;;0
DEV-01225;2024-08-01;2024-08;2024-2025;CLI-0065;Particulier;Bordeaux;Sophie Marchand;Électricité;EL-001;Mise aux normes tableau électrique;1;1674.58;Refusé;2024-08-09;12;0
DEV-01226;2024-08-01;2024-08;2024-2025;CLI-0388;Particulier;Toulouse;Julien Fabre;Plomberie;PR-003;Réfection réseau eau appartement;2;6064.12;Accepté;2024-08-20;7;2
DEV-01227;2024-08-02;2024-08;2024-2025;CLI-0162;Particulier;Bordeaux;Sophie Marchand;Plomberie;PR-003;Réfection réseau eau appartement;1;3466.94;Accepté;2024-08-11;4;1
DEV-01228;2024-08-02;2024-08;2024-2025;CLI-0089;Particulier;Bordeaux;Karim Belkacem;Plomberie;PR-001;Remplacement chauffe-eau 200 L;1;1414.47;Refusé;2024-08-20;10;1
DEV-01229;2024-08-02;2024-08;2024-2025;CLI-0282;Particulier;Bordeaux;Sophie Marchand;Électricité;EL-004;Éclairage LED locaux professionnels;1;3623.77;Accepté;2024-08-15;5;1
DEV-01230;2024-08-02;2024-08;2024-2025;CLI-0461;Particulier;Toulouse;Nadia Cherif;Dépannage;DP-004;Remise en service chaudière;1;253.81;Sans réponse;2024-08-19;;0
DEV-01231;2024-08-05;2024-08;2024-2025;CLI-0042;Particulier;Bordeaux;Karim Belkacem;Plomberie;PR-001;Remplacement chauffe-eau 200 L;1;1150.41;Accepté;2024-08-22;1;2
DEV-01232;2024-08-05;2024-08;2024-2025;CLI-0033;Syndic;Bordeaux;Karim Belkacem;Électricité;EL-004;Éclairage LED locaux professionnels;1;7919.89;Accepté;2024-08-13;3;1
DEV-01233;2024-08-06;2024-08;2024-2025;CLI-0485;Particulier;Toulouse;Julien Fabre;Salle de bain;SB-003;Pose meuble vasque + robinetterie;1;1108.43;Accepté;2024-08-13;7;1
DEV-01234;2024-08-06;2024-08;2024-2025;CLI-0287;Particulier;Toulouse;Julien Fabre;Dépannage;DP-003;Dépannage électrique urgence;1;314.47;Accepté;2024-08-29;1;2
DEV-01235;2024-08-06;2024-08;2024-2025;CLI-0319;Particulier;Toulouse;Nadia Cherif;Salle de bain;SB-001;Rénovation salle de bain complète;1;10496.16;Sans réponse;2024-08-11;;0
DEV-01236;2024-08-06;2024-08;2024-2025;CLI-0050;Particulier;Toulouse;Julien Fabre;Plomberie;PR-003;Réfection réseau eau appartement;1;3625.14;Accepté;2024-09-04;6;3
DEV-01237;2024-08-06;2024-08;2024-2025;CLI-0466;Collectivité;Bordeaux;Karim Belkacem;Chauffage;CH-005;Désembouage circuit chauffage;1;1872.45;Refusé;2024-08-26;;0
DEV-01238;2024-08-07;2024-08;2024-2025;CLI-0132;Particulier;Toulouse;Julien Fabre;Électricité;EL-002;Installation borne de recharge VE;1;1707.79;Sans réponse;2024-08-30;1;2
DEV-01239;2024-08-07;2024-08;2024-2025;CLI-0165;Particulier;Bordeaux;Karim Belkacem;Salle de bain;SB-002;Remplacement baignoire par douche;1;4081.2;Refusé;2024-09-05;7;1
DEV-01240;2024-08-07;2024-08;2024-2025;CLI-0002;Particulier;Bordeaux;Sophie Marchand;Salle de bain;SB-001;Rénovation salle de bain complète;1;9848.62;Accepté;2024-08-28;11;1
DEV-01241;2024-08-07;2024-08;2024-2025;CLI-0181;Professionnel;Toulouse;Julien Fabre;Électricité;EL-004;Éclairage LED locaux professionnels;1;6590.42;Refusé;2024-08-11;5;0
DEV-01242;2024-08-07;2024-08;2024-2025;CLI-0248;Particulier;Bordeaux;Sophie Marchand;Chauffage;CH-005;Désembouage circuit chauffage;1;819.35;Accepté;2024-08-20;5;1
DEV-01243;2024-08-08;2024-08;2024-2025;CLI-0397;Syndic;Bordeaux;Karim Belkacem;Salle de bain;SB-001;Rénovation salle de bain complète;1;23513.67;Accepté;2024-08-23;9;1
DEV-01244;2024-08-08;2024-08;2024-2025;CLI-0049;Particulier;Bordeaux;Karim Belkacem;Salle de bain;SB-001;Rénovation salle de bain complète;1;9747.84;Accepté;2024-08-25;4;1
DEV-01245;2024-08-08;2024-08;2024-2025;CLI-0505;Syndic;Bordeaux;Karim Belkacem;Salle de bain;SB-002;Remplacement baignoire par douche;1;8546.76;Accepté;2024-08-27;3;2
DEV-01246;2024-08-08;2024-08;2024-2025;CLI-0335;Syndic;Bordeaux;Karim Belkacem;Chauffage;CH-002;Entretien annuel chaudière;1;356.91;Sans réponse;2024-09-08;;0
DEV-01247;2024-08-08;2024-08;2024-2025;CLI-0399;Syndic;Toulouse;Nadia Cherif;Plomberie;PR-001;Remplacement chauffe-eau 200 L;1;2587.49;Accepté;2024-08-31;7;1
DEV-01248;2024-08-09;2024-08;2024-2025;CLI-0237;Particulier;Toulouse;Julien Fabre;Salle de bain;SB-001;Rénovation salle de bain complète;1;10826.52;Accepté;2024-09-03;3;1
DEV-01249;2024-08-09;2024-08;2024-2025;CLI-0272;Professionnel;Toulouse;Nadia Cherif;Plomberie;PR-004;Remplacement colonne d'évacuation;1;9835.51;Accepté;2024-09-10;4;2
DEV-01250;2024-08-09;2024-08;2024-2025;CLI-0262;Particulier;Toulouse;Nadia Cherif;Chauffage;CH-002;Entretien annuel chaudière;1;137.47;Sans réponse;2024-09-06;1;3
DEV-01251;2024-08-09;2024-08;2024-2025;CLI-0110;Particulier;Toulouse;Nadia Cherif;Dépannage;DP-001;Dépannage plomberie urgence;1;282.32;Refusé;2024-09-03;;0
DEV-01252;2024-08-12;2024-08;2024-2025;CLI-0339;Particulier;Bordeaux;Karim Belkacem;Dépannage;DP-004;Remise en service chaudière;1;213.77;Accepté;2024-09-19;3;1
DEV-01253;2024-08-12;2024-08;2024-2025;CLI-0047;Particulier;Bordeaux;Karim Belkacem;Plomberie;PR-002;Recherche de fuite + réparation;1;487.43;Refusé;2024-08-28;;0
DEV-01254;2024-08-12;2024-08;2024-2025;CLI-0113;Professionnel;Bordeaux;Sophie Marchand;Chauffage;CH-003;Installation pompe à chaleur air/eau;1;23332.83;Sans réponse;2024-10-03;8;4
DEV-01255;2024-08-12;2024-08;2024-2025;CLI-0435;Particulier;Toulouse;Nadia Cherif;Électricité;EL-003;Rénovation électrique complète;1;9308.8;Sans réponse;2024-09-12;9;2
DEV-01256;2024-08-13;2024-08;2024-2025;CLI-0249;Particulier;Toulouse;Julien Fabre;Dépannage;DP-003;Dépannage électrique urgence;1;300.76;Accepté;2024-09-02;6;2
DEV-01257;2024-08-13;2024-08;2024-2025;CLI-0141;Particulier;Bordeaux;Karim Belkacem;Électricité;EL-002;Installation borne de recharge VE;1;1728.64;Accepté;2024-08-22;10;0
DEV-01258;2024-08-13;2024-08;2024-2025;CLI-0068;Particulier;Bordeaux;Karim Belkacem;Électricité;EL-004;Éclairage LED locaux professionnels;1;3322.13;Refusé;2024-08-29;3;1
DEV-01259;2024-08-14;2024-08;2024-2025;CLI-0496;Professionnel;Toulouse;Nadia Cherif;Électricité;EL-003;Rénovation électrique complète;1;15853.98;Sans réponse;2024-09-02;;0
DEV-01260;2024-08-15;2024-08;2024-2025;CLI-0339;Particulier;Bordeaux;Sophie Marchand;Salle de bain;SB-002;Remplacement baignoire par douche;1;3218.03;Sans réponse;2024-09-02;4;2
DEV-01261;2024-08-15;2024-08;2024-2025;CLI-0484;Particulier;Bordeaux;Sophie Marchand;Plomberie;PR-004;Remplacement colonne d'évacuation;3;19686.27;Accepté;2024-09-07;5;2
DEV-01262;2024-08-16;2024-08;2024-2025;CLI-0289;Particulier;Bordeaux;Sophie Marchand;Dépannage;DP-003;Dépannage électrique urgence;3;963.52;Accepté;2024-09-05;5;2
DEV-01263;2024-08-16;2024-08;2024-2025;CLI-0260;Professionnel;Toulouse;Nadia Cherif;Électricité;EL-004;Éclairage LED locaux professionnels;1;5742.64;Refusé;2024-08-20;5;0
DEV-01264;2024-08-16;2024-08;2024-2025;CLI-0205;Professionnel;Bordeaux;Karim Belkacem;Dépannage;DP-002;Débouchage canalisation;1;692.92;Accepté;2024-09-28;;0
DEV-01265;2024-08-19;2024-08;2024-2025;CLI-0002;Particulier;Bordeaux;Karim Belkacem;Chauffage;CH-004;Remplacement radiateurs (lot de 5);1;2453.35;Sans réponse;2024-09-19;;0
DEV-01266;2024-08-20;2024-08;2024-2025;CLI-0298;Particulier;Toulouse;Nadia Cherif;Salle de bain;SB-002;Remplacement baignoire par douche;1;3333.7;Accepté;2024-09-06;8;1
DEV-01267;2024-08-20;2024-08;2024-2025;CLI-0294;Professionnel;Toulouse;Nadia Cherif;Électricité;EL-004;Éclairage LED locaux professionnels;2;11074.23;Refusé;2024-08-23;9;0
DEV-01268;2024-08-20;2024-08;2024-2025;CLI-0050;Particulier;Toulouse;Nadia Cherif;Dépannage;DP-001;Dépannage plomberie urgence;1;294.56;Accepté;2024-09-29;4;1
DEV-01269;2024-08-21;2024-08;2024-2025;CLI-0458;Particulier;Toulouse;Nadia Cherif;Électricité;EL-003;Rénovation électrique complète;1;9281.14;Sans réponse;2024-09-10;9;1
DEV-01270;2024-08-22;2024-08;2024-2025;CLI-0079;Particulier;Bordeaux;Karim Belkacem;Plomberie;PR-001;Remplacement chauffe-eau 200 L;1;1109.97;Accepté;2024-09-03;3;1
DEV-01271;2024-08-22;2024-08;2024-2025;CLI-0015;Particulier;Bordeaux;Sophie Marchand;Plomberie;PR-002;Recherche de fuite + réparation;1;477.86;Sans réponse;2024-09-11;;0
DEV-01272;2024-08-22;2024-08;2024-2025;CLI-0348;Particulier;Bordeaux;Karim Belkacem;Électricité;EL-003;Rénovation électrique complète;1;10706.0;Accepté;2024-08-25;14;0
DEV-01273;2024-08-23;2024-08;2024-2025;CLI-0420;Syndic;Toulouse;Julien Fabre;Électricité;EL-002;Installation borne de recharge VE;2;5814.48;Refusé;2024-09-07;9;1
DEV-01274;2024-08-23;2024-08;2024-2025;CLI-0239;Particulier;Bordeaux;Karim Belkacem;Plomberie;PR-002;Recherche de fuite + réparation;1;398.77;Accepté;2024-08-26;4;0
DEV-01275;2024-08-23;2024-08;2024-2025;CLI-0374;Particulier;Bordeaux;Karim Belkacem;Dépannage;DP-003;Dépannage électrique urgence;1;300.83;Accepté;2024-09-12;4;2
DEV-01276;2024-08-23;2024-08;2024-2025;CLI-0526;Particulier;Bordeaux;Sophie Marchand;Salle de bain;SB-003;Pose meuble vasque + robinetterie;1;1339.63;Refusé;2024-09-30;;0
DEV-01277;2024-08-26;2024-08;2024-2025;CLI-0033;Syndic;Bordeaux;Karim Belkacem;Plomberie;PR-001;Remplacement chauffe-eau 200 L;1;2861.92;Sans réponse;2024-09-27;7;1
DEV-01278;2024-08-26;2024-08;2024-2025;CLI-0334;Particulier;Toulouse;Nadia Cherif;Salle de bain;SB-003;Pose meuble vasque + robinetterie;1;1078.0;Accepté;2024-09-30;;0
DEV-01279;2024-08-26;2024-08;2024-2025;CLI-0461;Particulier;Toulouse;Nadia Cherif;Plomberie;PR-002;Recherche de fuite + réparation;1;438.22;Accepté;2024-09-22;16;1
DEV-01280;2024-08-26;2024-08;2024-2025;CLI-0195;Particulier;Bordeaux;Karim Belkacem;Électricité;EL-003;Rénovation électrique complète;1;10819.12;Sans réponse;2024-10-03;;0
DEV-01281;2024-08-27;2024-08;2024-2025;CLI-0509;Collectivité;Bordeaux;Sophie Marchand;Dépannage;DP-001;Dépannage plomberie urgence;1;719.05;Sans réponse;2024-09-11;7;1
DEV-01282;2024-08-27;2024-08;2024-2025;CLI-0271;Particulier;Bordeaux;Karim Belkacem;Chauffage;CH-004;Remplacement radiateurs (lot de 5);1;2295.85;Refusé;2024-09-14;5;1
DEV-01283;2024-08-27;2024-08;2024-2025;CLI-0074;Particulier;Bordeaux;Sophie Marchand;Salle de bain;SB-003;Pose meuble vasque + robinetterie;2;2682.95;Sans réponse;2024-08-30;;0
DEV-01284;2024-08-27;2024-08;2024-2025;CLI-0132;Particulier;Toulouse;Nadia Cherif;Salle de bain;SB-003;Pose meuble vasque + robinetterie;1;1108.81;Accepté;2024-09-21;1;1
DEV-01285;2024-08-28;2024-08;2024-2025;CLI-0395;Particulier;Bordeaux;Sophie Marchand;Salle de bain;SB-001;Rénovation salle de bain complète;1;9379.33;Refusé;2024-09-25;;0
DEV-01286;2024-08-28;2024-08;2024-2025;CLI-0448;Professionnel;Toulouse;Nadia Cherif;Dépannage;DP-004;Remise en service chaudière;1;432.1;Sans réponse;2024-09-06;18;0
DEV-01287;2024-08-28;2024-08;2024-2025;CLI-0442;Particulier;Toulouse;Julien Fabre;Dépannage;DP-002;Débouchage canalisation;1;366.18;Accepté;2024-09-14;3;1
DEV-01288;2024-08-29;2024-08;2024-2025;CLI-0203;Particulier;Toulouse;Nadia Cherif;Plomberie;PR-003;Réfection réseau eau appartement;1;3159.66;Refusé;2024-09-03;14;0
DEV-01289;2024-08-30;2024-08;2024-2025;CLI-0443;Collectivité;Bordeaux;Karim Belkacem;Salle de bain;SB-003;Pose meuble vasque + robinetterie;1;3029.48;Refusé;2024-10-02;10;1
DEV-01290;2024-08-30;2024-08;2024-2025;CLI-0519;Syndic;Bordeaux;Sophie Marchand;Dépannage;DP-002;Débouchage canalisation;1;782.45;Sans réponse;2024-09-20;12;2
DEV-01291;2024-08-30;2024-08;2024-2025;CLI-0494;Professionnel;Bordeaux;Sophie Marchand;Électricité;EL-004;Éclairage LED locaux professionnels;1;5316.88;Sans réponse;2024-09-25;7;1
DEV-01292;2024-09-02;2024-09;2024-2025;CLI-0318;Particulier;Toulouse;Julien Fabre;Chauffage;CH-005;Désembouage circuit chauffage;2;1560.34;Sans réponse;2024-10-01;5;1
DEV-01293;2024-09-03;2024-09;2024-2025;CLI-0258;Professionnel;Bordeaux;Karim Belkacem;Chauffage;CH-004;Remplacement radiateurs (lot de 5);1;3902.85;Accepté;2024-10-12;;0
DEV-01294;2024-09-03;2024-09;2024-2025;CLI-0280;Particulier;Bordeaux;Sophie Marchand;Chauffage;CH-005;Désembouage circuit chauffage;1;716.16;Sans réponse;2024-09-11;13;0
DEV-01295;2024-09-03;2024-09;2024-2025;CLI-0185;Particulier;Bordeaux;Sophie Marchand;Salle de bain;SB-001;Rénovation salle de bain complète;1;9447.62;Sans réponse;2024-09-14;3;1
DEV-01296;2024-09-04;2024-09;2024-2025;CLI-0092;Particulier;Toulouse;Nadia Cherif;Plomberie;PR-001;Remplacement chauffe-eau 200 L;1;1261.19;Accepté;2024-10-04;11;1
DEV-01297;2024-09-04;2024-09;2024-2025;CLI-0034;Particulier;Toulouse;Nadia Cherif;Salle de bain;SB-002;Remplacement baignoire par douche;1;3582.15;Sans réponse;2024-09-08;11;0
DEV-01298;2024-09-04;2024-09;2024-2025;CLI-0206;Syndic;Toulouse;Nadia Cherif;Électricité;EL-003;Rénovation électrique complète;1;18936.62;Sans réponse;2024-10-12;8;1
DEV-01299;2024-09-04;2024-09;2024-2025;CLI-0124;Particulier;Toulouse;Julien Fabre;Chauffage;CH-002;Entretien annuel chaudière;1;140.11;Refusé;2024-09-21;17;1
DEV-01300;2024-09-05;2024-09;2024-2025;CLI-0246;Particulier;Toulouse;Julien Fabre;Dépannage;DP-003;Dépannage électrique urgence;1;299.73;Refusé;2024-09-27;4;1
DEV-01301;2024-09-05;2024-09;2024-2025;CLI-0049;Particulier;Bordeaux;Karim Belkacem;Chauffage;CH-001;Installation chaudière gaz condensation;1;4828.06;Refusé;2024-09-17;15;0
DEV-01302;2024-09-05;2024-09;2024-2025;CLI-0322;Particulier;Bordeaux;Karim Belkacem;Dépannage;DP-002;Débouchage canalisation;1;376.1;Sans réponse;2024-10-09;12;1
DEV-01303;2024-09-06;2024-09;2024-2025;CLI-0177;Particulier;Toulouse;Nadia Cherif;Salle de bain;SB-001;Rénovation salle de bain complète;1;10792.7;Sans réponse;2024-09-24;;0
DEV-01304;2024-09-06;2024-09;2024-2025;CLI-0182;Professionnel;Bordeaux;Sophie Marchand;Salle de bain;SB-002;Remplacement baignoire par douche;2;13519.1;Refusé;2024-09-28;8;2
DEV-01305;2024-09-09;2024-09;2024-2025;CLI-0534;Particulier;Toulouse;Julien Fabre;Chauffage;CH-005;Désembouage circuit chauffage;1;840.1;Accepté;2024-09-28;9;2
DEV-01306;2024-09-09;2024-09;2024-2025;CLI-0103;Particulier;Toulouse;Julien Fabre;Salle de bain;SB-001;Rénovation salle de bain complète;1;9869.24;Sans réponse;2024-10-03;9;2
DEV-01307;2024-09-09;2024-09;2024-2025;CLI-0391;Syndic;Bordeaux;Sophie Marchand;Dépannage;DP-004;Remise en service chaudière;1;464.2;Refusé;2024-10-06;7;2
DEV-01308;2024-09-09;2024-09;2024-2025;CLI-0027;Particulier;Toulouse;Julien Fabre;Salle de bain;SB-001;Rénovation salle de bain complète;1;10384.28;Refusé;2024-10-09;9;3
DEV-01309;2024-09-10;2024-09;2024-2025;CLI-0513;Professionnel;Bordeaux;Sophie Marchand;Électricité;EL-004;Éclairage LED locaux professionnels;1;5815.41;Sans réponse;2024-10-10;11;1
DEV-01310;2024-09-10;2024-09;2024-2025;CLI-0359;Particulier;Bordeaux;Karim Belkacem;Salle de bain;SB-001;Rénovation salle de bain complète;1;11438.09;Sans réponse;2024-10-04;;0
DEV-01311;2024-09-10;2024-09;2024-2025;CLI-0247;Professionnel;Bordeaux;Sophie Marchand;Plomberie;PR-004;Remplacement colonne d'évacuation;1;10881.91;Accepté;2024-10-13;6;1
DEV-01312;2024-09-10;2024-09;2024-2025;CLI-0163;Particulier;Toulouse;Julien Fabre;Dépannage;DP-002;Débouchage canalisation;1;371.3;Refusé;2024-09-27;8;1
DEV-01313;2024-09-11;2024-09;2024-2025;CLI-0306;Particulier;Bordeaux;Karim Belkacem;Électricité;EL-004;Éclairage LED locaux professionnels;1;3251.3;Refusé;2024-09-30;;0
DEV-01314;2024-09-11;2024-09;2024-2025;CLI-0541;Professionnel;Toulouse;Nadia Cherif;Dépannage;DP-004;Remise en service chaudière;1;408.17;Sans réponse;2024-10-13;8;3
DEV-01315;2024-09-11;2024-09;2024-2025;CLI-0354;Particulier;Bordeaux;Karim Belkacem;Salle de bain;SB-003;Pose meuble vasque + robinetterie;1;1360.34;Accepté;2024-10-14;1;2
DEV-01316;2024-09-12;2024-09;2024-2025;CLI-0018;Particulier;Bordeaux;Sophie Marchand;Plomberie;PR-003;Réfection réseau eau appartement;1;3512.15;Sans réponse;2024-10-29;9;3
DEV-01317;2024-09-12;2024-09;2024-2025;CLI-0039;Particulier;Bordeaux;Karim Belkacem;Dépannage;DP-001;Dépannage plomberie urgence;1;320.02;Accepté;2024-10-10;1;1
DEV-01318;2024-09-12;2024-09;2024-2025;CLI-0485;Particulier;Toulouse;Nadia Cherif;Dépannage;DP-003;Dépannage électrique urgence;1;272.87;Refusé;2024-10-05;;0
DEV-01319;2024-09-13;2024-09;2024-2025;CLI-0305;Particulier;Toulouse;Julien Fabre;Électricité;EL-001;Mise aux normes tableau électrique;1;2012.31;Sans réponse;2024-09-18;9;0
DEV-01320;2024-09-16;2024-09;2024-2025;CLI-0311;Syndic;Toulouse;Julien Fabre;Chauffage;CH-001;Installation chaudière gaz condensation;1;9222.69;Sans réponse;2024-10-06;4;1
DEV-01321;2024-09-16;2024-09;2024-2025;CLI-0044;Syndic;Bordeaux;Karim Belkacem;Plomberie;PR-002;Recherche de fuite + réparation;1;846.05;Accepté;2024-10-08;5;2
DEV-01322;2024-09-17;2024-09;2024-2025;CLI-0148;Particulier;Bordeaux;Sophie Marchand;Salle de bain;SB-001;Rénovation salle de bain complète;1;10850.34;Sans réponse;2024-09-28;7;1
DEV-01323;2024-09-17;2024-09;2024-2025;CLI-0438;Particulier;Toulouse;Nadia Cherif;Électricité;EL-001;Mise aux normes tableau électrique;2;3331.82;Refusé;2024-10-13;5;2
DEV-01324;2024-09-17;2024-09;2024-2025;CLI-0318;Particulier;Toulouse;Julien Fabre;Dépannage;DP-003;Dépannage électrique urgence;1;360.37;Sans réponse;2024-09-24;8;0
DEV-01325;2024-09-18;2024-09;2024-2025;CLI-0159;Syndic;Bordeaux;Karim Belkacem;Plomberie;PR-001;Remplacement chauffe-eau 200 L;1;2566.17;Sans réponse;2024-09-29;;0
DEV-01326;2024-09-18;2024-09;2024-2025;CLI-0132;Particulier;Toulouse;Nadia Cherif;Chauffage;CH-003;Installation pompe à chaleur air/eau;1;12386.73;Refusé;2024-10-06;1;2
DEV-01327;2024-09-19;2024-09;2024-2025;CLI-0185;Particulier;Bordeaux;Karim Belkacem;Plomberie;PR-003;Réfection réseau eau appartement;3;10255.2;Sans réponse;2024-10-06;7;2
DEV-01328;2024-09-19;2024-09;2024-2025;CLI-0247;Professionnel;Bordeaux;Sophie Marchand;Électricité;EL-002;Installation borne de recharge VE;1;2889.15;Sans réponse;2024-10-10;5;2
DEV-01329;2024-09-19;2024-09;2024-2025;CLI-0990;Particulier;Montpellier;Thomas Rey;Plomberie;PR-004;Remplacement colonne d'évacuation;1;5767.97;Sans réponse;2024-10-04;10;1
DEV-01330;2024-09-20;2024-09;2024-2025;CLI-0350;Particulier;Bordeaux;Karim Belkacem;Chauffage;CH-004;Remplacement radiateurs (lot de 5);1;2851.33;Accepté;2024-09-30;;0
DEV-01331;2024-09-20;2024-09;2024-2025;CLI-0501;Particulier;Bordeaux;Karim Belkacem;Chauffage;CH-001;Installation chaudière gaz condensation;2;9688.37;Accepté;2024-10-03;1;2
DEV-01332;2024-09-20;2024-09;2024-2025;CLI-0021;Particulier;Bordeaux;Sophie Marchand;Électricité;EL-003;Rénovation électrique complète;1;9724.99;Sans réponse;2024-10-04;9;1
DEV-01333;2024-09-23;2024-09;2024-2025;CLI-0143;Particulier;Toulouse;Nadia Cherif;Électricité;EL-003;Rénovation électrique complète;1;9020.49;Refusé;2024-10-14;4;2
DEV-01334;2024-09-23;2024-09;2024-2025;CLI-0337;Particulier;Toulouse;Nadia Cherif;Dépannage;DP-002;Débouchage canalisation;1;323.12;Accepté;2024-10-12;;0
DEV-01335;2024-09-23;2024-09;2024-2025;CLI-0054;Particulier;Bordeaux;Sophie Marchand;Salle de bain;SB-001;Rénovation salle de bain complète;1;9921.98;Accepté;2024-09-29;;0
DEV-01336;2024-09-24;2024-09;2024-2025;CLI-0456;Professionnel;Bordeaux;Karim Belkacem;Salle de bain;SB-003;Pose meuble vasque + robinetterie;1;2123.62;Accepté;2024-10-15;6;1
DEV-01337;2024-09-24;2024-09;2024-2025;CLI-0084;Professionnel;Toulouse;Nadia Cherif;Chauffage;CH-003;Installation pompe à chaleur air/eau;1;21975.62;Accepté;2024-10-23;4;1
DEV-01338;2024-09-24;2024-09;2024-2025;CLI-0981;Collectivité;Montpellier;Thomas Rey;Dépannage;DP-003;Dépannage électrique urgence;1;803.05;Refusé;2024-10-17;6;2
DEV-01339;2024-09-25;2024-09;2024-2025;CLI-0235;Particulier;Toulouse;Julien Fabre;Chauffage;CH-001;Installation chaudière gaz condensation;1;5136.04;Refusé;2024-10-24;3;3
DEV-01340;2024-09-25;2024-09;2024-2025;CLI-0071;Particulier;Toulouse;Nadia Cherif;Dépannage;DP-002;Débouchage canalisation;3;986.61;Accepté;2024-10-26;;0
DEV-01341;2024-09-25;2024-09;2024-2025;CLI-0263;Syndic;Bordeaux;Karim Belkacem;Chauffage;CH-005;Désembouage circuit chauffage;2;3499.23;Sans réponse;2024-10-08;5;1
DEV-01342;2024-09-25;2024-09;2024-2025;CLI-0254;Particulier;Toulouse;Nadia Cherif;Plomberie;PR-002;Recherche de fuite + réparation;2;913.11;Accepté;2024-11-14;10;2
DEV-01343;2024-09-26;2024-09;2024-2025;CLI-0152;Particulier;Bordeaux;Sophie Marchand;Plomberie;PR-002;Recherche de fuite + réparation;1;438.02;Refusé;2024-10-27;11;2
DEV-01344;2024-09-26;2024-09;2024-2025;CLI-0441;Professionnel;Bordeaux;Sophie Marchand;Chauffage;CH-001;Installation chaudière gaz condensation;1;7499.45;Accepté;2024-10-06;3;1
DEV-01345;2024-09-26;2024-09;2024-2025;CLI-0206;Syndic;Toulouse;Nadia Cherif;Électricité;EL-001;Mise aux normes tableau électrique;1;3380.12;Accepté;2024-10-12;4;2
DEV-01346;2024-09-26;2024-09;2024-2025;CLI-0234;Particulier;Toulouse;Nadia Cherif;Dépannage;DP-002;Débouchage canalisation;1;418.83;Accepté;2024-10-25;;0
DEV-01347;2024-09-27;2024-09;2024-2025;CLI-0229;Particulier;Toulouse;Nadia Cherif;Plomberie;PR-003;Réfection réseau eau appartement;1;3357.38;Accepté;2024-11-05;10;2
DEV-01348;2024-09-27;2024-09;2024-2025;CLI-0501;Particulier;Bordeaux;Sophie Marchand;Électricité;EL-001;Mise aux normes tableau électrique;2;3550.23;Sans réponse;2024-10-20;3;2
DEV-01349;2024-09-27;2024-09;2024-2025;CLI-0442;Particulier;Toulouse;Julien Fabre;Électricité;EL-002;Installation borne de recharge VE;1;1356.09;Refusé;2024-10-24;6;3
DEV-01350;2024-09-27;2024-09;2024-2025;CLI-0116;Particulier;Bordeaux;Sophie Marchand;Chauffage;CH-004;Remplacement radiateurs (lot de 5);1;2930.38;Accepté;2024-10-31;9;3
DEV-01351;2024-09-30;2024-09;2024-2025;CLI-0447;Syndic;Bordeaux;Sophie Marchand;Salle de bain;SB-003;Pose meuble vasque + robinetterie;1;2795.19;Accepté;2024-10-28;5;2
DEV-01352;2024-09-30;2024-09;2024-2025;CLI-0534;Particulier;Toulouse;Nadia Cherif;Chauffage;CH-002;Entretien annuel chaudière;1;136.08;Accepté;2024-10-19;;0
DEV-01353;2024-09-30;2024-09;2024-2025;CLI-0466;Collectivité;Bordeaux;Karim Belkacem;Dépannage;DP-001;Dépannage plomberie urgence;1;761.12;Refusé;2024-10-03;6;0
DEV-01354;2024-09-30;2024-09;2024-2025;CLI-0988;Particulier;Montpellier;Thomas Rey;Dépannage;DP-001;Dépannage plomberie urgence;1;290.01;Sans réponse;2024-10-26;10;2
DEV-01355;2024-10-01;2024-10;2024-2025;CLI-0337;Particulier;Toulouse;Nadia Cherif;Dépannage;DP-002;Débouchage canalisation;1;408.06;Accepté;2024-10-08;1;1
DEV-01356;2024-10-01;2024-10;2024-2025;CLI-0204;Particulier;Toulouse;Julien Fabre;Salle de bain;SB-002;Remplacement baignoire par douche;1;3398.55;Sans réponse;2024-10-23;7;2
DEV-01357;2024-10-01;2024-10;2024-2025;CLI-0340;Particulier;Bordeaux;Karim Belkacem;Électricité;EL-001;Mise aux normes tableau électrique;1;1628.43;Refusé;2024-10-21;8;2
DEV-01358;2024-10-02;2024-10;2024-2025;CLI-0281;Particulier;Bordeaux;Sophie Marchand;Plomberie;PR-002;Recherche de fuite + réparation;1;407.01;Accepté;2024-10-10;3;1
DEV-01359;2024-10-02;2024-10;2024-2025;CLI-0022;Particulier;Bordeaux;Sophie Marchand;Dépannage;DP-001;Dépannage plomberie urgence;1;285.42;Accepté;2024-10-29;5;2
DEV-01360;2024-10-02;2024-10;2024-2025;CLI-0064;Professionnel;Toulouse;Julien Fabre;Dépannage;DP-002;Débouchage canalisation;1;716.9;Sans réponse;2024-10-14;6;2
DEV-01361;2024-10-03;2024-10;2024-2025;CLI-0285;Particulier;Bordeaux;Sophie Marchand;Chauffage;CH-005;Désembouage circuit chauffage;2;1323.3;Refusé;2024-10-20;11;1
DEV-01362;2024-10-03;2024-10;2024-2025;CLI-0046;Syndic;Toulouse;Julien Fabre;Plomberie;PR-002;Recherche de fuite + réparation;1;906.94;Refusé;2024-10-26;;0
DEV-01363;2024-10-03;2024-10;2024-2025;CLI-0264;Particulier;Toulouse;Nadia Cherif;Dépannage;DP-003;Dépannage électrique urgence;3;821.74;Refusé;2024-11-05;;0
DEV-01364;2024-10-03;2024-10;2024-2025;CLI-1013;Professionnel;Montpellier;Thomas Rey;Salle de bain;SB-001;Rénovation salle de bain complète;1;14912.48;Refusé;2024-10-10;;0
DEV-01365;2024-10-04;2024-10;2024-2025;CLI-0453;Particulier;Bordeaux;Karim Belkacem;Dépannage;DP-001;Dépannage plomberie urgence;3;790.53;Refusé;2024-10-23;1;2
DEV-01366;2024-10-04;2024-10;2024-2025;CLI-0128;Particulier;Bordeaux;Karim Belkacem;Salle de bain;SB-002;Remplacement baignoire par douche;1;4080.57;Accepté;2024-10-09;1;1
DEV-01367;2024-10-04;2024-10;2024-2025;CLI-0343;Professionnel;Bordeaux;Karim Belkacem;Chauffage;CH-004;Remplacement radiateurs (lot de 5);1;4112.99;Refusé;2024-10-19;4;1
DEV-01368;2024-10-04;2024-10;2024-2025;CLI-0150;Particulier;Bordeaux;Karim Belkacem;Chauffage;CH-001;Installation chaudière gaz condensation;1;5792.1;Accepté;2024-10-09;;0
DEV-01369;2024-10-04;2024-10;2024-2025;CLI-0977;Particulier;Montpellier;Thomas Rey;Chauffage;CH-005;Désembouage circuit chauffage;1;736.04;Sans réponse;2024-10-11;5;1
DEV-01370;2024-10-07;2024-10;2024-2025;CLI-0316;Particulier;Toulouse;Nadia Cherif;Salle de bain;SB-001;Rénovation salle de bain complète;1;11361.29;Accepté;2024-11-05;5;1
DEV-01371;2024-10-07;2024-10;2024-2025;CLI-0093;Professionnel;Bordeaux;Sophie Marchand;Salle de bain;SB-002;Remplacement baignoire par douche;1;6039.05;Refusé;2024-10-19;10;1
DEV-01372;2024-10-07;2024-10;2024-2025;CLI-0118;Particulier;Toulouse;Nadia Cherif;Plomberie;PR-001;Remplacement chauffe-eau 200 L;1;1412.19;Accepté;2024-11-07;7;1
DEV-01373;2024-10-07;2024-10;2024-2025;CLI-0177;Particulier;Toulouse;Nadia Cherif;Dépannage;DP-001;Dépannage plomberie urgence;1;290.6;Accepté;2024-10-19;5;1
DEV-01374;2024-10-08;2024-10;2024-2025;CLI-0400;Professionnel;Toulouse;Nadia Cherif;Chauffage;CH-005;Désembouage circuit chauffage;1;1123.56;Refusé;2024-11-03;9;2
DEV-01375;2024-10-08;2024-10;2024-2025;CLI-0307;Particulier;Bordeaux;Karim Belkacem;Plomberie;PR-004;Remplacement colonne d'évacuation;1;6383.97;Sans réponse;2024-10-29;5;2
DEV-01376;2024-10-08;2024-10;2024-2025;CLI-0238;Particulier;Bordeaux;Sophie Marchand;Chauffage;CH-003;Installation pompe à chaleur air/eau;1;12107.27;Accepté;2024-11-09;11;1
DEV-01377;2024-10-08;2024-10;2024-2025;CLI-1013;Professionnel;Montpellier;Thomas Rey;Chauffage;CH-004;Remplacement radiateurs (lot de 5);1;4885.31;Sans réponse;2024-11-11;13;2
DEV-01378;2024-10-09;2024-10;2024-2025;CLI-0273;Particulier;Bordeaux;Karim Belkacem;Chauffage;CH-004;Remplacement radiateurs (lot de 5);1;2273.35;Refusé;2024-10-23;10;1
DEV-01379;2024-10-09;2024-10;2024-2025;CLI-0149;Particulier;Toulouse;Nadia Cherif;Chauffage;CH-003;Installation pompe à chaleur air/eau;1;15212.54;Refusé;2024-11-07;;0
DEV-01380;2024-10-10;2024-10;2024-2025;CLI-0297;Professionnel;Bordeaux;Sophie Marchand;Salle de bain;SB-003;Pose meuble vasque + robinetterie;3;6510.99;Sans réponse;2024-11-11;14;3
DEV-01381;2024-10-11;2024-10;2024-2025;CLI-0348;Particulier;Bordeaux;Karim Belkacem;Plomberie;PR-002;Recherche de fuite + réparation;2;839.77;Sans réponse;2024-11-04;2;1
DEV-01382;2024-10-11;2024-10;2024-2025;CLI-0307;Particulier;Bordeaux;Sophie Marchand;Électricité;EL-004;Éclairage LED locaux professionnels;2;7584.43;Sans réponse;2024-11-03;;0
DEV-01383;2024-10-11;2024-10;2024-2025;CLI-0528;Particulier;Bordeaux;Sophie Marchand;Chauffage;CH-002;Entretien annuel chaudière;1;167.27;Sans réponse;2024-11-12;;0
DEV-01384;2024-10-11;2024-10;2024-2025;CLI-0409;Professionnel;Toulouse;Julien Fabre;Plomberie;PR-004;Remplacement colonne d'évacuation;3;33188.51;Sans réponse;2024-10-14;12;0
DEV-01385;2024-10-11;2024-10;2024-2025;CLI-0977;Particulier;Montpellier;Thomas Rey;Salle de bain;SB-001;Rénovation salle de bain complète;1;10179.47;Refusé;2024-11-07;14;2
DEV-01386;2024-10-14;2024-10;2024-2025;CLI-0058;Particulier;Toulouse;Nadia Cherif;Dépannage;DP-002;Débouchage canalisation;1;399.04;Sans réponse;2024-11-29;11;2
DEV-01387;2024-10-14;2024-10;2024-2025;CLI-0192;Particulier;Toulouse;Julien Fabre;Salle de bain;SB-002;Remplacement baignoire par douche;1;4241.31;Refusé;2024-10-19;;0
DEV-01388;2024-10-14;2024-10;2024-2025;CLI-0244;Professionnel;Bordeaux;Karim Belkacem;Salle de bain;SB-001;Rénovation salle de bain complète;1;18824.53;Accepté;2024-10-23;7;1
DEV-01389;2024-10-15;2024-10;2024-2025;CLI-0449;Professionnel;Bordeaux;Sophie Marchand;Chauffage;CH-005;Désembouage circuit chauffage;2;2274.88;Sans réponse;2024-11-16;9;3
DEV-01390;2024-10-15;2024-10;2024-2025;CLI-0317;Particulier;Bordeaux;Karim Belkacem;Salle de bain;SB-003;Pose meuble vasque + robinetterie;1;1356.76;Refusé;2024-11-08;6;1
DEV-01391;2024-10-15;2024-10;2024-2025;CLI-0294;Professionnel;Toulouse;Nadia Cherif;Plomberie;PR-002;Recherche de fuite + réparation;1;710.35;Accepté;2024-11-06;6;1
DEV-01392;2024-10-16;2024-10;2024-2025;CLI-0492;Particulier;Bordeaux;Karim Belkacem;Chauffage;CH-002;Entretien annuel chaudière;1;152.43;Sans réponse;2024-11-12;;0
DEV-01393;2024-10-16;2024-10;2024-2025;CLI-0204;Particulier;Toulouse;Julien Fabre;Salle de bain;SB-002;Remplacement baignoire par douche;1;3722.08;Accepté;2024-10-25;13;0
DEV-01394;2024-10-16;2024-10;2024-2025;CLI-0460;Professionnel;Toulouse;Julien Fabre;Plomberie;PR-004;Remplacement colonne d'évacuation;1;9811.87;Refusé;2024-11-14;7;3
DEV-01395;2024-10-16;2024-10;2024-2025;CLI-0363;Particulier;Bordeaux;Sophie Marchand;Plomberie;PR-003;Réfection réseau eau appartement;1;3159.08;Sans réponse;2024-11-17;;0
DEV-01396;2024-10-16;2024-10;2024-2025;CLI-0052;Particulier;Toulouse;Nadia Cherif;Salle de bain;SB-001;Rénovation salle de bain complète;1;10768.87;Refusé;2024-11-21;;0
DEV-01397;2024-10-17;2024-10;2024-2025;CLI-0443;Collectivité;Bordeaux;Karim Belkacem;Électricité;EL-004;Éclairage LED locaux professionnels;1;7333.12;Accepté;2024-11-12;5;3
DEV-01398;2024-10-17;2024-10;2024-2025;CLI-0407;Collectivité;Toulouse;Nadia Cherif;Plomberie;PR-001;Remplacement chauffe-eau 200 L;1;3373.34;Accepté;2024-11-15;2;1
DEV-01399;2024-10-17;2024-10;2024-2025;CLI-0051;Particulier;Toulouse;Julien Fabre;Chauffage;CH-005;Désembouage circuit chauffage;1;720.38;Sans réponse;2024-10-22;;0
DEV-01400;2024-10-18;2024-10;2024-2025;CLI-0445;Professionnel;Bordeaux;Sophie Marchand;Chauffage;CH-001;Installation chaudière gaz condensation;1;8739.6;Accepté;2024-10-26;8;1
DEV-01401;2024-10-18;2024-10;2024-2025;CLI-0360;Particulier;Bordeaux;Karim Belkacem;Chauffage;CH-004;Remplacement radiateurs (lot de 5);1;2492.17;Accepté;2024-11-13;11;2
DEV-01402;2024-10-21;2024-10;2024-2025;CLI-0423;Syndic;Bordeaux;Karim Belkacem;Chauffage;CH-003;Installation pompe à chaleur air/eau;1;29407.08;Refusé;2024-11-03;11;1
DEV-01403;2024-10-21;2024-10;2024-2025;CLI-0215;Particulier;Toulouse;Julien Fabre;Électricité;EL-004;Éclairage LED locaux professionnels;1;3636.41;Sans réponse;2024-11-10;5;2
DEV-01404;2024-10-22;2024-10;2024-2025;CLI-0179;Professionnel;Bordeaux;Karim Belkacem;Plomberie;PR-003;Réfection réseau eau appartement;2;9825.26;Sans réponse;2024-11-06;;0
DEV-01405;2024-10-22;2024-10;2024-2025;CLI-0337;Particulier;Toulouse;Nadia Cherif;Dépannage;DP-001;Dépannage plomberie urgence;1;314.2;Refusé;2024-11-13;;0
DEV-01406;2024-10-23;2024-10;2024-2025;CLI-0408;Particulier;Bordeaux;Sophie Marchand;Chauffage;CH-004;Remplacement radiateurs (lot de 5);1;2657.54;Sans réponse;2024-11-27;10;1
DEV-01407;2024-10-24;2024-10;2024-2025;CLI-0037;Particulier;Toulouse;Nadia Cherif;Chauffage;CH-004;Remplacement radiateurs (lot de 5);1;2817.59;Refusé;2024-11-10;16;1
DEV-01408;2024-10-24;2024-10;2024-2025;CLI-0377;Professionnel;Bordeaux;Karim Belkacem;Chauffage;CH-005;Désembouage circuit chauffage;2;2568.23;Sans réponse;2024-11-04;;0
DEV-01409;2024-10-24;2024-10;2024-2025;CLI-0376;Particulier;Bordeaux;Karim Belkacem;Chauffage;CH-002;Entretien annuel chaudière;1;171.86;Sans réponse;2024-11-03;;0
DEV-01410;2024-10-25;2024-10;2024-2025;CLI-0123;Particulier;Toulouse;Nadia Cherif;Chauffage;CH-005;Désembouage circuit chauffage;2;1367.47;Sans réponse;2024-12-04;;0
DEV-01411;2024-10-25;2024-10;2024-2025;CLI-0013;Professionnel;Toulouse;Nadia Cherif;Salle de bain;SB-002;Remplacement baignoire par douche;1;7136.54;Accepté;2024-11-04;11;0
DEV-01412;2024-10-28;2024-10;2024-2025;CLI-0244;Professionnel;Bordeaux;Sophie Marchand;Dépannage;DP-004;Remise en service chaudière;1;394.89;Sans réponse;2024-11-17;11;1
DEV-01413;2024-10-28;2024-10;2024-2025;CLI-0057;Syndic;Toulouse;Julien Fabre;Plomberie;PR-004;Remplacement colonne d'évacuation;2;26043.28;Sans réponse;2024-11-14;4;1
DEV-01414;2024-10-28;2024-10;2024-2025;CLI-0351;Syndic;Bordeaux;Karim Belkacem;Dépannage;DP-004;Remise en service chaudière;2;988.8;Accepté;2024-11-18;10;1
DEV-01415;2024-10-29;2024-10;2024-2025;CLI-0485;Particulier;Toulouse;Nadia Cherif;Salle de bain;SB-002;Remplacement baignoire par douche;1;3486.67;Sans réponse;2024-11-20;6;2
DEV-01416;2024-10-29;2024-10;2024-2025;CLI-0245;Professionnel;Toulouse;Julien Fabre;Électricité;EL-004;Éclairage LED locaux professionnels;1;6569.64;Refusé;2024-11-03;3;1
DEV-01417;2024-10-29;2024-10;2024-2025;CLI-0150;Particulier;Bordeaux;Karim Belkacem;Dépannage;DP-002;Débouchage canalisation;1;329.55;Accepté;2024-11-24;;0
DEV-01418;2024-10-30;2024-10;2024-2025;CLI-0425;Professionnel;Toulouse;Julien Fabre;Chauffage;CH-001;Installation chaudière gaz condensation;1;7550.77;Sans réponse;2024-11-12;;0
DEV-01419;2024-10-30;2024-10;2024-2025;CLI-0526;Particulier;Bordeaux;Sophie Marchand;Salle de bain;SB-001;Rénovation salle de bain complète;1;10650.5;Refusé;2024-11-09;;0
DEV-01420;2024-10-30;2024-10;2024-2025;CLI-0239;Particulier;Bordeaux;Karim Belkacem;Dépannage;DP-003;Dépannage électrique urgence;1;331.51;Accepté;2024-11-18;6;2
DEV-01421;2024-10-30;2024-10;2024-2025;CLI-0245;Professionnel;Toulouse;Nadia Cherif;Électricité;EL-001;Mise aux normes tableau électrique;1;2950.07;Accepté;2024-11-23;6;2
DEV-01422;2024-10-31;2024-10;2024-2025;CLI-0217;Particulier;Bordeaux;Karim Belkacem;Salle de bain;SB-003;Pose meuble vasque + robinetterie;1;1298.59;Accepté;2024-12-08;3;2
DEV-01423;2024-10-31;2024-10;2024-2025;CLI-0426;Particulier;Toulouse;Julien Fabre;Plomberie;PR-004;Remplacement colonne d'évacuation;2;10463.76;Sans réponse;2024-11-10;;0
DEV-01424;2024-10-31;2024-10;2024-2025;CLI-0070;Particulier;Toulouse;Nadia Cherif;Dépannage;DP-003;Dépannage électrique urgence;1;307.48;Accepté;2024-11-05;1;1
DEV-01425;2024-10-31;2024-10;2024-2025;CLI-0348;Particulier;Bordeaux;Karim Belkacem;Électricité;EL-002;Installation borne de recharge VE;1;1598.29;Accepté;2024-12-01;6;1
DEV-01426;2024-11-01;2024-11;2024-2025;CLI-0134;Particulier;Toulouse;Nadia Cherif;Dépannage;DP-002;Débouchage canalisation;1;376.0;Sans réponse;2024-12-16;4;1
DEV-01427;2024-11-01;2024-11;2024-2025;CLI-0022;Particulier;Bordeaux;Karim Belkacem;Dépannage;DP-004;Remise en service chaudière;1;269.67;Accepté;2024-11-30;7;2
DEV-01428;2024-11-01;2024-11;2024-2025;CLI-0352;Professionnel;Bordeaux;Karim Belkacem;Salle de bain;SB-003;Pose meuble vasque + robinetterie;1;2206.4;Accepté;2024-11-17;5;1
DEV-01429;2024-11-04;2024-11;2024-2025;CLI-0072;Particulier;Bordeaux;Sophie Marchand;Plomberie;PR-004;Remplacement colonne d'évacuation;1;6625.72;Sans réponse;2024-11-14;5;1
DEV-01430;2024-11-04;2024-11;2024-2025;CLI-0066;Professionnel;Toulouse;Julien Fabre;Chauffage;CH-005;Désembouage circuit chauffage;2;2722.97;Refusé;2024-11-09;8;0
DEV-01431;2024-11-04;2024-11;2024-2025;CLI-0092;Particulier;Toulouse;Nadia Cherif;Dépannage;DP-002;Débouchage canalisation;1;321.9;Refusé;2024-12-04;9;2
DEV-01432;2024-11-04;2024-11;2024-2025;CLI-0465;Particulier;Bordeaux;Sophie Marchand;Électricité;EL-003;Rénovation électrique complète;1;9482.25;Sans réponse;2024-11-17;12;1
DEV-01433;2024-11-05;2024-11;2024-2025;CLI-0568;Syndic;Toulouse;Nadia Cherif;Dépannage;DP-001;Dépannage plomberie urgence;1;611.51;Accepté;2024-11-23;6;2
DEV-01434;2024-11-05;2024-11;2024-2025;CLI-0305;Particulier;Toulouse;Nadia Cherif;Dépannage;DP-002;Débouchage canalisation;1;389.97;Accepté;2024-12-09;5;1
DEV-01435;2024-11-06;2024-11;2024-2025;CLI-0267;Particulier;Bordeaux;Sophie Marchand;Dépannage;DP-004;Remise en service chaudière;1;224.05;Accepté;2024-11-16;4;1
DEV-01436;2024-11-06;2024-11;2024-2025;CLI-0229;Particulier;Toulouse;Nadia Cherif;Plomberie;PR-003;Réfection réseau eau appartement;1;3160.27;Accepté;2024-11-20;7;1
DEV-01437;2024-11-06;2024-11;2024-2025;CLI-0438;Particulier;Toulouse;Julien Fabre;Salle de bain;SB-002;Remplacement baignoire par douche;1;3776.06;Accepté;2024-11-11;9;0
DEV-01438;2024-11-07;2024-11;2024-2025;CLI-0032;Particulier;Toulouse;Nadia Cherif;Salle de bain;SB-003;Pose meuble vasque + robinetterie;1;1092.03;Accepté;2024-12-01;;0
DEV-01439;2024-11-07;2024-11;2024-2025;CLI-0151;Syndic;Bordeaux;Sophie Marchand;Chauffage;CH-002;Entretien annuel chaudière;1;284.03;Sans réponse;2024-12-04;;0
DEV-01440;2024-11-08;2024-11;2024-2025;CLI-0415;Particulier;Bordeaux;Sophie Marchand;Électricité;EL-004;Éclairage LED locaux professionnels;1;3737.23;Refusé;2024-12-04;8;2
DEV-01441;2024-11-08;2024-11;2024-2025;CLI-0359;Particulier;Bordeaux;Karim Belkacem;Chauffage;CH-004;Remplacement radiateurs (lot de 5);1;2547.18;Sans réponse;2024-11-11;1;1
DEV-01442;2024-11-08;2024-11;2024-2025;CLI-0109;Professionnel;Toulouse;Nadia Cherif;Chauffage;CH-003;Installation pompe à chaleur air/eau;1;21135.33;Sans réponse;2024-12-04;;0
DEV-01443;2024-11-08;2024-11;2024-2025;CLI-0176;Professionnel;Toulouse;Julien Fabre;Électricité;EL-004;Éclairage LED locaux professionnels;1;5486.93;Sans réponse;2024-11-23;6;1
DEV-01444;2024-11-08;2024-11;2024-2025;CLI-0276;Professionnel;Bordeaux;Karim Belkacem;Plomberie;PR-002;Recherche de fuite + réparation;1;839.87;Accepté;2024-11-13;4;1
DEV-01445;2024-11-11;2024-11;2024-2025;CLI-0491;Professionnel;Bordeaux;Sophie Marchand;Dépannage;DP-004;Remise en service chaudière;1;459.44;Sans réponse;2024-12-09;;0
DEV-01446;2024-11-11;2024-11;2024-2025;CLI-0497;Particulier;Toulouse;Julien Fabre;Chauffage;CH-005;Désembouage circuit chauffage;1;849.49;Sans réponse;2024-11-19;;0
DEV-01447;2024-11-11;2024-11;2024-2025;CLI-0141;Particulier;Bordeaux;Karim Belkacem;Électricité;EL-002;Installation borne de recharge VE;1;1686.08;Accepté;2024-11-26;1;1
DEV-01448;2024-11-11;2024-11;2024-2025;CLI-0467;Particulier;Bordeaux;Karim Belkacem;Chauffage;CH-005;Désembouage circuit chauffage;1;838.28;Accepté;2024-11-21;4;1
DEV-01449;2024-11-11;2024-11;2024-2025;CLI-1016;Particulier;Montpellier;Thomas Rey;Dépannage;DP-001;Dépannage plomberie urgence;1;248.42;Sans réponse;2024-12-05;15;1
DEV-01450;2024-11-12;2024-11;2024-2025;CLI-0566;Particulier;Toulouse;Nadia Cherif;Plomberie;PR-003;Réfection réseau eau appartement;1;2801.76;Accepté;2024-12-08;3;2
DEV-01451;2024-11-12;2024-11;2024-2025;CLI-0318;Particulier;Toulouse;Nadia Cherif;Électricité;EL-004;Éclairage LED locaux professionnels;1;3238.6;Accepté;2024-11-17;8;0
DEV-01452;2024-11-12;2024-11;2024-2025;CLI-0473;Particulier;Toulouse;Julien Fabre;Dépannage;DP-001;Dépannage plomberie urgence;1;273.41;Accepté;2024-12-12;;0
DEV-01453;2024-11-12;2024-11;2024-2025;CLI-0095;Particulier;Bordeaux;Karim Belkacem;Électricité;EL-001;Mise aux normes tableau électrique;1;2052.42;Sans réponse;2024-12-06;9;1
DEV-01454;2024-11-12;2024-11;2024-2025;CLI-0490;Syndic;Bordeaux;Karim Belkacem;Électricité;EL-002;Installation borne de recharge VE;1;3670.07;Accepté;2024-12-09;2;2
DEV-01455;2024-11-13;2024-11;2024-2025;CLI-0519;Syndic;Bordeaux;Karim Belkacem;Salle de bain;SB-001;Rénovation salle de bain complète;1;19382.51;Sans réponse;2024-12-05;14;1
DEV-01456;2024-11-13;2024-11;2024-2025;CLI-0243;Professionnel;Bordeaux;Karim Belkacem;Dépannage;DP-003;Dépannage électrique urgence;1;546.57;Refusé;2024-12-03;;0
DEV-01457;2024-11-13;2024-11;2024-2025;CLI-0522;Professionnel;Bordeaux;Sophie Marchand;Salle de bain;SB-003;Pose meuble vasque + robinetterie;1;2428.91;Sans réponse;2024-11-24;7;1
DEV-01458;2024-11-13;2024-11;2024-2025;CLI-0297;Professionnel;Bordeaux;Karim Belkacem;Plomberie;PR-004;Remplacement colonne d'évacuation;1;10862.1;Accepté;2024-11-24;1;1
DEV-01459;2024-11-14;2024-11;2024-2025;CLI-0197;Particulier;Bordeaux;Karim Belkacem;Dépannage;DP-002;Débouchage canalisation;1;402.6;Accepté;2024-12-05;9;2
DEV-01460;2024-11-14;2024-11;2024-2025;CLI-0205;Professionnel;Bordeaux;Karim Belkacem;Dépannage;DP-002;Débouchage canalisation;1;637.99;Refusé;2024-11-17;5;0
DEV-01461;2024-11-14;2024-11;2024-2025;CLI-1016;Particulier;Montpellier;Thomas Rey;Salle de bain;SB-003;Pose meuble vasque + robinetterie;1;1337.42;Sans réponse;2024-12-08;8;2
DEV-01462;2024-11-15;2024-11;2024-2025;CLI-0424;Particulier;Bordeaux;Karim Belkacem;Dépannage;DP-001;Dépannage plomberie urgence;1;308.6;Refusé;2024-11-29;2;1
DEV-01463;2024-11-15;2024-11;2024-2025;CLI-0120;Particulier;Toulouse;Julien Fabre;Électricité;EL-003;Rénovation électrique complète;1;10881.33;Accepté;2024-11-29;6;2
DEV-01464;2024-11-15;2024-11;2024-2025;CLI-0372;Professionnel;Bordeaux;Karim Belkacem;Plomberie;PR-001;Remplacement chauffe-eau 200 L;1;2186.61;Sans réponse;2024-11-26;1;1
DEV-01465;2024-11-18;2024-11;2024-2025;CLI-0099;Particulier;Bordeaux;Karim Belkacem;Chauffage;CH-004;Remplacement radiateurs (lot de 5);1;2447.49;Accepté;2024-12-13;8;2
DEV-01466;2024-11-18;2024-11;2024-2025;CLI-0197;Particulier;Bordeaux;Sophie Marchand;Plomberie;PR-003;Réfection réseau eau appartement;1;3654.82;Accepté;2024-12-05;10;1
DEV-01467;2024-11-18;2024-11;2024-2025;CLI-0299;Professionnel;Toulouse;Nadia Cherif;Électricité;EL-001;Mise aux normes tableau électrique;1;3121.12;Accepté;2024-12-06;2;3
DEV-01468;2024-11-19;2024-11;2024-2025;CLI-0320;Particulier;Bordeaux;Karim Belkacem;Électricité;EL-004;Éclairage LED locaux professionnels;2;7990.38;Refusé;2024-12-18;4;3
DEV-01469;2024-11-19;2024-11;2024-2025;CLI-0123;Particulier;Toulouse;Julien Fabre;Salle de bain;SB-001;Rénovation salle de bain complète;1;10456.2;Accepté;2024-12-05;1;2
DEV-01470;2024-11-19;2024-11;2024-2025;CLI-0087;Particulier;Toulouse;Nadia Cherif;Salle de bain;SB-003;Pose meuble vasque + robinetterie;2;2644.68;Refusé;2024-12-25;6;4
DEV-01471;2024-11-20;2024-11;2024-2025;CLI-0036;Particulier;Toulouse;Julien Fabre;Électricité;EL-004;Éclairage LED locaux professionnels;1;3027.65;Accepté;2024-12-12;9;2
DEV-01472;2024-11-20;2024-11;2024-2025;CLI-0332;Particulier;Bordeaux;Sophie Marchand;Salle de bain;SB-001;Rénovation salle de bain complète;1;9072.77;Sans réponse;2024-12-28;9;2
DEV-01473;2024-11-20;2024-11;2024-2025;CLI-0037;Particulier;Toulouse;Nadia Cherif;Dépannage;DP-002;Débouchage canalisation;1;360.64;Accepté;2024-12-06;9;2
DEV-01474;2024-11-21;2024-11;2024-2025;CLI-0537;Particulier;Toulouse;Julien Fabre;Électricité;EL-003;Rénovation électrique complète;1;9692.59;Sans réponse;2024-12-04;;0
DEV-01475;2024-11-21;2024-11;2024-2025;CLI-0315;Professionnel;Bordeaux;Sophie Marchand;Chauffage;CH-005;Désembouage circuit chauffage;1;1205.16;Accepté;2025-01-01;6;1
DEV-01476;2024-11-21;2024-11;2024-2025;CLI-0990;Particulier;Montpellier;Thomas Rey;Électricité;EL-004;Éclairage LED locaux professionnels;2;6301.16;Sans réponse;2024-12-15;20;1
DEV-01477;2024-11-22;2024-11;2024-2025;CLI-0286;Particulier;Bordeaux;Karim Belkacem;Dépannage;DP-002;Débouchage canalisation;3;1143.69;Accepté;2024-12-16;14;1
DEV-01478;2024-11-22;2024-11;2024-2025;CLI-0444;Professionnel;Bordeaux;Sophie Marchand;Chauffage;CH-004;Remplacement radiateurs (lot de 5);3;11419.2;Refusé;2024-12-16;8;2
DEV-01479;2024-11-22;2024-11;2024-2025;CLI-0511;Particulier;Toulouse;Julien Fabre;Dépannage;DP-002;Débouchage canalisation;3;1080.38;Sans réponse;2025-01-10;;0
DEV-01480;2024-11-22;2024-11;2024-2025;CLI-0140;Syndic;Toulouse;Nadia Cherif;Chauffage;CH-004;Remplacement radiateurs (lot de 5);1;5008.6;Accepté;2024-12-24;4;1
DEV-01481;2024-11-25;2024-11;2024-2025;CLI-0202;Particulier;Bordeaux;Karim Belkacem;Chauffage;CH-002;Entretien annuel chaudière;2;337.95;Sans réponse;2024-12-15;4;2
DEV-01482;2024-11-25;2024-11;2024-2025;CLI-0431;Syndic;Toulouse;Nadia Cherif;Salle de bain;SB-003;Pose meuble vasque + robinetterie;1;3001.56;Sans réponse;2024-11-30;;0
DEV-01483;2024-11-25;2024-11;2024-2025;CLI-0290;Particulier;Toulouse;Nadia Cherif;Plomberie;PR-004;Remplacement colonne d'évacuation;1;6440.6;Accepté;2024-12-25;9;2
DEV-01484;2024-11-26;2024-11;2024-2025;CLI-0548;Collectivité;Bordeaux;Sophie Marchand;Chauffage;CH-003;Installation pompe à chaleur air/eau;1;30499.05;Accepté;2024-12-04;11;0
DEV-01485;2024-11-26;2024-11;2024-2025;CLI-0247;Professionnel;Bordeaux;Sophie Marchand;Chauffage;CH-003;Installation pompe à chaleur air/eau;1;20725.72;Refusé;2024-12-12;8;2
DEV-01486;2024-11-26;2024-11;2024-2025;CLI-0429;Syndic;Toulouse;Julien Fabre;Salle de bain;SB-001;Rénovation salle de bain complète;1;23187.51;Sans réponse;2024-12-06;6;1
DEV-01487;2024-11-26;2024-11;2024-2025;CLI-0196;Particulier;Bordeaux;Karim Belkacem;Électricité;EL-004;Éclairage LED locaux professionnels;1;3964.18;Sans réponse;2024-12-15;;0
DEV-01488;2024-11-27;2024-11;2024-2025;CLI-0071;Particulier;Toulouse;Nadia Cherif;Salle de bain;SB-001;Rénovation salle de bain complète;1;9274.32;Refusé;2025-01-01;;0
DEV-01489;2024-11-27;2024-11;2024-2025;CLI-0112;Particulier;Bordeaux;Sophie Marchand;Dépannage;DP-001;Dépannage plomberie urgence;1;265.99;Refusé;2024-12-26;3;1
DEV-01490;2024-11-27;2024-11;2024-2025;CLI-0313;Syndic;Bordeaux;Sophie Marchand;Chauffage;CH-005;Désembouage circuit chauffage;1;1683.84;Accepté;2024-12-03;4;1
DEV-01491;2024-11-28;2024-11;2024-2025;CLI-0168;Particulier;Bordeaux;Karim Belkacem;Chauffage;CH-005;Désembouage circuit chauffage;1;801.56;Accepté;2024-12-19;3;2
DEV-01492;2024-11-28;2024-11;2024-2025;CLI-0486;Particulier;Bordeaux;Karim Belkacem;Plomberie;PR-002;Recherche de fuite + réparation;1;468.28;Accepté;2024-12-14;5;2
DEV-01493;2024-11-28;2024-11;2024-2025;CLI-0108;Professionnel;Toulouse;Nadia Cherif;Chauffage;CH-002;Entretien annuel chaudière;3;754.78;Accepté;2024-12-11;3;2
DEV-01494;2024-11-29;2024-11;2024-2025;CLI-0511;Particulier;Toulouse;Nadia Cherif;Dépannage;DP-004;Remise en service chaudière;1;217.17;Accepté;2024-12-26;7;2
DEV-01495;2024-11-29;2024-11;2024-2025;CLI-0354;Particulier;Bordeaux;Sophie Marchand;Dépannage;DP-002;Débouchage canalisation;1;341.97;Sans réponse;2025-01-09;;0
DEV-01496;2024-11-29;2024-11;2024-2025;CLI-0028;Particulier;Toulouse;Nadia Cherif;Dépannage;DP-001;Dépannage plomberie urgence;1;258.58;Accepté;2025-01-15;4;4
DEV-01497;2024-12-02;2024-12;2024-2025;CLI-0239;Particulier;Bordeaux;Karim Belkacem;Dépannage;DP-004;Remise en service chaudière;1;271.5;Accepté;2024-12-14;10;1
DEV-01498;2024-12-02;2024-12;2024-2025;CLI-0010;Particulier;Bordeaux;Sophie Marchand;Salle de bain;SB-002;Remplacement baignoire par douche;1;3811.61;Refusé;2024-12-05;12;0
DEV-01499;2024-12-02;2024-12;2024-2025;CLI-0379;Particulier;Bordeaux;Karim Belkacem;Salle de bain;SB-003;Pose meuble vasque + robinetterie;1;1300.25;Accepté;2024-12-07;4;1
DEV-01500;2024-12-03;2024-12;2024-2025;CLI-0511;Particulier;Toulouse;Julien Fabre;Salle de bain;SB-001;Rénovation salle de bain complète;1;9762.25;Sans réponse;2024-12-09;8;0
DEV-01501;2024-12-03;2024-12;2024-2025;CLI-0196;Particulier;Bordeaux;Karim Belkacem;Plomberie;PR-002;Recherche de fuite + réparation;1;479.59;Accepté;2024-12-11;2;2
DEV-01502;2024-12-03;2024-12;2024-2025;CLI-0011;Particulier;Bordeaux;Sophie Marchand;Électricité;EL-002;Installation borne de recharge VE;1;1420.49;Sans réponse;2024-12-17;9;1
DEV-01503;2024-12-03;2024-12;2024-2025;CLI-0507;Syndic;Bordeaux;Karim Belkacem;Dépannage;DP-001;Dépannage plomberie urgence;1;542.82;Refusé;2025-01-07;4;1
DEV-01504;2024-12-04;2024-12;2024-2025;CLI-0193;Particulier;Bordeaux;Karim Belkacem;Électricité;EL-001;Mise aux normes tableau électrique;1;1610.23;Sans réponse;2024-12-22;;0
DEV-01505;2024-12-04;2024-12;2024-2025;CLI-0039;Particulier;Bordeaux;Karim Belkacem;Dépannage;DP-001;Dépannage plomberie urgence;2;616.7;Sans réponse;2025-01-13;;0
DEV-01506;2024-12-04;2024-12;2024-2025;CLI-0251;Particulier;Bordeaux;Sophie Marchand;Électricité;EL-002;Installation borne de recharge VE;1;1515.32;Accepté;2024-12-27;11;3
DEV-01507;2024-12-04;2024-12;2024-2025;CLI-0256;Particulier;Bordeaux;Karim Belkacem;Chauffage;CH-001;Installation chaudière gaz condensation;1;5717.06;Accepté;2024-12-23;12;2
DEV-01508;2024-12-04;2024-12;2024-2025;CLI-0227;Particulier;Toulouse;Nadia Cherif;Dépannage;DP-004;Remise en service chaudière;1;237.87;Refusé;2024-12-30;1;2
DEV-01509;2024-12-05;2024-12;2024-2025;CLI-0054;Particulier;Bordeaux;Sophie Marchand;Électricité;EL-001;Mise aux normes tableau électrique;1;1951.57;Sans réponse;2024-12-10;8;0
DEV-01510;2024-12-05;2024-12;2024-2025;CLI-0131;Particulier;Toulouse;Julien Fabre;Chauffage;CH-005;Désembouage circuit chauffage;1;743.62;Sans réponse;2024-12-19;;0
DEV-01511;2024-12-05;2024-12;2024-2025;CLI-0039;Particulier;Bordeaux;Karim Belkacem;Chauffage;CH-002;Entretien annuel chaudière;1;153.12;Accepté;2024-12-15;1;1
DEV-01512;2024-12-06;2024-12;2024-2025;CLI-0496;Professionnel;Toulouse;Julien Fabre;Dépannage;DP-002;Débouchage canalisation;1;552.02;Accepté;2024-12-19;;0
DEV-01513;2024-12-06;2024-12;2024-2025;CLI-0522;Professionnel;Bordeaux;Sophie Marchand;Dépannage;DP-004;Remise en service chaudière;1;418.28;Sans réponse;2025-01-02;8;2
DEV-01514;2024-12-06;2024-12;2024-2025;CLI-0573;Particulier;Bordeaux;Karim Belkacem;Dépannage;DP-002;Débouchage canalisation;1;389.38;Refusé;2024-12-18;5;1
DEV-01515;2024-12-09;2024-12;2024-2025;CLI-0345;Particulier;Bordeaux;Sophie Marchand;Chauffage;CH-004;Remplacement radiateurs (lot de 5);1;2852.7;Sans réponse;2024-12-21;6;2
DEV-01516;2024-12-09;2024-12;2024-2025;CLI-0067;Professionnel;Bordeaux;Karim Belkacem;Dépannage;DP-002;Débouchage canalisation;1;662.03;Accepté;2024-12-21;7;2
DEV-01517;2024-12-09;2024-12;2024-2025;CLI-0328;Particulier;Bordeaux;Karim Belkacem;Dépannage;DP-003;Dépannage électrique urgence;3;1085.8;Accepté;2024-12-24;9;1
DEV-01518;2024-12-10;2024-12;2024-2025;CLI-0010;Particulier;Bordeaux;Karim Belkacem;Chauffage;CH-005;Désembouage circuit chauffage;1;706.1;Accepté;2024-12-27;1;2
DEV-01519;2024-12-10;2024-12;2024-2025;CLI-0113;Professionnel;Bordeaux;Sophie Marchand;Dépannage;DP-001;Dépannage plomberie urgence;1;456.21;Sans réponse;2024-12-31;;0
DEV-01520;2024-12-11;2024-12;2024-2025;CLI-0468;Particulier;Bordeaux;Sophie Marchand;Salle de bain;SB-002;Remplacement baignoire par douche;1;4232.44;Refusé;2024-12-17;;0
DEV-01521;2024-12-11;2024-12;2024-2025;CLI-0316;Particulier;Toulouse;Nadia Cherif;Dépannage;DP-004;Remise en service chaudière;1;248.94;Accepté;2024-12-18;6;1
DEV-01522;2024-12-11;2024-12;2024-2025;CLI-0200;Particulier;Bordeaux;Sophie Marchand;Plomberie;PR-002;Recherche de fuite + réparation;1;492.95;Sans réponse;2025-01-07;5;3
DEV-01523;2024-12-11;2024-12;2024-2025;CLI-1004;Particulier;Montpellier;Thomas Rey;Salle de bain;SB-002;Remplacement baignoire par douche;3;12219.68;Sans réponse;2024-12-29;10;2
DEV-01524;2024-12-12;2024-12;2024-2025;CLI-0155;Particulier;Bordeaux;Karim Belkacem;Dépannage;DP-001;Dépannage plomberie urgence;3;872.31;Accepté;2025-01-11;9;1
DEV-01525;2024-12-12;2024-12;2024-2025;CLI-0565;Particulier;Bordeaux;Sophie Marchand;Salle de bain;SB-003;Pose meuble vasque + robinetterie;1;1081.08;Sans réponse;2024-12-18;;0
DEV-01526;2024-12-13;2024-12;2024-2025;CLI-0075;Syndic;Toulouse;Nadia Cherif;Salle de bain;SB-002;Remplacement baignoire par douche;1;8125.19;Refusé;2025-01-05;4;1
DEV-01527;2024-12-13;2024-12;2024-2025;CLI-0055;Professionnel;Bordeaux;Sophie Marchand;Dépannage;DP-004;Remise en service chaudière;1;438.9;Accepté;2024-12-22;8;1
DEV-01528;2024-12-13;2024-12;2024-2025;CLI-0093;Professionnel;Bordeaux;Karim Belkacem;Salle de bain;SB-003;Pose meuble vasque + robinetterie;1;2133.51;Accepté;2025-01-18;8;3
DEV-01529;2024-12-13;2024-12;2024-2025;CLI-0494;Professionnel;Bordeaux;Sophie Marchand;Chauffage;CH-003;Installation pompe à chaleur air/eau;1;25152.67;Accepté;2025-01-01;7;2
DEV-01530;2024-12-16;2024-12;2024-2025;CLI-0462;Professionnel;Bordeaux;Karim Belkacem;Dépannage;DP-003;Dépannage électrique urgence;2;1205.31;Refusé;2025-01-17;6;2
DEV-01531;2024-12-16;2024-12;2024-2025;CLI-0519;Syndic;Bordeaux;Karim Belkacem;Chauffage;CH-001;Installation chaudière gaz condensation;1;11366.88;Accepté;2025-01-04;2;3
DEV-01532;2024-12-16;2024-12;2024-2025;CLI-0420;Syndic;Toulouse;Nadia Cherif;Plomberie;PR-003;Réfection réseau eau appartement;1;6329.31;Refusé;2024-12-31;6;1
DEV-01533;2024-12-17;2024-12;2024-2025;CLI-0346;Particulier;Bordeaux;Sophie Marchand;Salle de bain;SB-001;Rénovation salle de bain complète;1;11155.42;Refusé;2025-01-20;7;1
DEV-01534;2024-12-18;2024-12;2024-2025;CLI-0367;Particulier;Toulouse;Nadia Cherif;Salle de bain;SB-003;Pose meuble vasque + robinetterie;1;1139.65;Sans réponse;2025-01-14;6;2
DEV-01535;2024-12-18;2024-12;2024-2025;CLI-0145;Collectivité;Bordeaux;Sophie Marchand;Plomberie;PR-004;Remplacement colonne d'évacuation;1;12846.58;Sans réponse;2025-01-01;8;1
DEV-01536;2024-12-18;2024-12;2024-2025;CLI-0998;Professionnel;Montpellier;Thomas Rey;Salle de bain;SB-003;Pose meuble vasque + robinetterie;1;2420.65;Accepté;2024-12-26;11;0
DEV-01537;2024-12-19;2024-12;2024-2025;CLI-0017;Professionnel;Toulouse;Julien Fabre;Dépannage;DP-004;Remise en service chaudière;3;1237.3;Accepté;2025-01-25;12;2
DEV-01538;2024-12-19;2024-12;2024-2025;CLI-0476;Particulier;Bordeaux;Karim Belkacem;Plomberie;PR-002;Recherche de fuite + réparation;3;1399.67;Sans réponse;2024-12-25;;0
DEV-01539;2024-12-19;2024-12;2024-2025;CLI-0037;Particulier;Toulouse;Julien Fabre;Chauffage;CH-003;Installation pompe à chaleur air/eau;1;15667.49;Sans réponse;2024-12-26;5;1
DEV-01540;2024-12-19;2024-12;2024-2025;CLI-1016;Particulier;Montpellier;Thomas Rey;Électricité;EL-004;Éclairage LED locaux professionnels;3;11890.42;Sans réponse;2025-01-11;;0
DEV-01541;2024-12-20;2024-12;2024-2025;CLI-0187;Particulier;Bordeaux;Karim Belkacem;Salle de bain;SB-001;Rénovation salle de bain complète;1;9614.32;Accepté;2024-12-26;1;1
DEV-01542;2024-12-20;2024-12;2024-2025;CLI-0155;Particulier;Bordeaux;Karim Belkacem;Dépannage;DP-003;Dépannage électrique urgence;1;345.73;Accepté;2025-01-21;10;1
DEV-01543;2024-12-20;2024-12;2024-2025;CLI-1001;Syndic;Montpellier;Thomas Rey;Dépannage;DP-001;Dépannage plomberie urgence;1;621.32;Sans réponse;2025-01-13;;0
DEV-01544;2024-12-23;2024-12;2024-2025;CLI-0050;Particulier;Toulouse;Julien Fabre;Électricité;EL-001;Mise aux normes tableau électrique;1;1636.69;Accepté;2025-01-10;6;1
DEV-01545;2024-12-23;2024-12;2024-2025;CLI-0395;Particulier;Bordeaux;Sophie Marchand;Chauffage;CH-001;Installation chaudière gaz condensation;1;5176.6;Refusé;2025-01-15;8;1
DEV-01546;2024-12-23;2024-12;2024-2025;CLI-0351;Syndic;Bordeaux;Karim Belkacem;Plomberie;PR-001;Remplacement chauffe-eau 200 L;1;2903.1;Refusé;2025-01-03;;0
DEV-01547;2024-12-24;2024-12;2024-2025;CLI-0041;Particulier;Toulouse;Julien Fabre;Chauffage;CH-002;Entretien annuel chaudière;1;169.3;Refusé;2025-01-20;1;2
DEV-01548;2024-12-24;2024-12;2024-2025;CLI-0462;Professionnel;Bordeaux;Sophie Marchand;Plomberie;PR-001;Remplacement chauffe-eau 200 L;1;2457.86;Refusé;2025-01-15;;0
DEV-01549;2024-12-24;2024-12;2024-2025;CLI-0439;Particulier;Bordeaux;Sophie Marchand;Chauffage;CH-002;Entretien annuel chaudière;1;166.75;Sans réponse;2024-12-28;3;1
DEV-01550;2024-12-24;2024-12;2024-2025;CLI-0024;Particulier;Bordeaux;Sophie Marchand;Chauffage;CH-003;Installation pompe à chaleur air/eau;1;14532.47;Sans réponse;2025-01-14;8;1
DEV-01551;2024-12-24;2024-12;2024-2025;CLI-0489;Particulier;Bordeaux;Karim Belkacem;Dépannage;DP-004;Remise en service chaudière;1;266.05;Accepté;2025-01-18;6;2
DEV-01552;2024-12-25;2024-12;2024-2025;CLI-0465;Particulier;Bordeaux;Sophie Marchand;Chauffage;CH-004;Remplacement radiateurs (lot de 5);1;2894.42;Sans réponse;2025-01-21;6;2
DEV-01553;2024-12-25;2024-12;2024-2025;CLI-0524;Collectivité;Bordeaux;Karim Belkacem;Chauffage;CH-003;Installation pompe à chaleur air/eau;1;33252.21;Accepté;2025-01-22;5;4
DEV-01554;2024-12-25;2024-12;2024-2025;CLI-0475;Particulier;Toulouse;Nadia Cherif;Dépannage;DP-003;Dépannage électrique urgence;1;346.59;Accepté;2025-01-25;11;2
DEV-01555;2024-12-25;2024-12;2024-2025;CLI-0992;Particulier;Montpellier;Thomas Rey;Électricité;EL-003;Rénovation électrique complète;1;9370.9;Refusé;2025-01-14;8;1
DEV-01556;2024-12-26;2024-12;2024-2025;CLI-0395;Particulier;Bordeaux;Sophie Marchand;Plomberie;PR-004;Remplacement colonne d'évacuation;1;5919.46;Accepté;2025-02-03;5;1
DEV-01557;2024-12-26;2024-12;2024-2025;CLI-0011;Particulier;Bordeaux;Sophie Marchand;Chauffage;CH-003;Installation pompe à chaleur air/eau;1;13167.19;Refusé;2025-01-28;8;3
DEV-01558;2024-12-26;2024-12;2024-2025;CLI-0054;Particulier;Bordeaux;Sophie Marchand;Dépannage;DP-003;Dépannage électrique urgence;2;623.85;Accepté;2025-02-02;13;3
DEV-01559;2024-12-27;2024-12;2024-2025;CLI-0150;Particulier;Bordeaux;Sophie Marchand;Chauffage;CH-001;Installation chaudière gaz condensation;1;5090.84;Accepté;2025-01-02;3;1
DEV-01560;2024-12-27;2024-12;2024-2025;CLI-0437;Syndic;Bordeaux;Karim Belkacem;Chauffage;CH-005;Désembouage circuit chauffage;1;1624.47;Refusé;2025-01-04;5;1
DEV-01561;2024-12-27;2024-12;2024-2025;CLI-0192;Particulier;Toulouse;Nadia Cherif;Dépannage;DP-001;Dépannage plomberie urgence;2;638.65;Refusé;2025-01-20;9;2
DEV-01562;2024-12-30;2024-12;2024-2025;CLI-0545;Syndic;Toulouse;Julien Fabre;Plomberie;PR-001;Remplacement chauffe-eau 200 L;1;2512.43;Sans réponse;2025-01-12;6;1
DEV-01563;2024-12-30;2024-12;2024-2025;CLI-0491;Professionnel;Bordeaux;Karim Belkacem;Chauffage;CH-005;Désembouage circuit chauffage;1;1382.83;Accepté;2025-01-31;4;1
DEV-01564;2024-12-30;2024-12;2024-2025;CLI-0005;Particulier;Bordeaux;Karim Belkacem;Électricité;EL-002;Installation borne de recharge VE;1;1455.57;Accepté;2025-01-06;7;1
DEV-01565;2024-12-30;2024-12;2024-2025;CLI-0976;Professionnel;Montpellier;Thomas Rey;Chauffage;CH-002;Entretien annuel chaudière;1;288.23;Sans réponse;2025-01-02;3;1
DEV-01566;2024-12-31;2024-12;2024-2025;CLI-0353;Particulier;Toulouse;Nadia Cherif;Dépannage;DP-001;Dépannage plomberie urgence;1;317.75;Refusé;2025-01-17;12;1
DEV-01567;2024-12-31;2024-12;2024-2025;CLI-0457;Particulier;Bordeaux;Karim Belkacem;Plomberie;PR-001;Remplacement chauffe-eau 200 L;2;2873.54;Refusé;2025-01-11;8;1
DEV-01568;2024-12-31;2024-12;2024-2025;CLI-0048;Particulier;Toulouse;Julien Fabre;Dépannage;DP-001;Dépannage plomberie urgence;1;245.51;Accepté;2025-01-28;15;3
DEV-01569;2025-01-01;2025-01;2024-2025;CLI-0473;Particulier;Toulouse;Nadia Cherif;Salle de bain;SB-003;Pose meuble vasque + robinetterie;1;1212.63;Refusé;2025-01-17;;0
DEV-01570;2025-01-01;2025-01;2024-2025;CLI-0476;Particulier;Bordeaux;Karim Belkacem;Chauffage;CH-001;Installation chaudière gaz condensation;3;15958.56;Accepté;2025-02-10;2;1
DEV-01571;2025-01-02;2025-01;2024-2025;CLI-0251;Particulier;Bordeaux;Karim Belkacem;Dépannage;DP-002;Débouchage canalisation;1;373.54;Refusé;2025-01-11;;0
DEV-01572;2025-01-02;2025-01;2024-2025;CLI-0031;Professionnel;Bordeaux;Sophie Marchand;Chauffage;CH-001;Installation chaudière gaz condensation;1;9347.43;Sans réponse;2025-01-29;2;2
DEV-01573;2025-01-03;2025-01;2024-2025;CLI-0108;Professionnel;Toulouse;Julien Fabre;Chauffage;CH-004;Remplacement radiateurs (lot de 5);1;4991.59;Sans réponse;2025-01-26;15;1
DEV-01574;2025-01-03;2025-01;2024-2025;CLI-0371;Particulier;Bordeaux;Karim Belkacem;Salle de bain;SB-003;Pose meuble vasque + robinetterie;1;1095.05;Accepté;2025-01-24;1;2
DEV-01575;2025-01-03;2025-01;2024-2025;CLI-0300;Professionnel;Toulouse;Nadia Cherif;Salle de bain;SB-003;Pose meuble vasque + robinetterie;1;2183.26;Sans réponse;2025-01-13;10;1
DEV-01576;2025-01-06;2025-01;2024-2025;CLI-0187;Particulier;Bordeaux;Sophie Marchand;Électricité;EL-003;Rénovation électrique complète;1;10136.92;Accepté;2025-01-29;10;2
DEV-01577;2025-01-06;2025-01;2024-2025;CLI-0141;Particulier;Bordeaux;Sophie Marchand;Électricité;EL-001;Mise aux normes tableau électrique;1;1891.9;Sans réponse;2025-01-26;6;2
DEV-01578;2025-01-06;2025-01;2024-2025;CLI-0269;Particulier;Toulouse;Julien Fabre;Électricité;EL-001;Mise aux normes tableau électrique;1;2011.85;Accepté;2025-02-02;11;2
DEV-01579;2025-01-06;2025-01;2024-2025;CLI-0417;Particulier;Toulouse;Nadia Cherif;Dépannage;DP-003;Dépannage électrique urgence;1;291.22;Refusé;2025-02-09;;0
DEV-01580;2025-01-07;2025-01;2024-2025;CLI-0203;Particulier;Toulouse;Nadia Cherif;Dépannage;DP-003;Dépannage électrique urgence;1;308.7;Accepté;2025-01-18;4;1
DEV-01581;2025-01-07;2025-01;2024-2025;CLI-0254;Particulier;Toulouse;Julien Fabre;Chauffage;CH-005;Désembouage circuit chauffage;1;756.62;Sans réponse;2025-02-12;13;1
DEV-01582;2025-01-07;2025-01;2024-2025;CLI-0011;Particulier;Bordeaux;Sophie Marchand;Plomberie;PR-003;Réfection réseau eau appartement;1;3195.49;Sans réponse;2025-02-11;;0
DEV-01583;2025-01-08;2025-01;2024-2025;CLI-0069;Professionnel;Toulouse;Julien Fabre;Salle de bain;SB-001;Rénovation salle de bain complète;1;18248.22;Sans réponse;2025-01-23;;0
DEV-01584;2025-01-08;2025-01;2024-2025;CLI-0406;Particulier;Toulouse;Julien Fabre;Chauffage;CH-005;Désembouage circuit chauffage;1;659.48;Sans réponse;2025-02-09;11;1
DEV-01585;2025-01-08;2025-01;2024-2025;CLI-0027;Particulier;Toulouse;Julien Fabre;Salle de bain;SB-002;Remplacement baignoire par douche;1;3842.69;Sans réponse;2025-02-14;;0
DEV-01586;2025-01-09;2025-01;2024-2025;CLI-0387;Particulier;Toulouse;Julien Fabre;Salle de bain;SB-003;Pose meuble vasque + robinetterie;1;1396.5;Refusé;2025-02-07;6;3
DEV-01587;2025-01-09;2025-01;2024-2025;CLI-0192;Particulier;Toulouse;Julien Fabre;Plomberie;PR-003;Réfection réseau eau appartement;1;3274.23;Accepté;2025-02-13;14;2
DEV-01588;2025-01-09;2025-01;2024-2025;CLI-0403;Particulier;Bordeaux;Karim Belkacem;Salle de bain;SB-001;Rénovation salle de bain complète;1;10255.23;Sans réponse;2025-02-05;9;2
DEV-01589;2025-01-10;2025-01;2024-2025;CLI-0066;Professionnel;Toulouse;Nadia Cherif;Salle de bain;SB-003;Pose meuble vasque + robinetterie;2;4363.38;Accepté;2025-01-31;4;1
DEV-01590;2025-01-10;2025-01;2024-2025;CLI-0102;Particulier;Toulouse;Nadia Cherif;Salle de bain;SB-003;Pose meuble vasque + robinetterie;3;3891.08;Accepté;2025-02-04;16;1
DEV-01591;2025-01-10;2025-01;2024-2025;CLI-0197;Particulier;Bordeaux;Sophie Marchand;Électricité;EL-002;Installation borne de recharge VE;1;1578.42;Refusé;2025-01-29;5;2
DEV-01592;2025-01-10;2025-01;2024-2025;CLI-0465;Particulier;Bordeaux;Karim Belkacem;Dépannage;DP-002;Débouchage canalisation;1;366.27;Accepté;2025-02-06;12;2
DEV-01593;2025-01-10;2025-01;2024-2025;CLI-0439;Particulier;Bordeaux;Sophie Marchand;Chauffage;CH-003;Installation pompe à chaleur air/eau;1;12957.22;Sans réponse;2025-02-17;;0
DEV-01594;2025-01-10;2025-01;2024-2025;CLI-0308;Particulier;Bordeaux;Karim Belkacem;Dépannage;DP-002;Débouchage canalisation;1;397.46;Accepté;2025-02-03;6;1
DEV-01595;2025-01-10;2025-01;2024-2025;CLI-0991;Professionnel;Montpellier;Thomas Rey;Électricité;EL-002;Installation borne de recharge VE;3;7922.73;Refusé;2025-01-29;8;1
DEV-01596;2025-01-13;2025-01;2024-2025;CLI-0051;Particulier;Toulouse;Nadia Cherif;Plomberie;PR-002;Recherche de fuite + réparation;1;517.23;Accepté;2025-01-23;15;0
DEV-01597;2025-01-13;2025-01;2024-2025;CLI-0346;Particulier;Bordeaux;Sophie Marchand;Salle de bain;SB-003;Pose meuble vasque + robinetterie;1;1318.64;Refusé;2025-02-22;;0
DEV-01598;2025-01-13;2025-01;2024-2025;CLI-0237;Particulier;Toulouse;Julien Fabre;Chauffage;CH-001;Installation chaudière gaz condensation;2;9217.35;Refusé;2025-02-11;7;1
DEV-01599;2025-01-14;2025-01;2024-2025;CLI-0243;Professionnel;Bordeaux;Karim Belkacem;Plomberie;PR-002;Recherche de fuite + réparation;1;742.07;Accepté;2025-02-07;3;1
DEV-01600;2025-01-14;2025-01;2024-2025;CLI-0207;Particulier;Toulouse;Nadia Cherif;Électricité;EL-001;Mise aux normes tableau électrique;1;1952.83;Refusé;2025-01-23;10;0
DEV-01601;2025-01-14;2025-01;2024-2025;CLI-0029;Particulier;Bordeaux;Karim Belkacem;Chauffage;CH-005;Désembouage circuit chauffage;1;641.67;Accepté;2025-01-24;2;1
DEV-01602;2025-01-15;2025-01;2024-2025;CLI-0453;Particulier;Bordeaux;Karim Belkacem;Plomberie;PR-004;Remplacement colonne d'évacuation;1;6739.63;Accepté;2025-02-07;5;2
DEV-01603;2025-01-15;2025-01;2024-2025;CLI-0087;Particulier;Toulouse;Nadia Cherif;Électricité;EL-002;Installation borne de recharge VE;2;3440.35;Refusé;2025-01-28;;0
DEV-01604;2025-01-16;2025-01;2024-2025;CLI-0209;Particulier;Toulouse;Nadia Cherif;Dépannage;DP-003;Dépannage électrique urgence;1;335.86;Sans réponse;2025-02-07;;0
DEV-01605;2025-01-16;2025-01;2024-2025;CLI-0378;Particulier;Bordeaux;Sophie Marchand;Plomberie;PR-004;Remplacement colonne d'évacuation;1;5539.98;Accepté;2025-01-31;5;1
DEV-01606;2025-01-16;2025-01;2024-2025;CLI-0225;Particulier;Toulouse;Julien Fabre;Plomberie;PR-004;Remplacement colonne d'évacuation;2;13479.85;Sans réponse;2025-02-16;12;1
DEV-01607;2025-01-16;2025-01;2024-2025;CLI-0988;Particulier;Montpellier;Thomas Rey;Plomberie;PR-003;Réfection réseau eau appartement;1;2836.27;Sans réponse;2025-02-14;8;4
DEV-01608;2025-01-17;2025-01;2024-2025;CLI-0511;Particulier;Toulouse;Julien Fabre;Dépannage;DP-001;Dépannage plomberie urgence;1;285.09;Sans réponse;2025-02-11;15;2
DEV-01609;2025-01-17;2025-01;2024-2025;CLI-0311;Syndic;Toulouse;Nadia Cherif;Plomberie;PR-003;Réfection réseau eau appartement;1;6575.79;Refusé;2025-02-10;2;1
DEV-01610;2025-01-17;2025-01;2024-2025;CLI-0198;Syndic;Bordeaux;Sophie Marchand;Dépannage;DP-003;Dépannage électrique urgence;1;620.76;Refusé;2025-02-10;;0
DEV-01611;2025-01-17;2025-01;2024-2025;CLI-1014;Particulier;Montpellier;Thomas Rey;Salle de bain;SB-003;Pose meuble vasque + robinetterie;1;1284.52;Sans réponse;2025-02-07;12;1
DEV-01612;2025-01-20;2025-01;2024-2025;CLI-0194;Syndic;Toulouse;Julien Fabre;Chauffage;CH-005;Désembouage circuit chauffage;1;1698.22;Refusé;2025-02-13;9;1
DEV-01613;2025-01-20;2025-01;2024-2025;CLI-0078;Collectivité;Toulouse;Nadia Cherif;Plomberie;PR-004;Remplacement colonne d'évacuation;1;13461.18;Sans réponse;2025-02-05;;0
DEV-01614;2025-01-20;2025-01;2024-2025;CLI-0199;Particulier;Toulouse;Julien Fabre;Salle de bain;SB-003;Pose meuble vasque + robinetterie;1;1290.22;Refusé;2025-02-13;;0
DEV-01615;2025-01-20;2025-01;2024-2025;CLI-1000;Particulier;Montpellier;Thomas Rey;Salle de bain;SB-003;Pose meuble vasque + robinetterie;1;1147.46;Refusé;2025-02-09;10;2
DEV-01616;2025-01-21;2025-01;2024-2025;CLI-0078;Collectivité;Toulouse;Julien Fabre;Dépannage;DP-003;Dépannage électrique urgence;1;764.09;Refusé;2025-02-04;12;1
DEV-01617;2025-01-21;2025-01;2024-2025;CLI-0159;Syndic;Bordeaux;Sophie Marchand;Dépannage;DP-002;Débouchage canalisation;1;756.76;Sans réponse;2025-02-07;;0
DEV-01618;2025-01-22;2025-01;2024-2025;CLI-0261;Particulier;Toulouse;Julien Fabre;Électricité;EL-002;Installation borne de recharge VE;1;1578.46;Accepté;2025-02-17;7;1
DEV-01619;2025-01-22;2025-01;2024-2025;CLI-0333;Professionnel;Toulouse;Julien Fabre;Électricité;EL-004;Éclairage LED locaux professionnels;1;5737.83;Sans réponse;2025-02-11;9;1
DEV-01620;2025-01-22;2025-01;2024-2025;CLI-0412;Professionnel;Bordeaux;Karim Belkacem;Dépannage;DP-003;Dépannage électrique urgence;1;494.75;Accepté;2025-02-03;3;1
DEV-01621;2025-01-22;2025-01;2024-2025;CLI-0365;Particulier;Toulouse;Julien Fabre;Plomberie;PR-002;Recherche de fuite + réparation;1;441.44;Accepté;2025-02-09;;0
DEV-01622;2025-01-23;2025-01;2024-2025;CLI-0224;Particulier;Toulouse;Nadia Cherif;Chauffage;CH-004;Remplacement radiateurs (lot de 5);1;2637.67;Refusé;2025-02-05;8;1
DEV-01623;2025-01-24;2025-01;2024-2025;CLI-0178;Particulier;Toulouse;Nadia Cherif;Chauffage;CH-001;Installation chaudière gaz condensation;1;4985.43;Accepté;2025-02-09;3;2
DEV-01624;2025-01-24;2025-01;2024-2025;CLI-0472;Professionnel;Bordeaux;Sophie Marchand;Dépannage;DP-003;Dépannage électrique urgence;1;567.99;Accepté;2025-02-17;2;3
DEV-01625;2025-01-24;2025-01;2024-2025;CLI-0599;Particulier;Bordeaux;Sophie Marchand;Dépannage;DP-002;Débouchage canalisation;1;356.25;Sans réponse;2025-02-17;4;3
DEV-01626;2025-01-27;2025-01;2024-2025;CLI-0406;Particulier;Toulouse;Nadia Cherif;Chauffage;CH-001;Installation chaudière gaz condensation;1;5694.54;Refusé;2025-02-11;9;1
DEV-01627;2025-01-27;2025-01;2024-2025;CLI-0572;Collectivité;Bordeaux;Karim Belkacem;Chauffage;CH-004;Remplacement radiateurs (lot de 5);2;11357.44;Sans réponse;2025-02-08;;0
DEV-01628;2025-01-27;2025-01;2024-2025;CLI-0511;Particulier;Toulouse;Julien Fabre;Chauffage;CH-004;Remplacement radiateurs (lot de 5);1;2255.85;Sans réponse;2025-03-11;9;1
DEV-01629;2025-01-28;2025-01;2024-2025;CLI-0007;Particulier;Toulouse;Julien Fabre;Salle de bain;SB-003;Pose meuble vasque + robinetterie;1;1367.82;Accepté;2025-02-16;9;1
DEV-01630;2025-01-28;2025-01;2024-2025;CLI-0440;Particulier;Bordeaux;Sophie Marchand;Dépannage;DP-004;Remise en service chaudière;1;236.07;Accepté;2025-01-31;7;0
DEV-01631;2025-01-29;2025-01;2024-2025;CLI-0343;Professionnel;Bordeaux;Sophie Marchand;Chauffage;CH-004;Remplacement radiateurs (lot de 5);1;4652.02;Refusé;2025-02-21;;0
DEV-01632;2025-01-29;2025-01;2024-2025;CLI-0613;Professionnel;Toulouse;Julien Fabre;Plomberie;PR-003;Réfection réseau eau appartement;1;4940.51;Sans réponse;2025-02-16;7;1
DEV-01633;2025-01-29;2025-01;2024-2025;CLI-0329;Particulier;Bordeaux;Karim Belkacem;Électricité;EL-001;Mise aux normes tableau électrique;1;1779.13;Accepté;2025-02-21;1;1
DEV-01634;2025-01-30;2025-01;2024-2025;CLI-0097;Particulier;Toulouse;Julien Fabre;Chauffage;CH-003;Installation pompe à chaleur air/eau;1;12201.28;Sans réponse;2025-03-07;;0
DEV-01635;2025-01-30;2025-01;2024-2025;CLI-0208;Particulier;Bordeaux;Karim Belkacem;Électricité;EL-003;Rénovation électrique complète;1;9692.25;Refusé;2025-03-05;6;2
DEV-01636;2025-01-30;2025-01;2024-2025;CLI-0422;Particulier;Bordeaux;Sophie Marchand;Électricité;EL-001;Mise aux normes tableau électrique;1;2072.47;Sans réponse;2025-02-23;12;1
DEV-01637;2025-01-31;2025-01;2024-2025;CLI-0485;Particulier;Toulouse;Julien Fabre;Électricité;EL-001;Mise aux normes tableau électrique;2;3630.57;Refusé;2025-02-19;15;1
DEV-01638;2025-01-31;2025-01;2024-2025;CLI-0328;Particulier;Bordeaux;Sophie Marchand;Dépannage;DP-004;Remise en service chaudière;1;258.13;Accepté;2025-02-11;7;1
DEV-01639;2025-02-03;2025-02;2024-2025;CLI-0514;Particulier;Toulouse;Nadia Cherif;Salle de bain;SB-002;Remplacement baignoire par douche;3;12231.97;Accepté;2025-02-06;9;0
DEV-01640;2025-02-03;2025-02;2024-2025;CLI-0130;Particulier;Toulouse;Nadia Cherif;Salle de bain;SB-003;Pose meuble vasque + robinetterie;1;1095.48;Sans réponse;2025-02-09;;0
DEV-01641;2025-02-03;2025-02;2024-2025;CLI-0568;Syndic;Toulouse;Julien Fabre;Dépannage;DP-002;Débouchage canalisation;1;794.01;Accepté;2025-02-17;;0
DEV-01642;2025-02-04;2025-02;2024-2025;CLI-0365;Particulier;Toulouse;Julien Fabre;Plomberie;PR-001;Remplacement chauffe-eau 200 L;3;4184.54;Refusé;2025-03-06;;0
DEV-01643;2025-02-04;2025-02;2024-2025;CLI-0499;Professionnel;Bordeaux;Sophie Marchand;Chauffage;CH-005;Désembouage circuit chauffage;1;1314.46;Refusé;2025-03-01;2;1
DEV-01644;2025-02-04;2025-02;2024-2025;CLI-0427;Particulier;Bordeaux;Karim Belkacem;Chauffage;CH-002;Entretien annuel chaudière;1;180.68;Sans réponse;2025-03-05;;0
DEV-01645;2025-02-04;2025-02;2024-2025;CLI-0528;Particulier;Bordeaux;Sophie Marchand;Dépannage;DP-002;Débouchage canalisation;2;767.36;Accepté;2025-02-26;9;1
DEV-01646;2025-02-05;2025-02;2024-2025;CLI-0203;Particulier;Toulouse;Nadia Cherif;Électricité;EL-002;Installation borne de recharge VE;1;1549.32;Sans réponse;2025-02-16;;0
DEV-01647;2025-02-05;2025-02;2024-2025;CLI-0376;Particulier;Bordeaux;Sophie Marchand;Plomberie;PR-002;Recherche de fuite + réparation;1;510.19;Accepté;2025-02-22;5;2
DEV-01648;2025-02-06;2025-02;2024-2025;CLI-0410;Professionnel;Bordeaux;Sophie Marchand;Dépannage;DP-004;Remise en service chaudière;1;448.72;Sans réponse;2025-02-20;;0
DEV-01649;2025-02-06;2025-02;2024-2025;CLI-0607;Syndic;Toulouse;Julien Fabre;Dépannage;DP-002;Débouchage canalisation;1;724.07;Accepté;2025-03-06;8;1
DEV-01650;2025-02-06;2025-02;2024-2025;CLI-0207;Particulier;Toulouse;Nadia Cherif;Électricité;EL-004;Éclairage LED locaux professionnels;1;3866.75;Sans réponse;2025-03-11;;0
DEV-01651;2025-02-06;2025-02;2024-2025;CLI-0226;Particulier;Bordeaux;Karim Belkacem;Électricité;EL-003;Rénovation électrique complète;1;8408.94;Accepté;2025-02-18;9;1
DEV-01652;2025-02-06;2025-02;2024-2025;CLI-0536;Particulier;Toulouse;Julien Fabre;Électricité;EL-003;Rénovation électrique complète;1;9035.27;Sans réponse;2025-02-25;;0
DEV-01653;2025-02-06;2025-02;2024-2025;CLI-1001;Syndic;Montpellier;Thomas Rey;Électricité;EL-002;Installation borne de recharge VE;1;2891.17;Refusé;2025-02-16;8;1
DEV-01654;2025-02-06;2025-02;2024-2025;CLI-0975;Particulier;Montpellier;Thomas Rey;Plomberie;PR-002;Recherche de fuite + réparation;1;417.09;Sans réponse;2025-03-13;7;3
DEV-01655;2025-02-07;2025-02;2024-2025;CLI-0498;Particulier;Toulouse;Julien Fabre;Salle de bain;SB-002;Remplacement baignoire par douche;2;8289.22;Refusé;2025-03-12;5;1
DEV-01656;2025-02-07;2025-02;2024-2025;CLI-0294;Professionnel;Toulouse;Julien Fabre;Chauffage;CH-004;Remplacement radiateurs (lot de 5);1;4722.7;Sans réponse;2025-02-13;5;1
DEV-01657;2025-02-07;2025-02;2024-2025;CLI-0592;Professionnel;Montpellier;Thomas Rey;Salle de bain;SB-001;Rénovation salle de bain complète;1;19051.22;Refusé;2025-03-12;;0
DEV-01658;2025-02-10;2025-02;2024-2025;CLI-0291;Professionnel;Bordeaux;Sophie Marchand;Dépannage;DP-001;Dépannage plomberie urgence;1;453.99;Refusé;2025-02-20;11;0
DEV-01659;2025-02-10;2025-02;2024-2025;CLI-0325;Particulier;Toulouse;Nadia Cherif;Chauffage;CH-004;Remplacement radiateurs (lot de 5);2;5217.86;Sans réponse;2025-02-20;9;1
DEV-01660;2025-02-10;2025-02;2024-2025;CLI-1013;Professionnel;Montpellier;Thomas Rey;Électricité;EL-001;Mise aux normes tableau électrique;1;3172.54;Sans réponse;2025-03-10;8;1
DEV-01661;2025-02-11;2025-02;2024-2025;CLI-0196;Particulier;Bordeaux;Sophie Marchand;Plomberie;PR-004;Remplacement colonne d'évacuation;2;12433.24;Accepté;2025-02-20;1;1
DEV-01662;2025-02-11;2025-02;2024-2025;CLI-0300;Professionnel;Toulouse;Nadia Cherif;Électricité;EL-003;Rénovation électrique complète;1;17753.51;Accepté;2025-03-21;9;1
DEV-01663;2025-02-11;2025-02;2024-2025;CLI-0043;Particulier;Toulouse;Julien Fabre;Dépannage;DP-004;Remise en service chaudière;1;269.8;Sans réponse;2025-02-19;;0
DEV-01664;2025-02-12;2025-02;2024-2025;CLI-0466;Collectivité;Bordeaux;Sophie Marchand;Dépannage;DP-002;Débouchage canalisation;1;789.32;Accepté;2025-02-16;4;1
DEV-01665;2025-02-12;2025-02;2024-2025;CLI-0195;Particulier;Bordeaux;Sophie Marchand;Salle de bain;SB-001;Rénovation salle de bain complète;1;8988.46;Sans réponse;2025-03-11;4;3
DEV-01666;2025-02-12;2025-02;2024-2025;CLI-0561;Particulier;Bordeaux;Karim Belkacem;Électricité;EL-002;Installation borne de recharge VE;2;3038.04;Refusé;2025-02-19;2;1
DEV-01667;2025-02-12;2025-02;2024-2025;CLI-0309;Particulier;Bordeaux;Karim Belkacem;Chauffage;CH-001;Installation chaudière gaz condensation;1;4906.43;Accepté;2025-03-16;3;2
DEV-01668;2025-02-13;2025-02;2024-2025;CLI-0606;Particulier;Bordeaux;Sophie Marchand;Électricité;EL-003;Rénovation électrique complète;1;10133.68;Refusé;2025-03-09;9;1
DEV-01669;2025-02-13;2025-02;2024-2025;CLI-0067;Professionnel;Bordeaux;Sophie Marchand;Électricité;EL-001;Mise aux normes tableau électrique;1;3333.62;Refusé;2025-03-10;;0
DEV-01670;2025-02-14;2025-02;2024-2025;CLI-0172;Particulier;Bordeaux;Sophie Marchand;Plomberie;PR-003;Réfection réseau eau appartement;1;3575.25;Refusé;2025-03-01;;0
DEV-01671;2025-02-14;2025-02;2024-2025;CLI-0076;Particulier;Toulouse;Nadia Cherif;Chauffage;CH-002;Entretien annuel chaudière;1;168.49;Accepté;2025-02-20;6;1
DEV-01672;2025-02-14;2025-02;2024-2025;CLI-0991;Professionnel;Montpellier;Thomas Rey;Plomberie;PR-003;Réfection réseau eau appartement;1;5406.5;Refusé;2025-03-04;;0
DEV-01673;2025-02-17;2025-02;2024-2025;CLI-0154;Particulier;Bordeaux;Sophie Marchand;Dépannage;DP-003;Dépannage électrique urgence;2;558.05;Accepté;2025-03-03;6;1
DEV-01674;2025-02-17;2025-02;2024-2025;CLI-0513;Professionnel;Bordeaux;Sophie Marchand;Salle de bain;SB-002;Remplacement baignoire par douche;1;5584.99;Sans réponse;2025-02-25;5;1
DEV-01675;2025-02-17;2025-02;2024-2025;CLI-0152;Particulier;Bordeaux;Sophie Marchand;Dépannage;DP-002;Débouchage canalisation;1;341.75;Sans réponse;2025-03-04;9;1
DEV-01676;2025-02-17;2025-02;2024-2025;CLI-0995;Particulier;Montpellier;Thomas Rey;Dépannage;DP-001;Dépannage plomberie urgence;1;251.98;Refusé;2025-03-18;;0
DEV-01677;2025-02-18;2025-02;2024-2025;CLI-0433;Particulier;Toulouse;Nadia Cherif;Salle de bain;SB-002;Remplacement baignoire par douche;3;11683.56;Sans réponse;2025-03-10;;0
DEV-01678;2025-02-18;2025-02;2024-2025;CLI-0594;Professionnel;Bordeaux;Sophie Marchand;Salle de bain;SB-002;Remplacement baignoire par douche;1;6036.14;Refusé;2025-03-11;12;2
DEV-01679;2025-02-18;2025-02;2024-2025;CLI-0141;Particulier;Bordeaux;Sophie Marchand;Salle de bain;SB-001;Rénovation salle de bain complète;1;10406.49;Accepté;2025-03-25;1;2
DEV-01680;2025-02-18;2025-02;2024-2025;CLI-0101;Particulier;Bordeaux;Sophie Marchand;Électricité;EL-002;Installation borne de recharge VE;1;1733.19;Sans réponse;2025-03-15;8;3
DEV-01681;2025-02-18;2025-02;2024-2025;CLI-0556;Professionnel;Montpellier;Thomas Rey;Chauffage;CH-001;Installation chaudière gaz condensation;1;8174.61;Sans réponse;2025-04-01;;0
DEV-01682;2025-02-19;2025-02;2024-2025;CLI-0336;Particulier;Toulouse;Nadia Cherif;Électricité;EL-004;Éclairage LED locaux professionnels;1;3651.17;Refusé;2025-03-24;7;2
DEV-01683;2025-02-19;2025-02;2024-2025;CLI-0255;Particulier;Bordeaux;Karim Belkacem;Électricité;EL-001;Mise aux normes tableau électrique;1;1685.73;Accepté;2025-03-11;12;2
DEV-01684;2025-02-19;2025-02;2024-2025;CLI-0485;Particulier;Toulouse;Julien Fabre;Plomberie;PR-001;Remplacement chauffe-eau 200 L;1;1274.81;Sans réponse;2025-02-27;;0
DEV-01685;2025-02-20;2025-02;2024-2025;CLI-0524;Collectivité;Bordeaux;Karim Belkacem;Dépannage;DP-004;Remise en service chaudière;1;529.91;Refusé;2025-02-27;8;0
DEV-01686;2025-02-20;2025-02;2024-2025;CLI-0108;Professionnel;Toulouse;Julien Fabre;Plomberie;PR-001;Remplacement chauffe-eau 200 L;1;2083.45;Accepté;2025-04-03;9;1
DEV-01687;2025-02-20;2025-02;2024-2025;CLI-0263;Syndic;Bordeaux;Karim Belkacem;Dépannage;DP-003;Dépannage électrique urgence;1;592.9;Sans réponse;2025-03-06;1;1
DEV-01688;2025-02-20;2025-02;2024-2025;CLI-0999;Particulier;Montpellier;Thomas Rey;Électricité;EL-002;Installation borne de recharge VE;2;3034.83;Sans réponse;2025-03-09;14;1
DEV-01689;2025-02-21;2025-02;2024-2025;CLI-0263;Syndic;Bordeaux;Karim Belkacem;Électricité;EL-001;Mise aux normes tableau électrique;1;4218.59;Accepté;2025-02-24;;0
DEV-01690;2025-02-21;2025-02;2024-2025;CLI-0444;Professionnel;Bordeaux;Karim Belkacem;Chauffage;CH-003;Installation pompe à chaleur air/eau;1;26337.43;Sans réponse;2025-03-05;8;1
DEV-01691;2025-02-24;2025-02;2024-2025;CLI-0269;Particulier;Toulouse;Julien Fabre;Électricité;EL-002;Installation borne de recharge VE;1;1425.71;Sans réponse;2025-02-27;9;0
DEV-01692;2025-02-24;2025-02;2024-2025;CLI-0371;Particulier;Bordeaux;Sophie Marchand;Plomberie;PR-003;Réfection réseau eau appartement;1;2817.03;Sans réponse;2025-03-22;9;2
DEV-01693;2025-02-24;2025-02;2024-2025;CLI-0451;Particulier;Bordeaux;Karim Belkacem;Chauffage;CH-005;Désembouage circuit chauffage;1;763.71;Refusé;2025-03-23;;0
DEV-01694;2025-02-25;2025-02;2024-2025;CLI-0014;Particulier;Bordeaux;Karim Belkacem;Plomberie;PR-002;Recherche de fuite + réparation;1;516.71;Sans réponse;2025-03-12;;0
DEV-01695;2025-02-25;2025-02;2024-2025;CLI-0033;Syndic;Bordeaux;Sophie Marchand;Plomberie;PR-001;Remplacement chauffe-eau 200 L;1;2328.28;Accepté;2025-03-11;7;2
DEV-01696;2025-02-25;2025-02;2024-2025;CLI-0080;Particulier;Bordeaux;Sophie Marchand;Dépannage;DP-001;Dépannage plomberie urgence;2;496.58;Accepté;2025-03-23;11;3
DEV-01697;2025-02-26;2025-02;2024-2025;CLI-0231;Professionnel;Bordeaux;Karim Belkacem;Salle de bain;SB-002;Remplacement baignoire par douche;1;6660.96;Refusé;2025-04-02;14;2
DEV-01698;2025-02-26;2025-02;2024-2025;CLI-0350;Particulier;Bordeaux;Karim Belkacem;Salle de bain;SB-003;Pose meuble vasque + robinetterie;1;1315.77;Sans réponse;2025-03-16;;0
DEV-01699;2025-02-26;2025-02;2024-2025;CLI-0617;Syndic;Bordeaux;Sophie Marchand;Plomberie;PR-001;Remplacement chauffe-eau 200 L;1;2472.19;Sans réponse;2025-03-30;;0
DEV-01700;2025-02-26;2025-02;2024-2025;CLI-0011;Particulier;Bordeaux;Sophie Marchand;Chauffage;CH-002;Entretien annuel chaudière;1;166.08;Refusé;2025-04-11;1;1
DEV-01701;2025-02-27;2025-02;2024-2025;CLI-0168;Particulier;Bordeaux;Sophie Marchand;Salle de bain;SB-002;Remplacement baignoire par douche;1;3983.42;Accepté;2025-03-27;4;1
DEV-01702;2025-02-27;2025-02;2024-2025;CLI-0492;Particulier;Bordeaux;Karim Belkacem;Électricité;EL-003;Rénovation électrique complète;1;10026.53;Sans réponse;2025-03-18;8;2
DEV-01703;2025-02-27;2025-02;2024-2025;CLI-0259;Professionnel;Bordeaux;Sophie Marchand;Dépannage;DP-003;Dépannage électrique urgence;1;560.48;Refusé;2025-03-27;;0
DEV-01704;2025-02-28;2025-02;2024-2025;CLI-0459;Professionnel;Bordeaux;Karim Belkacem;Dépannage;DP-001;Dépannage plomberie urgence;1;540.59;Accepté;2025-03-18;9;1
DEV-01705;2025-03-03;2025-03;2024-2025;CLI-0038;Particulier;Bordeaux;Sophie Marchand;Dépannage;DP-004;Remise en service chaudière;2;500.03;Sans réponse;2025-03-23;;0
DEV-01706;2025-03-03;2025-03;2024-2025;CLI-0270;Particulier;Bordeaux;Karim Belkacem;Électricité;EL-004;Éclairage LED locaux professionnels;1;3393.32;Refusé;2025-04-04;6;1
DEV-01707;2025-03-04;2025-03;2024-2025;CLI-0174;Professionnel;Bordeaux;Sophie Marchand;Plomberie;PR-002;Recherche de fuite + réparation;3;2325.47;Accepté;2025-03-30;3;3
DEV-01708;2025-03-04;2025-03;2024-2025;CLI-0570;Particulier;Toulouse;Julien Fabre;Chauffage;CH-005;Désembouage circuit chauffage;3;2519.13;Refusé;2025-03-07;7;0
DEV-01709;2025-03-04;2025-03;2024-2025;CLI-0254;Particulier;Toulouse;Nadia Cherif;Salle de bain;SB-001;Rénovation salle de bain complète;1;11452.32;Accepté;2025-04-10;10;1
DEV-01710;2025-03-05;2025-03;2024-2025;CLI-0561;Particulier;Bordeaux;Karim Belkacem;Dépannage;DP-003;Dépannage électrique urgence;1;301.66;Accepté;2025-03-08;5;0
DEV-01711;2025-03-05;2025-03;2024-2025;CLI-0262;Particulier;Toulouse;Julien Fabre;Plomberie;PR-004;Remplacement colonne d'évacuation;1;5826.82;Sans réponse;2025-04-07;;0
DEV-01712;2025-03-05;2025-03;2024-2025;CLI-0408;Particulier;Bordeaux;Sophie Marchand;Salle de bain;SB-003;Pose meuble vasque + robinetterie;1;1361.86;Sans réponse;2025-03-30;;0
DEV-01713;2025-03-06;2025-03;2024-2025;CLI-0481;Syndic;Bordeaux;Karim Belkacem;Salle de bain;SB-003;Pose meuble vasque + robinetterie;1;2765.21;Refusé;2025-03-14;5;1
DEV-01714;2025-03-06;2025-03;2024-2025;CLI-0566;Particulier;Toulouse;Julien Fabre;Chauffage;CH-001;Installation chaudière gaz condensation;1;5329.0;Sans réponse;2025-03-21;7;1
DEV-01715;2025-03-06;2025-03;2024-2025;CLI-0144;Particulier;Toulouse;Nadia Cherif;Plomberie;PR-003;Réfection réseau eau appartement;1;2772.94;Sans réponse;2025-03-31;;0
DEV-01716;2025-03-07;2025-03;2024-2025;CLI-0341;Collectivité;Toulouse;Nadia Cherif;Électricité;EL-003;Rénovation électrique complète;1;25904.21;Sans réponse;2025-03-25;;0
DEV-01717;2025-03-07;2025-03;2024-2025;CLI-0080;Particulier;Bordeaux;Karim Belkacem;Électricité;EL-003;Rénovation électrique complète;1;8985.07;Refusé;2025-03-20;;0
DEV-01718;2025-03-07;2025-03;2024-2025;CLI-0322;Particulier;Bordeaux;Karim Belkacem;Salle de bain;SB-001;Rénovation salle de bain complète;1;9708.82;Accepté;2025-03-20;8;1
DEV-01719;2025-03-10;2025-03;2024-2025;CLI-0568;Syndic;Toulouse;Nadia Cherif;Salle de bain;SB-002;Remplacement baignoire par douche;1;7655.91;Accepté;2025-03-18;3;1
DEV-01720;2025-03-10;2025-03;2024-2025;CLI-0978;Particulier;Montpellier;Thomas Rey;Dépannage;DP-003;Dépannage électrique urgence;1;302.65;Accepté;2025-03-20;;0
DEV-01721;2025-03-11;2025-03;2024-2025;CLI-0169;Professionnel;Bordeaux;Karim Belkacem;Chauffage;CH-002;Entretien annuel chaudière;1;275.14;Accepté;2025-04-17;2;3
DEV-01722;2025-03-11;2025-03;2024-2025;CLI-0198;Syndic;Bordeaux;Karim Belkacem;Chauffage;CH-002;Entretien annuel chaudière;1;300.29;Accepté;2025-03-24;16;0
DEV-01723;2025-03-11;2025-03;2024-2025;CLI-0525;Particulier;Bordeaux;Karim Belkacem;Plomberie;PR-003;Réfection réseau eau appartement;1;3215.98;Accepté;2025-04-03;6;2
DEV-01724;2025-03-11;2025-03;2024-2025;CLI-0290;Particulier;Toulouse;Julien Fabre;Plomberie;PR-002;Recherche de fuite + réparation;1;400.85;Accepté;2025-04-06;11;2
DEV-01725;2025-03-11;2025-03;2024-2025;CLI-0308;Particulier;Bordeaux;Karim Belkacem;Dépannage;DP-002;Débouchage canalisation;1;409.83;Refusé;2025-03-24;;0
DEV-01726;2025-03-11;2025-03;2024-2025;CLI-0979;Particulier;Montpellier;Thomas Rey;Plomberie;PR-001;Remplacement chauffe-eau 200 L;1;1300.41;Sans réponse;2025-03-26;18;0
DEV-01727;2025-03-12;2025-03;2024-2025;CLI-0261;Particulier;Toulouse;Julien Fabre;Dépannage;DP-003;Dépannage électrique urgence;1;352.81;Refusé;2025-03-24;11;1
DEV-01728;2025-03-12;2025-03;2024-2025;CLI-0447;Syndic;Bordeaux;Sophie Marchand;Salle de bain;SB-003;Pose meuble vasque + robinetterie;1;2522.32;Sans réponse;2025-03-21;11;0
DEV-01729;2025-03-12;2025-03;2024-2025;CLI-0402;Particulier;Bordeaux;Karim Belkacem;Dépannage;DP-003;Dépannage électrique urgence;1;347.78;Accepté;2025-03-29;1;2
DEV-01730;2025-03-12;2025-03;2024-2025;CLI-0534;Particulier;Toulouse;Julien Fabre;Plomberie;PR-001;Remplacement chauffe-eau 200 L;1;1111.41;Refusé;2025-03-19;10;0
DEV-01731;2025-03-12;2025-03;2024-2025;CLI-0164;Particulier;Toulouse;Julien Fabre;Chauffage;CH-002;Entretien annuel chaudière;1;178.23;Refusé;2025-03-31;10;1
DEV-01732;2025-03-12;2025-03;2024-2025;CLI-0546;Professionnel;Montpellier;Thomas Rey;Salle de bain;SB-002;Remplacement baignoire par douche;1;6494.76;Sans réponse;2025-03-26;;0
DEV-01733;2025-03-13;2025-03;2024-2025;CLI-0109;Professionnel;Toulouse;Julien Fabre;Dépannage;DP-004;Remise en service chaudière;1;461.51;Accepté;2025-04-02;6;2
DEV-01734;2025-03-13;2025-03;2024-2025;CLI-0485;Particulier;Toulouse;Julien Fabre;Salle de bain;SB-001;Rénovation salle de bain complète;1;10572.72;Sans réponse;2025-03-28;11;1
DEV-01735;2025-03-13;2025-03;2024-2025;CLI-0135;Professionnel;Bordeaux;Sophie Marchand;Plomberie;PR-002;Recherche de fuite + réparation;1;695.69;Refusé;2025-03-28;;0
DEV-01736;2025-03-13;2025-03;2024-2025;CLI-0188;Particulier;Bordeaux;Sophie Marchand;Plomberie;PR-002;Recherche de fuite + réparation;1;507.49;Accepté;2025-04-03;11;1
DEV-01737;2025-03-13;2025-03;2024-2025;CLI-0991;Professionnel;Montpellier;Thomas Rey;Dépannage;DP-001;Dépannage plomberie urgence;1;466.93;Refusé;2025-04-27;;0
DEV-01738;2025-03-14;2025-03;2024-2025;CLI-0355;Particulier;Bordeaux;Karim Belkacem;Chauffage;CH-004;Remplacement radiateurs (lot de 5);1;2276.94;Accepté;2025-03-28;6;1
DEV-01739;2025-03-14;2025-03;2024-2025;CLI-0527;Particulier;Bordeaux;Sophie Marchand;Plomberie;PR-001;Remplacement chauffe-eau 200 L;1;1148.92;Sans réponse;2025-03-22;15;0
DEV-01740;2025-03-14;2025-03;2024-2025;CLI-0581;Particulier;Montpellier;Thomas Rey;Électricité;EL-003;Rénovation électrique complète;1;9980.82;Refusé;2025-03-27;;0
DEV-01741;2025-03-17;2025-03;2024-2025;CLI-0414;Particulier;Toulouse;Julien Fabre;Salle de bain;SB-003;Pose meuble vasque + robinetterie;1;1336.03;Sans réponse;2025-04-05;7;2
DEV-01742;2025-03-17;2025-03;2024-2025;CLI-0589;Particulier;Toulouse;Nadia Cherif;Électricité;EL-002;Installation borne de recharge VE;1;1733.87;Sans réponse;2025-03-24;;0
DEV-01743;2025-03-18;2025-03;2024-2025;CLI-0338;Collectivité;Bordeaux;Sophie Marchand;Électricité;EL-002;Installation borne de recharge VE;1;3289.7;Accepté;2025-04-22;6;1
DEV-01744;2025-03-18;2025-03;2024-2025;CLI-0645;Particulier;Bordeaux;Karim Belkacem;Salle de bain;SB-001;Rénovation salle de bain complète;1;10480.07;Sans réponse;2025-04-13;15;2
DEV-01745;2025-03-18;2025-03;2024-2025;CLI-0369;Particulier;Bordeaux;Karim Belkacem;Électricité;EL-004;Éclairage LED locaux professionnels;1;3873.32;Refusé;2025-03-27;;0
DEV-01746;2025-03-18;2025-03;2024-2025;CLI-0326;Particulier;Toulouse;Nadia Cherif;Électricité;EL-004;Éclairage LED locaux professionnels;1;3089.56;Sans réponse;2025-04-19;;0
DEV-01747;2025-03-19;2025-03;2024-2025;CLI-0308;Particulier;Bordeaux;Karim Belkacem;Salle de bain;SB-002;Remplacement baignoire par douche;1;3851.97;Accepté;2025-04-02;6;1
DEV-01748;2025-03-19;2025-03;2024-2025;CLI-0460;Professionnel;Toulouse;Nadia Cherif;Plomberie;PR-002;Recherche de fuite + réparation;1;721.6;Sans réponse;2025-04-18;5;3
DEV-01749;2025-03-19;2025-03;2024-2025;CLI-0609;Syndic;Bordeaux;Karim Belkacem;Électricité;EL-001;Mise aux normes tableau électrique;1;3429.18;Sans réponse;2025-05-06;9;1
DEV-01750;2025-03-19;2025-03;2024-2025;CLI-0194;Syndic;Toulouse;Julien Fabre;Chauffage;CH-004;Remplacement radiateurs (lot de 5);1;5677.61;Accepté;2025-03-25;3;1
DEV-01751;2025-03-19;2025-03;2024-2025;CLI-0569;Particulier;Montpellier;Thomas Rey;Plomberie;PR-001;Remplacement chauffe-eau 200 L;1;1366.17;Refusé;2025-05-08;20;2
DEV-01752;2025-03-20;2025-03;2024-2025;CLI-0381;Particulier;Bordeaux;Karim Belkacem;Salle de bain;SB-001;Rénovation salle de bain complète;1;9067.46;Sans réponse;2025-05-12;7;2
DEV-01753;2025-03-20;2025-03;2024-2025;CLI-0541;Professionnel;Toulouse;Julien Fabre;Chauffage;CH-003;Installation pompe à chaleur air/eau;1;24166.95;Refusé;2025-03-28;12;0
DEV-01754;2025-03-20;2025-03;2024-2025;CLI-0595;Particulier;Toulouse;Nadia Cherif;Plomberie;PR-002;Recherche de fuite + réparation;1;440.29;Sans réponse;2025-04-07;;0
DEV-01755;2025-03-21;2025-03;2024-2025;CLI-0488;Syndic;Toulouse;Julien Fabre;Salle de bain;SB-002;Remplacement baignoire par douche;1;7271.6;Sans réponse;2025-04-06;;0
DEV-01756;2025-03-21;2025-03;2024-2025;CLI-0465;Particulier;Bordeaux;Karim Belkacem;Chauffage;CH-004;Remplacement radiateurs (lot de 5);1;2505.18;Sans réponse;2025-03-28;8;0
DEV-01757;2025-03-21;2025-03;2024-2025;CLI-0174;Professionnel;Bordeaux;Sophie Marchand;Plomberie;PR-004;Remplacement colonne d'évacuation;1;9617.19;Refusé;2025-04-03;8;1
DEV-01758;2025-03-21;2025-03;2024-2025;CLI-1009;Particulier;Montpellier;Thomas Rey;Électricité;EL-001;Mise aux normes tableau électrique;1;1591.41;Accepté;2025-04-17;7;2
DEV-01759;2025-03-24;2025-03;2024-2025;CLI-0045;Syndic;Bordeaux;Sophie Marchand;Plomberie;PR-004;Remplacement colonne d'évacuation;1;13606.9;Sans réponse;2025-03-28;11;0
DEV-01760;2025-03-25;2025-03;2024-2025;CLI-0229;Particulier;Toulouse;Julien Fabre;Électricité;EL-001;Mise aux normes tableau électrique;1;1779.24;Accepté;2025-04-25;11;3
DEV-01761;2025-03-25;2025-03;2024-2025;CLI-0583;Collectivité;Bordeaux;Karim Belkacem;Dépannage;DP-001;Dépannage plomberie urgence;1;650.11;Accepté;2025-04-11;5;2
DEV-01762;2025-03-25;2025-03;2024-2025;CLI-0022;Particulier;Bordeaux;Karim Belkacem;Dépannage;DP-002;Débouchage canalisation;1;401.53;Accepté;2025-04-07;11;1
DEV-01763;2025-03-26;2025-03;2024-2025;CLI-0649;Particulier;Bordeaux;Sophie Marchand;Plomberie;PR-002;Recherche de fuite + réparation;1;440.02;Sans réponse;2025-04-16;12;1
DEV-01764;2025-03-26;2025-03;2024-2025;CLI-0627;Particulier;Bordeaux;Karim Belkacem;Dépannage;DP-004;Remise en service chaudière;1;233.87;Accepté;2025-04-28;3;2
DEV-01765;2025-03-26;2025-03;2024-2025;CLI-0347;Particulier;Toulouse;Nadia Cherif;Électricité;EL-004;Éclairage LED locaux professionnels;2;6550.14;Sans réponse;2025-04-16;11;1
DEV-01766;2025-03-26;2025-03;2024-2025;CLI-0124;Particulier;Toulouse;Julien Fabre;Électricité;EL-003;Rénovation électrique complète;1;8729.06;Refusé;2025-04-16;;0
DEV-01767;2025-03-26;2025-03;2024-2025;CLI-0251;Particulier;Bordeaux;Sophie Marchand;Chauffage;CH-003;Installation pompe à chaleur air/eau;1;15382.04;Accepté;2025-04-13;9;1
DEV-01768;2025-03-27;2025-03;2024-2025;CLI-0215;Particulier;Toulouse;Julien Fabre;Plomberie;PR-003;Réfection réseau eau appartement;1;3665.77;Sans réponse;2025-04-06;5;1
DEV-01769;2025-03-27;2025-03;2024-2025;CLI-0121;Syndic;Toulouse;Julien Fabre;Dépannage;DP-003;Dépannage électrique urgence;1;653.34;Accepté;2025-04-15;2;2
DEV-01770;2025-03-27;2025-03;2024-2025;CLI-0644;Particulier;Bordeaux;Karim Belkacem;Chauffage;CH-001;Installation chaudière gaz condensation;1;5064.04;Accepté;2025-04-15;5;1
DEV-01771;2025-03-27;2025-03;2024-2025;CLI-0066;Professionnel;Toulouse;Nadia Cherif;Dépannage;DP-004;Remise en service chaudière;1;451.26;Accepté;2025-04-17;;0
DEV-01772;2025-03-28;2025-03;2024-2025;CLI-0030;Particulier;Toulouse;Nadia Cherif;Chauffage;CH-002;Entretien annuel chaudière;1;165.86;Sans réponse;2025-04-29;12;1
DEV-01773;2025-03-28;2025-03;2024-2025;CLI-0151;Syndic;Bordeaux;Karim Belkacem;Électricité;EL-002;Installation borne de recharge VE;1;3215.46;Sans réponse;2025-05-19;6;3
DEV-01774;2025-03-28;2025-03;2024-2025;CLI-0217;Particulier;Bordeaux;Sophie Marchand;Chauffage;CH-004;Remplacement radiateurs (lot de 5);1;2248.96;Refusé;2025-04-19;1;2
DEV-01775;2025-03-28;2025-03;2024-2025;CLI-0153;Particulier;Bordeaux;Karim Belkacem;Dépannage;DP-002;Débouchage canalisation;1;369.07;Accepté;2025-04-15;;0
DEV-01776;2025-03-28;2025-03;2024-2025;CLI-0564;Particulier;Montpellier;Thomas Rey;Dépannage;DP-003;Dépannage électrique urgence;1;302.51;Sans réponse;2025-04-24;15;1
DEV-01777;2025-03-31;2025-03;2024-2025;CLI-0508;Particulier;Bordeaux;Karim Belkacem;Salle de bain;SB-003;Pose meuble vasque + robinetterie;1;1109.22;Accepté;2025-04-18;6;2
DEV-01778;2025-03-31;2025-03;2024-2025;CLI-0401;Particulier;Toulouse;Julien Fabre;Chauffage;CH-004;Remplacement radiateurs (lot de 5);1;2337.98;Sans réponse;2025-04-03;3;1
DEV-01779;2025-03-31;2025-03;2024-2025;CLI-0532;Particulier;Bordeaux;Karim Belkacem;Chauffage;CH-002;Entretien annuel chaudière;1;158.5;Refusé;2025-04-26;;0
DEV-01780;2025-03-31;2025-03;2024-2025;CLI-0581;Particulier;Montpellier;Thomas Rey;Salle de bain;SB-002;Remplacement baignoire par douche;1;4300.04;Accepté;2025-04-29;6;2
DEV-01781;2025-04-01;2025-04;2024-2025;CLI-0398;Syndic;Toulouse;Julien Fabre;Salle de bain;SB-003;Pose meuble vasque + robinetterie;1;2379.21;Sans réponse;2025-04-20;;0
DEV-01782;2025-04-01;2025-04;2024-2025;CLI-0360;Particulier;Bordeaux;Sophie Marchand;Plomberie;PR-004;Remplacement colonne d'évacuation;1;6253.83;Sans réponse;2025-04-29;8;1
DEV-01783;2025-04-01;2025-04;2024-2025;CLI-0235;Particulier;Toulouse;Julien Fabre;Plomberie;PR-004;Remplacement colonne d'évacuation;2;12341.43;Refusé;2025-04-28;5;2
DEV-01784;2025-04-01;2025-04;2024-2025;CLI-0315;Professionnel;Bordeaux;Sophie Marchand;Salle de bain;SB-002;Remplacement baignoire par douche;1;7351.61;Refusé;2025-04-21;12;1
DEV-01785;2025-04-02;2025-04;2024-2025;CLI-0156;Particulier;Bordeaux;Sophie Marchand;Électricité;EL-002;Installation borne de recharge VE;1;1461.83;Sans réponse;2025-04-28;16;2
DEV-01786;2025-04-02;2025-04;2024-2025;CLI-0366;Particulier;Toulouse;Julien Fabre;Électricité;EL-002;Installation borne de recharge VE;1;1616.93;Sans réponse;2025-04-26;10;1
DEV-01787;2025-04-02;2025-04;2024-2025;CLI-0237;Particulier;Toulouse;Nadia Cherif;Chauffage;CH-005;Désembouage circuit chauffage;2;1643.5;Sans réponse;2025-05-11;4;3
DEV-01788;2025-04-03;2025-04;2024-2025;CLI-0295;Particulier;Toulouse;Nadia Cherif;Chauffage;CH-005;Désembouage circuit chauffage;1;740.35;Accepté;2025-05-21;4;2
DEV-01789;2025-04-03;2025-04;2024-2025;CLI-0452;Particulier;Bordeaux;Karim Belkacem;Salle de bain;SB-002;Remplacement baignoire par douche;1;3888.51;Refusé;2025-04-24;1;2
DEV-01790;2025-04-03;2025-04;2024-2025;CLI-0644;Particulier;Bordeaux;Sophie Marchand;Chauffage;CH-004;Remplacement radiateurs (lot de 5);1;2530.38;Sans réponse;2025-04-18;;0
DEV-01791;2025-04-03;2025-04;2024-2025;CLI-0211;Particulier;Bordeaux;Karim Belkacem;Plomberie;PR-001;Remplacement chauffe-eau 200 L;1;1181.91;Sans réponse;2025-05-01;;0
DEV-01792;2025-04-03;2025-04;2024-2025;CLI-0979;Particulier;Montpellier;Thomas Rey;Électricité;EL-003;Rénovation électrique complète;1;9246.24;Refusé;2025-04-29;;0
DEV-01793;2025-04-04;2025-04;2024-2025;CLI-0036;Particulier;Toulouse;Nadia Cherif;Salle de bain;SB-003;Pose meuble vasque + robinetterie;2;2431.03;Accepté;2025-04-26;7;2
DEV-01794;2025-04-04;2025-04;2024-2025;CLI-0030;Particulier;Toulouse;Nadia Cherif;Chauffage;CH-003;Installation pompe à chaleur air/eau;1;15999.72;Sans réponse;2025-05-06;10;3
DEV-01795;2025-04-04;2025-04;2024-2025;CLI-0234;Particulier;Toulouse;Nadia Cherif;Plomberie;PR-002;Recherche de fuite + réparation;1;491.0;Accepté;2025-04-24;;0
DEV-01796;2025-04-04;2025-04;2024-2025;CLI-0094;Professionnel;Toulouse;Julien Fabre;Électricité;EL-004;Éclairage LED locaux professionnels;2;13692.85;Accepté;2025-04-19;11;1
DEV-01797;2025-04-04;2025-04;2024-2025;CLI-1014;Particulier;Montpellier;Thomas Rey;Plomberie;PR-002;Recherche de fuite + réparation;1;411.49;Sans réponse;2025-04-25;;0
DEV-01798;2025-04-04;2025-04;2024-2025;CLI-0975;Particulier;Montpellier;Thomas Rey;Électricité;EL-004;Éclairage LED locaux professionnels;1;3222.41;Sans réponse;2025-05-17;15;1
DEV-01799;2025-04-07;2025-04;2024-2025;CLI-0346;Particulier;Bordeaux;Sophie Marchand;Chauffage;CH-001;Installation chaudière gaz condensation;2;9495.55;Sans réponse;2025-05-20;8;1
DEV-01800;2025-04-07;2025-04;2024-2025;CLI-0553;Professionnel;Toulouse;Nadia Cherif;Électricité;EL-003;Rénovation électrique complète;1;15716.32;Sans réponse;2025-05-05;;0
DEV-01801;2025-04-07;2025-04;2024-2025;CLI-0029;Particulier;Bordeaux;Karim Belkacem;Dépannage;DP-002;Débouchage canalisation;1;333.15;Accepté;2025-04-22;8;1
DEV-01802;2025-04-07;2025-04;2024-2025;CLI-0576;Syndic;Montpellier;Thomas Rey;Dépannage;DP-002;Débouchage canalisation;1;784.78;Sans réponse;2025-05-12;7;2
DEV-01803;2025-04-08;2025-04;2024-2025;CLI-0167;Particulier;Toulouse;Julien Fabre;Électricité;EL-004;Éclairage LED locaux professionnels;1;3970.65;Refusé;2025-05-08;9;1
DEV-01804;2025-04-08;2025-04;2024-2025;CLI-0604;Syndic;Bordeaux;Sophie Marchand;Chauffage;CH-005;Désembouage circuit chauffage;1;1577.49;Sans réponse;2025-05-01;7;2
DEV-01805;2025-04-09;2025-04;2024-2025;CLI-0651;Professionnel;Toulouse;Julien Fabre;Plomberie;PR-003;Réfection réseau eau appartement;1;5555.98;Sans réponse;2025-05-05;8;2
DEV-01806;2025-04-09;2025-04;2024-2025;CLI-0250;Syndic;Toulouse;Nadia Cherif;Dépannage;DP-003;Dépannage électrique urgence;1;763.97;Sans réponse;2025-04-19;;0
DEV-01807;2025-04-09;2025-04;2024-2025;CLI-0532;Particulier;Bordeaux;Sophie Marchand;Électricité;EL-004;Éclairage LED locaux professionnels;1;3316.44;Refusé;2025-05-02;11;1
DEV-01808;2025-04-09;2025-04;2024-2025;CLI-0558;Particulier;Montpellier;Thomas Rey;Électricité;EL-003;Rénovation électrique complète;1;9242.11;Refusé;2025-05-28;12;2
DEV-01809;2025-04-10;2025-04;2024-2025;CLI-0639;Particulier;Toulouse;Nadia Cherif;Salle de bain;SB-002;Remplacement baignoire par douche;1;3586.87;Sans réponse;2025-04-15;3;1
DEV-01810;2025-04-10;2025-04;2024-2025;CLI-0224;Particulier;Toulouse;Julien Fabre;Dépannage;DP-001;Dépannage plomberie urgence;1;296.96;Accepté;2025-04-28;;0
DEV-01811;2025-04-11;2025-04;2024-2025;CLI-0082;Particulier;Toulouse;Nadia Cherif;Salle de bain;SB-001;Rénovation salle de bain complète;1;9268.94;Refusé;2025-05-20;5;1
DEV-01812;2025-04-11;2025-04;2024-2025;CLI-0259;Professionnel;Bordeaux;Karim Belkacem;Plomberie;PR-004;Remplacement colonne d'évacuation;1;8985.72;Accepté;2025-04-28;12;1
DEV-01813;2025-04-11;2025-04;2024-2025;CLI-0574;Particulier;Toulouse;Julien Fabre;Salle de bain;SB-001;Rénovation salle de bain complète;1;10248.63;Sans réponse;2025-05-18;11;3
DEV-01814;2025-04-11;2025-04;2024-2025;CLI-1001;Syndic;Montpellier;Thomas Rey;Chauffage;CH-004;Remplacement radiateurs (lot de 5);1;5594.79;Accepté;2025-04-22;4;1
DEV-01815;2025-04-14;2025-04;2024-2025;CLI-0447;Syndic;Bordeaux;Karim Belkacem;Salle de bain;SB-001;Rénovation salle de bain complète;1;18613.69;Refusé;2025-05-11;;0
DEV-01816;2025-04-15;2025-04;2024-2025;CLI-0364;Particulier;Bordeaux;Sophie Marchand;Dépannage;DP-004;Remise en service chaudière;1;208.38;Accepté;2025-05-27;9;3
DEV-01817;2025-04-15;2025-04;2024-2025;CLI-0214;Particulier;Toulouse;Nadia Cherif;Dépannage;DP-002;Débouchage canalisation;1;407.9;Refusé;2025-05-06;;0
DEV-01818;2025-04-16;2025-04;2024-2025;CLI-0105;Particulier;Toulouse;Nadia Cherif;Dépannage;DP-001;Dépannage plomberie urgence;1;275.95;Refusé;2025-04-29;;0
DEV-01819;2025-04-16;2025-04;2024-2025;CLI-0010;Particulier;Bordeaux;Sophie Marchand;Électricité;EL-003;Rénovation électrique complète;1;9974.72;Sans réponse;2025-05-04;6;2
DEV-01820;2025-04-16;2025-04;2024-2025;CLI-0145;Collectivité;Bordeaux;Sophie Marchand;Salle de bain;SB-002;Remplacement baignoire par douche;1;9480.16;Refusé;2025-05-07;;0
DEV-01821;2025-04-17;2025-04;2024-2025;CLI-0375;Particulier;Bordeaux;Sophie Marchand;Salle de bain;SB-001;Rénovation salle de bain complète;1;11568.6;Sans réponse;2025-04-22;;0
DEV-01822;2025-04-17;2025-04;2024-2025;CLI-0014;Particulier;Bordeaux;Karim Belkacem;Plomberie;PR-001;Remplacement chauffe-eau 200 L;1;1359.96;Accepté;2025-05-15;8;3
DEV-01823;2025-04-17;2025-04;2024-2025;CLI-0071;Particulier;Toulouse;Julien Fabre;Dépannage;DP-003;Dépannage électrique urgence;1;317.09;Sans réponse;2025-05-17;;0
DEV-01824;2025-04-17;2025-04;2024-2025;CLI-0008;Particulier;Toulouse;Nadia Cherif;Chauffage;CH-001;Installation chaudière gaz condensation;3;15107.49;Refusé;2025-04-30;9;1
DEV-01825;2025-04-17;2025-04;2024-2025;CLI-0097;Particulier;Toulouse;Nadia Cherif;Électricité;EL-001;Mise aux normes tableau électrique;2;3480.39;Accepté;2025-05-14;3;3
DEV-01826;2025-04-17;2025-04;2024-2025;CLI-0558;Particulier;Montpellier;Thomas Rey;Salle de bain;SB-003;Pose meuble vasque + robinetterie;1;1428.0;Accepté;2025-04-29;9;1
DEV-01827;2025-04-17;2025-04;2024-2025;CLI-1015;Particulier;Montpellier;Thomas Rey;Dépannage;DP-001;Dépannage plomberie urgence;1;280.99;Sans réponse;2025-04-28;15;0
DEV-01828;2025-04-18;2025-04;2024-2025;CLI-0466;Collectivité;Bordeaux;Sophie Marchand;Électricité;EL-002;Installation borne de recharge VE;1;4121.25;Sans réponse;2025-04-29;14;0
DEV-01829;2025-04-18;2025-04;2024-2025;CLI-0483;Particulier;Bordeaux;Sophie Marchand;Plomberie;PR-001;Remplacement chauffe-eau 200 L;1;1177.43;Accepté;2025-05-03;13;1
DEV-01830;2025-04-18;2025-04;2024-2025;CLI-0008;Particulier;Toulouse;Julien Fabre;Plomberie;PR-002;Recherche de fuite + réparation;1;407.4;Sans réponse;2025-05-21;9;1
DEV-01831;2025-04-18;2025-04;2024-2025;CLI-0662;Professionnel;Toulouse;Nadia Cherif;Électricité;EL-004;Éclairage LED locaux professionnels;1;6193.29;Refusé;2025-05-10;2;2
DEV-01832;2025-04-18;2025-04;2024-2025;CLI-1005;Particulier;Montpellier;Thomas Rey;Dépannage;DP-001;Dépannage plomberie urgence;3;862.95;Refusé;2025-05-05;8;1
DEV-01833;2025-04-21;2025-04;2024-2025;CLI-0509;Collectivité;Bordeaux;Sophie Marchand;Chauffage;CH-004;Remplacement radiateurs (lot de 5);1;6939.03;Refusé;2025-05-03;11;1
DEV-01834;2025-04-21;2025-04;2024-2025;CLI-0247;Professionnel;Bordeaux;Sophie Marchand;Plomberie;PR-003;Réfection réseau eau appartement;1;5991.93;Sans réponse;2025-05-01;;0
DEV-01835;2025-04-21;2025-04;2024-2025;CLI-0422;Particulier;Bordeaux;Karim Belkacem;Salle de bain;SB-001;Rénovation salle de bain complète;1;8908.1;Accepté;2025-05-22;8;2
DEV-01836;2025-04-22;2025-04;2024-2025;CLI-0070;Particulier;Toulouse;Julien Fabre;Salle de bain;SB-002;Remplacement baignoire par douche;2;8299.96;Sans réponse;2025-05-04;5;1
DEV-01837;2025-04-22;2025-04;2024-2025;CLI-0053;Particulier;Bordeaux;Karim Belkacem;Salle de bain;SB-002;Remplacement baignoire par douche;3;11363.69;Accepté;2025-05-19;;0
DEV-01838;2025-04-22;2025-04;2024-2025;CLI-0328;Particulier;Bordeaux;Sophie Marchand;Salle de bain;SB-002;Remplacement baignoire par douche;1;3575.02;Refusé;2025-05-05;;0
DEV-01839;2025-04-22;2025-04;2024-2025;CLI-1013;Professionnel;Montpellier;Thomas Rey;Électricité;EL-002;Installation borne de recharge VE;1;2992.59;Accepté;2025-05-05;4;1
DEV-01840;2025-04-23;2025-04;2024-2025;CLI-0409;Professionnel;Toulouse;Julien Fabre;Chauffage;CH-005;Désembouage circuit chauffage;1;1442.75;Sans réponse;2025-05-18;11;2
DEV-01841;2025-04-23;2025-04;2024-2025;CLI-0431;Syndic;Toulouse;Julien Fabre;Électricité;EL-002;Installation borne de recharge VE;1;3479.37;Sans réponse;2025-05-16;;0
DEV-01842;2025-04-24;2025-04;2024-2025;CLI-0171;Syndic;Toulouse;Julien Fabre;Dépannage;DP-004;Remise en service chaudière;1;582.25;Accepté;2025-05-11;1;2
DEV-01843;2025-04-24;2025-04;2024-2025;CLI-0293;Professionnel;Toulouse;Julien Fabre;Plomberie;PR-004;Remplacement colonne d'évacuation;1;8834.47;Sans réponse;2025-05-11;;0
DEV-01844;2025-04-24;2025-04;2024-2025;CLI-0029;Particulier;Bordeaux;Sophie Marchand;Salle de bain;SB-002;Remplacement baignoire par douche;1;3579.15;Sans réponse;2025-05-11;10;1
DEV-01845;2025-04-25;2025-04;2024-2025;CLI-0431;Syndic;Toulouse;Julien Fabre;Plomberie;PR-001;Remplacement chauffe-eau 200 L;2;5778.86;Sans réponse;2025-05-08;;0
DEV-01846;2025-04-25;2025-04;2024-2025;CLI-0071;Particulier;Toulouse;Julien Fabre;Électricité;EL-003;Rénovation électrique complète;1;10596.65;Sans réponse;2025-05-24;10;3
DEV-01847;2025-04-25;2025-04;2024-2025;CLI-1014;Particulier;Montpellier;Thomas Rey;Dépannage;DP-004;Remise en service chaudière;1;247.35;Sans réponse;2025-05-25;14;2
DEV-01848;2025-04-28;2025-04;2024-2025;CLI-0607;Syndic;Toulouse;Julien Fabre;Chauffage;CH-003;Installation pompe à chaleur air/eau;1;25906.17;Sans réponse;2025-05-25;5;2
DEV-01849;2025-04-28;2025-04;2024-2025;CLI-0037;Particulier;Toulouse;Julien Fabre;Salle de bain;SB-001;Rénovation salle de bain complète;1;10340.49;Sans réponse;2025-05-12;8;1
DEV-01850;2025-04-29;2025-04;2024-2025;CLI-0438;Particulier;Toulouse;Julien Fabre;Électricité;EL-002;Installation borne de recharge VE;3;4933.83;Refusé;2025-05-11;11;1
DEV-01851;2025-04-29;2025-04;2024-2025;CLI-0202;Particulier;Bordeaux;Karim Belkacem;Dépannage;DP-002;Débouchage canalisation;1;352.51;Refusé;2025-06-02;;0
DEV-01852;2025-04-29;2025-04;2024-2025;CLI-0357;Syndic;Toulouse;Julien Fabre;Dépannage;DP-003;Dépannage électrique urgence;1;737.1;Accepté;2025-05-15;;0
DEV-01853;2025-04-29;2025-04;2024-2025;CLI-0999;Particulier;Montpellier;Thomas Rey;Plomberie;PR-001;Remplacement chauffe-eau 200 L;1;1364.12;Sans réponse;2025-06-04;9;1
DEV-01854;2025-04-30;2025-04;2024-2025;CLI-0501;Particulier;Bordeaux;Sophie Marchand;Plomberie;PR-004;Remplacement colonne d'évacuation;1;6000.5;Refusé;2025-05-26;8;1
DEV-01855;2025-04-30;2025-04;2024-2025;CLI-0305;Particulier;Toulouse;Nadia Cherif;Chauffage;CH-001;Installation chaudière gaz condensation;1;5533.62;Refusé;2025-05-07;8;0
DEV-01856;2025-04-30;2025-04;2024-2025;CLI-0428;Particulier;Toulouse;Julien Fabre;Électricité;EL-001;Mise aux normes tableau électrique;1;2059.23;Sans réponse;2025-05-03;9;0
DEV-01857;2025-04-30;2025-04;2024-2025;CLI-0104;Particulier;Toulouse;Nadia Cherif;Chauffage;CH-004;Remplacement radiateurs (lot de 5);3;8617.07;Sans réponse;2025-05-12;12;1
DEV-01858;2025-05-01;2025-05;2024-2025;CLI-0648;Particulier;Bordeaux;Sophie Marchand;Dépannage;DP-003;Dépannage électrique urgence;1;312.97;Sans réponse;2025-05-08;4;1
DEV-01859;2025-05-01;2025-05;2024-2025;CLI-0499;Professionnel;Bordeaux;Karim Belkacem;Dépannage;DP-004;Remise en service chaudière;1;405.89;Accepté;2025-05-10;;0
DEV-01860;2025-05-01;2025-05;2024-2025;CLI-0092;Particulier;Toulouse;Nadia Cherif;Plomberie;PR-001;Remplacement chauffe-eau 200 L;1;1453.99;Accepté;2025-05-17;;0
DEV-01861;2025-05-01;2025-05;2024-2025;CLI-0580;Particulier;Montpellier;Thomas Rey;Salle de bain;SB-001;Rénovation salle de bain complète;1;10136.62;Accepté;2025-06-02;10;3
DEV-01862;2025-05-02;2025-05;2024-2025;CLI-0280;Particulier;Bordeaux;Sophie Marchand;Électricité;EL-004;Éclairage LED locaux professionnels;1;3851.96;Accepté;2025-05-07;10;0
DEV-01863;2025-05-02;2025-05;2024-2025;CLI-0250;Syndic;Toulouse;Nadia Cherif;Chauffage;CH-005;Désembouage circuit chauffage;1;1767.65;Sans réponse;2025-06-07;;0
DEV-01864;2025-05-02;2025-05;2024-2025;CLI-0367;Particulier;Toulouse;Julien Fabre;Salle de bain;SB-003;Pose meuble vasque + robinetterie;1;1239.31;Sans réponse;2025-05-28;;0
DEV-01865;2025-05-02;2025-05;2024-2025;CLI-0996;Syndic;Montpellier;Thomas Rey;Salle de bain;SB-002;Remplacement baignoire par douche;1;7284.86;Sans réponse;2025-05-27;21;1
DEV-01866;2025-05-05;2025-05;2024-2025;CLI-0605;Collectivité;Bordeaux;Sophie Marchand;Électricité;EL-004;Éclairage LED locaux professionnels;1;8913.92;Refusé;2025-05-09;;0
DEV-01867;2025-05-05;2025-05;2024-2025;CLI-0135;Professionnel;Bordeaux;Karim Belkacem;Plomberie;PR-004;Remplacement colonne d'évacuation;1;10422.41;Refusé;2025-06-08;;0
DEV-01868;2025-05-05;2025-05;2024-2025;CLI-0491;Professionnel;Bordeaux;Sophie Marchand;Salle de bain;SB-003;Pose meuble vasque + robinetterie;1;2160.12;Sans réponse;2025-05-13;;0
DEV-01869;2025-05-05;2025-05;2024-2025;CLI-0239;Particulier;Bordeaux;Karim Belkacem;Électricité;EL-003;Rénovation électrique complète;1;8567.88;Refusé;2025-06-06;6;3
DEV-01870;2025-05-05;2025-05;2024-2025;CLI-0618;Particulier;Bordeaux;Sophie Marchand;Salle de bain;SB-001;Rénovation salle de bain complète;1;11115.61;Sans réponse;2025-06-10;2;1
DEV-01871;2025-05-05;2025-05;2024-2025;CLI-0605;Collectivité;Bordeaux;Sophie Marchand;Salle de bain;SB-003;Pose meuble vasque + robinetterie;1;3084.37;Sans réponse;2025-05-12;8;0
DEV-01872;2025-05-06;2025-05;2024-2025;CLI-0403;Particulier;Bordeaux;Karim Belkacem;Électricité;EL-002;Installation borne de recharge VE;1;1664.75;Sans réponse;2025-05-10;;0
DEV-01873;2025-05-06;2025-05;2024-2025;CLI-0520;Particulier;Bordeaux;Karim Belkacem;Plomberie;PR-003;Réfection réseau eau appartement;1;3039.24;Sans réponse;2025-05-17;;0
DEV-01874;2025-05-06;2025-05;2024-2025;CLI-0055;Professionnel;Bordeaux;Sophie Marchand;Électricité;EL-003;Rénovation électrique complète;1;16053.93;Refusé;2025-05-09;;0
DEV-01875;2025-05-06;2025-05;2024-2025;CLI-0271;Particulier;Bordeaux;Sophie Marchand;Électricité;EL-004;Éclairage LED locaux professionnels;1;3318.56;Accepté;2025-06-22;1;4
DEV-01876;2025-05-06;2025-05;2024-2025;CLI-0608;Particulier;Toulouse;Nadia Cherif;Électricité;EL-003;Rénovation électrique complète;1;11102.01;Sans réponse;2025-05-16;8;1
DEV-01877;2025-05-07;2025-05;2024-2025;CLI-0245;Professionnel;Toulouse;Nadia Cherif;Plomberie;PR-003;Réfection réseau eau appartement;1;4850.26;Refusé;2025-06-12;;0
DEV-01878;2025-05-07;2025-05;2024-2025;CLI-0343;Professionnel;Bordeaux;Karim Belkacem;Électricité;EL-004;Éclairage LED locaux professionnels;1;5257.07;Accepté;2025-05-21;3;2
DEV-01879;2025-05-07;2025-05;2024-2025;CLI-0314;Particulier;Bordeaux;Sophie Marchand;Dépannage;DP-003;Dépannage électrique urgence;1;281.08;Sans réponse;2025-05-12;9;0
DEV-01880;2025-05-07;2025-05;2024-2025;CLI-0362;Particulier;Bordeaux;Karim Belkacem;Salle de bain;SB-002;Remplacement baignoire par douche;1;3770.14;Sans réponse;2025-05-11;;0
DEV-01881;2025-05-07;2025-05;2024-2025;CLI-0310;Professionnel;Bordeaux;Karim Belkacem;Électricité;EL-003;Rénovation électrique complète;1;15505.83;Sans réponse;2025-05-10;4;0
DEV-01882;2025-05-07;2025-05;2024-2025;CLI-0556;Professionnel;Montpellier;Thomas Rey;Dépannage;DP-001;Dépannage plomberie urgence;1;473.56;Accepté;2025-05-14;10;0
DEV-01883;2025-05-08;2025-05;2024-2025;CLI-0453;Particulier;Bordeaux;Sophie Marchand;Dépannage;DP-004;Remise en service chaudière;1;255.08;Accepté;2025-06-04;;0
DEV-01884;2025-05-08;2025-05;2024-2025;CLI-0490;Syndic;Bordeaux;Sophie Marchand;Électricité;EL-003;Rénovation électrique complète;1;19775.56;Refusé;2025-05-25;5;1
DEV-01885;2025-05-08;2025-05;2024-2025;CLI-0461;Particulier;Toulouse;Nadia Cherif;Chauffage;CH-005;Désembouage circuit chauffage;1;678.89;Refusé;2025-06-09;10;2
DEV-01886;2025-05-08;2025-05;2024-2025;CLI-0313;Syndic;Bordeaux;Karim Belkacem;Dépannage;DP-002;Débouchage canalisation;1;880.45;Accepté;2025-05-29;;0
DEV-01887;2025-05-09;2025-05;2024-2025;CLI-0514;Particulier;Toulouse;Nadia Cherif;Chauffage;CH-002;Entretien annuel chaudière;3;426.96;Accepté;2025-05-16;;0
DEV-01888;2025-05-09;2025-05;2024-2025;CLI-0045;Syndic;Bordeaux;Karim Belkacem;Dépannage;DP-003;Dépannage électrique urgence;1;624.41;Accepté;2025-05-22;14;0
DEV-01889;2025-05-09;2025-05;2024-2025;CLI-0382;Professionnel;Toulouse;Julien Fabre;Plomberie;PR-004;Remplacement colonne d'évacuation;1;10364.98;Sans réponse;2025-05-26;12;1
DEV-01890;2025-05-09;2025-05;2024-2025;CLI-0981;Collectivité;Montpellier;Thomas Rey;Électricité;EL-002;Installation borne de recharge VE;1;3614.72;Refusé;2025-06-08;15;2
DEV-01891;2025-05-12;2025-05;2024-2025;CLI-0097;Particulier;Toulouse;Julien Fabre;Chauffage;CH-003;Installation pompe à chaleur air/eau;1;12086.09;Refusé;2025-06-22;;0
DEV-01892;2025-05-12;2025-05;2024-2025;CLI-0066;Professionnel;Toulouse;Nadia Cherif;Chauffage;CH-005;Désembouage circuit chauffage;3;3332.12;Refusé;2025-06-12;6;3
DEV-01893;2025-05-12;2025-05;2024-2025;CLI-0239;Particulier;Bordeaux;Karim Belkacem;Électricité;EL-004;Éclairage LED locaux professionnels;1;3177.46;Accepté;2025-06-06;9;2
DEV-01894;2025-05-12;2025-05;2024-2025;CLI-0155;Particulier;Bordeaux;Sophie Marchand;Dépannage;DP-002;Débouchage canalisation;1;386.87;Sans réponse;2025-06-21;;0
DEV-01895;2025-05-13;2025-05;2024-2025;CLI-0618;Particulier;Bordeaux;Sophie Marchand;Salle de bain;SB-003;Pose meuble vasque + robinetterie;1;1142.6;Accepté;2025-05-29;11;1
DEV-01896;2025-05-14;2025-05;2024-2025;CLI-0394;Professionnel;Toulouse;Julien Fabre;Salle de bain;SB-001;Rénovation salle de bain complète;1;19028.83;Sans réponse;2025-06-08;4;2
DEV-01897;2025-05-14;2025-05;2024-2025;CLI-0678;Particulier;Bordeaux;Sophie Marchand;Électricité;EL-004;Éclairage LED locaux professionnels;1;3839.86;Accepté;2025-05-25;7;1
DEV-01898;2025-05-14;2025-05;2024-2025;CLI-0173;Particulier;Bordeaux;Sophie Marchand;Dépannage;DP-003;Dépannage électrique urgence;1;280.69;Sans réponse;2025-06-16;;0
DEV-01899;2025-05-14;2025-05;2024-2025;CLI-0509;Collectivité;Bordeaux;Karim Belkacem;Salle de bain;SB-003;Pose meuble vasque + robinetterie;1;2643.91;Accepté;2025-05-18;2;1
DEV-01900;2025-05-15;2025-05;2024-2025;CLI-0110;Particulier;Toulouse;Julien Fabre;Électricité;EL-001;Mise aux normes tableau électrique;1;1943.53;Sans réponse;2025-05-29;;0
DEV-01901;2025-05-15;2025-05;2024-2025;CLI-0459;Professionnel;Bordeaux;Sophie Marchand;Électricité;EL-004;Éclairage LED locaux professionnels;1;6702.71;Accepté;2025-06-19;7;3
DEV-01902;2025-05-16;2025-05;2024-2025;CLI-0436;Particulier;Bordeaux;Karim Belkacem;Électricité;EL-003;Rénovation électrique complète;1;9190.25;Sans réponse;2025-06-05;10;1
DEV-01903;2025-05-16;2025-05;2024-2025;CLI-0650;Particulier;Toulouse;Julien Fabre;Électricité;EL-004;Éclairage LED locaux professionnels;1;3068.37;Refusé;2025-06-17;;0
DEV-01904;2025-05-16;2025-05;2024-2025;CLI-0497;Particulier;Toulouse;Julien Fabre;Plomberie;PR-001;Remplacement chauffe-eau 200 L;2;2516.86;Accepté;2025-06-21;14;2
DEV-01905;2025-05-16;2025-05;2024-2025;CLI-0591;Professionnel;Montpellier;Thomas Rey;Salle de bain;SB-002;Remplacement baignoire par douche;1;7136.07;Sans réponse;2025-06-15;;0
DEV-01906;2025-05-19;2025-05;2024-2025;CLI-0075;Syndic;Toulouse;Julien Fabre;Plomberie;PR-001;Remplacement chauffe-eau 200 L;1;2561.43;Sans réponse;2025-05-28;;0
DEV-01907;2025-05-19;2025-05;2024-2025;CLI-0474;Professionnel;Toulouse;Nadia Cherif;Chauffage;CH-001;Installation chaudière gaz condensation;1;9630.78;Sans réponse;2025-06-12;8;1
DEV-01908;2025-05-19;2025-05;2024-2025;CLI-0357;Syndic;Toulouse;Nadia Cherif;Plomberie;PR-001;Remplacement chauffe-eau 200 L;1;2930.06;Refusé;2025-06-19;8;2
DEV-01909;2025-05-20;2025-05;2024-2025;CLI-0675;Professionnel;Bordeaux;Karim Belkacem;Électricité;EL-002;Installation borne de recharge VE;1;3039.91;Refusé;2025-06-30;7;4
DEV-01910;2025-05-20;2025-05;2024-2025;CLI-0419;Particulier;Toulouse;Nadia Cherif;Plomberie;PR-001;Remplacement chauffe-eau 200 L;1;1481.25;Refusé;2025-05-23;15;0
DEV-01911;2025-05-21;2025-05;2024-2025;CLI-0532;Particulier;Bordeaux;Karim Belkacem;Électricité;EL-003;Rénovation électrique complète;1;8687.85;Refusé;2025-06-25;;0
DEV-01912;2025-05-21;2025-05;2024-2025;CLI-0669;Particulier;Toulouse;Julien Fabre;Électricité;EL-003;Rénovation électrique complète;1;10651.56;Sans réponse;2025-06-20;8;1
DEV-01913;2025-05-21;2025-05;2024-2025;CLI-0174;Professionnel;Bordeaux;Karim Belkacem;Dépannage;DP-003;Dépannage électrique urgence;1;544.5;Sans réponse;2025-06-27;;0
DEV-01914;2025-05-21;2025-05;2024-2025;CLI-0141;Particulier;Bordeaux;Karim Belkacem;Plomberie;PR-002;Recherche de fuite + réparation;3;1267.38;Refusé;2025-05-29;;0
DEV-01915;2025-05-22;2025-05;2024-2025;CLI-0045;Syndic;Bordeaux;Sophie Marchand;Plomberie;PR-001;Remplacement chauffe-eau 200 L;2;6181.61;Sans réponse;2025-05-30;11;0
DEV-01916;2025-05-22;2025-05;2024-2025;CLI-0224;Particulier;Toulouse;Nadia Cherif;Électricité;EL-002;Installation borne de recharge VE;1;1744.85;Accepté;2025-06-18;7;1
DEV-01917;2025-05-22;2025-05;2024-2025;CLI-0008;Particulier;Toulouse;Nadia Cherif;Salle de bain;SB-003;Pose meuble vasque + robinetterie;1;1273.93;Sans réponse;2025-06-18;14;2
DEV-01918;2025-05-23;2025-05;2024-2025;CLI-0233;Particulier;Toulouse;Julien Fabre;Dépannage;DP-004;Remise en service chaudière;1;258.53;Accepté;2025-06-18;1;3
DEV-01919;2025-05-23;2025-05;2024-2025;CLI-0680;Syndic;Bordeaux;Sophie Marchand;Plomberie;PR-003;Réfection réseau eau appartement;1;5894.83;Sans réponse;2025-06-24;;0
DEV-01920;2025-05-23;2025-05;2024-2025;CLI-0033;Syndic;Bordeaux;Karim Belkacem;Dépannage;DP-004;Remise en service chaudière;1;557.6;Accepté;2025-06-05;13;1
DEV-01921;2025-05-23;2025-05;2024-2025;CLI-0205;Professionnel;Bordeaux;Sophie Marchand;Salle de bain;SB-003;Pose meuble vasque + robinetterie;1;2445.98;Sans réponse;2025-06-17;;0
DEV-01922;2025-05-23;2025-05;2024-2025;CLI-0030;Particulier;Toulouse;Julien Fabre;Dépannage;DP-003;Dépannage électrique urgence;1;303.74;Accepté;2025-06-17;14;1
DEV-01923;2025-05-23;2025-05;2024-2025;CLI-1004;Particulier;Montpellier;Thomas Rey;Dépannage;DP-004;Remise en service chaudière;1;218.41;Refusé;2025-06-23;;0
DEV-01924;2025-05-26;2025-05;2024-2025;CLI-0072;Particulier;Bordeaux;Karim Belkacem;Salle de bain;SB-001;Rénovation salle de bain complète;1;11358.07;Sans réponse;2025-06-14;;0
DEV-01925;2025-05-26;2025-05;2024-2025;CLI-0272;Professionnel;Toulouse;Nadia Cherif;Salle de bain;SB-002;Remplacement baignoire par douche;1;6404.43;Sans réponse;2025-06-05;;0
DEV-01926;2025-05-26;2025-05;2024-2025;CLI-0594;Professionnel;Bordeaux;Sophie Marchand;Électricité;EL-004;Éclairage LED locaux professionnels;1;6324.31;Refusé;2025-06-01;5;1
DEV-01927;2025-05-27;2025-05;2024-2025;CLI-0052;Particulier;Toulouse;Julien Fabre;Salle de bain;SB-001;Rénovation salle de bain complète;1;11168.16;Sans réponse;2025-06-16;2;2
DEV-01928;2025-05-27;2025-05;2024-2025;CLI-0660;Particulier;Toulouse;Nadia Cherif;Dépannage;DP-004;Remise en service chaudière;1;218.95;Accepté;2025-06-15;5;2
DEV-01929;2025-05-28;2025-05;2024-2025;CLI-0291;Professionnel;Bordeaux;Sophie Marchand;Salle de bain;SB-001;Rénovation salle de bain complète;1;16446.98;Refusé;2025-06-08;7;1
DEV-01930;2025-05-28;2025-05;2024-2025;CLI-0031;Professionnel;Bordeaux;Karim Belkacem;Dépannage;DP-003;Dépannage électrique urgence;3;1421.38;Accepté;2025-06-23;;0
DEV-01931;2025-05-28;2025-05;2024-2025;CLI-0280;Particulier;Bordeaux;Sophie Marchand;Électricité;EL-001;Mise aux normes tableau électrique;2;3483.32;Sans réponse;2025-06-19;10;2
DEV-01932;2025-05-28;2025-05;2024-2025;CLI-0397;Syndic;Bordeaux;Karim Belkacem;Plomberie;PR-001;Remplacement chauffe-eau 200 L;1;2786.22;Accepté;2025-06-13;;0
DEV-01933;2025-05-29;2025-05;2024-2025;CLI-0477;Professionnel;Bordeaux;Karim Belkacem;Électricité;EL-002;Installation borne de recharge VE;1;2818.26;Accepté;2025-06-09;2;2
DEV-01934;2025-05-29;2025-05;2024-2025;CLI-0401;Particulier;Toulouse;Nadia Cherif;Électricité;EL-004;Éclairage LED locaux professionnels;1;3189.05;Accepté;2025-06-02;10;0
DEV-01935;2025-05-29;2025-05;2024-2025;CLI-0616;Particulier;Bordeaux;Karim Belkacem;Dépannage;DP-003;Dépannage électrique urgence;1;346.28;Sans réponse;2025-06-27;1;2
DEV-01936;2025-05-29;2025-05;2024-2025;CLI-0673;Particulier;Montpellier;Thomas Rey;Électricité;EL-002;Installation borne de recharge VE;1;1779.53;Sans réponse;2025-06-03;;0
DEV-01937;2025-05-30;2025-05;2024-2025;CLI-0054;Particulier;Bordeaux;Sophie Marchand;Salle de bain;SB-002;Remplacement baignoire par douche;1;4308.05;Accepté;2025-06-20;12;2
DEV-01938;2025-05-30;2025-05;2024-2025;CLI-0005;Particulier;Bordeaux;Sophie Marchand;Plomberie;PR-004;Remplacement colonne d'évacuation;2;13098.28;Accepté;2025-06-13;4;1
DEV-01939;2025-05-30;2025-05;2024-2025;CLI-0204;Particulier;Toulouse;Nadia Cherif;Plomberie;PR-004;Remplacement colonne d'évacuation;2;11603.36;Sans réponse;2025-06-21;8;2
DEV-01940;2025-05-30;2025-05;2024-2025;CLI-0210;Particulier;Toulouse;Nadia Cherif;Plomberie;PR-004;Remplacement colonne d'évacuation;3;17043.26;Sans réponse;2025-06-19;10;2
DEV-01941;2025-05-30;2025-05;2024-2025;CLI-0082;Particulier;Toulouse;Julien Fabre;Dépannage;DP-003;Dépannage électrique urgence;1;281.49;Accepté;2025-06-24;6;2
DEV-01942;2025-06-02;2025-06;2024-2025;CLI-0147;Particulier;Bordeaux;Sophie Marchand;Plomberie;PR-004;Remplacement colonne d'évacuation;1;5920.32;Accepté;2025-06-28;7;2
DEV-01943;2025-06-02;2025-06;2024-2025;CLI-0606;Particulier;Bordeaux;Karim Belkacem;Plomberie;PR-004;Remplacement colonne d'évacuation;1;6745.75;Refusé;2025-06-11;7;1
DEV-01944;2025-06-02;2025-06;2024-2025;CLI-0380;Particulier;Toulouse;Julien Fabre;Dépannage;DP-003;Dépannage électrique urgence;1;274.71;Accepté;2025-06-13;6;1
DEV-01945;2025-06-02;2025-06;2024-2025;CLI-0985;Particulier;Montpellier;Thomas Rey;Dépannage;DP-003;Dépannage électrique urgence;1;346.41;Sans réponse;2025-07-04;;0
DEV-01946;2025-06-03;2025-06;2024-2025;CLI-0468;Particulier;Bordeaux;Karim Belkacem;Plomberie;PR-001;Remplacement chauffe-eau 200 L;1;1140.82;Sans réponse;2025-06-15;;0
DEV-01947;2025-06-03;2025-06;2024-2025;CLI-0067;Professionnel;Bordeaux;Karim Belkacem;Électricité;EL-002;Installation borne de recharge VE;1;2579.64;Sans réponse;2025-06-13;;0
DEV-01948;2025-06-03;2025-06;2024-2025;CLI-0216;Particulier;Bordeaux;Karim Belkacem;Plomberie;PR-003;Réfection réseau eau appartement;1;2798.79;Accepté;2025-06-23;3;3
DEV-01949;2025-06-03;2025-06;2024-2025;CLI-0218;Syndic;Bordeaux;Sophie Marchand;Plomberie;PR-002;Recherche de fuite + réparation;1;1109.34;Sans réponse;2025-06-29;;0
DEV-01950;2025-06-04;2025-06;2024-2025;CLI-0619;Particulier;Toulouse;Julien Fabre;Salle de bain;SB-001;Rénovation salle de bain complète;1;8860.56;Refusé;2025-06-22;;0
DEV-01951;2025-06-04;2025-06;2024-2025;CLI-0105;Particulier;Toulouse;Nadia Cherif;Électricité;EL-003;Rénovation électrique complète;1;11119.63;Refusé;2025-06-27;9;1
DEV-01952;2025-06-04;2025-06;2024-2025;CLI-0372;Professionnel;Bordeaux;Karim Belkacem;Plomberie;PR-004;Remplacement colonne d'évacuation;2;20846.51;Accepté;2025-06-15;12;0
DEV-01953;2025-06-04;2025-06;2024-2025;CLI-1010;Particulier;Montpellier;Thomas Rey;Salle de bain;SB-001;Rénovation salle de bain complète;1;9483.79;Refusé;2025-07-02;;0
DEV-01954;2025-06-05;2025-06;2024-2025;CLI-0060;Particulier;Toulouse;Julien Fabre;Dépannage;DP-003;Dépannage électrique urgence;1;357.13;Accepté;2025-06-27;;0
DEV-01955;2025-06-05;2025-06;2024-2025;CLI-0573;Particulier;Bordeaux;Sophie Marchand;Électricité;EL-002;Installation borne de recharge VE;1;1374.89;Accepté;2025-06-29;8;2
DEV-01956;2025-06-05;2025-06;2024-2025;CLI-0090;Particulier;Bordeaux;Sophie Marchand;Plomberie;PR-002;Recherche de fuite + réparation;1;523.18;Refusé;2025-07-05;;0
DEV-01957;2025-06-05;2025-06;2024-2025;CLI-0440;Particulier;Bordeaux;Karim Belkacem;Plomberie;PR-001;Remplacement chauffe-eau 200 L;1;1446.62;Accepté;2025-06-20;11;1
DEV-01958;2025-06-06;2025-06;2024-2025;CLI-0263;Syndic;Bordeaux;Karim Belkacem;Électricité;EL-003;Rénovation électrique complète;1;20891.47;Accepté;2025-06-24;6;1
DEV-01959;2025-06-06;2025-06;2024-2025;CLI-0114;Particulier;Bordeaux;Sophie Marchand;Plomberie;PR-001;Remplacement chauffe-eau 200 L;1;1464.9;Refusé;2025-06-17;8;1
DEV-01960;2025-06-06;2025-06;2024-2025;CLI-1006;Particulier;Montpellier;Thomas Rey;Dépannage;DP-004;Remise en service chaudière;1;221.99;Refusé;2025-06-09;8;0
DEV-01961;2025-06-06;2025-06;2024-2025;CLI-0591;Professionnel;Montpellier;Thomas Rey;Électricité;EL-001;Mise aux normes tableau électrique;1;3324.87;Accepté;2025-07-01;10;2
DEV-01962;2025-06-09;2025-06;2024-2025;CLI-0636;Particulier;Bordeaux;Karim Belkacem;Électricité;EL-002;Installation borne de recharge VE;1;1625.88;Accepté;2025-06-30;7;1
DEV-01963;2025-06-09;2025-06;2024-2025;CLI-0063;Particulier;Bordeaux;Karim Belkacem;Plomberie;PR-004;Remplacement colonne d'évacuation;1;5342.55;Accepté;2025-06-16;11;0
DEV-01964;2025-06-09;2025-06;2024-2025;CLI-0475;Particulier;Toulouse;Julien Fabre;Dépannage;DP-004;Remise en service chaudière;1;221.0;Sans réponse;2025-06-20;10;1
DEV-01965;2025-06-09;2025-06;2024-2025;CLI-0014;Particulier;Bordeaux;Karim Belkacem;Salle de bain;SB-002;Remplacement baignoire par douche;1;4309.52;Accepté;2025-07-11;5;1
DEV-01966;2025-06-09;2025-06;2024-2025;CLI-0030;Particulier;Toulouse;Julien Fabre;Plomberie;PR-002;Recherche de fuite + réparation;1;456.51;Refusé;2025-06-18;;0
DEV-01967;2025-06-10;2025-06;2024-2025;CLI-0282;Particulier;Bordeaux;Karim Belkacem;Salle de bain;SB-003;Pose meuble vasque + robinetterie;1;1110.54;Refusé;2025-07-07;6;2
DEV-01968;2025-06-10;2025-06;2024-2025;CLI-0484;Particulier;Bordeaux;Sophie Marchand;Électricité;EL-003;Rénovation électrique complète;1;10566.37;Sans réponse;2025-06-15;7;0
DEV-01969;2025-06-11;2025-06;2024-2025;CLI-0157;Particulier;Bordeaux;Karim Belkacem;Dépannage;DP-002;Débouchage canalisation;1;336.09;Accepté;2025-07-13;2;1
DEV-01970;2025-06-11;2025-06;2024-2025;CLI-0678;Particulier;Bordeaux;Sophie Marchand;Électricité;EL-003;Rénovation électrique complète;1;11015.87;Accepté;2025-07-06;12;1
DEV-01971;2025-06-11;2025-06;2024-2025;CLI-0587;Syndic;Toulouse;Julien Fabre;Plomberie;PR-002;Recherche de fuite + réparation;1;1102.79;Sans réponse;2025-07-14;10;1
DEV-01972;2025-06-11;2025-06;2024-2025;CLI-0249;Particulier;Toulouse;Nadia Cherif;Dépannage;DP-003;Dépannage électrique urgence;1;353.31;Accepté;2025-07-03;8;2
DEV-01973;2025-06-11;2025-06;2024-2025;CLI-0679;Professionnel;Montpellier;Thomas Rey;Plomberie;PR-003;Réfection réseau eau appartement;1;5600.01;Sans réponse;2025-07-21;;0
DEV-01974;2025-06-12;2025-06;2024-2025;CLI-0030;Particulier;Toulouse;Julien Fabre;Plomberie;PR-003;Réfection réseau eau appartement;1;3221.63;Refusé;2025-07-10;9;2
DEV-01975;2025-06-12;2025-06;2024-2025;CLI-0443;Collectivité;Bordeaux;Karim Belkacem;Dépannage;DP-002;Débouchage canalisation;1;949.07;Sans réponse;2025-07-13;6;3
DEV-01976;2025-06-12;2025-06;2024-2025;CLI-1007;Professionnel;Montpellier;Thomas Rey;Plomberie;PR-001;Remplacement chauffe-eau 200 L;1;1934.63;Sans réponse;2025-07-20;;0
DEV-01977;2025-06-12;2025-06;2024-2025;CLI-0982;Syndic;Montpellier;Thomas Rey;Dépannage;DP-003;Dépannage électrique urgence;1;705.36;Sans réponse;2025-07-08;16;1
DEV-01978;2025-06-13;2025-06;2024-2025;CLI-0486;Particulier;Bordeaux;Karim Belkacem;Plomberie;PR-003;Réfection réseau eau appartement;1;3714.22;Sans réponse;2025-07-07;2;1
DEV-01979;2025-06-13;2025-06;2024-2025;CLI-0587;Syndic;Toulouse;Nadia Cherif;Plomberie;PR-004;Remplacement colonne d'évacuation;1;11725.29;Sans réponse;2025-06-19;3;1
DEV-01980;2025-06-16;2025-06;2024-2025;CLI-0304;Professionnel;Toulouse;Nadia Cherif;Salle de bain;SB-003;Pose meuble vasque + robinetterie;3;6008.91;Refusé;2025-06-22;;0
DEV-01981;2025-06-17;2025-06;2024-2025;CLI-0520;Particulier;Bordeaux;Sophie Marchand;Plomberie;PR-001;Remplacement chauffe-eau 200 L;2;2607.45;Sans réponse;2025-07-06;7;2
DEV-01982;2025-06-17;2025-06;2024-2025;CLI-0188;Particulier;Bordeaux;Karim Belkacem;Dépannage;DP-002;Débouchage canalisation;1;423.34;Sans réponse;2025-07-10;;0
DEV-01983;2025-06-18;2025-06;2024-2025;CLI-0003;Professionnel;Toulouse;Nadia Cherif;Plomberie;PR-002;Recherche de fuite + réparation;1;822.92;Accepté;2025-07-02;14;1
DEV-01984;2025-06-18;2025-06;2024-2025;CLI-0270;Particulier;Bordeaux;Sophie Marchand;Électricité;EL-003;Rénovation électrique complète;1;9835.68;Accepté;2025-06-28;11;0
DEV-01985;2025-06-18;2025-06;2024-2025;CLI-0251;Particulier;Bordeaux;Sophie Marchand;Plomberie;PR-002;Recherche de fuite + réparation;1;451.74;Sans réponse;2025-07-11;8;2
DEV-01986;2025-06-18;2025-06;2024-2025;CLI-0435;Particulier;Toulouse;Julien Fabre;Dépannage;DP-004;Remise en service chaudière;1;224.52;Refusé;2025-06-25;15;0
DEV-01987;2025-06-18;2025-06;2024-2025;CLI-1008;Professionnel;Montpellier;Thomas Rey;Salle de bain;SB-001;Rénovation salle de bain complète;1;15516.17;Refusé;2025-07-29;14;3
DEV-01988;2025-06-18;2025-06;2024-2025;CLI-1016;Particulier;Montpellier;Thomas Rey;Électricité;EL-002;Installation borne de recharge VE;1;1354.18;Refusé;2025-06-29;14;0
DEV-01989;2025-06-19;2025-06;2024-2025;CLI-0111;Particulier;Bordeaux;Sophie Marchand;Salle de bain;SB-001;Rénovation salle de bain complète;1;9244.02;Refusé;2025-07-12;;0
DEV-01990;2025-06-19;2025-06;2024-2025;CLI-0313;Syndic;Bordeaux;Karim Belkacem;Électricité;EL-001;Mise aux normes tableau électrique;1;4125.47;Accepté;2025-07-25;1;2
DEV-01991;2025-06-19;2025-06;2024-2025;CLI-0364;Particulier;Bordeaux;Karim Belkacem;Électricité;EL-001;Mise aux normes tableau électrique;1;1657.23;Sans réponse;2025-07-04;10;1
DEV-01992;2025-06-20;2025-06;2024-2025;CLI-0171;Syndic;Toulouse;Nadia Cherif;Électricité;EL-003;Rénovation électrique complète;1;22002.49;Sans réponse;2025-07-22;11;1
DEV-01993;2025-06-20;2025-06;2024-2025;CLI-0337;Particulier;Toulouse;Nadia Cherif;Plomberie;PR-003;Réfection réseau eau appartement;1;3578.23;Accepté;2025-07-05;12;1
DEV-01994;2025-06-23;2025-06;2024-2025;CLI-0429;Syndic;Toulouse;Julien Fabre;Dépannage;DP-004;Remise en service chaudière;1;580.51;Sans réponse;2025-07-04;;0
DEV-01995;2025-06-23;2025-06;2024-2025;CLI-0377;Professionnel;Bordeaux;Karim Belkacem;Dépannage;DP-003;Dépannage électrique urgence;1;502.78;Sans réponse;2025-07-18;7;2
DEV-01996;2025-06-23;2025-06;2024-2025;CLI-0525;Particulier;Bordeaux;Karim Belkacem;Dépannage;DP-004;Remise en service chaudière;2;457.93;Accepté;2025-07-11;7;1
DEV-01997;2025-06-23;2025-06;2024-2025;CLI-0574;Particulier;Toulouse;Nadia Cherif;Dépannage;DP-004;Remise en service chaudière;1;254.46;Accepté;2025-07-02;10;0
DEV-01998;2025-06-23;2025-06;2024-2025;CLI-0571;Particulier;Montpellier;Thomas Rey;Plomberie;PR-001;Remplacement chauffe-eau 200 L;1;1175.44;Accepté;2025-06-27;15;0
DEV-01999;2025-06-24;2025-06;2024-2025;CLI-0573;Particulier;Bordeaux;Sophie Marchand;Plomberie;PR-002;Recherche de fuite + réparation;2;1019.88;Accepté;2025-07-04;6;1
DEV-02000;2025-06-24;2025-06;2024-2025;CLI-0164;Particulier;Toulouse;Nadia Cherif;Plomberie;PR-001;Remplacement chauffe-eau 200 L;2;2763.76;Sans réponse;2025-07-27;;0
DEV-02001;2025-06-25;2025-06;2024-2025;CLI-0388;Particulier;Toulouse;Julien Fabre;Plomberie;PR-003;Réfection réseau eau appartement;2;6538.81;Accepté;2025-07-20;1;3
DEV-02002;2025-06-25;2025-06;2024-2025;CLI-0024;Particulier;Bordeaux;Karim Belkacem;Électricité;EL-001;Mise aux normes tableau électrique;3;4820.67;Refusé;2025-07-28;10;1
DEV-02003;2025-06-26;2025-06;2024-2025;CLI-0259;Professionnel;Bordeaux;Sophie Marchand;Dépannage;DP-002;Débouchage canalisation;1;571.31;Sans réponse;2025-07-12;;0
DEV-02004;2025-06-26;2025-06;2024-2025;CLI-0627;Particulier;Bordeaux;Sophie Marchand;Électricité;EL-003;Rénovation électrique complète;1;11094.08;Sans réponse;2025-07-22;9;2
DEV-02005;2025-06-26;2025-06;2024-2025;CLI-0220;Particulier;Bordeaux;Karim Belkacem;Électricité;EL-003;Rénovation électrique complète;1;8944.51;Accepté;2025-07-03;11;0
DEV-02006;2025-06-26;2025-06;2024-2025;CLI-0067;Professionnel;Bordeaux;Sophie Marchand;Dépannage;DP-001;Dépannage plomberie urgence;1;546.87;Accepté;2025-07-25;;0
DEV-02007;2025-06-26;2025-06;2024-2025;CLI-0336;Particulier;Toulouse;Julien Fabre;Électricité;EL-001;Mise aux normes tableau électrique;1;2004.84;Accepté;2025-06-30;1;1
DEV-02008;2025-06-27;2025-06;2024-2025;CLI-0374;Particulier;Bordeaux;Karim Belkacem;Électricité;EL-002;Installation borne de recharge VE;1;1386.52;Sans réponse;2025-07-13;14;1
DEV-02009;2025-06-27;2025-06;2024-2025;CLI-0489;Particulier;Bordeaux;Karim Belkacem;Plomberie;PR-001;Remplacement chauffe-eau 200 L;1;1457.59;Accepté;2025-07-05;11;0
DEV-02010;2025-06-27;2025-06;2024-2025;CLI-0002;Particulier;Bordeaux;Sophie Marchand;Dépannage;DP-001;Dépannage plomberie urgence;1;291.78;Accepté;2025-07-01;8;0
DEV-02011;2025-06-30;2025-06;2024-2025;CLI-0651;Professionnel;Toulouse;Nadia Cherif;Électricité;EL-003;Rénovation électrique complète;1;18535.7;Accepté;2025-07-09;13;0
DEV-02012;2025-06-30;2025-06;2024-2025;CLI-0102;Particulier;Toulouse;Nadia Cherif;Plomberie;PR-001;Remplacement chauffe-eau 200 L;1;1278.33;Sans réponse;2025-07-23;8;3
DEV-02013;2025-06-30;2025-06;2024-2025;CLI-0552;Particulier;Montpellier;Thomas Rey;Dépannage;DP-003;Dépannage électrique urgence;1;350.22;Sans réponse;2025-07-15;10;1
DEV-02014;2025-07-01;2025-07;2025-2026;CLI-0152;Particulier;Bordeaux;Karim Belkacem;Salle de bain;SB-003;Pose meuble vasque + robinetterie;1;1337.98;Accepté;2025-07-29;15;2
DEV-02015;2025-07-01;2025-07;2025-2026;CLI-0659;Particulier;Toulouse;Nadia Cherif;Salle de bain;SB-002;Remplacement baignoire par douche;1;3985.97;Accepté;2025-07-25;7;1
DEV-02016;2025-07-01;2025-07;2025-2026;CLI-0073;Professionnel;Toulouse;Julien Fabre;Dépannage;DP-004;Remise en service chaudière;1;363.75;Accepté;2025-07-10;12;0
DEV-02017;2025-07-01;2025-07;2025-2026;CLI-0328;Particulier;Bordeaux;Sophie Marchand;Plomberie;PR-003;Réfection réseau eau appartement;1;3049.12;Refusé;2025-07-24;9;1
DEV-02018;2025-07-01;2025-07;2025-2026;CLI-0187;Particulier;Bordeaux;Sophie Marchand;Salle de bain;SB-001;Rénovation salle de bain complète;1;10466.82;Sans réponse;2025-07-22;;0
DEV-02019;2025-07-01;2025-07;2025-2026;CLI-0365;Particulier;Toulouse;Nadia Cherif;Plomberie;PR-003;Réfection réseau eau appartement;1;3227.88;Accepté;2025-07-13;8;1
DEV-02020;2025-07-01;2025-07;2025-2026;CLI-0994;Particulier;Montpellier;Thomas Rey;Plomberie;PR-002;Recherche de fuite + réparation;3;1438.61;Refusé;2025-07-16;7;2
DEV-02021;2025-07-02;2025-07;2025-2026;CLI-0403;Particulier;Bordeaux;Sophie Marchand;Électricité;EL-003;Rénovation électrique complète;1;11264.55;Accepté;2025-08-02;12;2
DEV-02022;2025-07-02;2025-07;2025-2026;CLI-0161;Particulier;Bordeaux;Sophie Marchand;Électricité;EL-004;Éclairage LED locaux professionnels;1;3303.32;Sans réponse;2025-07-23;;0
DEV-02023;2025-07-02;2025-07;2025-2026;CLI-0315;Professionnel;Bordeaux;Sophie Marchand;Plomberie;PR-003;Réfection réseau eau appartement;1;5016.82;Sans réponse;2025-07-17;6;1
DEV-02024;2025-07-02;2025-07;2025-2026;CLI-0346;Particulier;Bordeaux;Sophie Marchand;Plomberie;PR-001;Remplacement chauffe-eau 200 L;1;1131.11;Refusé;2025-07-08;5;1
DEV-02025;2025-07-02;2025-07;2025-2026;CLI-0347;Particulier;Toulouse;Nadia Cherif;Électricité;EL-002;Installation borne de recharge VE;1;1576.92;Accepté;2025-07-31;8;1
DEV-02026;2025-07-02;2025-07;2025-2026;CLI-1016;Particulier;Montpellier;Thomas Rey;Dépannage;DP-004;Remise en service chaudière;1;225.67;Sans réponse;2025-07-18;;0
DEV-02027;2025-07-03;2025-07;2025-2026;CLI-0372;Professionnel;Bordeaux;Sophie Marchand;Dépannage;DP-004;Remise en service chaudière;1;429.27;Sans réponse;2025-07-16;;0
DEV-02028;2025-07-03;2025-07;2025-2026;CLI-0694;Collectivité;Bordeaux;Karim Belkacem;Salle de bain;SB-002;Remplacement baignoire par douche;1;8910.89;Accepté;2025-07-09;7;0
DEV-02029;2025-07-03;2025-07;2025-2026;CLI-0160;Particulier;Bordeaux;Sophie Marchand;Plomberie;PR-003;Réfection réseau eau appartement;1;3331.23;Sans réponse;2025-07-14;7;1
DEV-02030;2025-07-03;2025-07;2025-2026;CLI-0699;Syndic;Bordeaux;Karim Belkacem;Salle de bain;SB-002;Remplacement baignoire par douche;2;14540.26;Sans réponse;2025-07-11;;0
DEV-02031;2025-07-04;2025-07;2025-2026;CLI-0199;Particulier;Toulouse;Julien Fabre;Plomberie;PR-002;Recherche de fuite + réparation;1;416.12;Refusé;2025-07-28;8;3
DEV-02032;2025-07-04;2025-07;2025-2026;CLI-0307;Particulier;Bordeaux;Sophie Marchand;Électricité;EL-004;Éclairage LED locaux professionnels;1;3720.67;Accepté;2025-07-19;16;0
DEV-02033;2025-07-04;2025-07;2025-2026;CLI-0114;Particulier;Bordeaux;Karim Belkacem;Salle de bain;SB-001;Rénovation salle de bain complète;1;10064.53;Sans réponse;2025-07-11;;0
DEV-02034;2025-07-04;2025-07;2025-2026;CLI-0658;Collectivité;Bordeaux;Sophie Marchand;Plomberie;PR-004;Remplacement colonne d'évacuation;3;44364.65;Sans réponse;2025-07-30;6;2
DEV-02035;2025-07-04;2025-07;2025-2026;CLI-0682;Syndic;Montpellier;Thomas Rey;Plomberie;PR-001;Remplacement chauffe-eau 200 L;1;2956.94;Sans réponse;2025-07-29;10;2
DEV-02036;2025-07-07;2025-07;2025-2026;CLI-0238;Particulier;Bordeaux;Karim Belkacem;Plomberie;PR-004;Remplacement colonne d'évacuation;1;6731.79;Refusé;2025-08-09;11;1
DEV-02037;2025-07-07;2025-07;2025-2026;CLI-0237;Particulier;Toulouse;Nadia Cherif;Chauffage;CH-005;Désembouage circuit chauffage;1;678.27;Sans réponse;2025-07-27;;0
DEV-02038;2025-07-07;2025-07;2025-2026;CLI-0008;Particulier;Toulouse;Julien Fabre;Salle de bain;SB-001;Rénovation salle de bain complète;1;10630.96;Accepté;2025-07-31;7;2
DEV-02039;2025-07-07;2025-07;2025-2026;CLI-0710;Syndic;Montpellier;Thomas Rey;Plomberie;PR-003;Réfection réseau eau appartement;1;6701.38;Sans réponse;2025-08-21;6;3
DEV-02040;2025-07-07;2025-07;2025-2026;CLI-0978;Particulier;Montpellier;Thomas Rey;Électricité;EL-001;Mise aux normes tableau électrique;1;1808.24;Refusé;2025-08-02;13;2
DEV-02041;2025-07-08;2025-07;2025-2026;CLI-0088;Particulier;Toulouse;Julien Fabre;Plomberie;PR-001;Remplacement chauffe-eau 200 L;1;1299.61;Accepté;2025-07-11;5;0
DEV-02042;2025-07-08;2025-07;2025-2026;CLI-0477;Professionnel;Bordeaux;Karim Belkacem;Dépannage;DP-001;Dépannage plomberie urgence;1;487.0;Accepté;2025-07-14;;0
DEV-02043;2025-07-08;2025-07;2025-2026;CLI-0054;Particulier;Bordeaux;Karim Belkacem;Dépannage;DP-003;Dépannage électrique urgence;1;315.07;Sans réponse;2025-08-01;5;1
DEV-02044;2025-07-08;2025-07;2025-2026;CLI-0576;Syndic;Montpellier;Thomas Rey;Plomberie;PR-001;Remplacement chauffe-eau 200 L;1;2902.32;Refusé;2025-08-08;;0
DEV-02045;2025-07-09;2025-07;2025-2026;CLI-0019;Particulier;Bordeaux;Karim Belkacem;Plomberie;PR-003;Réfection réseau eau appartement;1;2887.38;Sans réponse;2025-07-15;2;1
DEV-02046;2025-07-09;2025-07;2025-2026;CLI-0031;Professionnel;Bordeaux;Karim Belkacem;Salle de bain;SB-003;Pose meuble vasque + robinetterie;1;2369.18;Accepté;2025-08-08;12;3
DEV-02047;2025-07-09;2025-07;2025-2026;CLI-0066;Professionnel;Toulouse;Julien Fabre;Plomberie;PR-003;Réfection réseau eau appartement;1;6361.88;Accepté;2025-08-04;3;3
DEV-02048;2025-07-09;2025-07;2025-2026;CLI-0248;Particulier;Bordeaux;Sophie Marchand;Chauffage;CH-004;Remplacement radiateurs (lot de 5);3;8142.51;Sans réponse;2025-08-09;9;2
DEV-02049;2025-07-10;2025-07;2025-2026;CLI-0235;Particulier;Toulouse;Nadia Cherif;Dépannage;DP-002;Débouchage canalisation;1;367.5;Accepté;2025-07-20;9;1
DEV-02050;2025-07-10;2025-07;2025-2026;CLI-0481;Syndic;Bordeaux;Karim Belkacem;Chauffage;CH-005;Désembouage circuit chauffage;1;1467.44;Accepté;2025-07-21;8;1
DEV-02051;2025-07-10;2025-07;2025-2026;CLI-0582;Particulier;Toulouse;Nadia Cherif;Dépannage;DP-001;Dépannage plomberie urgence;1;296.55;Refusé;2025-08-07;13;2
DEV-02052;2025-07-11;2025-07;2025-2026;CLI-0453;Particulier;Bordeaux;Sophie Marchand;Salle de bain;SB-002;Remplacement baignoire par douche;1;3843.68;Sans réponse;2025-08-16;10;3
DEV-02053;2025-07-11;2025-07;2025-2026;CLI-0253;Particulier;Bordeaux;Sophie Marchand;Électricité;EL-002;Installation borne de recharge VE;1;1460.19;Refusé;2025-08-05;;0
DEV-02054;2025-07-11;2025-07;2025-2026;CLI-0563;Particulier;Toulouse;Julien Fabre;Plomberie;PR-002;Recherche de fuite + réparation;1;497.82;Sans réponse;2025-07-29;;0
DEV-02055;2025-07-14;2025-07;2025-2026;CLI-0292;Professionnel;Bordeaux;Sophie Marchand;Électricité;EL-001;Mise aux normes tableau électrique;1;3200.33;Accepté;2025-08-07;;0
DEV-02056;2025-07-14;2025-07;2025-2026;CLI-0092;Particulier;Toulouse;Nadia Cherif;Dépannage;DP-001;Dépannage plomberie urgence;1;323.57;Accepté;2025-07-21;;0
DEV-02057;2025-07-15;2025-07;2025-2026;CLI-0028;Particulier;Toulouse;Nadia Cherif;Électricité;EL-004;Éclairage LED locaux professionnels;2;7698.11;Sans réponse;2025-07-27;7;1
DEV-02058;2025-07-15;2025-07;2025-2026;CLI-0277;Particulier;Toulouse;Nadia Cherif;Électricité;EL-004;Éclairage LED locaux professionnels;1;3325.01;Sans réponse;2025-08-15;12;1
DEV-02059;2025-07-15;2025-07;2025-2026;CLI-0188;Particulier;Bordeaux;Sophie Marchand;Dépannage;DP-004;Remise en service chaudière;1;274.23;Accepté;2025-08-11;16;1
DEV-02060;2025-07-15;2025-07;2025-2026;CLI-0084;Professionnel;Toulouse;Julien Fabre;Plomberie;PR-001;Remplacement chauffe-eau 200 L;1;2164.66;Sans réponse;2025-07-24;8;1
DEV-02061;2025-07-16;2025-07;2025-2026;CLI-0445;Professionnel;Bordeaux;Sophie Marchand;Salle de bain;SB-002;Remplacement baignoire par douche;1;6783.28;Refusé;2025-08-06;7;3
DEV-02062;2025-07-16;2025-07;2025-2026;CLI-0524;Collectivité;Bordeaux;Sophie Marchand;Électricité;EL-003;Rénovation électrique complète;1;23199.29;Sans réponse;2025-07-20;14;0
DEV-02063;2025-07-16;2025-07;2025-2026;CLI-0059;Particulier;Bordeaux;Sophie Marchand;Plomberie;PR-001;Remplacement chauffe-eau 200 L;1;1431.94;Accepté;2025-08-11;7;3
DEV-02064;2025-07-16;2025-07;2025-2026;CLI-0050;Particulier;Toulouse;Julien Fabre;Chauffage;CH-004;Remplacement radiateurs (lot de 5);1;2440.97;Refusé;2025-08-27;14;3
DEV-02065;2025-07-17;2025-07;2025-2026;CLI-0157;Particulier;Bordeaux;Karim Belkacem;Dépannage;DP-004;Remise en service chaudière;2;458.97;Refusé;2025-08-16;;0
DEV-02066;2025-07-17;2025-07;2025-2026;CLI-0207;Particulier;Toulouse;Nadia Cherif;Salle de bain;SB-002;Remplacement baignoire par douche;1;3550.83;Refusé;2025-08-09;6;1
DEV-02067;2025-07-17;2025-07;2025-2026;CLI-0696;Particulier;Montpellier;Thomas Rey;Plomberie;PR-002;Recherche de fuite + réparation;1;426.05;Refusé;2025-08-28;17;3
DEV-02068;2025-07-18;2025-07;2025-2026;CLI-0378;Particulier;Bordeaux;Sophie Marchand;Électricité;EL-002;Installation borne de recharge VE;1;1742.84;Refusé;2025-09-05;6;1
DEV-02069;2025-07-18;2025-07;2025-2026;CLI-0236;Particulier;Toulouse;Julien Fabre;Dépannage;DP-003;Dépannage électrique urgence;1;358.22;Refusé;2025-08-18;;0
DEV-02070;2025-07-18;2025-07;2025-2026;CLI-0586;Collectivité;Bordeaux;Sophie Marchand;Électricité;EL-002;Installation borne de recharge VE;3;10732.99;Sans réponse;2025-08-12;8;3
DEV-02071;2025-07-18;2025-07;2025-2026;CLI-0534;Particulier;Toulouse;Julien Fabre;Dépannage;DP-001;Dépannage plomberie urgence;1;296.36;Accepté;2025-08-08;3;2
DEV-02072;2025-07-18;2025-07;2025-2026;CLI-0981;Collectivité;Montpellier;Thomas Rey;Électricité;EL-001;Mise aux normes tableau électrique;1;4183.7;Sans réponse;2025-08-01;;0
DEV-02073;2025-07-21;2025-07;2025-2026;CLI-0719;Particulier;Bordeaux;Karim Belkacem;Dépannage;DP-002;Débouchage canalisation;1;355.02;Sans réponse;2025-07-29;10;0
DEV-02074;2025-07-21;2025-07;2025-2026;CLI-0096;Particulier;Bordeaux;Sophie Marchand;Salle de bain;SB-001;Rénovation salle de bain complète;1;11387.15;Refusé;2025-08-23;;0
DEV-02075;2025-07-21;2025-07;2025-2026;CLI-0454;Particulier;Bordeaux;Sophie Marchand;Électricité;EL-002;Installation borne de recharge VE;2;3388.29;Sans réponse;2025-08-06;13;1
DEV-02076;2025-07-22;2025-07;2025-2026;CLI-0216;Particulier;Bordeaux;Karim Belkacem;Salle de bain;SB-003;Pose meuble vasque + robinetterie;1;1200.71;Refusé;2025-08-11;;0
DEV-02077;2025-07-22;2025-07;2025-2026;CLI-0434;Particulier;Bordeaux;Sophie Marchand;Électricité;EL-004;Éclairage LED locaux professionnels;2;7041.62;Accepté;2025-07-29;12;0
DEV-02078;2025-07-22;2025-07;2025-2026;CLI-0188;Particulier;Bordeaux;Sophie Marchand;Plomberie;PR-002;Recherche de fuite + réparation;1;401.07;Refusé;2025-08-14;4;2
DEV-02079;2025-07-23;2025-07;2025-2026;CLI-0488;Syndic;Toulouse;Julien Fabre;Dépannage;DP-002;Débouchage canalisation;1;834.69;Refusé;2025-08-18;14;1
DEV-02080;2025-07-23;2025-07;2025-2026;CLI-0306;Particulier;Bordeaux;Karim Belkacem;Salle de bain;SB-003;Pose meuble vasque + robinetterie;1;1194.88;Sans réponse;2025-08-28;1;1
DEV-02081;2025-07-23;2025-07;2025-2026;CLI-0334;Particulier;Toulouse;Julien Fabre;Salle de bain;SB-003;Pose meuble vasque + robinetterie;1;1373.19;Sans réponse;2025-09-21;15;1
DEV-02082;2025-07-24;2025-07;2025-2026;CLI-0316;Particulier;Toulouse;Julien Fabre;Salle de bain;SB-001;Rénovation salle de bain complète;1;10601.28;Sans réponse;2025-08-09;;0
DEV-02083;2025-07-24;2025-07;2025-2026;CLI-0497;Particulier;Toulouse;Julien Fabre;Dépannage;DP-003;Dépannage électrique urgence;1;318.15;Sans réponse;2025-08-14;;0
DEV-02084;2025-07-24;2025-07;2025-2026;CLI-1012;Professionnel;Montpellier;Thomas Rey;Dépannage;DP-003;Dépannage électrique urgence;1;566.06;Sans réponse;2025-08-15;17;1
DEV-02085;2025-07-25;2025-07;2025-2026;CLI-0672;Particulier;Toulouse;Nadia Cherif;Électricité;EL-001;Mise aux normes tableau électrique;1;1922.69;Accepté;2025-08-29;7;4
DEV-02086;2025-07-25;2025-07;2025-2026;CLI-0321;Particulier;Bordeaux;Sophie Marchand;Salle de bain;SB-001;Rénovation salle de bain complète;1;9411.0;Sans réponse;2025-08-14;;0
DEV-02087;2025-07-25;2025-07;2025-2026;CLI-0295;Particulier;Toulouse;Nadia Cherif;Salle de bain;SB-001;Rénovation salle de bain complète;1;11633.16;Refusé;2025-08-09;;0
DEV-02088;2025-07-25;2025-07;2025-2026;CLI-0188;Particulier;Bordeaux;Karim Belkacem;Salle de bain;SB-003;Pose meuble vasque + robinetterie;1;1454.43;Sans réponse;2025-08-08;;0
DEV-02089;2025-07-25;2025-07;2025-2026;CLI-0627;Particulier;Bordeaux;Karim Belkacem;Chauffage;CH-002;Entretien annuel chaudière;3;547.09;Sans réponse;2025-08-16;;0
DEV-02090;2025-07-28;2025-07;2025-2026;CLI-0031;Professionnel;Bordeaux;Karim Belkacem;Chauffage;CH-002;Entretien annuel chaudière;1;242.34;Accepté;2025-08-01;9;0
DEV-02091;2025-07-28;2025-07;2025-2026;CLI-0303;Particulier;Bordeaux;Karim Belkacem;Électricité;EL-004;Éclairage LED locaux professionnels;1;3651.09;Accepté;2025-08-14;;0
DEV-02092;2025-07-28;2025-07;2025-2026;CLI-0367;Particulier;Toulouse;Julien Fabre;Électricité;EL-003;Rénovation électrique complète;1;10367.9;Sans réponse;2025-08-05;11;0
DEV-02093;2025-07-29;2025-07;2025-2026;CLI-0085;Particulier;Toulouse;Nadia Cherif;Dépannage;DP-001;Dépannage plomberie urgence;1;288.12;Sans réponse;2025-08-15;;0
DEV-02094;2025-07-29;2025-07;2025-2026;CLI-0634;Particulier;Bordeaux;Karim Belkacem;Plomberie;PR-001;Remplacement chauffe-eau 200 L;1;1337.66;Sans réponse;2025-08-21;;0
DEV-02095;2025-07-29;2025-07;2025-2026;CLI-0061;Professionnel;Toulouse;Nadia Cherif;Chauffage;CH-004;Remplacement radiateurs (lot de 5);1;5036.78;Refusé;2025-08-31;5;3
DEV-02096;2025-07-30;2025-07;2025-2026;CLI-0240;Syndic;Bordeaux;Sophie Marchand;Électricité;EL-003;Rénovation électrique complète;1;18389.61;Sans réponse;2025-08-28;12;1
DEV-02097;2025-07-30;2025-07;2025-2026;CLI-0639;Particulier;Toulouse;Julien Fabre;Dépannage;DP-001;Dépannage plomberie urgence;1;304.79;Accepté;2025-08-05;5;1
DEV-02098;2025-07-30;2025-07;2025-2026;CLI-0979;Particulier;Montpellier;Thomas Rey;Salle de bain;SB-003;Pose meuble vasque + robinetterie;1;1297.96;Sans réponse;2025-08-26;21;1
DEV-02099;2025-07-31;2025-07;2025-2026;CLI-0550;Particulier;Toulouse;Julien Fabre;Chauffage;CH-005;Désembouage circuit chauffage;1;688.92;Refusé;2025-08-28;9;1
DEV-02100;2025-07-31;2025-07;2025-2026;CLI-0427;Particulier;Bordeaux;Karim Belkacem;Électricité;EL-003;Rénovation électrique complète;1;8713.3;Sans réponse;2025-08-22;8;3
DEV-02101;2025-07-31;2025-07;2025-2026;CLI-0221;Particulier;Bordeaux;Karim Belkacem;Plomberie;PR-004;Remplacement colonne d'évacuation;1;5616.28;Accepté;2025-08-15;10;1
DEV-02102;2025-07-31;2025-07;2025-2026;CLI-0072;Particulier;Bordeaux;Karim Belkacem;Électricité;EL-004;Éclairage LED locaux professionnels;1;3397.01;Sans réponse;2025-08-21;3;3
DEV-02103;2025-07-31;2025-07;2025-2026;CLI-0623;Syndic;Montpellier;Thomas Rey;Chauffage;CH-005;Désembouage circuit chauffage;1;1662.84;Sans réponse;2025-08-26;;0
DEV-02104;2025-08-01;2025-08;2025-2026;CLI-0151;Syndic;Bordeaux;Sophie Marchand;Plomberie;PR-001;Remplacement chauffe-eau 200 L;1;2906.4;Sans réponse;2025-08-31;;0
DEV-02105;2025-08-01;2025-08;2025-2026;CLI-0249;Particulier;Toulouse;Julien Fabre;Chauffage;CH-005;Désembouage circuit chauffage;1;861.43;Refusé;2025-09-06;1;2
DEV-02106;2025-08-01;2025-08;2025-2026;CLI-0640;Particulier;Toulouse;Julien Fabre;Plomberie;PR-001;Remplacement chauffe-eau 200 L;1;1259.67;Accepté;2025-08-26;12;1
DEV-02107;2025-08-01;2025-08;2025-2026;CLI-0195;Particulier;Bordeaux;Sophie Marchand;Électricité;EL-001;Mise aux normes tableau électrique;1;2037.09;Sans réponse;2025-08-17;5;1
DEV-02108;2025-08-01;2025-08;2025-2026;CLI-0678;Particulier;Bordeaux;Sophie Marchand;Plomberie;PR-002;Recherche de fuite + réparation;1;471.62;Sans réponse;2025-08-09;;0
DEV-02109;2025-08-04;2025-08;2025-2026;CLI-0725;Professionnel;Toulouse;Julien Fabre;Dépannage;DP-001;Dépannage plomberie urgence;1;460.37;Accepté;2025-08-13;14;0
DEV-02110;2025-08-04;2025-08;2025-2026;CLI-0473;Particulier;Toulouse;Nadia Cherif;Plomberie;PR-004;Remplacement colonne d'évacuation;1;5636.12;Sans réponse;2025-08-13;9;1
DEV-02111;2025-08-05;2025-08;2025-2026;CLI-0213;Professionnel;Bordeaux;Karim Belkacem;Plomberie;PR-001;Remplacement chauffe-eau 200 L;1;2227.04;Accepté;2025-08-25;;0
DEV-02112;2025-08-05;2025-08;2025-2026;CLI-0625;Particulier;Toulouse;Nadia Cherif;Électricité;EL-002;Installation borne de recharge VE;2;3173.62;Accepté;2025-08-14;11;0
DEV-02113;2025-08-05;2025-08;2025-2026;CLI-0998;Professionnel;Montpellier;Thomas Rey;Chauffage;CH-003;Installation pompe à chaleur air/eau;1;20828.17;Refusé;2025-09-01;;0
DEV-02114;2025-08-06;2025-08;2025-2026;CLI-0415;Particulier;Bordeaux;Karim Belkacem;Électricité;EL-003;Rénovation électrique complète;1;10559.36;Refusé;2025-08-25;3;2
DEV-02115;2025-08-06;2025-08;2025-2026;CLI-0093;Professionnel;Bordeaux;Karim Belkacem;Dépannage;DP-002;Débouchage canalisation;1;631.54;Refusé;2025-08-13;10;0
DEV-02116;2025-08-06;2025-08;2025-2026;CLI-0418;Particulier;Bordeaux;Karim Belkacem;Plomberie;PR-003;Réfection réseau eau appartement;1;3587.27;Sans réponse;2025-09-05;;0
DEV-02117;2025-08-06;2025-08;2025-2026;CLI-1009;Particulier;Montpellier;Thomas Rey;Dépannage;DP-001;Dépannage plomberie urgence;1;323.57;Accepté;2025-08-23;5;1
DEV-02118;2025-08-06;2025-08;2025-2026;CLI-1017;Particulier;Montpellier;Thomas Rey;Dépannage;DP-003;Dépannage électrique urgence;1;334.28;Sans réponse;2025-08-26;;0
DEV-02119;2025-08-07;2025-08;2025-2026;CLI-0116;Particulier;Bordeaux;Sophie Marchand;Chauffage;CH-002;Entretien annuel chaudière;1;155.15;Accepté;2025-08-26;8;1
DEV-02120;2025-08-07;2025-08;2025-2026;CLI-0013;Professionnel;Toulouse;Julien Fabre;Plomberie;PR-001;Remplacement chauffe-eau 200 L;3;5757.55;Refusé;2025-09-11;;0
DEV-02121;2025-08-07;2025-08;2025-2026;CLI-0148;Particulier;Bordeaux;Sophie Marchand;Salle de bain;SB-003;Pose meuble vasque + robinetterie;2;2589.25;Refusé;2025-08-23;;0
DEV-02122;2025-08-07;2025-08;2025-2026;CLI-0645;Particulier;Bordeaux;Karim Belkacem;Salle de bain;SB-003;Pose meuble vasque + robinetterie;1;1385.79;Accepté;2025-09-22;7;1
DEV-02123;2025-08-07;2025-08;2025-2026;CLI-0577;Syndic;Bordeaux;Sophie Marchand;Dépannage;DP-004;Remise en service chaudière;1;586.22;Accepté;2025-08-26;6;1
DEV-02124;2025-08-07;2025-08;2025-2026;CLI-0558;Particulier;Montpellier;Thomas Rey;Plomberie;PR-003;Réfection réseau eau appartement;1;3316.79;Refusé;2025-08-25;12;1
DEV-02125;2025-08-08;2025-08;2025-2026;CLI-0717;Syndic;Bordeaux;Sophie Marchand;Dépannage;DP-003;Dépannage électrique urgence;1;691.79;Sans réponse;2025-09-10;14;2
DEV-02126;2025-08-08;2025-08;2025-2026;CLI-0455;Particulier;Toulouse;Julien Fabre;Plomberie;PR-002;Recherche de fuite + réparation;1;514.53;Sans réponse;2025-09-08;8;1
DEV-02127;2025-08-11;2025-08;2025-2026;CLI-0362;Particulier;Bordeaux;Sophie Marchand;Chauffage;CH-004;Remplacement radiateurs (lot de 5);2;4681.75;Sans réponse;2025-08-27;;0
DEV-02128;2025-08-11;2025-08;2025-2026;CLI-0683;Particulier;Bordeaux;Karim Belkacem;Dépannage;DP-001;Dépannage plomberie urgence;1;324.64;Refusé;2025-08-27;2;1
DEV-02129;2025-08-12;2025-08;2025-2026;CLI-0362;Particulier;Bordeaux;Karim Belkacem;Dépannage;DP-004;Remise en service chaudière;1;239.03;Accepté;2025-09-12;4;1
DEV-02130;2025-08-12;2025-08;2025-2026;CLI-0244;Professionnel;Bordeaux;Sophie Marchand;Électricité;EL-003;Rénovation électrique complète;1;19034.65;Refusé;2025-08-25;9;1
DEV-02131;2025-08-12;2025-08;2025-2026;CLI-0294;Professionnel;Toulouse;Nadia Cherif;Plomberie;PR-003;Réfection réseau eau appartement;1;5842.16;Sans réponse;2025-09-16;;0
DEV-02132;2025-08-12;2025-08;2025-2026;CLI-0041;Particulier;Toulouse;Nadia Cherif;Électricité;EL-002;Installation borne de recharge VE;1;1431.07;Refusé;2025-09-11;13;1
DEV-02133;2025-08-13;2025-08;2025-2026;CLI-0123;Particulier;Toulouse;Julien Fabre;Dépannage;DP-002;Débouchage canalisation;1;381.06;Refusé;2025-08-28;;0
DEV-02134;2025-08-13;2025-08;2025-2026;CLI-0323;Particulier;Bordeaux;Sophie Marchand;Salle de bain;SB-003;Pose meuble vasque + robinetterie;1;1356.55;Accepté;2025-09-01;;0
DEV-02135;2025-08-13;2025-08;2025-2026;CLI-0098;Particulier;Bordeaux;Sophie Marchand;Salle de bain;SB-001;Rénovation salle de bain complète;1;9723.98;Accepté;2025-09-02;;0
DEV-02136;2025-08-13;2025-08;2025-2026;CLI-0429;Syndic;Toulouse;Julien Fabre;Électricité;EL-004;Éclairage LED locaux professionnels;1;7920.76;Refusé;2025-09-11;9;1
DEV-02137;2025-08-13;2025-08;2025-2026;CLI-0316;Particulier;Toulouse;Nadia Cherif;Plomberie;PR-003;Réfection réseau eau appartement;1;2892.58;Sans réponse;2025-09-16;7;1
DEV-02138;2025-08-13;2025-08;2025-2026;CLI-0556;Professionnel;Montpellier;Thomas Rey;Salle de bain;SB-003;Pose meuble vasque + robinetterie;1;2204.92;Refusé;2025-08-24;9;1
DEV-02139;2025-08-14;2025-08;2025-2026;CLI-0588;Professionnel;Bordeaux;Sophie Marchand;Dépannage;DP-002;Débouchage canalisation;1;638.39;Accepté;2025-08-17;10;0
DEV-02140;2025-08-14;2025-08;2025-2026;CLI-0072;Particulier;Bordeaux;Sophie Marchand;Dépannage;DP-004;Remise en service chaudière;1;212.06;Sans réponse;2025-09-16;;0
DEV-02141;2025-08-14;2025-08;2025-2026;CLI-0070;Particulier;Toulouse;Julien Fabre;Dépannage;DP-003;Dépannage électrique urgence;1;361.98;Sans réponse;2025-09-04;;0
DEV-02142;2025-08-14;2025-08;2025-2026;CLI-0985;Particulier;Montpellier;Thomas Rey;Dépannage;DP-002;Débouchage canalisation;1;431.69;Accepté;2025-09-01;15;1
DEV-02143;2025-08-14;2025-08;2025-2026;CLI-0696;Particulier;Montpellier;Thomas Rey;Dépannage;DP-004;Remise en service chaudière;1;215.38;Refusé;2025-09-10;;0
DEV-02144;2025-08-15;2025-08;2025-2026;CLI-0202;Particulier;Bordeaux;Sophie Marchand;Dépannage;DP-004;Remise en service chaudière;1;233.6;Sans réponse;2025-08-22;;0
DEV-02145;2025-08-15;2025-08;2025-2026;CLI-0252;Particulier;Bordeaux;Sophie Marchand;Électricité;EL-004;Éclairage LED locaux professionnels;1;3484.03;Accepté;2025-08-20;16;0
DEV-02146;2025-08-15;2025-08;2025-2026;CLI-0134;Particulier;Toulouse;Nadia Cherif;Plomberie;PR-001;Remplacement chauffe-eau 200 L;1;1324.21;Refusé;2025-08-25;;0
DEV-02147;2025-08-15;2025-08;2025-2026;CLI-0298;Particulier;Toulouse;Nadia Cherif;Plomberie;PR-001;Remplacement chauffe-eau 200 L;1;1285.64;Sans réponse;2025-08-29;12;1
DEV-02148;2025-08-15;2025-08;2025-2026;CLI-0282;Particulier;Bordeaux;Sophie Marchand;Salle de bain;SB-002;Remplacement baignoire par douche;1;3595.44;Sans réponse;2025-08-28;2;2
DEV-02149;2025-08-15;2025-08;2025-2026;CLI-0663;Collectivité;Montpellier;Thomas Rey;Électricité;EL-004;Éclairage LED locaux professionnels;1;9752.09;Sans réponse;2025-08-30;11;1
DEV-02150;2025-08-18;2025-08;2025-2026;CLI-0435;Particulier;Toulouse;Nadia Cherif;Chauffage;CH-001;Installation chaudière gaz condensation;1;4597.15;Sans réponse;2025-09-16;18;2
DEV-02151;2025-08-18;2025-08;2025-2026;CLI-0259;Professionnel;Bordeaux;Karim Belkacem;Plomberie;PR-003;Réfection réseau eau appartement;1;6132.66;Sans réponse;2025-09-13;12;2
DEV-02152;2025-08-18;2025-08;2025-2026;CLI-0103;Particulier;Toulouse;Julien Fabre;Dépannage;DP-001;Dépannage plomberie urgence;1;304.78;Refusé;2025-09-03;;0
DEV-02153;2025-08-18;2025-08;2025-2026;CLI-0992;Particulier;Montpellier;Thomas Rey;Plomberie;PR-004;Remplacement colonne d'évacuation;2;13446.84;Refusé;2025-09-23;;0
DEV-02154;2025-08-19;2025-08;2025-2026;CLI-0530;Particulier;Toulouse;Nadia Cherif;Plomberie;PR-004;Remplacement colonne d'évacuation;1;6056.15;Sans réponse;2025-09-07;;0
DEV-02155;2025-08-19;2025-08;2025-2026;CLI-0420;Syndic;Toulouse;Nadia Cherif;Dépannage;DP-004;Remise en service chaudière;1;562.15;Refusé;2025-09-13;5;1
DEV-02156;2025-08-19;2025-08;2025-2026;CLI-0291;Professionnel;Bordeaux;Karim Belkacem;Chauffage;CH-001;Installation chaudière gaz condensation;1;9020.99;Sans réponse;2025-09-08;10;1
DEV-02157;2025-08-19;2025-08;2025-2026;CLI-0315;Professionnel;Bordeaux;Sophie Marchand;Chauffage;CH-001;Installation chaudière gaz condensation;1;8689.42;Sans réponse;2025-09-04;;0
DEV-02158;2025-08-20;2025-08;2025-2026;CLI-0698;Professionnel;Bordeaux;Karim Belkacem;Plomberie;PR-002;Recherche de fuite + réparation;2;1419.02;Refusé;2025-10-01;8;1
DEV-02159;2025-08-20;2025-08;2025-2026;CLI-0313;Syndic;Bordeaux;Karim Belkacem;Électricité;EL-004;Éclairage LED locaux professionnels;1;6611.01;Refusé;2025-08-27;10;0
DEV-02160;2025-08-20;2025-08;2025-2026;CLI-1000;Particulier;Montpellier;Thomas Rey;Électricité;EL-002;Installation borne de recharge VE;1;1471.1;Refusé;2025-09-26;;0
DEV-02161;2025-08-21;2025-08;2025-2026;CLI-0494;Professionnel;Bordeaux;Sophie Marchand;Salle de bain;SB-003;Pose meuble vasque + robinetterie;1;2396.04;Sans réponse;2025-10-01;;0
DEV-02162;2025-08-21;2025-08;2025-2026;CLI-0526;Particulier;Bordeaux;Karim Belkacem;Salle de bain;SB-002;Remplacement baignoire par douche;1;3635.87;Refusé;2025-09-07;;0
DEV-02163;2025-08-22;2025-08;2025-2026;CLI-0217;Particulier;Bordeaux;Sophie Marchand;Dépannage;DP-003;Dépannage électrique urgence;1;348.86;Refusé;2025-09-16;;0
DEV-02164;2025-08-22;2025-08;2025-2026;CLI-0569;Particulier;Montpellier;Thomas Rey;Plomberie;PR-004;Remplacement colonne d'évacuation;1;6366.41;Sans réponse;2025-09-19;;0
DEV-02165;2025-08-25;2025-08;2025-2026;CLI-0606;Particulier;Bordeaux;Sophie Marchand;Dépannage;DP-002;Débouchage canalisation;1;355.2;Sans réponse;2025-09-14;7;1
DEV-02166;2025-08-25;2025-08;2025-2026;CLI-0251;Particulier;Bordeaux;Karim Belkacem;Électricité;EL-003;Rénovation électrique complète;1;8637.72;Sans réponse;2025-09-23;1;1
DEV-02167;2025-08-25;2025-08;2025-2026;CLI-0413;Particulier;Bordeaux;Karim Belkacem;Électricité;EL-002;Installation borne de recharge VE;1;1791.87;Accepté;2025-09-03;;0
DEV-02168;2025-08-25;2025-08;2025-2026;CLI-0983;Professionnel;Montpellier;Thomas Rey;Électricité;EL-004;Éclairage LED locaux professionnels;3;17795.95;Sans réponse;2025-09-21;;0
DEV-02169;2025-08-25;2025-08;2025-2026;CLI-0729;Particulier;Montpellier;Thomas Rey;Dépannage;DP-001;Dépannage plomberie urgence;2;611.08;Sans réponse;2025-09-25;11;2
DEV-02170;2025-08-26;2025-08;2025-2026;CLI-0267;Particulier;Bordeaux;Karim Belkacem;Chauffage;CH-004;Remplacement radiateurs (lot de 5);2;4545.85;Refusé;2025-09-21;;0
DEV-02171;2025-08-26;2025-08;2025-2026;CLI-0441;Professionnel;Bordeaux;Karim Belkacem;Plomberie;PR-002;Recherche de fuite + réparation;1;852.42;Refusé;2025-09-15;1;1
DEV-02172;2025-08-26;2025-08;2025-2026;CLI-0269;Particulier;Toulouse;Nadia Cherif;Plomberie;PR-003;Réfection réseau eau appartement;1;3570.11;Sans réponse;2025-10-06;8;3
DEV-02173;2025-08-27;2025-08;2025-2026;CLI-0253;Particulier;Bordeaux;Sophie Marchand;Chauffage;CH-001;Installation chaudière gaz condensation;1;4925.28;Sans réponse;2025-09-19;9;2
DEV-02174;2025-08-27;2025-08;2025-2026;CLI-0407;Collectivité;Toulouse;Julien Fabre;Plomberie;PR-002;Recherche de fuite + réparation;1;977.38;Accepté;2025-09-12;5;1
DEV-02175;2025-08-27;2025-08;2025-2026;CLI-0530;Particulier;Toulouse;Nadia Cherif;Chauffage;CH-001;Installation chaudière gaz condensation;2;10896.78;Refusé;2025-09-17;;0
DEV-02176;2025-08-27;2025-08;2025-2026;CLI-0991;Professionnel;Montpellier;Thomas Rey;Chauffage;CH-004;Remplacement radiateurs (lot de 5);1;4816.47;Refusé;2025-09-21;;0
DEV-02177;2025-08-28;2025-08;2025-2026;CLI-0085;Particulier;Toulouse;Nadia Cherif;Salle de bain;SB-002;Remplacement baignoire par douche;2;7633.91;Sans réponse;2025-10-14;1;1
DEV-02178;2025-08-28;2025-08;2025-2026;CLI-0479;Professionnel;Bordeaux;Sophie Marchand;Dépannage;DP-003;Dépannage électrique urgence;1;613.53;Accepté;2025-10-04;13;1
DEV-02179;2025-08-28;2025-08;2025-2026;CLI-0644;Particulier;Bordeaux;Karim Belkacem;Salle de bain;SB-001;Rénovation salle de bain complète;1;9960.59;Refusé;2025-09-16;12;1
DEV-02180;2025-08-28;2025-08;2025-2026;CLI-0012;Particulier;Toulouse;Julien Fabre;Électricité;EL-004;Éclairage LED locaux professionnels;1;3663.83;Refusé;2025-09-25;;0
DEV-02181;2025-08-28;2025-08;2025-2026;CLI-0139;Particulier;Bordeaux;Sophie Marchand;Plomberie;PR-004;Remplacement colonne d'évacuation;1;6522.74;Accepté;2025-09-14;8;1
DEV-02182;2025-08-28;2025-08;2025-2026;CLI-0477;Professionnel;Bordeaux;Sophie Marchand;Plomberie;PR-004;Remplacement colonne d'évacuation;1;9270.19;Accepté;2025-09-29;9;2
DEV-02183;2025-08-28;2025-08;2025-2026;CLI-0710;Syndic;Montpellier;Thomas Rey;Électricité;EL-001;Mise aux normes tableau électrique;1;3994.4;Sans réponse;2025-09-09;22;0
DEV-02184;2025-08-29;2025-08;2025-2026;CLI-0309;Particulier;Bordeaux;Karim Belkacem;Chauffage;CH-005;Désembouage circuit chauffage;1;717.12;Sans réponse;2025-09-19;10;1
DEV-02185;2025-08-29;2025-08;2025-2026;CLI-0756;Particulier;Toulouse;Nadia Cherif;Chauffage;CH-004;Remplacement radiateurs (lot de 5);1;2485.55;Refusé;2025-09-12;9;1
DEV-02186;2025-08-29;2025-08;2025-2026;CLI-0621;Collectivité;Toulouse;Nadia Cherif;Plomberie;PR-002;Recherche de fuite + réparation;2;2422.52;Refusé;2025-09-10;12;1
DEV-02187;2025-08-29;2025-08;2025-2026;CLI-0502;Particulier;Toulouse;Julien Fabre;Salle de bain;SB-003;Pose meuble vasque + robinetterie;3;4329.83;Refusé;2025-09-15;4;2
DEV-02188;2025-09-01;2025-09;2025-2026;CLI-0272;Professionnel;Toulouse;Julien Fabre;Électricité;EL-004;Éclairage LED locaux professionnels;1;5389.64;Accepté;2025-09-04;14;0
DEV-02189;2025-09-01;2025-09;2025-2026;CLI-0466;Collectivité;Bordeaux;Karim Belkacem;Dépannage;DP-004;Remise en service chaudière;3;1887.12;Accepté;2025-09-26;1;2
DEV-02190;2025-09-02;2025-09;2025-2026;CLI-0089;Particulier;Bordeaux;Karim Belkacem;Électricité;EL-003;Rénovation électrique complète;1;9377.45;Accepté;2025-10-01;;0
DEV-02191;2025-09-02;2025-09;2025-2026;CLI-0329;Particulier;Bordeaux;Sophie Marchand;Chauffage;CH-003;Installation pompe à chaleur air/eau;1;15984.89;Sans réponse;2025-09-18;;0
DEV-02192;2025-09-02;2025-09;2025-2026;CLI-0761;Particulier;Bordeaux;Sophie Marchand;Électricité;EL-002;Installation borne de recharge VE;1;1680.19;Refusé;2025-10-14;;0
DEV-02193;2025-09-02;2025-09;2025-2026;CLI-0982;Syndic;Montpellier;Thomas Rey;Chauffage;CH-002;Entretien annuel chaudière;3;1135.93;Refusé;2025-09-23;15;1
DEV-02194;2025-09-03;2025-09;2025-2026;CLI-0464;Particulier;Bordeaux;Karim Belkacem;Dépannage;DP-001;Dépannage plomberie urgence;1;260.4;Accepté;2025-10-06;9;2
DEV-02195;2025-09-03;2025-09;2025-2026;CLI-0404;Professionnel;Toulouse;Julien Fabre;Dépannage;DP-002;Débouchage canalisation;1;602.57;Accepté;2025-09-23;10;2
DEV-02196;2025-09-03;2025-09;2025-2026;CLI-0293;Professionnel;Toulouse;Julien Fabre;Plomberie;PR-002;Recherche de fuite + réparation;1;736.82;Sans réponse;2025-09-26;;0
DEV-02197;2025-09-03;2025-09;2025-2026;CLI-0575;Particulier;Montpellier;Thomas Rey;Chauffage;CH-004;Remplacement radiateurs (lot de 5);1;2344.67;Refusé;2025-10-01;5;3
DEV-02198;2025-09-04;2025-09;2025-2026;CLI-0245;Professionnel;Toulouse;Nadia Cherif;Chauffage;CH-004;Remplacement radiateurs (lot de 5);1;4408.78;Sans réponse;2025-09-26;;0
DEV-02199;2025-09-04;2025-09;2025-2026;CLI-0305;Particulier;Toulouse;Nadia Cherif;Plomberie;PR-003;Réfection réseau eau appartement;1;2978.87;Accepté;2025-10-11;11;2
DEV-02200;2025-09-04;2025-09;2025-2026;CLI-0596;Particulier;Montpellier;Thomas Rey;Dépannage;DP-002;Débouchage canalisation;1;336.24;Sans réponse;2025-09-30;15;2
DEV-02201;2025-09-05;2025-09;2025-2026;CLI-0650;Particulier;Toulouse;Julien Fabre;Chauffage;CH-005;Désembouage circuit chauffage;1;863.97;Refusé;2025-10-18;5;1
DEV-02202;2025-09-05;2025-09;2025-2026;CLI-0340;Particulier;Bordeaux;Karim Belkacem;Électricité;EL-003;Rénovation électrique complète;1;10260.15;Accepté;2025-09-25;12;1
DEV-02203;2025-09-05;2025-09;2025-2026;CLI-0684;Particulier;Toulouse;Nadia Cherif;Chauffage;CH-005;Désembouage circuit chauffage;1;733.94;Sans réponse;2025-09-16;9;1
DEV-02204;2025-09-05;2025-09;2025-2026;CLI-0691;Professionnel;Montpellier;Thomas Rey;Dépannage;DP-003;Dépannage électrique urgence;1;565.72;Accepté;2025-10-04;8;1
DEV-02205;2025-09-08;2025-09;2025-2026;CLI-0583;Collectivité;Bordeaux;Karim Belkacem;Électricité;EL-004;Éclairage LED locaux professionnels;2;15807.53;Refusé;2025-09-16;;0
DEV-02206;2025-09-08;2025-09;2025-2026;CLI-0026;Particulier;Bordeaux;Karim Belkacem;Salle de bain;SB-002;Remplacement baignoire par douche;1;3731.31;Refusé;2025-09-22;1;1
DEV-02207;2025-09-08;2025-09;2025-2026;CLI-0525;Particulier;Bordeaux;Karim Belkacem;Plomberie;PR-003;Réfection réseau eau appartement;3;8801.94;Accepté;2025-09-21;2;1
DEV-02208;2025-09-08;2025-09;2025-2026;CLI-0595;Particulier;Toulouse;Julien Fabre;Chauffage;CH-005;Désembouage circuit chauffage;1;778.13;Accepté;2025-10-11;;0
DEV-02209;2025-09-09;2025-09;2025-2026;CLI-0453;Particulier;Bordeaux;Sophie Marchand;Plomberie;PR-002;Recherche de fuite + réparation;1;520.39;Refusé;2025-10-02;10;1
DEV-02210;2025-09-09;2025-09;2025-2026;CLI-0364;Particulier;Bordeaux;Sophie Marchand;Électricité;EL-004;Éclairage LED locaux professionnels;1;3118.04;Sans réponse;2025-09-21;12;1
DEV-02211;2025-09-09;2025-09;2025-2026;CLI-0756;Particulier;Toulouse;Nadia Cherif;Électricité;EL-004;Éclairage LED locaux professionnels;2;7043.14;Accepté;2025-09-30;11;2
DEV-02212;2025-09-09;2025-09;2025-2026;CLI-0980;Professionnel;Montpellier;Thomas Rey;Chauffage;CH-003;Installation pompe à chaleur air/eau;1;27548.15;Accepté;2025-10-13;5;2
DEV-02213;2025-09-10;2025-09;2025-2026;CLI-0025;Syndic;Bordeaux;Sophie Marchand;Chauffage;CH-002;Entretien annuel chaudière;1;296.54;Refusé;2025-10-06;9;1
DEV-02214;2025-09-10;2025-09;2025-2026;CLI-0102;Particulier;Toulouse;Nadia Cherif;Électricité;EL-004;Éclairage LED locaux professionnels;1;4065.48;Accepté;2025-09-23;12;1
DEV-02215;2025-09-10;2025-09;2025-2026;CLI-0087;Particulier;Toulouse;Nadia Cherif;Salle de bain;SB-003;Pose meuble vasque + robinetterie;1;1432.02;Sans réponse;2025-09-28;;0
DEV-02216;2025-09-10;2025-09;2025-2026;CLI-0050;Particulier;Toulouse;Julien Fabre;Plomberie;PR-004;Remplacement colonne d'évacuation;1;6021.89;Sans réponse;2025-10-22;;0
DEV-02217;2025-09-10;2025-09;2025-2026;CLI-0980;Professionnel;Montpellier;Thomas Rey;Dépannage;DP-002;Débouchage canalisation;1;726.18;Accepté;2025-09-22;3;1
DEV-02218;2025-09-11;2025-09;2025-2026;CLI-0311;Syndic;Toulouse;Julien Fabre;Dépannage;DP-004;Remise en service chaudière;1;489.19;Refusé;2025-10-12;8;2
DEV-02219;2025-09-11;2025-09;2025-2026;CLI-0582;Particulier;Toulouse;Nadia Cherif;Chauffage;CH-003;Installation pompe à chaleur air/eau;1;15999.56;Refusé;2025-09-16;;0
DEV-02220;2025-09-11;2025-09;2025-2026;CLI-0251;Particulier;Bordeaux;Karim Belkacem;Électricité;EL-003;Rénovation électrique complète;1;10271.32;Sans réponse;2025-09-24;4;1
DEV-02221;2025-09-11;2025-09;2025-2026;CLI-0578;Syndic;Montpellier;Thomas Rey;Salle de bain;SB-003;Pose meuble vasque + robinetterie;1;2817.46;Sans réponse;2025-10-15;;0
DEV-02222;2025-09-11;2025-09;2025-2026;CLI-0734;Syndic;Montpellier;Thomas Rey;Plomberie;PR-002;Recherche de fuite + réparation;2;2154.71;Sans réponse;2025-09-27;;0
DEV-02223;2025-09-12;2025-09;2025-2026;CLI-0233;Particulier;Toulouse;Julien Fabre;Électricité;EL-001;Mise aux normes tableau électrique;2;3697.28;Accepté;2025-09-16;11;0
DEV-02224;2025-09-12;2025-09;2025-2026;CLI-0288;Particulier;Toulouse;Nadia Cherif;Plomberie;PR-003;Réfection réseau eau appartement;3;10656.14;Sans réponse;2025-09-27;7;1
DEV-02225;2025-09-15;2025-09;2025-2026;CLI-0118;Particulier;Toulouse;Nadia Cherif;Plomberie;PR-002;Recherche de fuite + réparation;1;432.43;Sans réponse;2025-09-30;;0
DEV-02226;2025-09-15;2025-09;2025-2026;CLI-0674;Syndic;Bordeaux;Sophie Marchand;Salle de bain;SB-001;Rénovation salle de bain complète;1;22767.78;Refusé;2025-09-28;;0
DEV-02227;2025-09-15;2025-09;2025-2026;CLI-0639;Particulier;Toulouse;Nadia Cherif;Électricité;EL-002;Installation borne de recharge VE;1;1601.26;Sans réponse;2025-10-14;11;3
DEV-02228;2025-09-15;2025-09;2025-2026;CLI-0136;Particulier;Toulouse;Julien Fabre;Chauffage;CH-003;Installation pompe à chaleur air/eau;1;13513.58;Refusé;2025-10-11;12;2
DEV-02229;2025-09-15;2025-09;2025-2026;CLI-0980;Professionnel;Montpellier;Thomas Rey;Chauffage;CH-005;Désembouage circuit chauffage;1;1169.71;Sans réponse;2025-10-27;7;2
DEV-02230;2025-09-15;2025-09;2025-2026;CLI-0558;Particulier;Montpellier;Thomas Rey;Plomberie;PR-004;Remplacement colonne d'évacuation;2;13724.22;Refusé;2025-10-02;;0
DEV-02231;2025-09-16;2025-09;2025-2026;CLI-0680;Syndic;Bordeaux;Karim Belkacem;Plomberie;PR-004;Remplacement colonne d'évacuation;1;11187.27;Sans réponse;2025-09-26;;0
DEV-02232;2025-09-16;2025-09;2025-2026;CLI-0548;Collectivité;Bordeaux;Sophie Marchand;Dépannage;DP-001;Dépannage plomberie urgence;1;663.84;Accepté;2025-10-08;17;1
DEV-02233;2025-09-16;2025-09;2025-2026;CLI-0328;Particulier;Bordeaux;Sophie Marchand;Électricité;EL-004;Éclairage LED locaux professionnels;2;6886.67;Accepté;2025-09-21;;0
DEV-02234;2025-09-16;2025-09;2025-2026;CLI-0724;Particulier;Bordeaux;Karim Belkacem;Électricité;EL-001;Mise aux normes tableau électrique;1;2043.81;Refusé;2025-10-22;11;4
DEV-02235;2025-09-16;2025-09;2025-2026;CLI-0514;Particulier;Toulouse;Julien Fabre;Dépannage;DP-004;Remise en service chaudière;1;255.24;Accepté;2025-10-10;1;2
DEV-02236;2025-09-16;2025-09;2025-2026;CLI-0615;Professionnel;Montpellier;Thomas Rey;Chauffage;CH-004;Remplacement radiateurs (lot de 5);1;4785.2;Sans réponse;2025-10-02;18;0
DEV-02237;2025-09-16;2025-09;2025-2026;CLI-1002;Particulier;Montpellier;Thomas Rey;Salle de bain;SB-003;Pose meuble vasque + robinetterie;1;1216.47;Sans réponse;2025-10-06;14;1
DEV-02238;2025-09-17;2025-09;2025-2026;CLI-0563;Particulier;Toulouse;Nadia Cherif;Plomberie;PR-004;Remplacement colonne d'évacuation;1;6448.22;Sans réponse;2025-10-13;;0
DEV-02239;2025-09-17;2025-09;2025-2026;CLI-0406;Particulier;Toulouse;Nadia Cherif;Dépannage;DP-002;Débouchage canalisation;1;382.78;Accepté;2025-10-17;14;1
DEV-02240;2025-09-17;2025-09;2025-2026;CLI-0225;Particulier;Toulouse;Julien Fabre;Chauffage;CH-005;Désembouage circuit chauffage;1;672.71;Refusé;2025-10-18;8;2
DEV-02241;2025-09-17;2025-09;2025-2026;CLI-0581;Particulier;Montpellier;Thomas Rey;Électricité;EL-002;Installation borne de recharge VE;1;1381.83;Sans réponse;2025-11-10;11;1
DEV-02242;2025-09-18;2025-09;2025-2026;CLI-0441;Professionnel;Bordeaux;Karim Belkacem;Chauffage;CH-004;Remplacement radiateurs (lot de 5);1;4619.92;Accepté;2025-10-22;12;1
DEV-02243;2025-09-18;2025-09;2025-2026;CLI-0524;Collectivité;Bordeaux;Sophie Marchand;Chauffage;CH-004;Remplacement radiateurs (lot de 5);1;5511.13;Refusé;2025-09-22;6;0
DEV-02244;2025-09-18;2025-09;2025-2026;CLI-0465;Particulier;Bordeaux;Sophie Marchand;Électricité;EL-003;Rénovation électrique complète;1;9810.34;Sans réponse;2025-10-23;;0
DEV-02245;2025-09-18;2025-09;2025-2026;CLI-0328;Particulier;Bordeaux;Sophie Marchand;Dépannage;DP-002;Débouchage canalisation;1;373.51;Sans réponse;2025-10-01;12;1
DEV-02246;2025-09-18;2025-09;2025-2026;CLI-0120;Particulier;Toulouse;Julien Fabre;Chauffage;CH-001;Installation chaudière gaz condensation;1;5374.25;Sans réponse;2025-09-22;6;0
DEV-02247;2025-09-18;2025-09;2025-2026;CLI-0547;Particulier;Montpellier;Thomas Rey;Chauffage;CH-005;Désembouage circuit chauffage;1;851.46;Sans réponse;2025-10-13;12;2
DEV-02248;2025-09-19;2025-09;2025-2026;CLI-0653;Professionnel;Toulouse;Nadia Cherif;Plomberie;PR-001;Remplacement chauffe-eau 200 L;2;4609.96;Sans réponse;2025-09-24;8;0
DEV-02249;2025-09-19;2025-09;2025-2026;CLI-0682;Syndic;Montpellier;Thomas Rey;Chauffage;CH-003;Installation pompe à chaleur air/eau;1;25790.55;Sans réponse;2025-10-19;;0
DEV-02250;2025-09-22;2025-09;2025-2026;CLI-0296;Professionnel;Bordeaux;Karim Belkacem;Dépannage;DP-004;Remise en service chaudière;1;461.4;Accepté;2025-10-16;7;2
DEV-02251;2025-09-22;2025-09;2025-2026;CLI-0222;Particulier;Bordeaux;Karim Belkacem;Salle de bain;SB-002;Remplacement baignoire par douche;1;3929.43;Refusé;2025-09-27;7;0
DEV-02252;2025-09-22;2025-09;2025-2026;CLI-0569;Particulier;Montpellier;Thomas Rey;Salle de bain;SB-003;Pose meuble vasque + robinetterie;1;1368.0;Sans réponse;2025-10-05;;0
DEV-02253;2025-09-23;2025-09;2025-2026;CLI-0384;Particulier;Toulouse;Julien Fabre;Chauffage;CH-002;Entretien annuel chaudière;1;175.63;Refusé;2025-10-28;13;1
DEV-02254;2025-09-23;2025-09;2025-2026;CLI-0037;Particulier;Toulouse;Julien Fabre;Chauffage;CH-002;Entretien annuel chaudière;1;180.29;Accepté;2025-10-05;;0
DEV-02255;2025-09-24;2025-09;2025-2026;CLI-0239;Particulier;Bordeaux;Karim Belkacem;Chauffage;CH-004;Remplacement radiateurs (lot de 5);1;2966.26;Sans réponse;2025-10-08;;0
DEV-02256;2025-09-24;2025-09;2025-2026;CLI-0216;Particulier;Bordeaux;Karim Belkacem;Électricité;EL-003;Rénovation électrique complète;1;10330.72;Sans réponse;2025-09-29;14;0
DEV-02257;2025-09-24;2025-09;2025-2026;CLI-0555;Particulier;Toulouse;Julien Fabre;Salle de bain;SB-002;Remplacement baignoire par douche;1;3521.06;Refusé;2025-10-04;16;0
DEV-02258;2025-09-25;2025-09;2025-2026;CLI-0757;Professionnel;Toulouse;Nadia Cherif;Électricité;EL-004;Éclairage LED locaux professionnels;1;5972.85;Refusé;2025-10-09;6;1
DEV-02259;2025-09-25;2025-09;2025-2026;CLI-0714;Professionnel;Bordeaux;Sophie Marchand;Salle de bain;SB-002;Remplacement baignoire par douche;1;5692.25;Sans réponse;2025-10-28;;0
DEV-02260;2025-09-25;2025-09;2025-2026;CLI-0124;Particulier;Toulouse;Nadia Cherif;Plomberie;PR-003;Réfection réseau eau appartement;1;3759.19;Refusé;2025-10-24;;0
DEV-02261;2025-09-25;2025-09;2025-2026;CLI-0571;Particulier;Montpellier;Thomas Rey;Électricité;EL-002;Installation borne de recharge VE;1;1768.34;Sans réponse;2025-10-09;;0
DEV-02262;2025-09-26;2025-09;2025-2026;CLI-0171;Syndic;Toulouse;Nadia Cherif;Électricité;EL-004;Éclairage LED locaux professionnels;1;8397.43;Sans réponse;2025-10-01;11;0
DEV-02263;2025-09-26;2025-09;2025-2026;CLI-0205;Professionnel;Bordeaux;Karim Belkacem;Chauffage;CH-003;Installation pompe à chaleur air/eau;1;24414.68;Sans réponse;2025-10-16;;0
DEV-02264;2025-09-26;2025-09;2025-2026;CLI-0625;Particulier;Toulouse;Julien Fabre;Salle de bain;SB-001;Rénovation salle de bain complète;1;11570.27;Refusé;2025-11-08;5;3
DEV-02265;2025-09-26;2025-09;2025-2026;CLI-0413;Particulier;Bordeaux;Sophie Marchand;Chauffage;CH-004;Remplacement radiateurs (lot de 5);1;2385.09;Sans réponse;2025-10-24;;0
DEV-02266;2025-09-26;2025-09;2025-2026;CLI-1016;Particulier;Montpellier;Thomas Rey;Plomberie;PR-003;Réfection réseau eau appartement;1;3685.61;Refusé;2025-11-02;20;2
DEV-02267;2025-09-29;2025-09;2025-2026;CLI-0133;Syndic;Bordeaux;Sophie Marchand;Salle de bain;SB-003;Pose meuble vasque + robinetterie;3;7137.41;Sans réponse;2025-10-20;7;2
DEV-02268;2025-09-29;2025-09;2025-2026;CLI-0196;Particulier;Bordeaux;Karim Belkacem;Électricité;EL-001;Mise aux normes tableau électrique;2;4152.03;Refusé;2025-10-31;8;2
DEV-02269;2025-09-29;2025-09;2025-2026;CLI-0623;Syndic;Montpellier;Thomas Rey;Salle de bain;SB-002;Remplacement baignoire par douche;1;8754.7;Accepté;2025-10-24;7;1
DEV-02270;2025-09-30;2025-09;2025-2026;CLI-0463;Particulier;Toulouse;Nadia Cherif;Chauffage;CH-005;Désembouage circuit chauffage;1;710.47;Accepté;2025-11-06;6;2
DEV-02271;2025-09-30;2025-09;2025-2026;CLI-0294;Professionnel;Toulouse;Julien Fabre;Dépannage;DP-003;Dépannage électrique urgence;2;1178.36;Accepté;2025-10-28;5;3
DEV-02272;2025-09-30;2025-09;2025-2026;CLI-0354;Particulier;Bordeaux;Karim Belkacem;Salle de bain;SB-001;Rénovation salle de bain complète;1;9989.55;Accepté;2025-10-03;1;1
DEV-02273;2025-09-30;2025-09;2025-2026;CLI-0563;Particulier;Toulouse;Julien Fabre;Dépannage;DP-002;Débouchage canalisation;1;432.53;Sans réponse;2025-10-25;8;2
DEV-02274;2025-09-30;2025-09;2025-2026;CLI-0236;Particulier;Toulouse;Julien Fabre;Dépannage;DP-004;Remise en service chaudière;1;226.02;Accepté;2025-10-14;7;1
DEV-02275;2025-09-30;2025-09;2025-2026;CLI-0765;Particulier;Montpellier;Thomas Rey;Dépannage;DP-002;Débouchage canalisation;1;408.78;Sans réponse;2025-10-14;12;1
DEV-02276;2025-10-01;2025-10;2025-2026;CLI-0382;Professionnel;Toulouse;Julien Fabre;Électricité;EL-004;Éclairage LED locaux professionnels;2;12339.23;Accepté;2025-10-26;;0
DEV-02277;2025-10-01;2025-10;2025-2026;CLI-0762;Particulier;Toulouse;Nadia Cherif;Plomberie;PR-002;Recherche de fuite + réparation;1;402.82;Refusé;2025-11-12;9;1
DEV-02278;2025-10-01;2025-10;2025-2026;CLI-0429;Syndic;Toulouse;Nadia Cherif;Dépannage;DP-004;Remise en service chaudière;1;573.02;Accepté;2025-10-11;3;1
DEV-02279;2025-10-01;2025-10;2025-2026;CLI-0340;Particulier;Bordeaux;Sophie Marchand;Chauffage;CH-004;Remplacement radiateurs (lot de 5);1;2992.96;Refusé;2025-10-19;6;2
DEV-02280;2025-10-02;2025-10;2025-2026;CLI-0186;Particulier;Bordeaux;Sophie Marchand;Électricité;EL-004;Éclairage LED locaux professionnels;3;10651.39;Refusé;2025-10-25;13;1
DEV-02281;2025-10-02;2025-10;2025-2026;CLI-0559;Particulier;Bordeaux;Sophie Marchand;Plomberie;PR-001;Remplacement chauffe-eau 200 L;3;4091.93;Sans réponse;2025-10-15;6;2
DEV-02282;2025-10-03;2025-10;2025-2026;CLI-0399;Syndic;Toulouse;Julien Fabre;Chauffage;CH-005;Désembouage circuit chauffage;1;1623.09;Refusé;2025-10-18;13;1
DEV-02283;2025-10-03;2025-10;2025-2026;CLI-0778;Professionnel;Bordeaux;Sophie Marchand;Plomberie;PR-004;Remplacement colonne d'évacuation;1;9849.72;Accepté;2025-10-20;4;1
DEV-02284;2025-10-03;2025-10;2025-2026;CLI-0306;Particulier;Bordeaux;Karim Belkacem;Salle de bain;SB-002;Remplacement baignoire par douche;1;3686.5;Sans réponse;2025-10-19;8;2
DEV-02285;2025-10-03;2025-10;2025-2026;CLI-0674;Syndic;Bordeaux;Karim Belkacem;Chauffage;CH-002;Entretien annuel chaudière;1;373.89;Refusé;2025-10-12;8;1
DEV-02286;2025-10-03;2025-10;2025-2026;CLI-0997;Particulier;Montpellier;Thomas Rey;Chauffage;CH-003;Installation pompe à chaleur air/eau;1;15828.63;Sans réponse;2025-10-18;;0
DEV-02287;2025-10-06;2025-10;2025-2026;CLI-0251;Particulier;Bordeaux;Sophie Marchand;Chauffage;CH-002;Entretien annuel chaudière;1;177.5;Sans réponse;2025-10-22;15;1
DEV-02288;2025-10-06;2025-10;2025-2026;CLI-0312;Professionnel;Toulouse;Nadia Cherif;Chauffage;CH-002;Entretien annuel chaudière;1;236.81;Sans réponse;2025-10-09;12;0
DEV-02289;2025-10-06;2025-10;2025-2026;CLI-0650;Particulier;Toulouse;Nadia Cherif;Électricité;EL-004;Éclairage LED locaux professionnels;1;3365.14;Accepté;2025-10-29;1;2
DEV-02290;2025-10-06;2025-10;2025-2026;CLI-0505;Syndic;Bordeaux;Sophie Marchand;Chauffage;CH-001;Installation chaudière gaz condensation;1;9688.75;Accepté;2025-10-28;13;2
DEV-02291;2025-10-06;2025-10;2025-2026;CLI-0749;Professionnel;Montpellier;Thomas Rey;Salle de bain;SB-003;Pose meuble vasque + robinetterie;1;2137.92;Refusé;2025-10-20;7;1
DEV-02292;2025-10-07;2025-10;2025-2026;CLI-0352;Professionnel;Bordeaux;Karim Belkacem;Chauffage;CH-005;Désembouage circuit chauffage;1;1411.19;Accepté;2025-10-21;3;2
DEV-02293;2025-10-07;2025-10;2025-2026;CLI-0115;Particulier;Bordeaux;Karim Belkacem;Électricité;EL-002;Installation borne de recharge VE;1;1708.39;Accepté;2025-10-28;6;2
DEV-02294;2025-10-07;2025-10;2025-2026;CLI-0567;Professionnel;Bordeaux;Karim Belkacem;Électricité;EL-002;Installation borne de recharge VE;1;2799.34;Sans réponse;2025-11-10;;0
DEV-02295;2025-10-08;2025-10;2025-2026;CLI-0752;Professionnel;Bordeaux;Karim Belkacem;Dépannage;DP-004;Remise en service chaudière;1;441.8;Refusé;2025-10-20;;0
DEV-02296;2025-10-08;2025-10;2025-2026;CLI-0092;Particulier;Toulouse;Nadia Cherif;Plomberie;PR-003;Réfection réseau eau appartement;1;2812.76;Refusé;2025-10-18;;0
DEV-02297;2025-10-08;2025-10;2025-2026;CLI-0994;Particulier;Montpellier;Thomas Rey;Chauffage;CH-004;Remplacement radiateurs (lot de 5);2;4555.1;Refusé;2025-10-25;12;1
DEV-02298;2025-10-08;2025-10;2025-2026;CLI-0540;Particulier;Montpellier;Thomas Rey;Électricité;EL-001;Mise aux normes tableau électrique;1;2083.75;Sans réponse;2025-10-23;15;1
DEV-02299;2025-10-09;2025-10;2025-2026;CLI-0718;Particulier;Toulouse;Julien Fabre;Salle de bain;SB-002;Remplacement baignoire par douche;1;3356.86;Refusé;2025-10-28;;0
DEV-02300;2025-10-09;2025-10;2025-2026;CLI-0119;Particulier;Bordeaux;Sophie Marchand;Salle de bain;SB-001;Rénovation salle de bain complète;1;8792.58;Sans réponse;2025-10-19;11;0
DEV-02301;2025-10-09;2025-10;2025-2026;CLI-0988;Particulier;Montpellier;Thomas Rey;Salle de bain;SB-002;Remplacement baignoire par douche;1;4022.6;Sans réponse;2025-10-20;;0
DEV-02302;2025-10-10;2025-10;2025-2026;CLI-0343;Professionnel;Bordeaux;Sophie Marchand;Chauffage;CH-002;Entretien annuel chaudière;1;270.59;Sans réponse;2025-11-09;9;1
DEV-02303;2025-10-10;2025-10;2025-2026;CLI-0075;Syndic;Toulouse;Julien Fabre;Chauffage;CH-002;Entretien annuel chaudière;1;348.21;Sans réponse;2025-11-01;10;1
DEV-02304;2025-10-10;2025-10;2025-2026;CLI-0789;Professionnel;Toulouse;Nadia Cherif;Dépannage;DP-004;Remise en service chaudière;2;802.27;Refusé;2025-11-10;;0
DEV-02305;2025-10-10;2025-10;2025-2026;CLI-0070;Particulier;Toulouse;Julien Fabre;Électricité;EL-003;Rénovation électrique complète;1;9864.47;Refusé;2025-10-21;1;1
DEV-02306;2025-10-10;2025-10;2025-2026;CLI-0665;Particulier;Montpellier;Thomas Rey;Salle de bain;SB-003;Pose meuble vasque + robinetterie;1;1213.71;Sans réponse;2025-11-28;;0
DEV-02307;2025-10-10;2025-10;2025-2026;CLI-0597;Particulier;Montpellier;Thomas Rey;Chauffage;CH-001;Installation chaudière gaz condensation;1;5903.5;Sans réponse;2025-11-11;11;3
DEV-02308;2025-10-13;2025-10;2025-2026;CLI-0106;Particulier;Toulouse;Nadia Cherif;Électricité;EL-004;Éclairage LED locaux professionnels;2;7631.36;Sans réponse;2025-10-27;;0
DEV-02309;2025-10-13;2025-10;2025-2026;CLI-0700;Particulier;Bordeaux;Sophie Marchand;Salle de bain;SB-001;Rénovation salle de bain complète;1;9047.25;Refusé;2025-11-15;14;2
DEV-02310;2025-10-13;2025-10;2025-2026;CLI-1018;Particulier;Montpellier;Thomas Rey;Chauffage;CH-001;Installation chaudière gaz condensation;1;5526.68;Sans réponse;2025-10-26;;0
DEV-02311;2025-10-14;2025-10;2025-2026;CLI-0271;Particulier;Bordeaux;Sophie Marchand;Chauffage;CH-001;Installation chaudière gaz condensation;1;5017.54;Refusé;2025-11-05;9;1
DEV-02312;2025-10-14;2025-10;2025-2026;CLI-0448;Professionnel;Toulouse;Nadia Cherif;Salle de bain;SB-002;Remplacement baignoire par douche;1;6326.39;Refusé;2025-11-20;11;2
DEV-02313;2025-10-14;2025-10;2025-2026;CLI-0087;Particulier;Toulouse;Nadia Cherif;Chauffage;CH-002;Entretien annuel chaudière;3;414.28;Accepté;2025-10-20;14;0
DEV-02314;2025-10-14;2025-10;2025-2026;CLI-0998;Professionnel;Montpellier;Thomas Rey;Chauffage;CH-004;Remplacement radiateurs (lot de 5);2;8336.16;Sans réponse;2025-12-01;9;2
DEV-02315;2025-10-15;2025-10;2025-2026;CLI-0005;Particulier;Bordeaux;Sophie Marchand;Plomberie;PR-003;Réfection réseau eau appartement;3;9276.06;Sans réponse;2025-11-14;;0
DEV-02316;2025-10-15;2025-10;2025-2026;CLI-0238;Particulier;Bordeaux;Sophie Marchand;Dépannage;DP-001;Dépannage plomberie urgence;1;323.75;Sans réponse;2025-10-29;;0
DEV-02317;2025-10-15;2025-10;2025-2026;CLI-0229;Particulier;Toulouse;Nadia Cherif;Plomberie;PR-002;Recherche de fuite + réparation;1;450.46;Accepté;2025-11-10;2;1
DEV-02318;2025-10-16;2025-10;2025-2026;CLI-0318;Particulier;Toulouse;Nadia Cherif;Chauffage;CH-005;Désembouage circuit chauffage;1;661.7;Sans réponse;2025-10-28;;0
DEV-02319;2025-10-16;2025-10;2025-2026;CLI-0250;Syndic;Toulouse;Nadia Cherif;Chauffage;CH-003;Installation pompe à chaleur air/eau;1;26351.01;Sans réponse;2025-10-29;;0
DEV-02320;2025-10-16;2025-10;2025-2026;CLI-0380;Particulier;Toulouse;Julien Fabre;Chauffage;CH-001;Installation chaudière gaz condensation;1;4745.39;Sans réponse;2025-11-11;9;3
DEV-02321;2025-10-16;2025-10;2025-2026;CLI-0142;Particulier;Bordeaux;Karim Belkacem;Chauffage;CH-001;Installation chaudière gaz condensation;1;4616.27;Sans réponse;2025-10-29;;0
DEV-02322;2025-10-16;2025-10;2025-2026;CLI-1002;Particulier;Montpellier;Thomas Rey;Électricité;EL-001;Mise aux normes tableau électrique;1;1847.52;Refusé;2025-11-24;16;2
DEV-02323;2025-10-17;2025-10;2025-2026;CLI-0082;Particulier;Toulouse;Nadia Cherif;Électricité;EL-003;Rénovation électrique complète;1;9958.72;Sans réponse;2025-10-28;12;0
DEV-02324;2025-10-17;2025-10;2025-2026;CLI-0075;Syndic;Toulouse;Julien Fabre;Chauffage;CH-001;Installation chaudière gaz condensation;1;11138.42;Sans réponse;2025-11-03;5;1
DEV-02325;2025-10-17;2025-10;2025-2026;CLI-0541;Professionnel;Toulouse;Julien Fabre;Salle de bain;SB-003;Pose meuble vasque + robinetterie;3;6440.59;Refusé;2025-11-07;13;2
DEV-02326;2025-10-17;2025-10;2025-2026;CLI-0014;Particulier;Bordeaux;Karim Belkacem;Électricité;EL-001;Mise aux normes tableau électrique;1;1993.24;Accepté;2025-11-17;;0
DEV-02327;2025-10-17;2025-10;2025-2026;CLI-0465;Particulier;Bordeaux;Sophie Marchand;Chauffage;CH-005;Désembouage circuit chauffage;1;844.88;Sans réponse;2025-10-22;11;0
DEV-02328;2025-10-17;2025-10;2025-2026;CLI-0755;Particulier;Montpellier;Thomas Rey;Chauffage;CH-003;Installation pompe à chaleur air/eau;1;15757.8;Sans réponse;2025-10-28;16;0
DEV-02329;2025-10-20;2025-10;2025-2026;CLI-0129;Professionnel;Toulouse;Julien Fabre;Salle de bain;SB-003;Pose meuble vasque + robinetterie;1;2301.43;Accepté;2025-11-07;;0
DEV-02330;2025-10-20;2025-10;2025-2026;CLI-0254;Particulier;Toulouse;Nadia Cherif;Salle de bain;SB-003;Pose meuble vasque + robinetterie;1;1392.54;Refusé;2025-11-02;4;2
DEV-02331;2025-10-20;2025-10;2025-2026;CLI-0058;Particulier;Toulouse;Nadia Cherif;Dépannage;DP-002;Débouchage canalisation;1;381.65;Sans réponse;2025-11-18;5;3
DEV-02332;2025-10-20;2025-10;2025-2026;CLI-0180;Particulier;Toulouse;Julien Fabre;Chauffage;CH-003;Installation pompe à chaleur air/eau;1;13764.8;Refusé;2025-11-21;14;3
DEV-02333;2025-10-20;2025-10;2025-2026;CLI-0697;Particulier;Montpellier;Thomas Rey;Salle de bain;SB-002;Remplacement baignoire par douche;1;3446.63;Accepté;2025-11-11;14;1
DEV-02334;2025-10-21;2025-10;2025-2026;CLI-0331;Particulier;Bordeaux;Sophie Marchand;Salle de bain;SB-003;Pose meuble vasque + robinetterie;1;1447.61;Sans réponse;2025-11-01;18;0
DEV-02335;2025-10-21;2025-10;2025-2026;CLI-0282;Particulier;Bordeaux;Sophie Marchand;Électricité;EL-001;Mise aux normes tableau électrique;1;1639.21;Refusé;2025-11-26;15;2
DEV-02336;2025-10-21;2025-10;2025-2026;CLI-0267;Particulier;Bordeaux;Sophie Marchand;Chauffage;CH-003;Installation pompe à chaleur air/eau;1;15013.84;Refusé;2025-11-18;;0
DEV-02337;2025-10-21;2025-10;2025-2026;CLI-0433;Particulier;Toulouse;Nadia Cherif;Chauffage;CH-003;Installation pompe à chaleur air/eau;1;15922.67;Sans réponse;2025-11-05;;0
DEV-02338;2025-10-22;2025-10;2025-2026;CLI-0754;Professionnel;Bordeaux;Sophie Marchand;Chauffage;CH-005;Désembouage circuit chauffage;1;1244.72;Accepté;2025-10-25;5;0
DEV-02339;2025-10-22;2025-10;2025-2026;CLI-0559;Particulier;Bordeaux;Karim Belkacem;Salle de bain;SB-002;Remplacement baignoire par douche;3;12065.93;Refusé;2025-11-17;;0
DEV-02340;2025-10-22;2025-10;2025-2026;CLI-0315;Professionnel;Bordeaux;Sophie Marchand;Plomberie;PR-001;Remplacement chauffe-eau 200 L;1;2172.27;Refusé;2025-11-07;13;1
DEV-02341;2025-10-23;2025-10;2025-2026;CLI-0131;Particulier;Toulouse;Julien Fabre;Plomberie;PR-004;Remplacement colonne d'évacuation;1;6138.33;Accepté;2025-11-20;;0
DEV-02342;2025-10-23;2025-10;2025-2026;CLI-0776;Collectivité;Bordeaux;Karim Belkacem;Plomberie;PR-002;Recherche de fuite + réparation;1;1090.46;Sans réponse;2025-11-16;11;2
DEV-02343;2025-10-23;2025-10;2025-2026;CLI-0778;Professionnel;Bordeaux;Karim Belkacem;Salle de bain;SB-001;Rénovation salle de bain complète;1;17176.98;Accepté;2025-11-26;10;3
DEV-02344;2025-10-23;2025-10;2025-2026;CLI-0604;Syndic;Bordeaux;Karim Belkacem;Chauffage;CH-003;Installation pompe à chaleur air/eau;1;29172.78;Refusé;2025-11-18;;0
DEV-02345;2025-10-24;2025-10;2025-2026;CLI-0490;Syndic;Bordeaux;Karim Belkacem;Chauffage;CH-003;Installation pompe à chaleur air/eau;1;26514.42;Accepté;2025-11-01;10;0
DEV-02346;2025-10-24;2025-10;2025-2026;CLI-0457;Particulier;Bordeaux;Sophie Marchand;Salle de bain;SB-002;Remplacement baignoire par douche;1;3485.99;Sans réponse;2025-11-12;10;1
DEV-02347;2025-10-24;2025-10;2025-2026;CLI-0532;Particulier;Bordeaux;Sophie Marchand;Chauffage;CH-005;Désembouage circuit chauffage;1;713.81;Refusé;2025-11-12;;0
DEV-02348;2025-10-24;2025-10;2025-2026;CLI-0364;Particulier;Bordeaux;Sophie Marchand;Chauffage;CH-004;Remplacement radiateurs (lot de 5);1;2311.49;Accepté;2025-11-21;5;1
DEV-02349;2025-10-24;2025-10;2025-2026;CLI-0641;Professionnel;Montpellier;Thomas Rey;Chauffage;CH-004;Remplacement radiateurs (lot de 5);1;4827.77;Sans réponse;2025-11-15;7;1
DEV-02350;2025-10-27;2025-10;2025-2026;CLI-0508;Particulier;Bordeaux;Sophie Marchand;Salle de bain;SB-001;Rénovation salle de bain complète;1;11013.01;Sans réponse;2025-11-20;;0
DEV-02351;2025-10-27;2025-10;2025-2026;CLI-0676;Particulier;Toulouse;Julien Fabre;Électricité;EL-003;Rénovation électrique complète;1;8784.17;Sans réponse;2025-11-17;;0
DEV-02352;2025-10-27;2025-10;2025-2026;CLI-0606;Particulier;Bordeaux;Sophie Marchand;Chauffage;CH-005;Désembouage circuit chauffage;1;851.4;Accepté;2025-10-31;10;0
DEV-02353;2025-10-27;2025-10;2025-2026;CLI-0705;Particulier;Montpellier;Thomas Rey;Électricité;EL-002;Installation borne de recharge VE;1;1457.49;Refusé;2025-11-10;5;1
DEV-02354;2025-10-28;2025-10;2025-2026;CLI-0186;Particulier;Bordeaux;Karim Belkacem;Salle de bain;SB-002;Remplacement baignoire par douche;3;10981.52;Accepté;2025-10-31;7;0
DEV-02355;2025-10-28;2025-10;2025-2026;CLI-0375;Particulier;Bordeaux;Karim Belkacem;Électricité;EL-002;Installation borne de recharge VE;1;1415.99;Sans réponse;2025-11-19;1;1
DEV-02356;2025-10-28;2025-10;2025-2026;CLI-0983;Professionnel;Montpellier;Thomas Rey;Chauffage;CH-004;Remplacement radiateurs (lot de 5);1;4136.85;Sans réponse;2025-11-26;26;1
DEV-02357;2025-10-29;2025-10;2025-2026;CLI-0573;Particulier;Bordeaux;Karim Belkacem;Salle de bain;SB-002;Remplacement baignoire par douche;1;4395.26;Accepté;2025-11-22;3;2
DEV-02358;2025-10-29;2025-10;2025-2026;CLI-0724;Particulier;Bordeaux;Karim Belkacem;Électricité;EL-004;Éclairage LED locaux professionnels;2;7915.05;Refusé;2025-11-11;;0
DEV-02359;2025-10-30;2025-10;2025-2026;CLI-0476;Particulier;Bordeaux;Karim Belkacem;Électricité;EL-003;Rénovation électrique complète;1;9903.61;Refusé;2025-11-09;7;1
DEV-02360;2025-10-30;2025-10;2025-2026;CLI-0333;Professionnel;Toulouse;Nadia Cherif;Plomberie;PR-003;Réfection réseau eau appartement;1;6345.23;Sans réponse;2025-11-26;10;2
DEV-02361;2025-10-30;2025-10;2025-2026;CLI-0474;Professionnel;Toulouse;Julien Fabre;Chauffage;CH-004;Remplacement radiateurs (lot de 5);1;5092.5;Accepté;2025-11-13;6;1
DEV-02362;2025-10-30;2025-10;2025-2026;CLI-0798;Particulier;Toulouse;Nadia Cherif;Électricité;EL-003;Rénovation électrique complète;1;10543.08;Refusé;2025-11-18;4;2
DEV-02363;2025-10-30;2025-10;2025-2026;CLI-0734;Syndic;Montpellier;Thomas Rey;Électricité;EL-004;Éclairage LED locaux professionnels;1;8280.83;Refusé;2025-11-26;9;1
DEV-02364;2025-10-31;2025-10;2025-2026;CLI-0350;Particulier;Bordeaux;Sophie Marchand;Dépannage;DP-004;Remise en service chaudière;1;257.2;Accepté;2025-11-25;6;1
DEV-02365;2025-10-31;2025-10;2025-2026;CLI-0719;Particulier;Bordeaux;Karim Belkacem;Plomberie;PR-002;Recherche de fuite + réparation;1;459.02;Sans réponse;2025-11-22;11;1
DEV-02366;2025-10-31;2025-10;2025-2026;CLI-0725;Professionnel;Toulouse;Julien Fabre;Salle de bain;SB-003;Pose meuble vasque + robinetterie;1;2167.1;Refusé;2025-11-06;;0
DEV-02367;2025-10-31;2025-10;2025-2026;CLI-0123;Particulier;Toulouse;Julien Fabre;Électricité;EL-004;Éclairage LED locaux professionnels;1;4014.32;Accepté;2025-11-11;10;1
DEV-02368;2025-10-31;2025-10;2025-2026;CLI-0663;Collectivité;Montpellier;Thomas Rey;Chauffage;CH-001;Installation chaudière gaz condensation;1;14015.59;Refusé;2025-11-17;7;2
DEV-02369;2025-11-03;2025-11;2025-2026;CLI-0344;Syndic;Toulouse;Julien Fabre;Salle de bain;SB-002;Remplacement baignoire par douche;1;8861.36;Accepté;2025-11-27;8;1
DEV-02370;2025-11-03;2025-11;2025-2026;CLI-0431;Syndic;Toulouse;Julien Fabre;Électricité;EL-004;Éclairage LED locaux professionnels;1;8229.56;Sans réponse;2025-11-20;;0
DEV-02371;2025-11-03;2025-11;2025-2026;CLI-0036;Particulier;Toulouse;Julien Fabre;Électricité;EL-001;Mise aux normes tableau électrique;1;1889.23;Sans réponse;2025-11-10;8;0
DEV-02372;2025-11-04;2025-11;2025-2026;CLI-0176;Professionnel;Toulouse;Julien Fabre;Électricité;EL-002;Installation borne de recharge VE;1;2871.72;Sans réponse;2025-12-09;10;1
DEV-02373;2025-11-04;2025-11;2025-2026;CLI-0698;Professionnel;Bordeaux;Karim Belkacem;Électricité;EL-002;Installation borne de recharge VE;1;3037.06;Accepté;2025-12-23;12;4
DEV-02374;2025-11-04;2025-11;2025-2026;CLI-0059;Particulier;Bordeaux;Sophie Marchand;Chauffage;CH-005;Désembouage circuit chauffage;1;866.93;Accepté;2025-11-28;7;1
DEV-02375;2025-11-04;2025-11;2025-2026;CLI-0222;Particulier;Bordeaux;Sophie Marchand;Chauffage;CH-002;Entretien annuel chaudière;1;164.62;Refusé;2025-11-20;15;1
DEV-02376;2025-11-04;2025-11;2025-2026;CLI-0591;Professionnel;Montpellier;Thomas Rey;Dépannage;DP-001;Dépannage plomberie urgence;1;444.83;Accepté;2025-11-21;;0
DEV-02377;2025-11-05;2025-11;2025-2026;CLI-0634;Particulier;Bordeaux;Sophie Marchand;Chauffage;CH-001;Installation chaudière gaz condensation;1;5287.7;Sans réponse;2025-11-13;;0
DEV-02378;2025-11-05;2025-11;2025-2026;CLI-0074;Particulier;Bordeaux;Karim Belkacem;Chauffage;CH-001;Installation chaudière gaz condensation;1;5899.28;Accepté;2025-11-12;5;1
DEV-02379;2025-11-05;2025-11;2025-2026;CLI-0211;Particulier;Bordeaux;Karim Belkacem;Électricité;EL-002;Installation borne de recharge VE;1;1460.73;Accepté;2025-11-23;2;2
DEV-02380;2025-11-05;2025-11;2025-2026;CLI-0679;Professionnel;Montpellier;Thomas Rey;Plomberie;PR-002;Recherche de fuite + réparation;1;831.8;Sans réponse;2025-11-23;7;2
DEV-02381;2025-11-06;2025-11;2025-2026;CLI-0590;Particulier;Toulouse;Nadia Cherif;Chauffage;CH-003;Installation pompe à chaleur air/eau;1;14493.4;Sans réponse;2025-11-24;11;1
DEV-02382;2025-11-06;2025-11;2025-2026;CLI-0802;Collectivité;Bordeaux;Sophie Marchand;Salle de bain;SB-003;Pose meuble vasque + robinetterie;1;2965.1;Accepté;2025-12-04;9;3
DEV-02383;2025-11-06;2025-11;2025-2026;CLI-0341;Collectivité;Toulouse;Julien Fabre;Dépannage;DP-002;Débouchage canalisation;2;1886.71;Accepté;2025-12-18;;0
DEV-02384;2025-11-06;2025-11;2025-2026;CLI-0716;Particulier;Bordeaux;Karim Belkacem;Chauffage;CH-003;Installation pompe à chaleur air/eau;1;14084.39;Accepté;2025-12-14;5;2
DEV-02385;2025-11-06;2025-11;2025-2026;CLI-1002;Particulier;Montpellier;Thomas Rey;Chauffage;CH-002;Entretien annuel chaudière;1;145.98;Accepté;2025-11-12;4;1
DEV-02386;2025-11-07;2025-11;2025-2026;CLI-0167;Particulier;Toulouse;Julien Fabre;Dépannage;DP-003;Dépannage électrique urgence;1;367.29;Refusé;2025-11-12;7;0
DEV-02387;2025-11-07;2025-11;2025-2026;CLI-0319;Particulier;Toulouse;Nadia Cherif;Plomberie;PR-003;Réfection réseau eau appartement;1;3678.16;Sans réponse;2025-11-28;;0
DEV-02388;2025-11-07;2025-11;2025-2026;CLI-0598;Particulier;Toulouse;Nadia Cherif;Électricité;EL-002;Installation borne de recharge VE;1;1687.03;Sans réponse;2025-11-30;;0
DEV-02389;2025-11-07;2025-11;2025-2026;CLI-0696;Particulier;Montpellier;Thomas Rey;Dépannage;DP-003;Dépannage électrique urgence;1;363.77;Refusé;2025-12-01;4;1
DEV-02390;2025-11-07;2025-11;2025-2026;CLI-0552;Particulier;Montpellier;Thomas Rey;Chauffage;CH-004;Remplacement radiateurs (lot de 5);1;2576.05;Refusé;2025-12-17;12;4
DEV-02391;2025-11-10;2025-11;2025-2026;CLI-0703;Particulier;Bordeaux;Sophie Marchand;Électricité;EL-003;Rénovation électrique complète;1;9866.97;Refusé;2025-11-17;13;0
DEV-02392;2025-11-10;2025-11;2025-2026;CLI-0252;Particulier;Bordeaux;Karim Belkacem;Dépannage;DP-003;Dépannage électrique urgence;1;284.79;Accepté;2025-11-26;3;2
DEV-02393;2025-11-10;2025-11;2025-2026;CLI-0156;Particulier;Bordeaux;Karim Belkacem;Dépannage;DP-003;Dépannage électrique urgence;3;1004.25;Accepté;2025-11-18;8;1
DEV-02394;2025-11-11;2025-11;2025-2026;CLI-0009;Particulier;Toulouse;Nadia Cherif;Salle de bain;SB-001;Rénovation salle de bain complète;1;11572.52;Accepté;2025-12-21;;0
DEV-02395;2025-11-11;2025-11;2025-2026;CLI-0079;Particulier;Bordeaux;Sophie Marchand;Électricité;EL-004;Éclairage LED locaux professionnels;1;3392.23;Accepté;2025-11-21;7;1
DEV-02396;2025-11-11;2025-11;2025-2026;CLI-0572;Collectivité;Bordeaux;Karim Belkacem;Électricité;EL-002;Installation borne de recharge VE;1;3359.98;Sans réponse;2025-12-03;;0
DEV-02397;2025-11-11;2025-11;2025-2026;CLI-0802;Collectivité;Bordeaux;Karim Belkacem;Dépannage;DP-004;Remise en service chaudière;1;659.18;Sans réponse;2025-11-25;6;2
DEV-02398;2025-11-11;2025-11;2025-2026;CLI-0694;Collectivité;Bordeaux;Sophie Marchand;Plomberie;PR-001;Remplacement chauffe-eau 200 L;3;10793.82;Sans réponse;2025-12-12;;0
DEV-02399;2025-11-11;2025-11;2025-2026;CLI-0976;Professionnel;Montpellier;Thomas Rey;Salle de bain;SB-001;Rénovation salle de bain complète;1;17716.41;Sans réponse;2025-11-20;12;0
DEV-02400;2025-11-12;2025-11;2025-2026;CLI-0731;Particulier;Bordeaux;Karim Belkacem;Chauffage;CH-002;Entretien annuel chaudière;1;183.23;Accepté;2025-12-12;5;1
DEV-02401;2025-11-12;2025-11;2025-2026;CLI-0481;Syndic;Bordeaux;Karim Belkacem;Chauffage;CH-003;Installation pompe à chaleur air/eau;1;30105.87;Sans réponse;2025-12-06;13;1
DEV-02402;2025-11-13;2025-11;2025-2026;CLI-0280;Particulier;Bordeaux;Karim Belkacem;Plomberie;PR-003;Réfection réseau eau appartement;3;9208.82;Refusé;2025-11-29;12;1
DEV-02403;2025-11-13;2025-11;2025-2026;CLI-0471;Syndic;Toulouse;Julien Fabre;Électricité;EL-003;Rénovation électrique complète;1;20503.2;Sans réponse;2025-11-23;;0
DEV-02404;2025-11-13;2025-11;2025-2026;CLI-0423;Syndic;Bordeaux;Sophie Marchand;Chauffage;CH-001;Installation chaudière gaz condensation;1;12401.36;Refusé;2025-12-09;;0
DEV-02405;2025-11-13;2025-11;2025-2026;CLI-0488;Syndic;Toulouse;Julien Fabre;Chauffage;CH-001;Installation chaudière gaz condensation;1;11824.23;Sans réponse;2025-12-15;14;1
DEV-02406;2025-11-13;2025-11;2025-2026;CLI-0198;Syndic;Bordeaux;Karim Belkacem;Électricité;EL-003;Rénovation électrique complète;1;18103.92;Sans réponse;2025-11-22;4;1
DEV-02407;2025-11-13;2025-11;2025-2026;CLI-0799;Particulier;Montpellier;Thomas Rey;Dépannage;DP-001;Dépannage plomberie urgence;1;306.67;Accepté;2025-12-09;11;1
DEV-02408;2025-11-13;2025-11;2025-2026;CLI-0979;Particulier;Montpellier;Thomas Rey;Plomberie;PR-004;Remplacement colonne d'évacuation;1;5405.99;Refusé;2025-12-05;;0
DEV-02409;2025-11-14;2025-11;2025-2026;CLI-0501;Particulier;Bordeaux;Sophie Marchand;Chauffage;CH-005;Désembouage circuit chauffage;1;859.49;Accepté;2025-12-22;9;1
DEV-02410;2025-11-17;2025-11;2025-2026;CLI-0494;Professionnel;Bordeaux;Karim Belkacem;Salle de bain;SB-003;Pose meuble vasque + robinetterie;1;2392.09;Accepté;2025-12-01;7;1
DEV-02411;2025-11-17;2025-11;2025-2026;CLI-0800;Particulier;Bordeaux;Karim Belkacem;Électricité;EL-003;Rénovation électrique complète;1;10811.88;Accepté;2025-12-15;;0
DEV-02412;2025-11-17;2025-11;2025-2026;CLI-0375;Particulier;Bordeaux;Sophie Marchand;Dépannage;DP-001;Dépannage plomberie urgence;1;305.42;Refusé;2025-11-29;12;1
DEV-02413;2025-11-17;2025-11;2025-2026;CLI-0814;Syndic;Montpellier;Thomas Rey;Chauffage;CH-004;Remplacement radiateurs (lot de 5);1;5362.29;Sans réponse;2025-12-06;;0
DEV-02414;2025-11-18;2025-11;2025-2026;CLI-0330;Particulier;Toulouse;Julien Fabre;Dépannage;DP-003;Dépannage électrique urgence;1;330.48;Accepté;2025-11-25;13;0
DEV-02415;2025-11-18;2025-11;2025-2026;CLI-0315;Professionnel;Bordeaux;Karim Belkacem;Chauffage;CH-001;Installation chaudière gaz condensation;1;9636.01;Refusé;2025-11-24;13;0
DEV-02416;2025-11-18;2025-11;2025-2026;CLI-0644;Particulier;Bordeaux;Karim Belkacem;Salle de bain;SB-002;Remplacement baignoire par douche;1;3961.3;Sans réponse;2025-12-27;10;2
DEV-02417;2025-11-18;2025-11;2025-2026;CLI-0417;Particulier;Toulouse;Julien Fabre;Dépannage;DP-002;Débouchage canalisation;3;978.35;Accepté;2025-12-26;12;2
DEV-02418;2025-11-19;2025-11;2025-2026;CLI-0709;Professionnel;Montpellier;Thomas Rey;Plomberie;PR-002;Recherche de fuite + réparation;1;684.86;Accepté;2025-12-02;10;1
DEV-02419;2025-11-20;2025-11;2025-2026;CLI-0046;Syndic;Toulouse;Nadia Cherif;Dépannage;DP-003;Dépannage électrique urgence;1;734.52;Sans réponse;2025-12-12;;0
DEV-02420;2025-11-20;2025-11;2025-2026;CLI-0119;Particulier;Bordeaux;Karim Belkacem;Électricité;EL-003;Rénovation électrique complète;1;8801.76;Refusé;2025-12-02;;0
DEV-02421;2025-11-20;2025-11;2025-2026;CLI-0548;Collectivité;Bordeaux;Karim Belkacem;Salle de bain;SB-002;Remplacement baignoire par douche;1;9895.13;Accepté;2025-12-07;3;2
DEV-02422;2025-11-21;2025-11;2025-2026;CLI-0593;Professionnel;Toulouse;Julien Fabre;Dépannage;DP-001;Dépannage plomberie urgence;1;452.35;Refusé;2025-12-19;9;2
DEV-02423;2025-11-21;2025-11;2025-2026;CLI-0465;Particulier;Bordeaux;Karim Belkacem;Dépannage;DP-001;Dépannage plomberie urgence;1;279.88;Accepté;2025-12-21;13;2
DEV-02424;2025-11-21;2025-11;2025-2026;CLI-0077;Particulier;Bordeaux;Sophie Marchand;Chauffage;CH-001;Installation chaudière gaz condensation;1;5571.66;Refusé;2025-12-04;;0
DEV-02425;2025-11-21;2025-11;2025-2026;CLI-0979;Particulier;Montpellier;Thomas Rey;Plomberie;PR-001;Remplacement chauffe-eau 200 L;2;2877.19;Accepté;2025-12-19;11;2
DEV-02426;2025-11-24;2025-11;2025-2026;CLI-0009;Particulier;Toulouse;Julien Fabre;Dépannage;DP-004;Remise en service chaudière;1;231.88;Sans réponse;2025-12-31;5;1
DEV-02427;2025-11-24;2025-11;2025-2026;CLI-0726;Professionnel;Bordeaux;Sophie Marchand;Plomberie;PR-002;Recherche de fuite + réparation;1;727.01;Refusé;2025-12-07;10;1
DEV-02428;2025-11-24;2025-11;2025-2026;CLI-0100;Particulier;Bordeaux;Karim Belkacem;Dépannage;DP-002;Débouchage canalisation;1;408.76;Accepté;2025-12-28;4;1
DEV-02429;2025-11-24;2025-11;2025-2026;CLI-0530;Particulier;Toulouse;Nadia Cherif;Électricité;EL-004;Éclairage LED locaux professionnels;1;3690.34;Sans réponse;2025-12-28;12;1
DEV-02430;2025-11-24;2025-11;2025-2026;CLI-0551;Particulier;Montpellier;Thomas Rey;Chauffage;CH-004;Remplacement radiateurs (lot de 5);1;2365.69;Refusé;2025-12-09;10;1
DEV-02431;2025-11-24;2025-11;2025-2026;CLI-0569;Particulier;Montpellier;Thomas Rey;Dépannage;DP-004;Remise en service chaudière;1;220.0;Refusé;2025-12-07;13;1
DEV-02432;2025-11-25;2025-11;2025-2026;CLI-0023;Particulier;Toulouse;Nadia Cherif;Chauffage;CH-005;Désembouage circuit chauffage;2;1430.36;Refusé;2025-12-23;;0
DEV-02433;2025-11-25;2025-11;2025-2026;CLI-0380;Particulier;Toulouse;Julien Fabre;Électricité;EL-003;Rénovation électrique complète;1;10534.61;Sans réponse;2025-12-08;;0
DEV-02434;2025-11-25;2025-11;2025-2026;CLI-0349;Particulier;Toulouse;Nadia Cherif;Chauffage;CH-005;Désembouage circuit chauffage;1;831.95;Refusé;2025-12-19;;0
DEV-02435;2025-11-25;2025-11;2025-2026;CLI-0128;Particulier;Bordeaux;Karim Belkacem;Électricité;EL-002;Installation borne de recharge VE;1;1500.41;Sans réponse;2025-12-02;;0
DEV-02436;2025-11-25;2025-11;2025-2026;CLI-0688;Particulier;Toulouse;Nadia Cherif;Salle de bain;SB-003;Pose meuble vasque + robinetterie;1;1153.83;Accepté;2025-12-16;;0
DEV-02437;2025-11-25;2025-11;2025-2026;CLI-0780;Particulier;Montpellier;Thomas Rey;Électricité;EL-004;Éclairage LED locaux professionnels;1;3435.12;Accepté;2025-12-10;;0
DEV-02438;2025-11-26;2025-11;2025-2026;CLI-0785;Syndic;Toulouse;Julien Fabre;Chauffage;CH-002;Entretien annuel chaudière;1;354.37;Accepté;2025-12-06;10;1
DEV-02439;2025-11-26;2025-11;2025-2026;CLI-0306;Particulier;Bordeaux;Sophie Marchand;Dépannage;DP-004;Remise en service chaudière;1;234.06;Accepté;2025-12-22;10;2
DEV-02440;2025-11-26;2025-11;2025-2026;CLI-0478;Particulier;Bordeaux;Karim Belkacem;Chauffage;CH-001;Installation chaudière gaz condensation;1;4573.37;Accepté;2025-12-10;8;1
DEV-02441;2025-11-26;2025-11;2025-2026;CLI-0689;Particulier;Bordeaux;Karim Belkacem;Plomberie;PR-004;Remplacement colonne d'évacuation;1;5811.39;Accepté;2025-12-03;3;1
DEV-02442;2025-11-26;2025-11;2025-2026;CLI-0026;Particulier;Bordeaux;Karim Belkacem;Électricité;EL-002;Installation borne de recharge VE;1;1541.66;Accepté;2025-12-07;9;1
DEV-02443;2025-11-26;2025-11;2025-2026;CLI-0494;Professionnel;Bordeaux;Sophie Marchand;Salle de bain;SB-003;Pose meuble vasque + robinetterie;2;4530.4;Sans réponse;2025-12-21;;0
DEV-02444;2025-11-26;2025-11;2025-2026;CLI-0631;Professionnel;Montpellier;Thomas Rey;Dépannage;DP-004;Remise en service chaudière;1;423.59;Sans réponse;2025-12-07;9;1
DEV-02445;2025-11-27;2025-11;2025-2026;CLI-0782;Particulier;Toulouse;Nadia Cherif;Dépannage;DP-002;Débouchage canalisation;1;374.31;Accepté;2025-12-20;;0
DEV-02446;2025-11-27;2025-11;2025-2026;CLI-0259;Professionnel;Bordeaux;Sophie Marchand;Chauffage;CH-004;Remplacement radiateurs (lot de 5);2;8354.58;Accepté;2025-12-17;14;1
DEV-02447;2025-11-27;2025-11;2025-2026;CLI-0163;Particulier;Toulouse;Nadia Cherif;Plomberie;PR-001;Remplacement chauffe-eau 200 L;1;1364.73;Refusé;2025-12-12;8;1
DEV-02448;2025-11-27;2025-11;2025-2026;CLI-0988;Particulier;Montpellier;Thomas Rey;Plomberie;PR-003;Réfection réseau eau appartement;1;3616.27;Sans réponse;2025-12-02;12;0
DEV-02449;2025-11-28;2025-11;2025-2026;CLI-0182;Professionnel;Bordeaux;Sophie Marchand;Dépannage;DP-001;Dépannage plomberie urgence;1;544.05;Sans réponse;2025-12-02;9;0
DEV-02450;2025-11-28;2025-11;2025-2026;CLI-0332;Particulier;Bordeaux;Sophie Marchand;Dépannage;DP-003;Dépannage électrique urgence;1;322.01;Sans réponse;2025-12-11;10;1
DEV-02451;2025-11-28;2025-11;2025-2026;CLI-0571;Particulier;Montpellier;Thomas Rey;Chauffage;CH-005;Désembouage circuit chauffage;3;2492.51;Sans réponse;2025-12-07;12;0
DEV-02452;2025-12-01;2025-12;2025-2026;CLI-0279;Particulier;Toulouse;Nadia Cherif;Chauffage;CH-002;Entretien annuel chaudière;1;158.45;Accepté;2025-12-19;1;1
DEV-02453;2025-12-01;2025-12;2025-2026;CLI-0608;Particulier;Toulouse;Nadia Cherif;Électricité;EL-001;Mise aux normes tableau électrique;1;1653.22;Accepté;2026-01-07;13;2
DEV-02454;2025-12-01;2025-12;2025-2026;CLI-0451;Particulier;Bordeaux;Sophie Marchand;Dépannage;DP-001;Dépannage plomberie urgence;2;578.48;Sans réponse;2025-12-13;6;1
DEV-02455;2025-12-01;2025-12;2025-2026;CLI-0176;Professionnel;Toulouse;Julien Fabre;Salle de bain;SB-001;Rénovation salle de bain complète;1;15992.91;Refusé;2025-12-10;15;0
DEV-02456;2025-12-01;2025-12;2025-2026;CLI-1015;Particulier;Montpellier;Thomas Rey;Électricité;EL-001;Mise aux normes tableau électrique;1;1816.18;Sans réponse;2025-12-10;;0
DEV-02457;2025-12-01;2025-12;2025-2026;CLI-0990;Particulier;Montpellier;Thomas Rey;Plomberie;PR-002;Recherche de fuite + réparation;1;485.34;Refusé;2025-12-23;13;1
DEV-02458;2025-12-02;2025-12;2025-2026;CLI-0164;Particulier;Toulouse;Nadia Cherif;Dépannage;DP-004;Remise en service chaudière;1;227.71;Accepté;2025-12-30;;0
DEV-02459;2025-12-02;2025-12;2025-2026;CLI-0042;Particulier;Bordeaux;Karim Belkacem;Salle de bain;SB-002;Remplacement baignoire par douche;1;3827.8;Sans réponse;2025-12-11;;0
DEV-02460;2025-12-02;2025-12;2025-2026;CLI-0180;Particulier;Toulouse;Nadia Cherif;Électricité;EL-001;Mise aux normes tableau électrique;1;1759.36;Accepté;2025-12-22;4;2
DEV-02461;2025-12-02;2025-12;2025-2026;CLI-1015;Particulier;Montpellier;Thomas Rey;Plomberie;PR-003;Réfection réseau eau appartement;1;3188.22;Sans réponse;2025-12-29;17;1
DEV-02462;2025-12-02;2025-12;2025-2026;CLI-0760;Syndic;Montpellier;Thomas Rey;Plomberie;PR-004;Remplacement colonne d'évacuation;1;14262.71;Sans réponse;2025-12-14;13;0
DEV-02463;2025-12-03;2025-12;2025-2026;CLI-0280;Particulier;Bordeaux;Sophie Marchand;Salle de bain;SB-003;Pose meuble vasque + robinetterie;2;2435.3;Sans réponse;2025-12-18;12;1
DEV-02464;2025-12-03;2025-12;2025-2026;CLI-0232;Particulier;Bordeaux;Sophie Marchand;Chauffage;CH-005;Désembouage circuit chauffage;1;764.52;Refusé;2025-12-14;;0
DEV-02465;2025-12-03;2025-12;2025-2026;CLI-0049;Particulier;Bordeaux;Sophie Marchand;Plomberie;PR-002;Recherche de fuite + réparation;1;454.64;Refusé;2026-01-04;11;1
DEV-02466;2025-12-03;2025-12;2025-2026;CLI-0183;Particulier;Bordeaux;Sophie Marchand;Dépannage;DP-003;Dépannage électrique urgence;1;305.37;Refusé;2025-12-07;16;0
DEV-02467;2025-12-03;2025-12;2025-2026;CLI-0985;Particulier;Montpellier;Thomas Rey;Chauffage;CH-005;Désembouage circuit chauffage;1;824.75;Refusé;2025-12-23;;0
DEV-02468;2025-12-03;2025-12;2025-2026;CLI-0641;Professionnel;Montpellier;Thomas Rey;Chauffage;CH-002;Entretien annuel chaudière;1;239.39;Sans réponse;2025-12-08;5;1
DEV-02469;2025-12-04;2025-12;2025-2026;CLI-0269;Particulier;Toulouse;Julien Fabre;Chauffage;CH-001;Installation chaudière gaz condensation;1;5129.58;Refusé;2025-12-30;;0
DEV-02470;2025-12-04;2025-12;2025-2026;CLI-0074;Particulier;Bordeaux;Karim Belkacem;Salle de bain;SB-002;Remplacement baignoire par douche;3;10984.1;Refusé;2025-12-13;;0
DEV-02471;2025-12-04;2025-12;2025-2026;CLI-0327;Professionnel;Toulouse;Nadia Cherif;Chauffage;CH-001;Installation chaudière gaz condensation;1;8153.06;Sans réponse;2026-01-01;6;1
DEV-02472;2025-12-05;2025-12;2025-2026;CLI-0114;Particulier;Bordeaux;Karim Belkacem;Dépannage;DP-001;Dépannage plomberie urgence;1;288.11;Accepté;2025-12-11;12;0
DEV-02473;2025-12-05;2025-12;2025-2026;CLI-0594;Professionnel;Bordeaux;Sophie Marchand;Dépannage;DP-001;Dépannage plomberie urgence;1;448.02;Sans réponse;2026-01-08;4;3
DEV-02474;2025-12-05;2025-12;2025-2026;CLI-0595;Particulier;Toulouse;Nadia Cherif;Plomberie;PR-001;Remplacement chauffe-eau 200 L;1;1134.95;Refusé;2025-12-16;8;1
DEV-02475;2025-12-05;2025-12;2025-2026;CLI-0326;Particulier;Toulouse;Julien Fabre;Chauffage;CH-002;Entretien annuel chaudière;1;184.33;Accepté;2025-12-13;13;0
DEV-02476;2025-12-05;2025-12;2025-2026;CLI-0975;Particulier;Montpellier;Thomas Rey;Dépannage;DP-001;Dépannage plomberie urgence;2;498.95;Accepté;2025-12-20;;0
DEV-02477;2025-12-08;2025-12;2025-2026;CLI-0189;Professionnel;Bordeaux;Karim Belkacem;Électricité;EL-001;Mise aux normes tableau électrique;1;3350.65;Accepté;2025-12-18;7;1
DEV-02478;2025-12-08;2025-12;2025-2026;CLI-0463;Particulier;Toulouse;Nadia Cherif;Chauffage;CH-004;Remplacement radiateurs (lot de 5);1;2683.48;Sans réponse;2026-01-14;9;3
DEV-02479;2025-12-08;2025-12;2025-2026;CLI-0745;Particulier;Montpellier;Thomas Rey;Électricité;EL-004;Éclairage LED locaux professionnels;1;3320.78;Sans réponse;2025-12-28;19;1
DEV-02480;2025-12-09;2025-12;2025-2026;CLI-0395;Particulier;Bordeaux;Karim Belkacem;Électricité;EL-001;Mise aux normes tableau électrique;1;1752.55;Accepté;2026-01-02;2;2
DEV-02481;2025-12-09;2025-12;2025-2026;CLI-0225;Particulier;Toulouse;Julien Fabre;Électricité;EL-001;Mise aux normes tableau électrique;1;1913.15;Refusé;2025-12-14;15;0
DEV-02482;2025-12-09;2025-12;2025-2026;CLI-0714;Professionnel;Bordeaux;Karim Belkacem;Dépannage;DP-004;Remise en service chaudière;1;368.47;Accepté;2025-12-27;7;2
DEV-02483;2025-12-09;2025-12;2025-2026;CLI-0783;Professionnel;Bordeaux;Karim Belkacem;Salle de bain;SB-003;Pose meuble vasque + robinetterie;3;6736.05;Accepté;2025-12-17;7;1
DEV-02484;2025-12-09;2025-12;2025-2026;CLI-0328;Particulier;Bordeaux;Karim Belkacem;Dépannage;DP-004;Remise en service chaudière;1;226.6;Sans réponse;2026-01-10;11;1
DEV-02485;2025-12-09;2025-12;2025-2026;CLI-0615;Professionnel;Montpellier;Thomas Rey;Chauffage;CH-005;Désembouage circuit chauffage;1;1215.16;Accepté;2025-12-24;14;1
DEV-02486;2025-12-10;2025-12;2025-2026;CLI-0418;Particulier;Bordeaux;Sophie Marchand;Électricité;EL-002;Installation borne de recharge VE;1;1389.96;Sans réponse;2026-01-22;9;1
DEV-02487;2025-12-10;2025-12;2025-2026;CLI-0628;Syndic;Bordeaux;Sophie Marchand;Dépannage;DP-002;Débouchage canalisation;1;834.12;Sans réponse;2026-01-16;;0
DEV-02488;2025-12-10;2025-12;2025-2026;CLI-0412;Professionnel;Bordeaux;Karim Belkacem;Salle de bain;SB-002;Remplacement baignoire par douche;1;6511.25;Sans réponse;2026-01-11;;0
DEV-02489;2025-12-10;2025-12;2025-2026;CLI-0639;Particulier;Toulouse;Nadia Cherif;Chauffage;CH-004;Remplacement radiateurs (lot de 5);1;2828.06;Sans réponse;2025-12-16;12;0
DEV-02490;2025-12-11;2025-12;2025-2026;CLI-0198;Syndic;Bordeaux;Karim Belkacem;Dépannage;DP-003;Dépannage électrique urgence;1;694.84;Refusé;2025-12-22;9;1
DEV-02491;2025-12-11;2025-12;2025-2026;CLI-0718;Particulier;Toulouse;Julien Fabre;Salle de bain;SB-003;Pose meuble vasque + robinetterie;1;1107.24;Accepté;2026-01-11;14;2
DEV-02492;2025-12-11;2025-12;2025-2026;CLI-0453;Particulier;Bordeaux;Karim Belkacem;Plomberie;PR-003;Réfection réseau eau appartement;1;2910.73;Refusé;2026-01-14;;0
DEV-02493;2025-12-11;2025-12;2025-2026;CLI-0378;Particulier;Bordeaux;Karim Belkacem;Chauffage;CH-003;Installation pompe à chaleur air/eau;1;15518.89;Refusé;2025-12-30;;0
DEV-02494;2025-12-12;2025-12;2025-2026;CLI-0562;Particulier;Toulouse;Julien Fabre;Chauffage;CH-003;Installation pompe à chaleur air/eau;1;15930.24;Sans réponse;2025-12-26;14;1
DEV-02495;2025-12-12;2025-12;2025-2026;CLI-0410;Professionnel;Bordeaux;Karim Belkacem;Électricité;EL-001;Mise aux normes tableau électrique;1;2990.81;Accepté;2025-12-29;8;2
DEV-02496;2025-12-15;2025-12;2025-2026;CLI-0336;Particulier;Toulouse;Nadia Cherif;Plomberie;PR-001;Remplacement chauffe-eau 200 L;3;3445.31;Sans réponse;2026-01-12;12;2
DEV-02497;2025-12-15;2025-12;2025-2026;CLI-0473;Particulier;Toulouse;Nadia Cherif;Chauffage;CH-002;Entretien annuel chaudière;1;167.35;Accepté;2026-02-03;9;1
DEV-02498;2025-12-15;2025-12;2025-2026;CLI-0209;Particulier;Toulouse;Julien Fabre;Dépannage;DP-004;Remise en service chaudière;2;457.45;Accepté;2026-01-04;13;1
DEV-02499;2025-12-15;2025-12;2025-2026;CLI-0131;Particulier;Toulouse;Nadia Cherif;Chauffage;CH-005;Désembouage circuit chauffage;2;1400.37;Sans réponse;2026-01-01;;0
DEV-02500;2025-12-15;2025-12;2025-2026;CLI-0096;Particulier;Bordeaux;Sophie Marchand;Électricité;EL-004;Éclairage LED locaux professionnels;1;3300.26;Refusé;2025-12-30;;0
DEV-02501;2025-12-16;2025-12;2025-2026;CLI-0694;Collectivité;Bordeaux;Sophie Marchand;Dépannage;DP-002;Débouchage canalisation;1;1045.69;Sans réponse;2025-12-22;8;0
DEV-02502;2025-12-16;2025-12;2025-2026;CLI-0040;Professionnel;Bordeaux;Sophie Marchand;Électricité;EL-003;Rénovation électrique complète;1;15653.05;Sans réponse;2026-01-14;;0
DEV-02503;2025-12-16;2025-12;2025-2026;CLI-0819;Professionnel;Bordeaux;Karim Belkacem;Plomberie;PR-004;Remplacement colonne d'évacuation;1;9559.25;Sans réponse;2026-01-03;;0
DEV-02504;2025-12-16;2025-12;2025-2026;CLI-0115;Particulier;Bordeaux;Sophie Marchand;Dépannage;DP-004;Remise en service chaudière;1;260.59;Accepté;2025-12-22;15;0
DEV-02505;2025-12-16;2025-12;2025-2026;CLI-0985;Particulier;Montpellier;Thomas Rey;Chauffage;CH-002;Entretien annuel chaudière;1;164.55;Sans réponse;2026-01-01;;0
DEV-02506;2025-12-16;2025-12;2025-2026;CLI-0999;Particulier;Montpellier;Thomas Rey;Plomberie;PR-004;Remplacement colonne d'évacuation;1;5696.57;Sans réponse;2025-12-30;;0
DEV-02507;2025-12-17;2025-12;2025-2026;CLI-0634;Particulier;Bordeaux;Karim Belkacem;Plomberie;PR-002;Recherche de fuite + réparation;1;406.7;Sans réponse;2026-01-13;13;2
DEV-02508;2025-12-17;2025-12;2025-2026;CLI-0436;Particulier;Bordeaux;Karim Belkacem;Chauffage;CH-002;Entretien annuel chaudière;1;183.56;Refusé;2026-01-06;7;1
DEV-02509;2025-12-17;2025-12;2025-2026;CLI-0052;Particulier;Toulouse;Nadia Cherif;Chauffage;CH-003;Installation pompe à chaleur air/eau;1;15339.84;Sans réponse;2025-12-26;;0
DEV-02510;2025-12-18;2025-12;2025-2026;CLI-0574;Particulier;Toulouse;Nadia Cherif;Dépannage;DP-002;Débouchage canalisation;1;376.21;Accepté;2026-01-23;8;1
DEV-02511;2025-12-18;2025-12;2025-2026;CLI-0626;Professionnel;Toulouse;Julien Fabre;Électricité;EL-002;Installation borne de recharge VE;1;2605.13;Accepté;2026-01-05;10;1
DEV-02512;2025-12-19;2025-12;2025-2026;CLI-0482;Syndic;Toulouse;Nadia Cherif;Électricité;EL-002;Installation borne de recharge VE;1;3580.56;Sans réponse;2026-01-16;9;2
DEV-02513;2025-12-19;2025-12;2025-2026;CLI-0010;Particulier;Bordeaux;Karim Belkacem;Plomberie;PR-002;Recherche de fuite + réparation;1;419.19;Accepté;2026-01-11;;0
DEV-02514;2025-12-19;2025-12;2025-2026;CLI-1008;Professionnel;Montpellier;Thomas Rey;Dépannage;DP-001;Dépannage plomberie urgence;1;477.65;Refusé;2026-01-02;14;1
DEV-02515;2025-12-22;2025-12;2025-2026;CLI-0140;Syndic;Toulouse;Julien Fabre;Électricité;EL-001;Mise aux normes tableau électrique;1;3750.61;Refusé;2026-01-20;11;2
DEV-02516;2025-12-22;2025-12;2025-2026;CLI-0780;Particulier;Montpellier;Thomas Rey;Dépannage;DP-002;Débouchage canalisation;1;367.32;Refusé;2026-01-14;20;1
DEV-02517;2025-12-23;2025-12;2025-2026;CLI-0019;Particulier;Bordeaux;Sophie Marchand;Plomberie;PR-002;Recherche de fuite + réparation;1;416.2;Sans réponse;2026-01-17;14;1
DEV-02518;2025-12-23;2025-12;2025-2026;CLI-0074;Particulier;Bordeaux;Sophie Marchand;Électricité;EL-001;Mise aux normes tableau électrique;1;1657.54;Sans réponse;2026-01-13;10;1
DEV-02519;2025-12-23;2025-12;2025-2026;CLI-0211;Particulier;Bordeaux;Sophie Marchand;Chauffage;CH-003;Installation pompe à chaleur air/eau;1;12531.36;Accepté;2026-02-11;5;1
DEV-02520;2025-12-23;2025-12;2025-2026;CLI-0615;Professionnel;Montpellier;Thomas Rey;Salle de bain;SB-001;Rénovation salle de bain complète;1;15690.37;Refusé;2026-01-07;12;1
DEV-02521;2025-12-24;2025-12;2025-2026;CLI-0238;Particulier;Bordeaux;Sophie Marchand;Plomberie;PR-004;Remplacement colonne d'évacuation;1;5515.4;Sans réponse;2026-01-05;;0
DEV-02522;2025-12-24;2025-12;2025-2026;CLI-0483;Particulier;Bordeaux;Karim Belkacem;Chauffage;CH-002;Entretien annuel chaudière;2;338.27;Refusé;2026-01-27;9;1
DEV-02523;2025-12-24;2025-12;2025-2026;CLI-0660;Particulier;Toulouse;Julien Fabre;Chauffage;CH-004;Remplacement radiateurs (lot de 5);1;2514.44;Refusé;2026-01-24;6;1
DEV-02524;2025-12-24;2025-12;2025-2026;CLI-0547;Particulier;Montpellier;Thomas Rey;Chauffage;CH-004;Remplacement radiateurs (lot de 5);2;5239.27;Sans réponse;2026-01-02;16;0
DEV-02525;2025-12-24;2025-12;2025-2026;CLI-0729;Particulier;Montpellier;Thomas Rey;Dépannage;DP-003;Dépannage électrique urgence;1;345.25;Accepté;2026-01-16;12;1
DEV-02526;2025-12-25;2025-12;2025-2026;CLI-0526;Particulier;Bordeaux;Sophie Marchand;Salle de bain;SB-001;Rénovation salle de bain complète;1;8916.79;Sans réponse;2026-01-23;11;1
DEV-02527;2025-12-25;2025-12;2025-2026;CLI-0295;Particulier;Toulouse;Julien Fabre;Chauffage;CH-001;Installation chaudière gaz condensation;3;16847.26;Accepté;2026-01-18;3;1
DEV-02528;2025-12-25;2025-12;2025-2026;CLI-0072;Particulier;Bordeaux;Sophie Marchand;Salle de bain;SB-001;Rénovation salle de bain complète;1;11724.43;Accepté;2026-01-10;16;1
DEV-02529;2025-12-25;2025-12;2025-2026;CLI-0704;Particulier;Toulouse;Julien Fabre;Chauffage;CH-001;Installation chaudière gaz condensation;1;4455.74;Refusé;2026-01-02;7;1
DEV-02530;2025-12-26;2025-12;2025-2026;CLI-0380;Particulier;Toulouse;Nadia Cherif;Chauffage;CH-005;Désembouage circuit chauffage;1;781.18;Refusé;2026-01-07;;0
DEV-02531;2025-12-29;2025-12;2025-2026;CLI-0339;Particulier;Bordeaux;Sophie Marchand;Salle de bain;SB-001;Rénovation salle de bain complète;1;9503.28;Refusé;2026-01-06;10;0
DEV-02532;2025-12-29;2025-12;2025-2026;CLI-0257;Professionnel;Toulouse;Julien Fabre;Électricité;EL-001;Mise aux normes tableau électrique;1;2853.61;Refusé;2026-02-01;9;3
DEV-02533;2025-12-29;2025-12;2025-2026;CLI-0169;Professionnel;Bordeaux;Karim Belkacem;Chauffage;CH-001;Installation chaudière gaz condensation;1;8746.32;Sans réponse;2026-01-02;11;0
DEV-02534;2025-12-29;2025-12;2025-2026;CLI-0005;Particulier;Bordeaux;Karim Belkacem;Chauffage;CH-003;Installation pompe à chaleur air/eau;1;15871.08;Sans réponse;2026-01-06;1;1
DEV-02535;2025-12-29;2025-12;2025-2026;CLI-0147;Particulier;Bordeaux;Karim Belkacem;Plomberie;PR-001;Remplacement chauffe-eau 200 L;3;4295.61;Accepté;2026-01-28;7;1
DEV-02536;2025-12-29;2025-12;2025-2026;CLI-1015;Particulier;Montpellier;Thomas Rey;Dépannage;DP-002;Débouchage canalisation;1;363.47;Refusé;2026-01-22;6;1
DEV-02537;2025-12-30;2025-12;2025-2026;CLI-0687;Particulier;Bordeaux;Sophie Marchand;Chauffage;CH-002;Entretien annuel chaudière;1;145.41;Accepté;2026-01-06;10;0
DEV-02538;2025-12-30;2025-12;2025-2026;CLI-0711;Particulier;Bordeaux;Sophie Marchand;Chauffage;CH-004;Remplacement radiateurs (lot de 5);1;2452.54;Refusé;2026-01-24;;0
DEV-02539;2025-12-31;2025-12;2025-2026;CLI-0487;Professionnel;Bordeaux;Sophie Marchand;Salle de bain;SB-003;Pose meuble vasque + robinetterie;1;2416.77;Refusé;2026-01-22;;0
DEV-02540;2025-12-31;2025-12;2025-2026;CLI-0508;Particulier;Bordeaux;Karim Belkacem;Salle de bain;SB-003;Pose meuble vasque + robinetterie;1;1294.96;Accepté;2026-01-20;;0
DEV-02541;2025-12-31;2025-12;2025-2026;CLI-0061;Professionnel;Toulouse;Nadia Cherif;Chauffage;CH-002;Entretien annuel chaudière;1;276.79;Refusé;2026-01-03;;0
DEV-02542;2025-12-31;2025-12;2025-2026;CLI-0102;Particulier;Toulouse;Julien Fabre;Électricité;EL-002;Installation borne de recharge VE;1;1685.82;Sans réponse;2026-01-07;;0
DEV-02543;2025-12-31;2025-12;2025-2026;CLI-1008;Professionnel;Montpellier;Thomas Rey;Chauffage;CH-004;Remplacement radiateurs (lot de 5);1;4722.52;Refusé;2026-01-19;12;1
DEV-02544;2026-01-01;2026-01;2025-2026;CLI-0192;Particulier;Toulouse;Julien Fabre;Plomberie;PR-003;Réfection réseau eau appartement;3;8486.23;Refusé;2026-01-27;;0
DEV-02545;2026-01-01;2026-01;2025-2026;CLI-0653;Professionnel;Toulouse;Nadia Cherif;Électricité;EL-003;Rénovation électrique complète;1;17846.96;Refusé;2026-01-12;;0
DEV-02546;2026-01-01;2026-01;2025-2026;CLI-0434;Particulier;Bordeaux;Karim Belkacem;Électricité;EL-002;Installation borne de recharge VE;1;1445.53;Accepté;2026-01-18;6;1
DEV-02547;2026-01-01;2026-01;2025-2026;CLI-0747;Syndic;Bordeaux;Sophie Marchand;Salle de bain;SB-002;Remplacement baignoire par douche;1;8069.89;Refusé;2026-01-04;11;0
DEV-02548;2026-01-02;2026-01;2025-2026;CLI-0797;Collectivité;Bordeaux;Sophie Marchand;Dépannage;DP-001;Dépannage plomberie urgence;1;731.44;Sans réponse;2026-01-14;;0
DEV-02549;2026-01-02;2026-01;2025-2026;CLI-0651;Professionnel;Toulouse;Julien Fabre;Chauffage;CH-001;Installation chaudière gaz condensation;1;9690.7;Sans réponse;2026-01-27;18;1
DEV-02550;2026-01-02;2026-01;2025-2026;CLI-0020;Particulier;Bordeaux;Sophie Marchand;Dépannage;DP-003;Dépannage électrique urgence;1;370.25;Sans réponse;2026-01-30;14;1
DEV-02551;2026-01-02;2026-01;2025-2026;CLI-0799;Particulier;Montpellier;Thomas Rey;Électricité;EL-001;Mise aux normes tableau électrique;2;3694.58;Sans réponse;2026-01-25;;0
DEV-02552;2026-01-05;2026-01;2025-2026;CLI-0305;Particulier;Toulouse;Julien Fabre;Salle de bain;SB-002;Remplacement baignoire par douche;3;11292.9;Sans réponse;2026-01-23;;0
DEV-02553;2026-01-05;2026-01;2025-2026;CLI-0335;Syndic;Bordeaux;Karim Belkacem;Plomberie;PR-001;Remplacement chauffe-eau 200 L;2;4812.91;Refusé;2026-02-08;10;1
DEV-02554;2026-01-05;2026-01;2025-2026;CLI-0109;Professionnel;Toulouse;Nadia Cherif;Salle de bain;SB-003;Pose meuble vasque + robinetterie;1;1886.76;Refusé;2026-01-26;;0
DEV-02555;2026-01-05;2026-01;2025-2026;CLI-0354;Particulier;Bordeaux;Karim Belkacem;Chauffage;CH-004;Remplacement radiateurs (lot de 5);1;2561.42;Sans réponse;2026-02-10;;0
DEV-02556;2026-01-05;2026-01;2025-2026;CLI-0780;Particulier;Montpellier;Thomas Rey;Chauffage;CH-001;Installation chaudière gaz condensation;1;5336.22;Refusé;2026-02-07;15;1
DEV-02557;2026-01-06;2026-01;2025-2026;CLI-0616;Particulier;Bordeaux;Karim Belkacem;Plomberie;PR-001;Remplacement chauffe-eau 200 L;1;1296.89;Refusé;2026-02-14;8;3
DEV-02558;2026-01-06;2026-01;2025-2026;CLI-0040;Professionnel;Bordeaux;Karim Belkacem;Salle de bain;SB-002;Remplacement baignoire par douche;1;7256.88;Accepté;2026-01-12;;0
DEV-02559;2026-01-06;2026-01;2025-2026;CLI-0301;Particulier;Toulouse;Julien Fabre;Plomberie;PR-004;Remplacement colonne d'évacuation;3;18626.56;Sans réponse;2026-02-09;7;2
DEV-02560;2026-01-06;2026-01;2025-2026;CLI-0524;Collectivité;Bordeaux;Karim Belkacem;Électricité;EL-004;Éclairage LED locaux professionnels;1;9670.75;Accepté;2026-01-20;;0
DEV-02561;2026-01-06;2026-01;2025-2026;CLI-0069;Professionnel;Toulouse;Nadia Cherif;Chauffage;CH-001;Installation chaudière gaz condensation;1;7755.34;Refusé;2026-02-05;4;3
DEV-02562;2026-01-06;2026-01;2025-2026;CLI-0005;Particulier;Bordeaux;Sophie Marchand;Chauffage;CH-003;Installation pompe à chaleur air/eau;1;14709.9;Sans réponse;2026-01-23;;0
DEV-02563;2026-01-06;2026-01;2025-2026;CLI-0760;Syndic;Montpellier;Thomas Rey;Électricité;EL-004;Éclairage LED locaux professionnels;1;7908.55;Sans réponse;2026-02-05;11;1
DEV-02564;2026-01-07;2026-01;2025-2026;CLI-0130;Particulier;Toulouse;Julien Fabre;Dépannage;DP-004;Remise en service chaudière;1;252.21;Accepté;2026-02-01;7;2
DEV-02565;2026-01-07;2026-01;2025-2026;CLI-0777;Particulier;Bordeaux;Sophie Marchand;Salle de bain;SB-003;Pose meuble vasque + robinetterie;1;1355.94;Sans réponse;2026-01-15;20;0
DEV-02566;2026-01-07;2026-01;2025-2026;CLI-1016;Particulier;Montpellier;Thomas Rey;Plomberie;PR-002;Recherche de fuite + réparation;1;442.59;Refusé;2026-01-15;12;0
DEV-02567;2026-01-08;2026-01;2025-2026;CLI-0806;Professionnel;Toulouse;Julien Fabre;Chauffage;CH-005;Désembouage circuit chauffage;1;1197.24;Sans réponse;2026-01-24;;0
DEV-02568;2026-01-08;2026-01;2025-2026;CLI-1001;Syndic;Montpellier;Thomas Rey;Dépannage;DP-001;Dépannage plomberie urgence;1;682.62;Refusé;2026-02-05;9;1
DEV-02569;2026-01-08;2026-01;2025-2026;CLI-0597;Particulier;Montpellier;Thomas Rey;Électricité;EL-004;Éclairage LED locaux professionnels;1;3434.66;Accepté;2026-01-27;12;1
DEV-02570;2026-01-09;2026-01;2025-2026;CLI-0323;Particulier;Bordeaux;Karim Belkacem;Chauffage;CH-001;Installation chaudière gaz condensation;2;10704.63;Accepté;2026-01-16;8;0
DEV-02571;2026-01-09;2026-01;2025-2026;CLI-0272;Professionnel;Toulouse;Nadia Cherif;Salle de bain;SB-001;Rénovation salle de bain complète;1;19749.09;Refusé;2026-01-15;5;1
DEV-02572;2026-01-09;2026-01;2025-2026;CLI-0412;Professionnel;Bordeaux;Sophie Marchand;Plomberie;PR-004;Remplacement colonne d'évacuation;1;9927.64;Refusé;2026-01-30;14;1
DEV-02573;2026-01-09;2026-01;2025-2026;CLI-0505;Syndic;Bordeaux;Karim Belkacem;Dépannage;DP-002;Débouchage canalisation;1;891.71;Sans réponse;2026-01-28;7;1
DEV-02574;2026-01-09;2026-01;2025-2026;CLI-0551;Particulier;Montpellier;Thomas Rey;Plomberie;PR-004;Remplacement colonne d'évacuation;1;5181.34;Refusé;2026-02-07;;0
DEV-02575;2026-01-09;2026-01;2025-2026;CLI-0984;Professionnel;Montpellier;Thomas Rey;Salle de bain;SB-003;Pose meuble vasque + robinetterie;1;1986.88;Sans réponse;2026-02-07;11;1
DEV-02576;2026-01-12;2026-01;2025-2026;CLI-0255;Particulier;Bordeaux;Sophie Marchand;Plomberie;PR-003;Réfection réseau eau appartement;1;3353.76;Refusé;2026-02-22;8;1
DEV-02577;2026-01-12;2026-01;2025-2026;CLI-0137;Particulier;Bordeaux;Karim Belkacem;Chauffage;CH-005;Désembouage circuit chauffage;3;2587.55;Refusé;2026-01-26;;0
DEV-02578;2026-01-12;2026-01;2025-2026;CLI-0714;Professionnel;Bordeaux;Sophie Marchand;Dépannage;DP-003;Dépannage électrique urgence;1;618.73;Accepté;2026-01-29;14;1
DEV-02579;2026-01-12;2026-01;2025-2026;CLI-0692;Professionnel;Toulouse;Nadia Cherif;Salle de bain;SB-001;Rénovation salle de bain complète;1;15723.31;Refusé;2026-02-05;;0
DEV-02580;2026-01-12;2026-01;2025-2026;CLI-1001;Syndic;Montpellier;Thomas Rey;Plomberie;PR-001;Remplacement chauffe-eau 200 L;1;2964.44;Sans réponse;2026-01-19;;0
DEV-02581;2026-01-13;2026-01;2025-2026;CLI-0469;Professionnel;Toulouse;Nadia Cherif;Électricité;EL-001;Mise aux normes tableau électrique;1;3195.36;Refusé;2026-01-25;;0
DEV-02582;2026-01-13;2026-01;2025-2026;CLI-0805;Professionnel;Bordeaux;Karim Belkacem;Dépannage;DP-004;Remise en service chaudière;1;460.47;Sans réponse;2026-01-22;;0
DEV-02583;2026-01-13;2026-01;2025-2026;CLI-0443;Collectivité;Bordeaux;Sophie Marchand;Plomberie;PR-003;Réfection réseau eau appartement;2;13748.56;Sans réponse;2026-02-13;;0
DEV-02584;2026-01-13;2026-01;2025-2026;CLI-0496;Professionnel;Toulouse;Julien Fabre;Dépannage;DP-002;Débouchage canalisation;1;680.32;Refusé;2026-01-26;7;1
DEV-02585;2026-01-13;2026-01;2025-2026;CLI-1002;Particulier;Montpellier;Thomas Rey;Dépannage;DP-003;Dépannage électrique urgence;1;330.94;Sans réponse;2026-02-14;;0
DEV-02586;2026-01-14;2026-01;2025-2026;CLI-0237;Particulier;Toulouse;Julien Fabre;Chauffage;CH-002;Entretien annuel chaudière;1;143.04;Sans réponse;2026-01-20;10;0
DEV-02587;2026-01-14;2026-01;2025-2026;CLI-0695;Particulier;Bordeaux;Karim Belkacem;Électricité;EL-003;Rénovation électrique complète;1;9133.74;Accepté;2026-02-26;9;2
DEV-02588;2026-01-14;2026-01;2025-2026;CLI-0038;Particulier;Bordeaux;Sophie Marchand;Dépannage;DP-003;Dépannage électrique urgence;2;653.8;Sans réponse;2026-01-26;10;1
DEV-02589;2026-01-14;2026-01;2025-2026;CLI-0162;Particulier;Bordeaux;Sophie Marchand;Plomberie;PR-001;Remplacement chauffe-eau 200 L;1;1442.09;Sans réponse;2026-02-12;4;1
DEV-02590;2026-01-14;2026-01;2025-2026;CLI-0474;Professionnel;Toulouse;Nadia Cherif;Électricité;EL-004;Éclairage LED locaux professionnels;1;6775.72;Sans réponse;2026-02-18;;0
DEV-02591;2026-01-14;2026-01;2025-2026;CLI-0558;Particulier;Montpellier;Thomas Rey;Électricité;EL-002;Installation borne de recharge VE;1;1647.82;Sans réponse;2026-02-11;6;2
DEV-02592;2026-01-15;2026-01;2025-2026;CLI-0266;Particulier;Toulouse;Nadia Cherif;Dépannage;DP-004;Remise en service chaudière;1;232.78;Accepté;2026-02-20;8;1
DEV-02593;2026-01-15;2026-01;2025-2026;CLI-0305;Particulier;Toulouse;Julien Fabre;Dépannage;DP-003;Dépannage électrique urgence;2;666.54;Accepté;2026-02-05;;0
DEV-02594;2026-01-16;2026-01;2025-2026;CLI-0274;Particulier;Bordeaux;Karim Belkacem;Dépannage;DP-004;Remise en service chaudière;1;257.92;Accepté;2026-01-28;6;1
DEV-02595;2026-01-16;2026-01;2025-2026;CLI-0486;Particulier;Bordeaux;Karim Belkacem;Électricité;EL-003;Rénovation électrique complète;1;9144.7;Sans réponse;2026-01-19;10;0
DEV-02596;2026-01-16;2026-01;2025-2026;CLI-0416;Particulier;Bordeaux;Karim Belkacem;Plomberie;PR-001;Remplacement chauffe-eau 200 L;1;1273.57;Sans réponse;2026-02-13;1;1
DEV-02597;2026-01-16;2026-01;2025-2026;CLI-1009;Particulier;Montpellier;Thomas Rey;Plomberie;PR-003;Réfection réseau eau appartement;1;3374.04;Sans réponse;2026-02-02;16;1
DEV-02598;2026-01-19;2026-01;2025-2026;CLI-0629;Collectivité;Bordeaux;Karim Belkacem;Chauffage;CH-003;Installation pompe à chaleur air/eau;1;32864.37;Sans réponse;2026-02-09;;0
DEV-02599;2026-01-19;2026-01;2025-2026;CLI-0604;Syndic;Bordeaux;Sophie Marchand;Chauffage;CH-005;Désembouage circuit chauffage;1;1799.97;Sans réponse;2026-02-16;;0
DEV-02600;2026-01-19;2026-01;2025-2026;CLI-0406;Particulier;Toulouse;Julien Fabre;Chauffage;CH-005;Désembouage circuit chauffage;2;1647.18;Sans réponse;2026-02-12;;0
DEV-02601;2026-01-19;2026-01;2025-2026;CLI-0217;Particulier;Bordeaux;Karim Belkacem;Dépannage;DP-002;Débouchage canalisation;1;327.87;Accepté;2026-01-29;;0
DEV-02602;2026-01-19;2026-01;2025-2026;CLI-0623;Syndic;Montpellier;Thomas Rey;Chauffage;CH-004;Remplacement radiateurs (lot de 5);1;5418.95;Sans réponse;2026-02-02;;0
DEV-02603;2026-01-19;2026-01;2025-2026;CLI-0795;Particulier;Montpellier;Thomas Rey;Salle de bain;SB-001;Rénovation salle de bain complète;1;10927.89;Sans réponse;2026-02-04;10;1
DEV-02604;2026-01-20;2026-01;2025-2026;CLI-0806;Professionnel;Toulouse;Julien Fabre;Plomberie;PR-002;Recherche de fuite + réparation;3;2158.74;Refusé;2026-02-15;11;2
DEV-02605;2026-01-20;2026-01;2025-2026;CLI-0398;Syndic;Toulouse;Nadia Cherif;Dépannage;DP-002;Débouchage canalisation;1;790.33;Sans réponse;2026-01-30;9;1
DEV-02606;2026-01-20;2026-01;2025-2026;CLI-0756;Particulier;Toulouse;Nadia Cherif;Dépannage;DP-003;Dépannage électrique urgence;1;300.74;Refusé;2026-01-28;9;0
DEV-02607;2026-01-20;2026-01;2025-2026;CLI-0587;Syndic;Toulouse;Julien Fabre;Salle de bain;SB-002;Remplacement baignoire par douche;1;7135.08;Refusé;2026-02-09;;0
DEV-02608;2026-01-20;2026-01;2025-2026;CLI-0435;Particulier;Toulouse;Julien Fabre;Chauffage;CH-003;Installation pompe à chaleur air/eau;1;14827.83;Refusé;2026-02-19;;0
DEV-02609;2026-01-20;2026-01;2025-2026;CLI-0987;Collectivité;Montpellier;Thomas Rey;Chauffage;CH-003;Installation pompe à chaleur air/eau;1;35364.97;Refusé;2026-02-19;13;1
DEV-02610;2026-01-20;2026-01;2025-2026;CLI-1017;Particulier;Montpellier;Thomas Rey;Électricité;EL-003;Rénovation électrique complète;1;8771.43;Sans réponse;2026-03-04;18;2
DEV-02611;2026-01-21;2026-01;2025-2026;CLI-0616;Particulier;Bordeaux;Sophie Marchand;Dépannage;DP-001;Dépannage plomberie urgence;1;273.34;Sans réponse;2026-02-07;7;1
DEV-02612;2026-01-21;2026-01;2025-2026;CLI-0683;Particulier;Bordeaux;Sophie Marchand;Plomberie;PR-002;Recherche de fuite + réparation;1;538.5;Sans réponse;2026-01-24;9;0
DEV-02613;2026-01-21;2026-01;2025-2026;CLI-0041;Particulier;Toulouse;Julien Fabre;Électricité;EL-004;Éclairage LED locaux professionnels;1;3310.07;Refusé;2026-02-23;;0
DEV-02614;2026-01-22;2026-01;2025-2026;CLI-0759;Particulier;Bordeaux;Sophie Marchand;Chauffage;CH-004;Remplacement radiateurs (lot de 5);1;2483.68;Accepté;2026-03-04;5;2
DEV-02615;2026-01-22;2026-01;2025-2026;CLI-0759;Particulier;Bordeaux;Sophie Marchand;Électricité;EL-004;Éclairage LED locaux professionnels;1;3647.17;Accepté;2026-02-11;;0
DEV-02616;2026-01-23;2026-01;2025-2026;CLI-0080;Particulier;Bordeaux;Sophie Marchand;Dépannage;DP-001;Dépannage plomberie urgence;1;327.49;Accepté;2026-02-07;5;2
DEV-02617;2026-01-23;2026-01;2025-2026;CLI-0537;Particulier;Toulouse;Julien Fabre;Électricité;EL-004;Éclairage LED locaux professionnels;1;3996.23;Sans réponse;2026-02-08;6;2
DEV-02618;2026-01-23;2026-01;2025-2026;CLI-0484;Particulier;Bordeaux;Sophie Marchand;Salle de bain;SB-003;Pose meuble vasque + robinetterie;1;1137.29;Accepté;2026-02-05;;0
DEV-02619;2026-01-23;2026-01;2025-2026;CLI-0106;Particulier;Toulouse;Julien Fabre;Électricité;EL-003;Rénovation électrique complète;1;9899.73;Accepté;2026-01-28;6;0
DEV-02620;2026-01-26;2026-01;2025-2026;CLI-0408;Particulier;Bordeaux;Sophie Marchand;Chauffage;CH-005;Désembouage circuit chauffage;1;865.19;Sans réponse;2026-02-16;;0
DEV-02621;2026-01-26;2026-01;2025-2026;CLI-0033;Syndic;Bordeaux;Karim Belkacem;Chauffage;CH-002;Entretien annuel chaudière;1;352.27;Sans réponse;2026-02-15;2;2
DEV-02622;2026-01-27;2026-01;2025-2026;CLI-0375;Particulier;Bordeaux;Karim Belkacem;Plomberie;PR-002;Recherche de fuite + réparation;1;483.36;Sans réponse;2026-02-26;7;2
DEV-02623;2026-01-27;2026-01;2025-2026;CLI-0754;Professionnel;Bordeaux;Sophie Marchand;Plomberie;PR-004;Remplacement colonne d'évacuation;1;11578.94;Refusé;2026-02-25;8;1
DEV-02624;2026-01-27;2026-01;2025-2026;CLI-0664;Particulier;Toulouse;Julien Fabre;Dépannage;DP-004;Remise en service chaudière;2;458.07;Accepté;2026-02-15;10;2
DEV-02625;2026-01-27;2026-01;2025-2026;CLI-0118;Particulier;Toulouse;Julien Fabre;Chauffage;CH-004;Remplacement radiateurs (lot de 5);1;2714.87;Sans réponse;2026-02-12;;0
DEV-02626;2026-01-27;2026-01;2025-2026;CLI-0581;Particulier;Montpellier;Thomas Rey;Électricité;EL-002;Installation borne de recharge VE;1;1663.52;Refusé;2026-02-24;;0
DEV-02627;2026-01-28;2026-01;2025-2026;CLI-0657;Syndic;Bordeaux;Sophie Marchand;Chauffage;CH-002;Entretien annuel chaudière;1;306.54;Refusé;2026-02-27;;0
DEV-02628;2026-01-28;2026-01;2025-2026;CLI-0541;Professionnel;Toulouse;Julien Fabre;Salle de bain;SB-002;Remplacement baignoire par douche;1;5640.32;Refusé;2026-02-01;13;0
DEV-02629;2026-01-28;2026-01;2025-2026;CLI-0308;Particulier;Bordeaux;Sophie Marchand;Électricité;EL-002;Installation borne de recharge VE;1;1597.68;Refusé;2026-02-14;;0
DEV-02630;2026-01-28;2026-01;2025-2026;CLI-0984;Professionnel;Montpellier;Thomas Rey;Dépannage;DP-002;Débouchage canalisation;2;1401.49;Sans réponse;2026-02-22;;0
DEV-02631;2026-01-29;2026-01;2025-2026;CLI-0325;Particulier;Toulouse;Nadia Cherif;Chauffage;CH-001;Installation chaudière gaz condensation;1;5719.55;Accepté;2026-02-28;18;1
DEV-02632;2026-01-29;2026-01;2025-2026;CLI-0718;Particulier;Toulouse;Nadia Cherif;Plomberie;PR-002;Recherche de fuite + réparation;3;1267.26;Sans réponse;2026-02-24;11;2
DEV-02633;2026-01-30;2026-01;2025-2026;CLI-0262;Particulier;Toulouse;Julien Fabre;Salle de bain;SB-001;Rénovation salle de bain complète;1;9834.23;Refusé;2026-03-07;;0
DEV-02634;2026-01-30;2026-01;2025-2026;CLI-0728;Particulier;Bordeaux;Karim Belkacem;Chauffage;CH-001;Installation chaudière gaz condensation;1;4890.67;Sans réponse;2026-02-25;3;2
DEV-02635;2026-01-30;2026-01;2025-2026;CLI-0505;Syndic;Bordeaux;Sophie Marchand;Plomberie;PR-003;Réfection réseau eau appartement;1;6190.59;Refusé;2026-03-06;11;2
DEV-02636;2026-01-30;2026-01;2025-2026;CLI-0367;Particulier;Toulouse;Julien Fabre;Dépannage;DP-002;Débouchage canalisation;1;366.61;Sans réponse;2026-02-16;17;1
DEV-02637;2026-01-30;2026-01;2025-2026;CLI-0558;Particulier;Montpellier;Thomas Rey;Plomberie;PR-001;Remplacement chauffe-eau 200 L;2;2387.14;Refusé;2026-02-07;;0
DEV-02638;2026-02-02;2026-02;2025-2026;CLI-0166;Particulier;Bordeaux;Karim Belkacem;Salle de bain;SB-002;Remplacement baignoire par douche;1;3757.82;Refusé;2026-02-17;;0
DEV-02639;2026-02-02;2026-02;2025-2026;CLI-0664;Particulier;Toulouse;Julien Fabre;Dépannage;DP-002;Débouchage canalisation;1;432.4;Accepté;2026-02-23;8;1
DEV-02640;2026-02-02;2026-02;2025-2026;CLI-0065;Particulier;Bordeaux;Sophie Marchand;Dépannage;DP-001;Dépannage plomberie urgence;1;314.03;Sans réponse;2026-02-15;5;1
DEV-02641;2026-02-02;2026-02;2025-2026;CLI-0498;Particulier;Toulouse;Nadia Cherif;Salle de bain;SB-001;Rénovation salle de bain complète;1;10634.95;Accepté;2026-02-14;3;2
DEV-02642;2026-02-02;2026-02;2025-2026;CLI-0261;Particulier;Toulouse;Nadia Cherif;Plomberie;PR-004;Remplacement colonne d'évacuation;1;5654.12;Sans réponse;2026-03-08;;0
DEV-02643;2026-02-02;2026-02;2025-2026;CLI-0031;Professionnel;Bordeaux;Sophie Marchand;Chauffage;CH-001;Installation chaudière gaz condensation;3;26301.92;Sans réponse;2026-02-15;;0
DEV-02644;2026-02-03;2026-02;2025-2026;CLI-0770;Professionnel;Toulouse;Nadia Cherif;Électricité;EL-004;Éclairage LED locaux professionnels;1;5986.91;Refusé;2026-02-11;;0
DEV-02645;2026-02-03;2026-02;2025-2026;CLI-0073;Professionnel;Toulouse;Julien Fabre;Électricité;EL-004;Éclairage LED locaux professionnels;1;6417.85;Accepté;2026-03-09;3;1
DEV-02646;2026-02-03;2026-02;2025-2026;CLI-0256;Particulier;Bordeaux;Sophie Marchand;Électricité;EL-003;Rénovation électrique complète;1;10046.17;Accepté;2026-02-21;9;1
DEV-02647;2026-02-03;2026-02;2025-2026;CLI-0539;Particulier;Toulouse;Julien Fabre;Salle de bain;SB-001;Rénovation salle de bain complète;1;10371.7;Refusé;2026-02-15;14;0
DEV-02648;2026-02-03;2026-02;2025-2026;CLI-0164;Particulier;Toulouse;Julien Fabre;Salle de bain;SB-002;Remplacement baignoire par douche;1;4242.19;Refusé;2026-02-27;;0
DEV-02649;2026-02-04;2026-02;2025-2026;CLI-0198;Syndic;Bordeaux;Karim Belkacem;Chauffage;CH-004;Remplacement radiateurs (lot de 5);1;6338.68;Refusé;2026-02-15;2;1
DEV-02650;2026-02-04;2026-02;2025-2026;CLI-0528;Particulier;Bordeaux;Sophie Marchand;Plomberie;PR-004;Remplacement colonne d'évacuation;1;5449.01;Accepté;2026-02-07;2;1
DEV-02651;2026-02-04;2026-02;2025-2026;CLI-0340;Particulier;Bordeaux;Sophie Marchand;Électricité;EL-003;Rénovation électrique complète;1;10104.97;Refusé;2026-02-26;;0
DEV-02652;2026-02-04;2026-02;2025-2026;CLI-0615;Professionnel;Montpellier;Thomas Rey;Chauffage;CH-003;Installation pompe à chaleur air/eau;1;23194.81;Sans réponse;2026-02-23;;0
DEV-02653;2026-02-05;2026-02;2025-2026;CLI-0230;Professionnel;Bordeaux;Sophie Marchand;Chauffage;CH-001;Installation chaudière gaz condensation;3;28006.66;Sans réponse;2026-02-24;8;2
DEV-02654;2026-02-05;2026-02;2025-2026;CLI-0499;Professionnel;Bordeaux;Sophie Marchand;Dépannage;DP-002;Débouchage canalisation;1;577.66;Refusé;2026-02-10;16;0
DEV-02655;2026-02-05;2026-02;2025-2026;CLI-0136;Particulier;Toulouse;Nadia Cherif;Chauffage;CH-004;Remplacement radiateurs (lot de 5);1;2684.43;Sans réponse;2026-02-17;10;1
DEV-02656;2026-02-06;2026-02;2025-2026;CLI-0180;Particulier;Toulouse;Nadia Cherif;Salle de bain;SB-003;Pose meuble vasque + robinetterie;1;1436.98;Sans réponse;2026-03-10;;0
DEV-02657;2026-02-06;2026-02;2025-2026;CLI-0548;Collectivité;Bordeaux;Sophie Marchand;Salle de bain;SB-001;Rénovation salle de bain complète;1;25321.02;Accepté;2026-02-28;12;1
DEV-02658;2026-02-06;2026-02;2025-2026;CLI-0442;Particulier;Toulouse;Nadia Cherif;Plomberie;PR-003;Réfection réseau eau appartement;1;3384.83;Accepté;2026-03-13;;0
DEV-02659;2026-02-09;2026-02;2025-2026;CLI-0635;Professionnel;Toulouse;Nadia Cherif;Plomberie;PR-004;Remplacement colonne d'évacuation;2;22423.21;Sans réponse;2026-03-29;;0
DEV-02660;2026-02-09;2026-02;2025-2026;CLI-0598;Particulier;Toulouse;Julien Fabre;Salle de bain;SB-001;Rénovation salle de bain complète;1;9691.22;Sans réponse;2026-03-04;7;1
DEV-02661;2026-02-09;2026-02;2025-2026;CLI-0257;Professionnel;Toulouse;Nadia Cherif;Électricité;EL-002;Installation borne de recharge VE;1;2486.63;Accepté;2026-03-06;4;1
DEV-02662;2026-02-09;2026-02;2025-2026;CLI-0763;Syndic;Bordeaux;Sophie Marchand;Salle de bain;SB-001;Rénovation salle de bain complète;1;20998.73;Refusé;2026-02-24;6;1
DEV-02663;2026-02-09;2026-02;2025-2026;CLI-0506;Professionnel;Bordeaux;Karim Belkacem;Salle de bain;SB-003;Pose meuble vasque + robinetterie;1;1882.71;Accepté;2026-02-25;;0
DEV-02664;2026-02-10;2026-02;2025-2026;CLI-0516;Particulier;Bordeaux;Karim Belkacem;Dépannage;DP-001;Dépannage plomberie urgence;1;252.71;Accepté;2026-03-10;4;2
DEV-02665;2026-02-10;2026-02;2025-2026;CLI-0398;Syndic;Toulouse;Julien Fabre;Électricité;EL-003;Rénovation électrique complète;1;19967.81;Sans réponse;2026-02-23;;0
DEV-02666;2026-02-10;2026-02;2025-2026;CLI-0283;Particulier;Bordeaux;Karim Belkacem;Chauffage;CH-004;Remplacement radiateurs (lot de 5);1;2756.03;Accepté;2026-02-24;16;0
DEV-02667;2026-02-10;2026-02;2025-2026;CLI-0794;Particulier;Montpellier;Thomas Rey;Chauffage;CH-004;Remplacement radiateurs (lot de 5);2;6063.66;Refusé;2026-02-24;16;0
DEV-02668;2026-02-11;2026-02;2025-2026;CLI-0013;Professionnel;Toulouse;Julien Fabre;Électricité;EL-004;Éclairage LED locaux professionnels;1;6023.21;Sans réponse;2026-02-20;14;0
DEV-02669;2026-02-11;2026-02;2025-2026;CLI-0179;Professionnel;Bordeaux;Sophie Marchand;Chauffage;CH-001;Installation chaudière gaz condensation;2;19585.31;Sans réponse;2026-03-15;;0
DEV-02670;2026-02-12;2026-02;2025-2026;CLI-0240;Syndic;Bordeaux;Sophie Marchand;Chauffage;CH-004;Remplacement radiateurs (lot de 5);1;5150.1;Sans réponse;2026-03-09;;0
DEV-02671;2026-02-12;2026-02;2025-2026;CLI-0751;Particulier;Bordeaux;Sophie Marchand;Chauffage;CH-004;Remplacement radiateurs (lot de 5);1;2978.79;Refusé;2026-03-16;5;1
DEV-02672;2026-02-12;2026-02;2025-2026;CLI-0094;Professionnel;Toulouse;Julien Fabre;Dépannage;DP-001;Dépannage plomberie urgence;1;435.54;Accepté;2026-03-14;15;2
DEV-02673;2026-02-13;2026-02;2025-2026;CLI-0456;Professionnel;Bordeaux;Karim Belkacem;Électricité;EL-001;Mise aux normes tableau électrique;1;3169.16;Accepté;2026-03-14;2;3
DEV-02674;2026-02-13;2026-02;2025-2026;CLI-0413;Particulier;Bordeaux;Sophie Marchand;Plomberie;PR-004;Remplacement colonne d'évacuation;1;6429.59;Refusé;2026-02-27;10;1
DEV-02675;2026-02-13;2026-02;2025-2026;CLI-0157;Particulier;Bordeaux;Karim Belkacem;Chauffage;CH-004;Remplacement radiateurs (lot de 5);1;2628.78;Sans réponse;2026-03-06;;0
DEV-02676;2026-02-16;2026-02;2025-2026;CLI-0279;Particulier;Toulouse;Julien Fabre;Salle de bain;SB-002;Remplacement baignoire par douche;1;4317.0;Accepté;2026-03-02;7;2
DEV-02677;2026-02-16;2026-02;2025-2026;CLI-0517;Particulier;Toulouse;Julien Fabre;Salle de bain;SB-001;Rénovation salle de bain complète;1;10734.09;Sans réponse;2026-03-22;;0
DEV-02678;2026-02-16;2026-02;2025-2026;CLI-0425;Professionnel;Toulouse;Julien Fabre;Chauffage;CH-003;Installation pompe à chaleur air/eau;1;23471.1;Refusé;2026-03-15;16;2
DEV-02679;2026-02-17;2026-02;2025-2026;CLI-0196;Particulier;Bordeaux;Sophie Marchand;Chauffage;CH-002;Entretien annuel chaudière;1;163.67;Sans réponse;2026-03-15;;0
DEV-02680;2026-02-17;2026-02;2025-2026;CLI-0218;Syndic;Bordeaux;Sophie Marchand;Chauffage;CH-005;Désembouage circuit chauffage;1;1604.84;Sans réponse;2026-03-06;17;1
DEV-02681;2026-02-17;2026-02;2025-2026;CLI-0312;Professionnel;Toulouse;Julien Fabre;Salle de bain;SB-003;Pose meuble vasque + robinetterie;2;4031.3;Sans réponse;2026-02-22;10;0
DEV-02682;2026-02-17;2026-02;2025-2026;CLI-0161;Particulier;Bordeaux;Sophie Marchand;Chauffage;CH-004;Remplacement radiateurs (lot de 5);1;2959.79;Sans réponse;2026-03-12;3;3
DEV-02683;2026-02-17;2026-02;2025-2026;CLI-0261;Particulier;Toulouse;Nadia Cherif;Salle de bain;SB-003;Pose meuble vasque + robinetterie;1;1293.97;Sans réponse;2026-03-11;;0
DEV-02684;2026-02-17;2026-02;2025-2026;CLI-0836;Collectivité;Montpellier;Thomas Rey;Chauffage;CH-005;Désembouage circuit chauffage;3;5600.54;Refusé;2026-03-22;4;1
DEV-02685;2026-02-18;2026-02;2025-2026;CLI-0698;Professionnel;Bordeaux;Karim Belkacem;Plomberie;PR-003;Réfection réseau eau appartement;1;4987.4;Sans réponse;2026-03-23;;0
DEV-02686;2026-02-18;2026-02;2025-2026;CLI-0159;Syndic;Bordeaux;Sophie Marchand;Salle de bain;SB-002;Remplacement baignoire par douche;1;9133.04;Sans réponse;2026-03-08;12;2
DEV-02687;2026-02-18;2026-02;2025-2026;CLI-0437;Syndic;Bordeaux;Karim Belkacem;Plomberie;PR-003;Réfection réseau eau appartement;1;6650.47;Refusé;2026-03-01;;0
DEV-02688;2026-02-18;2026-02;2025-2026;CLI-0826;Particulier;Bordeaux;Karim Belkacem;Chauffage;CH-002;Entretien annuel chaudière;1;154.9;Accepté;2026-03-05;;0
DEV-02689;2026-02-18;2026-02;2025-2026;CLI-0855;Particulier;Montpellier;Thomas Rey;Plomberie;PR-001;Remplacement chauffe-eau 200 L;1;1388.67;Accepté;2026-04-11;;0
DEV-02690;2026-02-19;2026-02;2025-2026;CLI-0352;Professionnel;Bordeaux;Sophie Marchand;Salle de bain;SB-003;Pose meuble vasque + robinetterie;1;2504.77;Sans réponse;2026-02-23;20;0
DEV-02691;2026-02-19;2026-02;2025-2026;CLI-0782;Particulier;Toulouse;Nadia Cherif;Chauffage;CH-004;Remplacement radiateurs (lot de 5);1;2698.56;Refusé;2026-03-18;14;2
DEV-02692;2026-02-19;2026-02;2025-2026;CLI-0445;Professionnel;Bordeaux;Karim Belkacem;Plomberie;PR-003;Réfection réseau eau appartement;1;6206.32;Accepté;2026-03-15;;0
DEV-02693;2026-02-19;2026-02;2025-2026;CLI-0022;Particulier;Bordeaux;Sophie Marchand;Chauffage;CH-004;Remplacement radiateurs (lot de 5);1;2434.34;Sans réponse;2026-03-23;17;2
DEV-02694;2026-02-19;2026-02;2025-2026;CLI-0638;Particulier;Montpellier;Thomas Rey;Électricité;EL-004;Éclairage LED locaux professionnels;1;3780.37;Accepté;2026-03-18;;0
DEV-02695;2026-02-20;2026-02;2025-2026;CLI-0650;Particulier;Toulouse;Nadia Cherif;Dépannage;DP-001;Dépannage plomberie urgence;3;956.92;Sans réponse;2026-03-24;;0
DEV-02696;2026-02-20;2026-02;2025-2026;CLI-0070;Particulier;Toulouse;Julien Fabre;Salle de bain;SB-003;Pose meuble vasque + robinetterie;1;1362.24;Refusé;2026-04-04;13;2
DEV-02697;2026-02-20;2026-02;2025-2026;CLI-0349;Particulier;Toulouse;Julien Fabre;Salle de bain;SB-003;Pose meuble vasque + robinetterie;1;1110.53;Sans réponse;2026-03-04;6;1
DEV-02698;2026-02-20;2026-02;2025-2026;CLI-1011;Particulier;Montpellier;Thomas Rey;Électricité;EL-002;Installation borne de recharge VE;1;1605.55;Refusé;2026-03-26;11;3
DEV-02699;2026-02-23;2026-02;2025-2026;CLI-0639;Particulier;Toulouse;Julien Fabre;Dépannage;DP-001;Dépannage plomberie urgence;3;844.86;Accepté;2026-03-31;;0
DEV-02700;2026-02-23;2026-02;2025-2026;CLI-0040;Professionnel;Bordeaux;Karim Belkacem;Chauffage;CH-004;Remplacement radiateurs (lot de 5);1;4824.74;Accepté;2026-03-02;6;1
DEV-02701;2026-02-23;2026-02;2025-2026;CLI-0548;Collectivité;Bordeaux;Sophie Marchand;Plomberie;PR-002;Recherche de fuite + réparation;1;1175.54;Accepté;2026-03-11;13;1
DEV-02702;2026-02-23;2026-02;2025-2026;CLI-0425;Professionnel;Toulouse;Nadia Cherif;Électricité;EL-001;Mise aux normes tableau électrique;1;2967.56;Accepté;2026-03-04;10;0
DEV-02703;2026-02-23;2026-02;2025-2026;CLI-0729;Particulier;Montpellier;Thomas Rey;Électricité;EL-004;Éclairage LED locaux professionnels;3;9667.85;Refusé;2026-03-21;14;1
DEV-02704;2026-02-23;2026-02;2025-2026;CLI-0556;Professionnel;Montpellier;Thomas Rey;Plomberie;PR-002;Recherche de fuite + réparation;1;809.25;Accepté;2026-03-27;6;2
DEV-02705;2026-02-24;2026-02;2025-2026;CLI-0719;Particulier;Bordeaux;Karim Belkacem;Chauffage;CH-001;Installation chaudière gaz condensation;1;4916.41;Accepté;2026-03-23;8;1
DEV-02706;2026-02-24;2026-02;2025-2026;CLI-0322;Particulier;Bordeaux;Karim Belkacem;Dépannage;DP-003;Dépannage électrique urgence;1;336.74;Sans réponse;2026-03-07;;0
DEV-02707;2026-02-24;2026-02;2025-2026;CLI-0989;Syndic;Montpellier;Thomas Rey;Salle de bain;SB-003;Pose meuble vasque + robinetterie;2;5690.54;Sans réponse;2026-02-27;;0
DEV-02708;2026-02-25;2026-02;2025-2026;CLI-0293;Professionnel;Toulouse;Julien Fabre;Plomberie;PR-003;Réfection réseau eau appartement;1;6160.23;Refusé;2026-03-18;;0
DEV-02709;2026-02-25;2026-02;2025-2026;CLI-0337;Particulier;Toulouse;Julien Fabre;Dépannage;DP-003;Dépannage électrique urgence;1;313.33;Accepté;2026-03-14;;0
DEV-02710;2026-02-25;2026-02;2025-2026;CLI-0651;Professionnel;Toulouse;Nadia Cherif;Électricité;EL-001;Mise aux normes tableau électrique;2;7048.02;Refusé;2026-03-22;13;1
DEV-02711;2026-02-25;2026-02;2025-2026;CLI-0564;Particulier;Montpellier;Thomas Rey;Dépannage;DP-001;Dépannage plomberie urgence;1;321.76;Sans réponse;2026-03-20;15;1
DEV-02712;2026-02-26;2026-02;2025-2026;CLI-0648;Particulier;Bordeaux;Sophie Marchand;Dépannage;DP-004;Remise en service chaudière;1;263.09;Refusé;2026-04-10;13;2
DEV-02713;2026-02-26;2026-02;2025-2026;CLI-0505;Syndic;Bordeaux;Sophie Marchand;Salle de bain;SB-002;Remplacement baignoire par douche;1;8672.29;Sans réponse;2026-03-16;7;2
DEV-02714;2026-02-26;2026-02;2025-2026;CLI-0408;Particulier;Bordeaux;Karim Belkacem;Électricité;EL-004;Éclairage LED locaux professionnels;1;3528.17;Refusé;2026-04-08;10;2
DEV-02715;2026-02-26;2026-02;2025-2026;CLI-0709;Professionnel;Montpellier;Thomas Rey;Électricité;EL-002;Installation borne de recharge VE;1;2506.38;Sans réponse;2026-04-09;8;3
DEV-02716;2026-02-27;2026-02;2025-2026;CLI-0459;Professionnel;Bordeaux;Sophie Marchand;Salle de bain;SB-003;Pose meuble vasque + robinetterie;1;1919.3;Accepté;2026-03-22;;0
DEV-02717;2026-02-27;2026-02;2025-2026;CLI-0794;Particulier;Montpellier;Thomas Rey;Chauffage;CH-002;Entretien annuel chaudière;2;283.9;Refusé;2026-03-30;14;1
DEV-02718;2026-03-02;2026-03;2025-2026;CLI-0096;Particulier;Bordeaux;Sophie Marchand;Plomberie;PR-002;Recherche de fuite + réparation;1;419.69;Refusé;2026-04-17;14;1
DEV-02719;2026-03-02;2026-03;2025-2026;CLI-0700;Particulier;Bordeaux;Sophie Marchand;Plomberie;PR-003;Réfection réseau eau appartement;2;6134.9;Accepté;2026-03-30;9;2
DEV-02720;2026-03-02;2026-03;2025-2026;CLI-0213;Professionnel;Bordeaux;Sophie Marchand;Plomberie;PR-004;Remplacement colonne d'évacuation;1;10677.35;Sans réponse;2026-03-20;14;1
DEV-02721;2026-03-02;2026-03;2025-2026;CLI-0050;Particulier;Toulouse;Nadia Cherif;Électricité;EL-003;Rénovation électrique complète;1;9432.2;Sans réponse;2026-03-12;;0
DEV-02722;2026-03-02;2026-03;2025-2026;CLI-0804;Particulier;Bordeaux;Karim Belkacem;Plomberie;PR-004;Remplacement colonne d'évacuation;1;6491.78;Sans réponse;2026-03-31;;0
DEV-02723;2026-03-02;2026-03;2025-2026;CLI-0569;Particulier;Montpellier;Thomas Rey;Dépannage;DP-002;Débouchage canalisation;1;361.83;Accepté;2026-04-01;14;2
DEV-02724;2026-03-03;2026-03;2025-2026;CLI-0572;Collectivité;Bordeaux;Sophie Marchand;Plomberie;PR-002;Recherche de fuite + réparation;1;1174.41;Sans réponse;2026-03-12;;0
DEV-02725;2026-03-03;2026-03;2025-2026;CLI-0240;Syndic;Bordeaux;Karim Belkacem;Dépannage;DP-004;Remise en service chaudière;1;487.49;Accepté;2026-03-23;7;2
DEV-02726;2026-03-03;2026-03;2025-2026;CLI-0480;Particulier;Toulouse;Julien Fabre;Dépannage;DP-002;Débouchage canalisation;1;394.88;Sans réponse;2026-04-02;16;1
DEV-02727;2026-03-03;2026-03;2025-2026;CLI-0331;Particulier;Bordeaux;Karim Belkacem;Chauffage;CH-001;Installation chaudière gaz condensation;1;5311.06;Sans réponse;2026-03-14;9;1
DEV-02728;2026-03-04;2026-03;2025-2026;CLI-0082;Particulier;Toulouse;Julien Fabre;Électricité;EL-003;Rénovation électrique complète;1;10259.85;Sans réponse;2026-04-16;11;1
DEV-02729;2026-03-04;2026-03;2025-2026;CLI-0380;Particulier;Toulouse;Nadia Cherif;Plomberie;PR-003;Réfection réseau eau appartement;1;3218.91;Accepté;2026-04-14;;0
DEV-02730;2026-03-04;2026-03;2025-2026;CLI-0466;Collectivité;Bordeaux;Sophie Marchand;Électricité;EL-002;Installation borne de recharge VE;1;3574.79;Accepté;2026-03-16;8;1
DEV-02731;2026-03-05;2026-03;2025-2026;CLI-0115;Particulier;Bordeaux;Karim Belkacem;Salle de bain;SB-003;Pose meuble vasque + robinetterie;1;1368.17;Refusé;2026-03-15;;0
DEV-02732;2026-03-05;2026-03;2025-2026;CLI-0242;Particulier;Toulouse;Julien Fabre;Plomberie;PR-003;Réfection réseau eau appartement;1;2924.04;Refusé;2026-04-12;15;1
DEV-02733;2026-03-06;2026-03;2025-2026;CLI-0345;Particulier;Bordeaux;Karim Belkacem;Dépannage;DP-001;Dépannage plomberie urgence;1;305.19;Sans réponse;2026-03-31;6;3
DEV-02734;2026-03-06;2026-03;2025-2026;CLI-0320;Particulier;Bordeaux;Karim Belkacem;Plomberie;PR-004;Remplacement colonne d'évacuation;2;11559.95;Accepté;2026-03-19;13;1
DEV-02735;2026-03-06;2026-03;2025-2026;CLI-0661;Particulier;Montpellier;Thomas Rey;Chauffage;CH-001;Installation chaudière gaz condensation;1;5590.07;Sans réponse;2026-04-21;;0
DEV-02736;2026-03-06;2026-03;2025-2026;CLI-1013;Professionnel;Montpellier;Thomas Rey;Électricité;EL-004;Éclairage LED locaux professionnels;1;6127.31;Accepté;2026-03-20;15;0
DEV-02737;2026-03-09;2026-03;2025-2026;CLI-0311;Syndic;Toulouse;Julien Fabre;Salle de bain;SB-001;Rénovation salle de bain complète;1;21475.56;Refusé;2026-03-18;7;1
DEV-02738;2026-03-09;2026-03;2025-2026;CLI-0389;Professionnel;Bordeaux;Sophie Marchand;Dépannage;DP-004;Remise en service chaudière;1;466.23;Accepté;2026-04-16;;0
DEV-02739;2026-03-10;2026-03;2025-2026;CLI-0237;Particulier;Toulouse;Julien Fabre;Électricité;EL-002;Installation borne de recharge VE;1;1692.91;Sans réponse;2026-04-04;;0
DEV-02740;2026-03-10;2026-03;2025-2026;CLI-0364;Particulier;Bordeaux;Karim Belkacem;Salle de bain;SB-002;Remplacement baignoire par douche;2;7151.63;Accepté;2026-03-24;;0
DEV-02741;2026-03-10;2026-03;2025-2026;CLI-0004;Particulier;Bordeaux;Sophie Marchand;Électricité;EL-001;Mise aux normes tableau électrique;1;1976.52;Refusé;2026-04-03;12;2
DEV-02742;2026-03-10;2026-03;2025-2026;CLI-0386;Collectivité;Bordeaux;Sophie Marchand;Dépannage;DP-002;Débouchage canalisation;1;934.43;Sans réponse;2026-04-12;;0
DEV-02743;2026-03-11;2026-03;2025-2026;CLI-0365;Particulier;Toulouse;Nadia Cherif;Salle de bain;SB-003;Pose meuble vasque + robinetterie;1;1435.14;Refusé;2026-03-31;;0
DEV-02744;2026-03-11;2026-03;2025-2026;CLI-0229;Particulier;Toulouse;Julien Fabre;Électricité;EL-001;Mise aux normes tableau électrique;1;1750.08;Sans réponse;2026-03-24;9;1
DEV-02745;2026-03-11;2026-03;2025-2026;CLI-0297;Professionnel;Bordeaux;Karim Belkacem;Électricité;EL-003;Rénovation électrique complète;1;16887.73;Refusé;2026-04-02;11;2
DEV-02746;2026-03-11;2026-03;2025-2026;CLI-0143;Particulier;Toulouse;Nadia Cherif;Dépannage;DP-002;Débouchage canalisation;1;348.57;Accepté;2026-03-30;;0
DEV-02747;2026-03-11;2026-03;2025-2026;CLI-0389;Professionnel;Bordeaux;Karim Belkacem;Dépannage;DP-001;Dépannage plomberie urgence;1;426.46;Sans réponse;2026-03-15;;0
DEV-02748;2026-03-12;2026-03;2025-2026;CLI-0131;Particulier;Toulouse;Julien Fabre;Plomberie;PR-003;Réfection réseau eau appartement;1;3022.39;Accepté;2026-04-14;6;3
DEV-02749;2026-03-12;2026-03;2025-2026;CLI-0599;Particulier;Bordeaux;Karim Belkacem;Dépannage;DP-003;Dépannage électrique urgence;1;345.57;Accepté;2026-03-18;9;0
DEV-02750;2026-03-12;2026-03;2025-2026;CLI-0270;Particulier;Bordeaux;Sophie Marchand;Plomberie;PR-003;Réfection réseau eau appartement;1;3474.65;Accepté;2026-03-22;11;0
DEV-02751;2026-03-12;2026-03;2025-2026;CLI-0364;Particulier;Bordeaux;Karim Belkacem;Plomberie;PR-001;Remplacement chauffe-eau 200 L;1;1509.37;Refusé;2026-03-17;13;0
DEV-02752;2026-03-12;2026-03;2025-2026;CLI-0730;Particulier;Toulouse;Julien Fabre;Plomberie;PR-004;Remplacement colonne d'évacuation;1;5989.2;Accepté;2026-03-26;15;0
DEV-02753;2026-03-12;2026-03;2025-2026;CLI-0985;Particulier;Montpellier;Thomas Rey;Salle de bain;SB-002;Remplacement baignoire par douche;1;4194.5;Sans réponse;2026-04-04;21;1
DEV-02754;2026-03-13;2026-03;2025-2026;CLI-0854;Particulier;Toulouse;Nadia Cherif;Salle de bain;SB-003;Pose meuble vasque + robinetterie;2;2432.56;Refusé;2026-04-07;14;2
DEV-02755;2026-03-13;2026-03;2025-2026;CLI-0529;Professionnel;Toulouse;Nadia Cherif;Plomberie;PR-001;Remplacement chauffe-eau 200 L;1;2029.13;Refusé;2026-04-03;7;2
DEV-02756;2026-03-13;2026-03;2025-2026;CLI-0505;Syndic;Bordeaux;Sophie Marchand;Électricité;EL-001;Mise aux normes tableau électrique;1;3598.4;Sans réponse;2026-04-19;;0
DEV-02757;2026-03-13;2026-03;2025-2026;CLI-0393;Particulier;Bordeaux;Karim Belkacem;Dépannage;DP-003;Dépannage électrique urgence;1;360.46;Accepté;2026-04-02;5;2
DEV-02758;2026-03-13;2026-03;2025-2026;CLI-0781;Professionnel;Bordeaux;Karim Belkacem;Dépannage;DP-004;Remise en service chaudière;1;359.9;Accepté;2026-04-20;6;2
DEV-02759;2026-03-13;2026-03;2025-2026;CLI-0539;Particulier;Toulouse;Nadia Cherif;Électricité;EL-001;Mise aux normes tableau électrique;1;2046.61;Sans réponse;2026-03-29;;0
DEV-02760;2026-03-16;2026-03;2025-2026;CLI-0530;Particulier;Toulouse;Julien Fabre;Dépannage;DP-002;Débouchage canalisation;3;1041.83;Sans réponse;2026-04-07;;0
DEV-02761;2026-03-16;2026-03;2025-2026;CLI-0365;Particulier;Toulouse;Julien Fabre;Salle de bain;SB-002;Remplacement baignoire par douche;1;3835.67;Refusé;2026-03-27;;0
DEV-02762;2026-03-16;2026-03;2025-2026;CLI-0671;Professionnel;Montpellier;Thomas Rey;Dépannage;DP-004;Remise en service chaudière;1;474.65;Sans réponse;2026-03-27;13;0
DEV-02763;2026-03-17;2026-03;2025-2026;CLI-0858;Syndic;Toulouse;Nadia Cherif;Chauffage;CH-005;Désembouage circuit chauffage;2;2939.33;Refusé;2026-04-13;;0
DEV-02764;2026-03-17;2026-03;2025-2026;CLI-0499;Professionnel;Bordeaux;Sophie Marchand;Salle de bain;SB-001;Rénovation salle de bain complète;1;17565.95;Accepté;2026-04-11;4;1
DEV-02765;2026-03-18;2026-03;2025-2026;CLI-0604;Syndic;Bordeaux;Karim Belkacem;Chauffage;CH-004;Remplacement radiateurs (lot de 5);1;5981.5;Accepté;2026-04-10;2;2
DEV-02766;2026-03-18;2026-03;2025-2026;CLI-0321;Particulier;Bordeaux;Karim Belkacem;Salle de bain;SB-002;Remplacement baignoire par douche;1;3558.52;Refusé;2026-03-27;6;1
DEV-02767;2026-03-18;2026-03;2025-2026;CLI-0169;Professionnel;Bordeaux;Karim Belkacem;Chauffage;CH-004;Remplacement radiateurs (lot de 5);2;8311.9;Refusé;2026-04-17;;0
DEV-02768;2026-03-18;2026-03;2025-2026;CLI-0063;Particulier;Bordeaux;Karim Belkacem;Dépannage;DP-002;Débouchage canalisation;1;365.04;Refusé;2026-04-02;4;1
DEV-02769;2026-03-18;2026-03;2025-2026;CLI-0026;Particulier;Bordeaux;Karim Belkacem;Électricité;EL-004;Éclairage LED locaux professionnels;1;3944.08;Accepté;2026-04-04;9;2
DEV-02770;2026-03-19;2026-03;2025-2026;CLI-0354;Particulier;Bordeaux;Sophie Marchand;Salle de bain;SB-002;Remplacement baignoire par douche;2;7902.09;Sans réponse;2026-03-29;;0
DEV-02771;2026-03-19;2026-03;2025-2026;CLI-0425;Professionnel;Toulouse;Nadia Cherif;Électricité;EL-004;Éclairage LED locaux professionnels;1;6750.07;Accepté;2026-04-08;;0
DEV-02772;2026-03-19;2026-03;2025-2026;CLI-0983;Professionnel;Montpellier;Thomas Rey;Plomberie;PR-002;Recherche de fuite + réparation;1;741.97;Refusé;2026-04-08;12;1
DEV-02773;2026-03-19;2026-03;2025-2026;CLI-0993;Collectivité;Montpellier;Thomas Rey;Électricité;EL-001;Mise aux normes tableau électrique;1;4912.02;Sans réponse;2026-04-27;13;2
DEV-02774;2026-03-20;2026-03;2025-2026;CLI-0097;Particulier;Toulouse;Nadia Cherif;Électricité;EL-002;Installation borne de recharge VE;2;3281.08;Sans réponse;2026-04-11;;0
DEV-02775;2026-03-20;2026-03;2025-2026;CLI-0176;Professionnel;Toulouse;Nadia Cherif;Salle de bain;SB-002;Remplacement baignoire par douche;1;7498.07;Refusé;2026-03-25;;0
DEV-02776;2026-03-20;2026-03;2025-2026;CLI-0843;Professionnel;Toulouse;Nadia Cherif;Chauffage;CH-001;Installation chaudière gaz condensation;1;8285.78;Sans réponse;2026-03-29;;0
DEV-02777;2026-03-23;2026-03;2025-2026;CLI-0555;Particulier;Toulouse;Nadia Cherif;Dépannage;DP-002;Débouchage canalisation;1;333.61;Accepté;2026-03-29;1;1
DEV-02778;2026-03-23;2026-03;2025-2026;CLI-0455;Particulier;Toulouse;Nadia Cherif;Dépannage;DP-004;Remise en service chaudière;2;478.43;Accepté;2026-04-14;15;1
DEV-02779;2026-03-23;2026-03;2025-2026;CLI-0042;Particulier;Bordeaux;Karim Belkacem;Électricité;EL-002;Installation borne de recharge VE;1;1732.77;Sans réponse;2026-05-03;12;2
DEV-02780;2026-03-23;2026-03;2025-2026;CLI-1010;Particulier;Montpellier;Thomas Rey;Électricité;EL-004;Éclairage LED locaux professionnels;3;10752.82;Accepté;2026-04-06;13;1
DEV-02781;2026-03-23;2026-03;2025-2026;CLI-0894;Syndic;Montpellier;Thomas Rey;Dépannage;DP-003;Dépannage électrique urgence;1;667.63;Sans réponse;2026-04-10;;0
DEV-02782;2026-03-24;2026-03;2025-2026;CLI-0192;Particulier;Toulouse;Nadia Cherif;Dépannage;DP-004;Remise en service chaudière;1;274.39;Accepté;2026-04-05;9;1
DEV-02783;2026-03-24;2026-03;2025-2026;CLI-0698;Professionnel;Bordeaux;Sophie Marchand;Dépannage;DP-003;Dépannage électrique urgence;1;539.01;Accepté;2026-04-23;13;2
DEV-02784;2026-03-24;2026-03;2025-2026;CLI-0330;Particulier;Toulouse;Julien Fabre;Plomberie;PR-003;Réfection réseau eau appartement;1;2896.52;Sans réponse;2026-04-11;14;1
DEV-02785;2026-03-24;2026-03;2025-2026;CLI-0293;Professionnel;Toulouse;Nadia Cherif;Dépannage;DP-004;Remise en service chaudière;1;473.3;Accepté;2026-04-05;;0
DEV-02786;2026-03-24;2026-03;2025-2026;CLI-0842;Particulier;Montpellier;Thomas Rey;Électricité;EL-004;Éclairage LED locaux professionnels;1;3951.61;Accepté;2026-04-03;17;0
DEV-02787;2026-03-25;2026-03;2025-2026;CLI-0645;Particulier;Bordeaux;Sophie Marchand;Électricité;EL-003;Rénovation électrique complète;1;10342.33;Refusé;2026-05-02;18;2
DEV-02788;2026-03-25;2026-03;2025-2026;CLI-0796;Particulier;Toulouse;Nadia Cherif;Salle de bain;SB-003;Pose meuble vasque + robinetterie;1;1240.0;Refusé;2026-04-19;8;2
DEV-02789;2026-03-25;2026-03;2025-2026;CLI-0689;Particulier;Bordeaux;Sophie Marchand;Dépannage;DP-004;Remise en service chaudière;1;276.19;Accepté;2026-03-28;;0
DEV-02790;2026-03-25;2026-03;2025-2026;CLI-1003;Collectivité;Montpellier;Thomas Rey;Plomberie;PR-002;Recherche de fuite + réparation;1;1160.46;Sans réponse;2026-05-01;;0
DEV-02791;2026-03-26;2026-03;2025-2026;CLI-0284;Professionnel;Toulouse;Julien Fabre;Électricité;EL-001;Mise aux normes tableau électrique;1;3219.29;Refusé;2026-04-21;;0
DEV-02792;2026-03-26;2026-03;2025-2026;CLI-0560;Particulier;Bordeaux;Karim Belkacem;Salle de bain;SB-002;Remplacement baignoire par douche;1;4167.67;Accepté;2026-04-08;3;2
DEV-02793;2026-03-26;2026-03;2025-2026;CLI-0636;Particulier;Bordeaux;Karim Belkacem;Salle de bain;SB-001;Rénovation salle de bain complète;1;11045.58;Refusé;2026-04-22;10;2
DEV-02794;2026-03-26;2026-03;2025-2026;CLI-0249;Particulier;Toulouse;Nadia Cherif;Dépannage;DP-004;Remise en service chaudière;1;232.14;Accepté;2026-04-16;9;2
DEV-02795;2026-03-26;2026-03;2025-2026;CLI-0133;Syndic;Bordeaux;Sophie Marchand;Salle de bain;SB-003;Pose meuble vasque + robinetterie;1;2615.88;Accepté;2026-05-01;;0
DEV-02796;2026-03-27;2026-03;2025-2026;CLI-0453;Particulier;Bordeaux;Karim Belkacem;Dépannage;DP-001;Dépannage plomberie urgence;1;278.6;Accepté;2026-04-08;7;1
DEV-02797;2026-03-27;2026-03;2025-2026;CLI-0876;Collectivité;Bordeaux;Sophie Marchand;Chauffage;CH-005;Désembouage circuit chauffage;1;2078.11;Sans réponse;2026-04-14;10;2
DEV-02798;2026-03-30;2026-03;2025-2026;CLI-0255;Particulier;Bordeaux;Karim Belkacem;Chauffage;CH-002;Entretien annuel chaudière;1;183.78;Refusé;2026-04-09;10;1
DEV-02799;2026-03-30;2026-03;2025-2026;CLI-0541;Professionnel;Toulouse;Julien Fabre;Salle de bain;SB-002;Remplacement baignoire par douche;1;7009.31;Sans réponse;2026-04-25;16;1
DEV-02800;2026-03-30;2026-03;2025-2026;CLI-0388;Particulier;Toulouse;Julien Fabre;Salle de bain;SB-003;Pose meuble vasque + robinetterie;1;1144.5;Accepté;2026-04-08;;0
DEV-02801;2026-03-31;2026-03;2025-2026;CLI-0399;Syndic;Toulouse;Nadia Cherif;Plomberie;PR-004;Remplacement colonne d'évacuation;2;26369.18;Refusé;2026-04-18;;0
DEV-02802;2026-03-31;2026-03;2025-2026;CLI-0077;Particulier;Bordeaux;Karim Belkacem;Salle de bain;SB-001;Rénovation salle de bain complète;1;9758.12;Sans réponse;2026-04-10;2;2
DEV-02803;2026-03-31;2026-03;2025-2026;CLI-0214;Particulier;Toulouse;Nadia Cherif;Plomberie;PR-003;Réfection réseau eau appartement;1;3756.38;Refusé;2026-04-23;8;2
DEV-02804;2026-04-01;2026-04;2025-2026;CLI-0302;Particulier;Bordeaux;Karim Belkacem;Électricité;EL-004;Éclairage LED locaux professionnels;1;4067.21;Sans réponse;2026-04-08;10;0
DEV-02805;2026-04-01;2026-04;2025-2026;CLI-0262;Particulier;Toulouse;Nadia Cherif;Électricité;EL-003;Rénovation électrique complète;1;10380.28;Sans réponse;2026-04-10;11;0
DEV-02806;2026-04-01;2026-04;2025-2026;CLI-0881;Syndic;Montpellier;Thomas Rey;Plomberie;PR-004;Remplacement colonne d'évacuation;1;13506.38;Accepté;2026-04-27;;0
DEV-02807;2026-04-02;2026-04;2025-2026;CLI-0038;Particulier;Bordeaux;Sophie Marchand;Salle de bain;SB-003;Pose meuble vasque + robinetterie;1;1172.15;Accepté;2026-05-01;4;3
DEV-02808;2026-04-02;2026-04;2025-2026;CLI-0444;Professionnel;Bordeaux;Sophie Marchand;Plomberie;PR-003;Réfection réseau eau appartement;1;5569.22;Sans réponse;2026-04-27;10;1
DEV-02809;2026-04-02;2026-04;2025-2026;CLI-0455;Particulier;Toulouse;Julien Fabre;Plomberie;PR-004;Remplacement colonne d'évacuation;2;13831.34;Sans réponse;2026-04-24;;0
DEV-02810;2026-04-02;2026-04;2025-2026;CLI-1006;Particulier;Montpellier;Thomas Rey;Électricité;EL-004;Éclairage LED locaux professionnels;1;4019.67;Refusé;2026-05-04;14;1
DEV-02811;2026-04-03;2026-04;2025-2026;CLI-0889;Particulier;Toulouse;Nadia Cherif;Électricité;EL-002;Installation borne de recharge VE;1;1643.31;Accepté;2026-04-10;12;0
DEV-02812;2026-04-03;2026-04;2025-2026;CLI-0168;Particulier;Bordeaux;Sophie Marchand;Chauffage;CH-001;Installation chaudière gaz condensation;1;5834.87;Sans réponse;2026-05-12;;0
DEV-02813;2026-04-03;2026-04;2025-2026;CLI-1002;Particulier;Montpellier;Thomas Rey;Électricité;EL-002;Installation borne de recharge VE;1;1572.75;Sans réponse;2026-04-16;9;1
DEV-02814;2026-04-06;2026-04;2025-2026;CLI-0094;Professionnel;Toulouse;Nadia Cherif;Chauffage;CH-005;Désembouage circuit chauffage;1;1358.75;Refusé;2026-04-15;7;1
DEV-02815;2026-04-06;2026-04;2025-2026;CLI-0248;Particulier;Bordeaux;Karim Belkacem;Salle de bain;SB-003;Pose meuble vasque + robinetterie;1;1119.06;Refusé;2026-05-08;;0
DEV-02816;2026-04-06;2026-04;2025-2026;CLI-0743;Particulier;Toulouse;Nadia Cherif;Salle de bain;SB-003;Pose meuble vasque + robinetterie;1;1421.87;Sans réponse;2026-05-18;16;3
DEV-02817;2026-04-06;2026-04;2025-2026;CLI-0265;Particulier;Bordeaux;Sophie Marchand;Salle de bain;SB-001;Rénovation salle de bain complète;1;9391.57;Accepté;2026-05-03;17;1
DEV-02818;2026-04-06;2026-04;2025-2026;CLI-0547;Particulier;Montpellier;Thomas Rey;Plomberie;PR-003;Réfection réseau eau appartement;2;6274.82;Refusé;2026-04-20;12;1
DEV-02819;2026-04-07;2026-04;2025-2026;CLI-0145;Collectivité;Bordeaux;Karim Belkacem;Électricité;EL-003;Rénovation électrique complète;1;27111.0;Sans réponse;2026-04-20;6;1
DEV-02820;2026-04-07;2026-04;2025-2026;CLI-0785;Syndic;Toulouse;Nadia Cherif;Électricité;EL-004;Éclairage LED locaux professionnels;2;13892.51;Refusé;2026-05-02;;0
DEV-02821;2026-04-07;2026-04;2025-2026;CLI-0668;Particulier;Toulouse;Julien Fabre;Salle de bain;SB-001;Rénovation salle de bain complète;1;9000.13;Accepté;2026-04-27;3;2
DEV-02822;2026-04-08;2026-04;2025-2026;CLI-0643;Particulier;Bordeaux;Sophie Marchand;Électricité;EL-001;Mise aux normes tableau électrique;1;1793.29;Sans réponse;2026-05-09;;0
DEV-02823;2026-04-08;2026-04;2025-2026;CLI-0715;Particulier;Bordeaux;Sophie Marchand;Plomberie;PR-004;Remplacement colonne d'évacuation;1;6581.13;Sans réponse;2026-04-16;;0
DEV-02824;2026-04-09;2026-04;2025-2026;CLI-0867;Particulier;Bordeaux;Karim Belkacem;Chauffage;CH-002;Entretien annuel chaudière;1;180.28;Refusé;2026-05-03;8;3
DEV-02825;2026-04-09;2026-04;2025-2026;CLI-0300;Professionnel;Toulouse;Nadia Cherif;Électricité;EL-002;Installation borne de recharge VE;1;2556.7;Accepté;2026-05-01;2;2
DEV-02826;2026-04-09;2026-04;2025-2026;CLI-0749;Professionnel;Montpellier;Thomas Rey;Plomberie;PR-003;Réfection réseau eau appartement;1;5144.19;Sans réponse;2026-04-22;11;1
DEV-02827;2026-04-10;2026-04;2025-2026;CLI-0846;Syndic;Bordeaux;Karim Belkacem;Électricité;EL-001;Mise aux normes tableau électrique;1;4093.98;Refusé;2026-05-09;;0
DEV-02828;2026-04-10;2026-04;2025-2026;CLI-0446;Syndic;Bordeaux;Sophie Marchand;Dépannage;DP-001;Dépannage plomberie urgence;2;1373.14;Sans réponse;2026-05-03;14;1
DEV-02829;2026-04-10;2026-04;2025-2026;CLI-0053;Particulier;Bordeaux;Sophie Marchand;Électricité;EL-001;Mise aux normes tableau électrique;1;1808.06;Accepté;2026-05-02;8;2
DEV-02830;2026-04-10;2026-04;2025-2026;CLI-0675;Professionnel;Bordeaux;Karim Belkacem;Salle de bain;SB-003;Pose meuble vasque + robinetterie;1;2206.32;Accepté;2026-04-23;3;2
DEV-02831;2026-04-13;2026-04;2025-2026;CLI-0383;Particulier;Bordeaux;Karim Belkacem;Électricité;EL-004;Éclairage LED locaux professionnels;3;9553.79;Accepté;2026-04-24;4;1
DEV-02832;2026-04-13;2026-04;2025-2026;CLI-0349;Particulier;Toulouse;Nadia Cherif;Électricité;EL-004;Éclairage LED locaux professionnels;1;3405.75;Sans réponse;2026-05-16;;0
DEV-02833;2026-04-13;2026-04;2025-2026;CLI-0271;Particulier;Bordeaux;Karim Belkacem;Salle de bain;SB-003;Pose meuble vasque + robinetterie;1;1136.0;Accepté;2026-04-18;7;0
DEV-02834;2026-04-13;2026-04;2025-2026;CLI-0661;Particulier;Montpellier;Thomas Rey;Salle de bain;SB-003;Pose meuble vasque + robinetterie;1;1400.47;Sans réponse;2026-04-19;17;0
DEV-02835;2026-04-13;2026-04;2025-2026;CLI-0679;Professionnel;Montpellier;Thomas Rey;Dépannage;DP-001;Dépannage plomberie urgence;1;447.65;Sans réponse;2026-04-25;13;0
DEV-02836;2026-04-14;2026-04;2025-2026;CLI-0052;Particulier;Toulouse;Julien Fabre;Plomberie;PR-003;Réfection réseau eau appartement;1;3584.8;Refusé;2026-04-24;12;0
DEV-02837;2026-04-14;2026-04;2025-2026;CLI-0530;Particulier;Toulouse;Julien Fabre;Salle de bain;SB-001;Rénovation salle de bain complète;1;11787.21;Refusé;2026-04-20;;0
DEV-02838;2026-04-14;2026-04;2025-2026;CLI-0073;Professionnel;Toulouse;Nadia Cherif;Plomberie;PR-002;Recherche de fuite + réparation;1;774.68;Accepté;2026-05-31;4;2
DEV-02839;2026-04-14;2026-04;2025-2026;CLI-0851;Particulier;Montpellier;Thomas Rey;Salle de bain;SB-003;Pose meuble vasque + robinetterie;1;1429.03;Sans réponse;2026-05-08;14;1
DEV-02840;2026-04-15;2026-04;2025-2026;CLI-0609;Syndic;Bordeaux;Sophie Marchand;Dépannage;DP-002;Débouchage canalisation;1;874.95;Accepté;2026-04-20;14;0
DEV-02841;2026-04-15;2026-04;2025-2026;CLI-0078;Collectivité;Toulouse;Julien Fabre;Électricité;EL-001;Mise aux normes tableau électrique;1;4473.08;Accepté;2026-05-16;5;3
DEV-02842;2026-04-15;2026-04;2025-2026;CLI-0348;Particulier;Bordeaux;Sophie Marchand;Électricité;EL-002;Installation borne de recharge VE;2;3081.41;Accepté;2026-04-19;6;0
DEV-02843;2026-04-15;2026-04;2025-2026;CLI-0248;Particulier;Bordeaux;Karim Belkacem;Électricité;EL-003;Rénovation électrique complète;1;10897.3;Accepté;2026-05-06;4;2
DEV-02844;2026-04-15;2026-04;2025-2026;CLI-0749;Professionnel;Montpellier;Thomas Rey;Dépannage;DP-002;Débouchage canalisation;1;723.86;Refusé;2026-04-28;;0
DEV-02845;2026-04-16;2026-04;2025-2026;CLI-0870;Professionnel;Bordeaux;Karim Belkacem;Chauffage;CH-005;Désembouage circuit chauffage;1;1400.16;Refusé;2026-05-03;12;1
DEV-02846;2026-04-16;2026-04;2025-2026;CLI-0099;Particulier;Bordeaux;Karim Belkacem;Dépannage;DP-001;Dépannage plomberie urgence;1;266.13;Sans réponse;2026-05-07;7;1
DEV-02847;2026-04-16;2026-04;2025-2026;CLI-0004;Particulier;Bordeaux;Karim Belkacem;Plomberie;PR-001;Remplacement chauffe-eau 200 L;1;1184.44;Sans réponse;2026-04-29;4;2
DEV-02848;2026-04-16;2026-04;2025-2026;CLI-0591;Professionnel;Montpellier;Thomas Rey;Dépannage;DP-001;Dépannage plomberie urgence;1;478.17;Accepté;2026-05-13;9;3
DEV-02849;2026-04-17;2026-04;2025-2026;CLI-0361;Particulier;Bordeaux;Sophie Marchand;Électricité;EL-001;Mise aux normes tableau électrique;1;2058.51;Sans réponse;2026-05-09;14;1
DEV-02850;2026-04-17;2026-04;2025-2026;CLI-0607;Syndic;Toulouse;Julien Fabre;Électricité;EL-002;Installation borne de recharge VE;1;3187.35;Accepté;2026-05-11;7;1
DEV-02851;2026-04-20;2026-04;2025-2026;CLI-0497;Particulier;Toulouse;Nadia Cherif;Électricité;EL-003;Rénovation électrique complète;1;10505.99;Accepté;2026-05-18;19;2
DEV-02852;2026-04-20;2026-04;2025-2026;CLI-0329;Particulier;Bordeaux;Sophie Marchand;Dépannage;DP-003;Dépannage électrique urgence;2;743.77;Accepté;2026-04-30;6;1
DEV-02853;2026-04-20;2026-04;2025-2026;CLI-0180;Particulier;Toulouse;Nadia Cherif;Dépannage;DP-001;Dépannage plomberie urgence;1;272.96;Accepté;2026-05-05;;0
DEV-02854;2026-04-20;2026-04;2025-2026;CLI-0792;Particulier;Bordeaux;Karim Belkacem;Plomberie;PR-002;Recherche de fuite + réparation;2;927.7;Accepté;2026-05-20;13;1
DEV-02855;2026-04-20;2026-04;2025-2026;CLI-0230;Professionnel;Bordeaux;Sophie Marchand;Plomberie;PR-002;Recherche de fuite + réparation;1;844.51;Refusé;2026-05-10;;0
DEV-02856;2026-04-20;2026-04;2025-2026;CLI-0917;Professionnel;Montpellier;Thomas Rey;Dépannage;DP-004;Remise en service chaudière;1;378.1;Accepté;2026-05-19;14;2
DEV-02857;2026-04-21;2026-04;2025-2026;CLI-0766;Syndic;Bordeaux;Sophie Marchand;Dépannage;DP-004;Remise en service chaudière;1;596.76;Accepté;2026-05-15;9;1
DEV-02858;2026-04-21;2026-04;2025-2026;CLI-0174;Professionnel;Bordeaux;Karim Belkacem;Dépannage;DP-004;Remise en service chaudière;2;732.79;Accepté;2026-04-28;6;1
DEV-02859;2026-04-21;2026-04;2025-2026;CLI-0437;Syndic;Bordeaux;Karim Belkacem;Électricité;EL-003;Rénovation électrique complète;1;18034.59;Accepté;2026-05-15;4;2
DEV-02860;2026-04-21;2026-04;2025-2026;CLI-0883;Professionnel;Montpellier;Thomas Rey;Plomberie;PR-002;Recherche de fuite + réparation;1;844.99;Refusé;2026-05-02;;0
DEV-02861;2026-04-22;2026-04;2025-2026;CLI-0096;Particulier;Bordeaux;Sophie Marchand;Plomberie;PR-001;Remplacement chauffe-eau 200 L;1;1330.71;Accepté;2026-05-02;;0
DEV-02862;2026-04-22;2026-04;2025-2026;CLI-0285;Particulier;Bordeaux;Sophie Marchand;Plomberie;PR-001;Remplacement chauffe-eau 200 L;1;1373.24;Sans réponse;2026-05-24;;0
DEV-02863;2026-04-22;2026-04;2025-2026;CLI-0619;Particulier;Toulouse;Julien Fabre;Plomberie;PR-003;Réfection réseau eau appartement;1;3030.25;Sans réponse;2026-05-13;6;2
DEV-02864;2026-04-22;2026-04;2025-2026;CLI-0682;Syndic;Montpellier;Thomas Rey;Salle de bain;SB-003;Pose meuble vasque + robinetterie;1;3023.77;Refusé;2026-04-30;11;0
DEV-02865;2026-04-23;2026-04;2025-2026;CLI-0340;Particulier;Bordeaux;Karim Belkacem;Chauffage;CH-003;Installation pompe à chaleur air/eau;1;15505.17;Accepté;2026-05-09;;0
DEV-02866;2026-04-23;2026-04;2025-2026;CLI-0227;Particulier;Toulouse;Julien Fabre;Salle de bain;SB-001;Rénovation salle de bain complète;1;11701.37;Sans réponse;2026-05-05;10;1
DEV-02867;2026-04-23;2026-04;2025-2026;CLI-0744;Particulier;Toulouse;Julien Fabre;Électricité;EL-004;Éclairage LED locaux professionnels;1;3513.18;Accepté;2026-05-30;15;1
DEV-02868;2026-04-23;2026-04;2025-2026;CLI-1015;Particulier;Montpellier;Thomas Rey;Salle de bain;SB-003;Pose meuble vasque + robinetterie;1;1423.55;Sans réponse;2026-04-27;13;0
DEV-02869;2026-04-24;2026-04;2025-2026;CLI-0112;Particulier;Bordeaux;Karim Belkacem;Chauffage;CH-002;Entretien annuel chaudière;1;145.49;Accepté;2026-05-30;;0
DEV-02870;2026-04-24;2026-04;2025-2026;CLI-0627;Particulier;Bordeaux;Sophie Marchand;Dépannage;DP-001;Dépannage plomberie urgence;1;277.47;Sans réponse;2026-06-12;8;3
DEV-02871;2026-04-24;2026-04;2025-2026;CLI-0230;Professionnel;Bordeaux;Sophie Marchand;Chauffage;CH-001;Installation chaudière gaz condensation;1;8760.97;Sans réponse;2026-05-15;15;1
DEV-02872;2026-04-27;2026-04;2025-2026;CLI-0768;Particulier;Bordeaux;Sophie Marchand;Dépannage;DP-002;Débouchage canalisation;1;419.46;Sans réponse;2026-05-16;;0
DEV-02873;2026-04-27;2026-04;2025-2026;CLI-0195;Particulier;Bordeaux;Sophie Marchand;Dépannage;DP-001;Dépannage plomberie urgence;2;535.94;Refusé;2026-05-27;8;3
DEV-02874;2026-04-27;2026-04;2025-2026;CLI-0361;Particulier;Bordeaux;Sophie Marchand;Salle de bain;SB-001;Rénovation salle de bain complète;1;10740.87;Sans réponse;2026-05-04;;0
DEV-02875;2026-04-27;2026-04;2025-2026;CLI-0985;Particulier;Montpellier;Thomas Rey;Électricité;EL-003;Rénovation électrique complète;1;11177.47;Sans réponse;2026-05-09;;0
DEV-02876;2026-04-28;2026-04;2025-2026;CLI-0698;Professionnel;Bordeaux;Karim Belkacem;Plomberie;PR-003;Réfection réseau eau appartement;1;5872.29;Sans réponse;2026-05-11;7;1
DEV-02877;2026-04-28;2026-04;2025-2026;CLI-0644;Particulier;Bordeaux;Sophie Marchand;Salle de bain;SB-001;Rénovation salle de bain complète;1;9109.52;Refusé;2026-05-27;;0
DEV-02878;2026-04-28;2026-04;2025-2026;CLI-0079;Particulier;Bordeaux;Sophie Marchand;Dépannage;DP-003;Dépannage électrique urgence;1;314.07;Refusé;2026-05-13;12;1
DEV-02879;2026-04-28;2026-04;2025-2026;CLI-0260;Professionnel;Toulouse;Julien Fabre;Électricité;EL-004;Éclairage LED locaux professionnels;3;16391.48;Refusé;2026-05-26;16;1
DEV-02880;2026-04-28;2026-04;2025-2026;CLI-0883;Professionnel;Montpellier;Thomas Rey;Plomberie;PR-001;Remplacement chauffe-eau 200 L;1;2506.2;Refusé;2026-05-17;15;1
DEV-02881;2026-04-29;2026-04;2025-2026;CLI-0269;Particulier;Toulouse;Julien Fabre;Salle de bain;SB-001;Rénovation salle de bain complète;1;10884.88;Accepté;2026-05-26;10;1
DEV-02882;2026-04-29;2026-04;2025-2026;CLI-0212;Professionnel;Bordeaux;Karim Belkacem;Électricité;EL-001;Mise aux normes tableau électrique;1;3623.65;Sans réponse;2026-05-28;9;2
DEV-02883;2026-04-29;2026-04;2025-2026;CLI-0330;Particulier;Toulouse;Julien Fabre;Salle de bain;SB-002;Remplacement baignoire par douche;1;3784.26;Accepté;2026-05-11;10;1
DEV-02884;2026-04-30;2026-04;2025-2026;CLI-0351;Syndic;Bordeaux;Sophie Marchand;Électricité;EL-002;Installation borne de recharge VE;2;6242.6;Sans réponse;2026-05-17;;0
DEV-02885;2026-04-30;2026-04;2025-2026;CLI-0017;Professionnel;Toulouse;Nadia Cherif;Salle de bain;SB-001;Rénovation salle de bain complète;1;19327.94;Sans réponse;2026-05-12;;0
DEV-02886;2026-04-30;2026-04;2025-2026;CLI-0760;Syndic;Montpellier;Thomas Rey;Plomberie;PR-002;Recherche de fuite + réparation;1;958.36;Refusé;2026-05-27;;0
DEV-02887;2026-05-01;2026-05;2025-2026;CLI-0848;Professionnel;Bordeaux;Karim Belkacem;Plomberie;PR-004;Remplacement colonne d'évacuation;1;10915.11;Refusé;2026-05-24;;0
DEV-02888;2026-05-01;2026-05;2025-2026;CLI-0923;Particulier;Toulouse;Julien Fabre;Électricité;EL-004;Éclairage LED locaux professionnels;1;3305.95;Accepté;2026-06-03;14;3
DEV-02889;2026-05-01;2026-05;2025-2026;CLI-0304;Professionnel;Toulouse;Nadia Cherif;Dépannage;DP-002;Débouchage canalisation;1;735.59;Accepté;2026-05-04;;0
DEV-02890;2026-05-04;2026-05;2025-2026;CLI-0651;Professionnel;Toulouse;Nadia Cherif;Salle de bain;SB-003;Pose meuble vasque + robinetterie;1;2187.85;Sans réponse;2026-05-24;6;2
DEV-02891;2026-05-04;2026-05;2025-2026;CLI-0877;Professionnel;Bordeaux;Sophie Marchand;Électricité;EL-002;Installation borne de recharge VE;1;2536.65;Accepté;2026-06-12;8;1
DEV-02892;2026-05-04;2026-05;2025-2026;CLI-0393;Particulier;Bordeaux;Karim Belkacem;Électricité;EL-003;Rénovation électrique complète;1;8889.47;Refusé;2026-06-03;8;2
DEV-02893;2026-05-04;2026-05;2025-2026;CLI-0131;Particulier;Toulouse;Nadia Cherif;Électricité;EL-004;Éclairage LED locaux professionnels;1;3563.99;Sans réponse;2026-05-17;;0
DEV-02894;2026-05-04;2026-05;2025-2026;CLI-0173;Particulier;Bordeaux;Sophie Marchand;Salle de bain;SB-001;Rénovation salle de bain complète;1;10324.12;Sans réponse;2026-06-02;8;1
DEV-02895;2026-05-04;2026-05;2025-2026;CLI-0879;Professionnel;Montpellier;Thomas Rey;Salle de bain;SB-001;Rénovation salle de bain complète;1;16451.21;Refusé;2026-05-10;10;0
DEV-02896;2026-05-05;2026-05;2025-2026;CLI-0510;Particulier;Bordeaux;Sophie Marchand;Dépannage;DP-001;Dépannage plomberie urgence;2;641.67;Sans réponse;2026-05-24;6;2
DEV-02897;2026-05-05;2026-05;2025-2026;CLI-0120;Particulier;Toulouse;Julien Fabre;Électricité;EL-003;Rénovation électrique complète;1;10930.72;Refusé;2026-06-17;8;3
DEV-02898;2026-05-05;2026-05;2025-2026;CLI-0046;Syndic;Toulouse;Julien Fabre;Plomberie;PR-001;Remplacement chauffe-eau 200 L;3;9258.61;Sans réponse;2026-06-11;20;1
DEV-02899;2026-05-05;2026-05;2025-2026;CLI-0682;Syndic;Montpellier;Thomas Rey;Salle de bain;SB-003;Pose meuble vasque + robinetterie;1;2403.78;Sans réponse;2026-06-23;7;2
DEV-02900;2026-05-06;2026-05;2025-2026;CLI-0119;Particulier;Bordeaux;Karim Belkacem;Électricité;EL-002;Installation borne de recharge VE;1;1756.19;Accepté;2026-06-02;8;1
DEV-02901;2026-05-06;2026-05;2025-2026;CLI-0719;Particulier;Bordeaux;Karim Belkacem;Salle de bain;SB-003;Pose meuble vasque + robinetterie;1;1292.75;Accepté;2026-06-18;8;3
DEV-02902;2026-05-06;2026-05;2025-2026;CLI-0073;Professionnel;Toulouse;Julien Fabre;Électricité;EL-003;Rénovation électrique complète;1;17552.47;Refusé;2026-05-29;13;1
DEV-02903;2026-05-06;2026-05;2025-2026;CLI-0095;Particulier;Bordeaux;Sophie Marchand;Électricité;EL-001;Mise aux normes tableau électrique;1;1595.84;Refusé;2026-05-26;;0
DEV-02904;2026-05-07;2026-05;2025-2026;CLI-0915;Particulier;Bordeaux;Sophie Marchand;Chauffage;CH-001;Installation chaudière gaz condensation;1;5381.14;Accepté;2026-06-01;7;2
DEV-02905;2026-05-07;2026-05;2025-2026;CLI-0509;Collectivité;Bordeaux;Karim Belkacem;Salle de bain;SB-003;Pose meuble vasque + robinetterie;1;3119.22;Refusé;2026-06-05;;0
DEV-02906;2026-05-07;2026-05;2025-2026;CLI-0304;Professionnel;Toulouse;Julien Fabre;Chauffage;CH-001;Installation chaudière gaz condensation;2;18211.29;Sans réponse;2026-05-21;;0
DEV-02907;2026-05-07;2026-05;2025-2026;CLI-0790;Particulier;Montpellier;Thomas Rey;Salle de bain;SB-001;Rénovation salle de bain complète;1;10032.96;Sans réponse;2026-06-16;;0
DEV-02908;2026-05-08;2026-05;2025-2026;CLI-0406;Particulier;Toulouse;Nadia Cherif;Chauffage;CH-004;Remplacement radiateurs (lot de 5);1;2962.91;Sans réponse;2026-05-18;;0
DEV-02909;2026-05-08;2026-05;2025-2026;CLI-0817;Professionnel;Bordeaux;Karim Belkacem;Plomberie;PR-004;Remplacement colonne d'évacuation;1;10258.97;Refusé;2026-05-14;7;0
DEV-02910;2026-05-08;2026-05;2025-2026;CLI-0516;Particulier;Bordeaux;Karim Belkacem;Électricité;EL-001;Mise aux normes tableau électrique;1;1888.07;Accepté;2026-05-16;12;0
DEV-02911;2026-05-11;2026-05;2025-2026;CLI-0299;Professionnel;Toulouse;Nadia Cherif;Dépannage;DP-004;Remise en service chaudière;2;831.91;Refusé;2026-05-16;12;0
DEV-02912;2026-05-11;2026-05;2025-2026;CLI-0430;Particulier;Toulouse;Julien Fabre;Chauffage;CH-002;Entretien annuel chaudière;1;153.63;Refusé;2026-05-25;7;2
DEV-02913;2026-05-11;2026-05;2025-2026;CLI-0584;Particulier;Bordeaux;Karim Belkacem;Salle de bain;SB-003;Pose meuble vasque + robinetterie;1;1323.89;Accepté;2026-05-21;7;1
DEV-02914;2026-05-11;2026-05;2025-2026;CLI-0025;Syndic;Bordeaux;Karim Belkacem;Salle de bain;SB-001;Rénovation salle de bain complète;1;22349.86;Sans réponse;2026-05-26;;0
DEV-02915;2026-05-12;2026-05;2025-2026;CLI-0455;Particulier;Toulouse;Nadia Cherif;Plomberie;PR-004;Remplacement colonne d'évacuation;1;6771.6;Refusé;2026-05-20;9;0
DEV-02916;2026-05-12;2026-05;2025-2026;CLI-0312;Professionnel;Toulouse;Nadia Cherif;Dépannage;DP-003;Dépannage électrique urgence;1;481.87;Refusé;2026-06-18;5;1
DEV-02917;2026-05-12;2026-05;2025-2026;CLI-0992;Particulier;Montpellier;Thomas Rey;Dépannage;DP-003;Dépannage électrique urgence;1;314.06;Sans réponse;2026-05-31;;0
DEV-02918;2026-05-13;2026-05;2025-2026;CLI-0211;Particulier;Bordeaux;Karim Belkacem;Plomberie;PR-001;Remplacement chauffe-eau 200 L;1;1156.72;Sans réponse;2026-06-25;;0
DEV-02919;2026-05-13;2026-05;2025-2026;CLI-0136;Particulier;Toulouse;Julien Fabre;Plomberie;PR-001;Remplacement chauffe-eau 200 L;1;1490.15;Accepté;2026-06-03;12;2
DEV-02920;2026-05-13;2026-05;2025-2026;CLI-0734;Syndic;Montpellier;Thomas Rey;Plomberie;PR-004;Remplacement colonne d'évacuation;1;13303.85;Sans réponse;2026-06-05;15;1
DEV-02921;2026-05-14;2026-05;2025-2026;CLI-0327;Professionnel;Toulouse;Nadia Cherif;Plomberie;PR-002;Recherche de fuite + réparation;1;705.43;Sans réponse;2026-06-19;8;2
DEV-02922;2026-05-14;2026-05;2025-2026;CLI-0151;Syndic;Bordeaux;Sophie Marchand;Salle de bain;SB-003;Pose meuble vasque + robinetterie;1;2350.97;Refusé;2026-06-05;16;1
DEV-02923;2026-05-14;2026-05;2025-2026;CLI-0106;Particulier;Toulouse;Julien Fabre;Électricité;EL-003;Rénovation électrique complète;1;10692.65;Sans réponse;2026-05-27;;0
DEV-02924;2026-05-14;2026-05;2025-2026;CLI-0394;Professionnel;Toulouse;Julien Fabre;Dépannage;DP-004;Remise en service chaudière;1;424.66;Sans réponse;2026-05-20;;0
DEV-02925;2026-05-14;2026-05;2025-2026;CLI-1010;Particulier;Montpellier;Thomas Rey;Plomberie;PR-003;Réfection réseau eau appartement;1;3389.85;Refusé;2026-06-05;9;1
DEV-02926;2026-05-15;2026-05;2025-2026;CLI-0848;Professionnel;Bordeaux;Karim Belkacem;Chauffage;CH-001;Installation chaudière gaz condensation;1;8389.55;Accepté;2026-05-29;;0
DEV-02927;2026-05-15;2026-05;2025-2026;CLI-0532;Particulier;Bordeaux;Karim Belkacem;Dépannage;DP-001;Dépannage plomberie urgence;1;328.86;Refusé;2026-06-16;;0
DEV-02928;2026-05-15;2026-05;2025-2026;CLI-0752;Professionnel;Bordeaux;Karim Belkacem;Salle de bain;SB-001;Rénovation salle de bain complète;1;17066.22;Accepté;2026-06-04;6;3
DEV-02929;2026-05-15;2026-05;2025-2026;CLI-0868;Collectivité;Montpellier;Thomas Rey;Plomberie;PR-002;Recherche de fuite + réparation;1;1215.07;Sans réponse;2026-06-05;13;1
DEV-02930;2026-05-18;2026-05;2025-2026;CLI-0590;Particulier;Toulouse;Julien Fabre;Chauffage;CH-005;Désembouage circuit chauffage;1;682.92;Accepté;2026-06-17;10;2
DEV-02931;2026-05-18;2026-05;2025-2026;CLI-0058;Particulier;Toulouse;Julien Fabre;Chauffage;CH-003;Installation pompe à chaleur air/eau;1;16110.35;Accepté;2026-06-07;12;1
DEV-02932;2026-05-18;2026-05;2025-2026;CLI-0344;Syndic;Toulouse;Nadia Cherif;Salle de bain;SB-003;Pose meuble vasque + robinetterie;1;2464.27;Accepté;2026-06-04;8;1
DEV-02933;2026-05-19;2026-05;2025-2026;CLI-0414;Particulier;Toulouse;Julien Fabre;Électricité;EL-004;Éclairage LED locaux professionnels;1;4075.39;Refusé;2026-06-15;;0
DEV-02934;2026-05-19;2026-05;2025-2026;CLI-0172;Particulier;Bordeaux;Sophie Marchand;Électricité;EL-004;Éclairage LED locaux professionnels;1;3448.0;Sans réponse;2026-06-15;;0
DEV-02935;2026-05-19;2026-05;2025-2026;CLI-1006;Particulier;Montpellier;Thomas Rey;Salle de bain;SB-002;Remplacement baignoire par douche;1;4398.52;Refusé;2026-06-09;14;2
DEV-02936;2026-05-20;2026-05;2025-2026;CLI-0161;Particulier;Bordeaux;Sophie Marchand;Chauffage;CH-004;Remplacement radiateurs (lot de 5);2;5678.21;Sans réponse;2026-06-03;;0
DEV-02937;2026-05-21;2026-05;2025-2026;CLI-0546;Professionnel;Montpellier;Thomas Rey;Plomberie;PR-001;Remplacement chauffe-eau 200 L;1;2570.55;Sans réponse;2026-06-26;;0
DEV-02938;2026-05-22;2026-05;2025-2026;CLI-0130;Particulier;Toulouse;Julien Fabre;Dépannage;DP-004;Remise en service chaudière;1;237.96;Accepté;2026-06-08;15;1
DEV-02939;2026-05-22;2026-05;2025-2026;CLI-0555;Particulier;Toulouse;Julien Fabre;Dépannage;DP-002;Débouchage canalisation;1;404.32;Sans réponse;2026-05-26;20;0
DEV-02940;2026-05-25;2026-05;2025-2026;CLI-0628;Syndic;Bordeaux;Sophie Marchand;Électricité;EL-002;Installation borne de recharge VE;1;3756.81;Refusé;2026-06-05;15;0
DEV-02941;2026-05-25;2026-05;2025-2026;CLI-0094;Professionnel;Toulouse;Julien Fabre;Salle de bain;SB-001;Rénovation salle de bain complète;1;20204.14;Refusé;2026-06-19;9;2
DEV-02942;2026-05-25;2026-05;2025-2026;CLI-0750;Particulier;Montpellier;Thomas Rey;Plomberie;PR-004;Remplacement colonne d'évacuation;1;5993.24;Sans réponse;2026-06-24;10;1
DEV-02943;2026-05-26;2026-05;2025-2026;CLI-0109;Professionnel;Toulouse;Nadia Cherif;Plomberie;PR-001;Remplacement chauffe-eau 200 L;1;2051.61;Sans réponse;2026-06-09;4;1
DEV-02944;2026-05-26;2026-05;2025-2026;CLI-0811;Collectivité;Bordeaux;Sophie Marchand;Salle de bain;SB-002;Remplacement baignoire par douche;2;19707.24;Refusé;2026-06-29;3;3
DEV-02945;2026-05-26;2026-05;2025-2026;CLI-0141;Particulier;Bordeaux;Karim Belkacem;Dépannage;DP-002;Débouchage canalisation;1;397.65;Accepté;2026-06-13;6;1
DEV-02946;2026-05-26;2026-05;2025-2026;CLI-0665;Particulier;Montpellier;Thomas Rey;Dépannage;DP-003;Dépannage électrique urgence;1;286.5;Accepté;2026-06-11;9;1
DEV-02947;2026-05-27;2026-05;2025-2026;CLI-0472;Professionnel;Bordeaux;Karim Belkacem;Électricité;EL-002;Installation borne de recharge VE;1;2457.72;Refusé;2026-05-30;9;0
DEV-02948;2026-05-27;2026-05;2025-2026;CLI-0920;Collectivité;Toulouse;Nadia Cherif;Chauffage;CH-004;Remplacement radiateurs (lot de 5);1;7090.31;Refusé;2026-06-29;9;1
DEV-02949;2026-05-27;2026-05;2025-2026;CLI-0078;Collectivité;Toulouse;Nadia Cherif;Chauffage;CH-001;Installation chaudière gaz condensation;1;10861.18;Sans réponse;2026-06-21;11;2
DEV-02950;2026-05-27;2026-05;2025-2026;CLI-0902;Professionnel;Bordeaux;Karim Belkacem;Chauffage;CH-004;Remplacement radiateurs (lot de 5);1;4592.34;Accepté;2026-06-29;10;2
DEV-02951;2026-05-27;2026-05;2025-2026;CLI-0978;Particulier;Montpellier;Thomas Rey;Électricité;EL-004;Éclairage LED locaux professionnels;1;3764.08;Sans réponse;2026-05-31;8;0
DEV-02952;2026-05-27;2026-05;2025-2026;CLI-0556;Professionnel;Montpellier;Thomas Rey;Salle de bain;SB-001;Rénovation salle de bain complète;1;19993.17;Sans réponse;2026-06-29;1;3
DEV-02953;2026-05-28;2026-05;2025-2026;CLI-0135;Professionnel;Bordeaux;Karim Belkacem;Plomberie;PR-004;Remplacement colonne d'évacuation;1;10018.57;Sans réponse;2026-06-06;2;1
DEV-02954;2026-05-28;2026-05;2025-2026;CLI-0010;Particulier;Bordeaux;Karim Belkacem;Salle de bain;SB-002;Remplacement baignoire par douche;1;3650.38;Refusé;2026-06-20;11;1
DEV-02955;2026-05-29;2026-05;2025-2026;CLI-0069;Professionnel;Toulouse;Nadia Cherif;Salle de bain;SB-002;Remplacement baignoire par douche;1;6416.78;Sans réponse;2026-06-09;;0
DEV-02956;2026-05-29;2026-05;2025-2026;CLI-0170;Particulier;Toulouse;Nadia Cherif;Salle de bain;SB-003;Pose meuble vasque + robinetterie;1;1135.25;Accepté;2026-06-22;5;3
DEV-02957;2026-05-29;2026-05;2025-2026;CLI-0156;Particulier;Bordeaux;Sophie Marchand;Chauffage;CH-001;Installation chaudière gaz condensation;2;11875.64;Sans réponse;2026-06-26;6;3
DEV-02958;2026-05-29;2026-05;2025-2026;CLI-0835;Syndic;Montpellier;Thomas Rey;Salle de bain;SB-002;Remplacement baignoire par douche;1;7820.35;Sans réponse;2026-06-21;;0
DEV-02959;2026-06-01;2026-06;2025-2026;CLI-0110;Particulier;Toulouse;Nadia Cherif;Plomberie;PR-001;Remplacement chauffe-eau 200 L;1;1253.5;Refusé;2026-06-17;16;1
DEV-02960;2026-06-01;2026-06;2025-2026;CLI-0757;Professionnel;Toulouse;Julien Fabre;Chauffage;CH-005;Désembouage circuit chauffage;1;1320.44;Refusé;2026-06-13;;0
DEV-02961;2026-06-01;2026-06;2025-2026;CLI-0547;Particulier;Montpellier;Thomas Rey;Plomberie;PR-004;Remplacement colonne d'évacuation;1;6005.02;Refusé;2026-06-19;9;1
DEV-02962;2026-06-01;2026-06;2025-2026;CLI-0978;Particulier;Montpellier;Thomas Rey;Salle de bain;SB-003;Pose meuble vasque + robinetterie;1;1454.82;Sans réponse;2026-06-28;14;1
DEV-02963;2026-06-02;2026-06;2025-2026;CLI-0230;Professionnel;Bordeaux;Karim Belkacem;Plomberie;PR-002;Recherche de fuite + réparation;1;729.84;Sans réponse;2026-06-24;3;3
DEV-02964;2026-06-02;2026-06;2025-2026;CLI-0332;Particulier;Bordeaux;Sophie Marchand;Salle de bain;SB-001;Rénovation salle de bain complète;1;9049.3;Refusé;2026-06-16;10;1
DEV-02965;2026-06-02;2026-06;2025-2026;CLI-0944;Particulier;Bordeaux;Sophie Marchand;Chauffage;CH-001;Installation chaudière gaz condensation;1;4496.16;Refusé;2026-06-10;14;0
DEV-02966;2026-06-02;2026-06;2025-2026;CLI-0835;Syndic;Montpellier;Thomas Rey;Plomberie;PR-001;Remplacement chauffe-eau 200 L;1;2648.42;Sans réponse;2026-06-26;;0
DEV-02967;2026-06-03;2026-06;2025-2026;CLI-0560;Particulier;Bordeaux;Sophie Marchand;Salle de bain;SB-002;Remplacement baignoire par douche;1;4102.52;Refusé;2026-06-25;8;1
DEV-02968;2026-06-03;2026-06;2025-2026;CLI-0588;Professionnel;Bordeaux;Sophie Marchand;Salle de bain;SB-003;Pose meuble vasque + robinetterie;2;4399.58;Refusé;2026-06-08;17;0
DEV-02969;2026-06-03;2026-06;2025-2026;CLI-0433;Particulier;Toulouse;Nadia Cherif;Plomberie;PR-004;Remplacement colonne d'évacuation;1;6722.96;Sans réponse;2026-06-14;14;0
DEV-02970;2026-06-03;2026-06;2025-2026;CLI-0388;Particulier;Toulouse;Julien Fabre;Dépannage;DP-003;Dépannage électrique urgence;1;290.59;Accepté;2026-06-12;7;1
DEV-02971;2026-06-03;2026-06;2025-2026;CLI-0829;Syndic;Montpellier;Thomas Rey;Plomberie;PR-004;Remplacement colonne d'évacuation;1;13442.81;Refusé;2026-06-22;8;2
DEV-02972;2026-06-03;2026-06;2025-2026;CLI-1011;Particulier;Montpellier;Thomas Rey;Salle de bain;SB-003;Pose meuble vasque + robinetterie;1;1132.16;Sans réponse;2026-06-29;;0
DEV-02973;2026-06-04;2026-06;2025-2026;CLI-0896;Particulier;Montpellier;Thomas Rey;Électricité;EL-004;Éclairage LED locaux professionnels;1;3093.9;Accepté;2026-06-21;13;1
DEV-02974;2026-06-05;2026-06;2025-2026;CLI-0724;Particulier;Bordeaux;Karim Belkacem;Plomberie;PR-002;Recherche de fuite + réparation;1;500.87;Accepté;2026-06-23;5;2
DEV-02975;2026-06-05;2026-06;2025-2026;CLI-0196;Particulier;Bordeaux;Karim Belkacem;Plomberie;PR-003;Réfection réseau eau appartement;2;6688.57;Accepté;2026-06-21;7;1
DEV-02976;2026-06-05;2026-06;2025-2026;CLI-0072;Particulier;Bordeaux;Karim Belkacem;Dépannage;DP-001;Dépannage plomberie urgence;1;282.78;Accepté;2026-06-19;;0
DEV-02977;2026-06-05;2026-06;2025-2026;CLI-0628;Syndic;Bordeaux;Sophie Marchand;Électricité;EL-001;Mise aux normes tableau électrique;1;4448.96;Refusé;2026-06-29;;0
DEV-02978;2026-06-05;2026-06;2025-2026;CLI-0166;Particulier;Bordeaux;Sophie Marchand;Dépannage;DP-001;Dépannage plomberie urgence;1;262.15;Refusé;2026-06-21;4;1
DEV-02979;2026-06-05;2026-06;2025-2026;CLI-0673;Particulier;Montpellier;Thomas Rey;Dépannage;DP-002;Débouchage canalisation;1;377.5;Sans réponse;2026-06-13;13;0
DEV-02980;2026-06-08;2026-06;2025-2026;CLI-0240;Syndic;Bordeaux;Karim Belkacem;Plomberie;PR-003;Réfection réseau eau appartement;1;7919.89;Accepté;2026-06-29;3;1
DEV-02981;2026-06-08;2026-06;2025-2026;CLI-0787;Particulier;Toulouse;Julien Fabre;Dépannage;DP-002;Débouchage canalisation;1;369.25;Accepté;2026-06-13;;0
DEV-02982;2026-06-08;2026-06;2025-2026;CLI-0228;Particulier;Toulouse;Julien Fabre;Électricité;EL-003;Rénovation électrique complète;1;9308.74;En cours;;5;2
DEV-02983;2026-06-09;2026-06;2025-2026;CLI-0953;Particulier;Bordeaux;Sophie Marchand;Plomberie;PR-004;Remplacement colonne d'évacuation;1;6680.36;En cours;;18;1
DEV-02984;2026-06-09;2026-06;2025-2026;CLI-0168;Particulier;Bordeaux;Karim Belkacem;Chauffage;CH-005;Désembouage circuit chauffage;1;671.0;Refusé;2026-06-28;8;1
DEV-02985;2026-06-09;2026-06;2025-2026;CLI-0214;Particulier;Toulouse;Julien Fabre;Électricité;EL-003;Rénovation électrique complète;1;9674.83;Refusé;2026-06-29;18;1
DEV-02986;2026-06-09;2026-06;2025-2026;CLI-0730;Particulier;Toulouse;Nadia Cherif;Salle de bain;SB-001;Rénovation salle de bain complète;1;9862.16;En cours;;5;1
DEV-02987;2026-06-09;2026-06;2025-2026;CLI-0980;Professionnel;Montpellier;Thomas Rey;Électricité;EL-004;Éclairage LED locaux professionnels;1;6835.24;En cours;;11;2
DEV-02988;2026-06-10;2026-06;2025-2026;CLI-0266;Particulier;Toulouse;Nadia Cherif;Électricité;EL-001;Mise aux normes tableau électrique;1;1833.51;En cours;;13;1
DEV-02989;2026-06-10;2026-06;2025-2026;CLI-0869;Particulier;Bordeaux;Karim Belkacem;Électricité;EL-003;Rénovation électrique complète;1;10044.03;Refusé;2026-06-29;8;1
DEV-02990;2026-06-10;2026-06;2025-2026;CLI-0911;Collectivité;Bordeaux;Karim Belkacem;Salle de bain;SB-001;Rénovation salle de bain complète;1;22564.2;En cours;;;0
DEV-02991;2026-06-10;2026-06;2025-2026;CLI-0595;Particulier;Toulouse;Julien Fabre;Salle de bain;SB-003;Pose meuble vasque + robinetterie;1;1203.41;En cours;;;0
DEV-02992;2026-06-10;2026-06;2025-2026;CLI-0365;Particulier;Toulouse;Nadia Cherif;Dépannage;DP-003;Dépannage électrique urgence;1;350.05;En cours;;;0
DEV-02993;2026-06-10;2026-06;2025-2026;CLI-0996;Syndic;Montpellier;Thomas Rey;Plomberie;PR-004;Remplacement colonne d'évacuation;1;14397.3;Refusé;2026-06-29;;0
DEV-02994;2026-06-11;2026-06;2025-2026;CLI-0465;Particulier;Bordeaux;Sophie Marchand;Plomberie;PR-004;Remplacement colonne d'évacuation;1;5654.57;Sans réponse;2026-06-29;;0
DEV-02995;2026-06-11;2026-06;2025-2026;CLI-0953;Particulier;Bordeaux;Karim Belkacem;Dépannage;DP-004;Remise en service chaudière;1;280.75;Sans réponse;2026-06-29;;0
DEV-02996;2026-06-11;2026-06;2025-2026;CLI-0497;Particulier;Toulouse;Julien Fabre;Chauffage;CH-004;Remplacement radiateurs (lot de 5);1;2575.29;En cours;;9;1
DEV-02997;2026-06-11;2026-06;2025-2026;CLI-0709;Professionnel;Montpellier;Thomas Rey;Salle de bain;SB-002;Remplacement baignoire par douche;1;6710.79;Sans réponse;2026-06-18;11;0
DEV-02998;2026-06-12;2026-06;2025-2026;CLI-0259;Professionnel;Bordeaux;Sophie Marchand;Chauffage;CH-003;Installation pompe à chaleur air/eau;1;22803.58;Refusé;2026-06-28;;0
DEV-02999;2026-06-12;2026-06;2025-2026;CLI-0233;Particulier;Toulouse;Julien Fabre;Électricité;EL-001;Mise aux normes tableau électrique;2;3367.4;Accepté;2026-06-29;;0
DEV-03000;2026-06-12;2026-06;2025-2026;CLI-0787;Particulier;Toulouse;Julien Fabre;Électricité;EL-001;Mise aux normes tableau électrique;1;1822.58;Refusé;2026-06-25;;0
DEV-03001;2026-06-12;2026-06;2025-2026;CLI-0640;Particulier;Toulouse;Nadia Cherif;Plomberie;PR-002;Recherche de fuite + réparation;1;435.1;En cours;;6;2
DEV-03002;2026-06-12;2026-06;2025-2026;CLI-0653;Professionnel;Toulouse;Nadia Cherif;Plomberie;PR-004;Remplacement colonne d'évacuation;1;9566.78;Sans réponse;2026-06-29;;0
DEV-03003;2026-06-12;2026-06;2025-2026;CLI-0576;Syndic;Montpellier;Thomas Rey;Plomberie;PR-001;Remplacement chauffe-eau 200 L;2;5801.1;Sans réponse;2026-06-29;13;1
DEV-03004;2026-06-15;2026-06;2025-2026;CLI-0098;Particulier;Bordeaux;Karim Belkacem;Plomberie;PR-002;Recherche de fuite + réparation;3;1614.37;Accepté;2026-06-29;;0
DEV-03005;2026-06-15;2026-06;2025-2026;CLI-0784;Professionnel;Bordeaux;Sophie Marchand;Plomberie;PR-002;Recherche de fuite + réparation;2;1839.95;Sans réponse;2026-06-29;13;1
DEV-03006;2026-06-15;2026-06;2025-2026;CLI-0342;Particulier;Toulouse;Julien Fabre;Électricité;EL-002;Installation borne de recharge VE;1;1495.1;En cours;;7;1
DEV-03007;2026-06-15;2026-06;2025-2026;CLI-0632;Syndic;Montpellier;Thomas Rey;Plomberie;PR-001;Remplacement chauffe-eau 200 L;1;3204.7;En cours;;11;1
DEV-03008;2026-06-16;2026-06;2025-2026;CLI-0782;Particulier;Toulouse;Julien Fabre;Plomberie;PR-001;Remplacement chauffe-eau 200 L;3;3493.79;En cours;;;0
DEV-03009;2026-06-16;2026-06;2025-2026;CLI-0072;Particulier;Bordeaux;Karim Belkacem;Plomberie;PR-004;Remplacement colonne d'évacuation;1;6134.95;Sans réponse;2026-06-29;7;1
DEV-03010;2026-06-16;2026-06;2025-2026;CLI-0193;Particulier;Bordeaux;Sophie Marchand;Salle de bain;SB-002;Remplacement baignoire par douche;1;4389.5;En cours;;9;1
DEV-03011;2026-06-16;2026-06;2025-2026;CLI-0486;Particulier;Bordeaux;Sophie Marchand;Électricité;EL-003;Rénovation électrique complète;1;10517.82;Accepté;2026-06-29;5;1
DEV-03012;2026-06-16;2026-06;2025-2026;CLI-0933;Particulier;Montpellier;Thomas Rey;Plomberie;PR-002;Recherche de fuite + réparation;2;841.41;Sans réponse;2026-06-29;;0
DEV-03013;2026-06-17;2026-06;2025-2026;CLI-0295;Particulier;Toulouse;Julien Fabre;Plomberie;PR-003;Réfection réseau eau appartement;2;7363.41;Refusé;2026-06-25;16;0
DEV-03014;2026-06-17;2026-06;2025-2026;CLI-0116;Particulier;Bordeaux;Karim Belkacem;Dépannage;DP-003;Dépannage électrique urgence;1;304.62;En cours;;;0
DEV-03015;2026-06-17;2026-06;2025-2026;CLI-0889;Particulier;Toulouse;Nadia Cherif;Plomberie;PR-001;Remplacement chauffe-eau 200 L;1;1203.3;En cours;;1;2
DEV-03016;2026-06-17;2026-06;2025-2026;CLI-0822;Professionnel;Toulouse;Nadia Cherif;Salle de bain;SB-002;Remplacement baignoire par douche;2;13034.27;En cours;;11;1
DEV-03017;2026-06-17;2026-06;2025-2026;CLI-0032;Particulier;Toulouse;Nadia Cherif;Salle de bain;SB-001;Rénovation salle de bain complète;1;11713.73;Sans réponse;2026-06-29;15;0
DEV-03018;2026-06-17;2026-06;2025-2026;CLI-0780;Particulier;Montpellier;Thomas Rey;Salle de bain;SB-002;Remplacement baignoire par douche;1;4047.54;Accepté;2026-06-29;14;0
DEV-03019;2026-06-18;2026-06;2025-2026;CLI-0446;Syndic;Bordeaux;Karim Belkacem;Électricité;EL-004;Éclairage LED locaux professionnels;1;7360.8;En cours;;8;1
DEV-03020;2026-06-18;2026-06;2025-2026;CLI-0194;Syndic;Toulouse;Nadia Cherif;Électricité;EL-001;Mise aux normes tableau électrique;1;4384.67;Sans réponse;2026-06-29;;0
DEV-03021;2026-06-18;2026-06;2025-2026;CLI-0199;Particulier;Toulouse;Nadia Cherif;Électricité;EL-001;Mise aux normes tableau électrique;2;3585.17;Sans réponse;2026-06-29;9;1
DEV-03022;2026-06-19;2026-06;2025-2026;CLI-0786;Particulier;Bordeaux;Karim Belkacem;Électricité;EL-001;Mise aux normes tableau électrique;1;1863.67;En cours;;5;1
DEV-03023;2026-06-19;2026-06;2025-2026;CLI-0567;Professionnel;Bordeaux;Karim Belkacem;Salle de bain;SB-001;Rénovation salle de bain complète;1;18888.86;Accepté;2026-06-29;8;1
DEV-03024;2026-06-19;2026-06;2025-2026;CLI-0952;Professionnel;Toulouse;Nadia Cherif;Dépannage;DP-001;Dépannage plomberie urgence;1;480.89;Accepté;2026-06-29;;0
DEV-03025;2026-06-19;2026-06;2025-2026;CLI-0928;Syndic;Bordeaux;Sophie Marchand;Dépannage;DP-002;Débouchage canalisation;2;1588.87;En cours;;9;1
DEV-03026;2026-06-22;2026-06;2025-2026;CLI-0341;Collectivité;Toulouse;Julien Fabre;Chauffage;CH-002;Entretien annuel chaudière;1;416.97;En cours;;12;0
DEV-03027;2026-06-22;2026-06;2025-2026;CLI-0032;Particulier;Toulouse;Nadia Cherif;Électricité;EL-002;Installation borne de recharge VE;3;5135.15;En cours;;;0
DEV-03028;2026-06-22;2026-06;2025-2026;CLI-0761;Particulier;Bordeaux;Sophie Marchand;Chauffage;CH-005;Désembouage circuit chauffage;1;864.56;Sans réponse;2026-06-29;;0
DEV-03029;2026-06-22;2026-06;2025-2026;CLI-0760;Syndic;Montpellier;Thomas Rey;Dépannage;DP-004;Remise en service chaudière;1;516.72;En cours;;;0
DEV-03030;2026-06-23;2026-06;2025-2026;CLI-0906;Professionnel;Bordeaux;Sophie Marchand;Électricité;EL-004;Éclairage LED locaux professionnels;1;5277.87;Accepté;2026-06-29;6;1
DEV-03031;2026-06-23;2026-06;2025-2026;CLI-0034;Particulier;Toulouse;Nadia Cherif;Électricité;EL-003;Rénovation électrique complète;1;10592.21;En cours;;;0
DEV-03032;2026-06-24;2026-06;2025-2026;CLI-0284;Professionnel;Toulouse;Nadia Cherif;Électricité;EL-004;Éclairage LED locaux professionnels;1;7046.66;En cours;;12;0
DEV-03033;2026-06-24;2026-06;2025-2026;CLI-0394;Professionnel;Toulouse;Julien Fabre;Dépannage;DP-003;Dépannage électrique urgence;2;1038.76;Accepté;2026-06-29;5;1
DEV-03034;2026-06-24;2026-06;2025-2026;CLI-0594;Professionnel;Bordeaux;Karim Belkacem;Électricité;EL-003;Rénovation électrique complète;1;15978.51;Refusé;2026-06-29;;0
DEV-03035;2026-06-24;2026-06;2025-2026;CLI-0201;Particulier;Toulouse;Nadia Cherif;Plomberie;PR-003;Réfection réseau eau appartement;1;2918.59;Sans réponse;2026-06-29;11;0
DEV-03036;2026-06-24;2026-06;2025-2026;CLI-0592;Professionnel;Montpellier;Thomas Rey;Plomberie;PR-003;Réfection réseau eau appartement;1;6293.25;En cours;;7;0
DEV-03037;2026-06-24;2026-06;2025-2026;CLI-0790;Particulier;Montpellier;Thomas Rey;Salle de bain;SB-003;Pose meuble vasque + robinetterie;3;3443.96;Refusé;2026-06-29;9;0
DEV-03038;2026-06-25;2026-06;2025-2026;CLI-0351;Syndic;Bordeaux;Karim Belkacem;Dépannage;DP-001;Dépannage plomberie urgence;1;580.29;En cours;;4;1
DEV-03039;2026-06-25;2026-06;2025-2026;CLI-0881;Syndic;Montpellier;Thomas Rey;Chauffage;CH-004;Remplacement radiateurs (lot de 5);1;6189.26;Sans réponse;2026-06-29;;0
DEV-03040;2026-06-26;2026-06;2025-2026;CLI-0594;Professionnel;Bordeaux;Sophie Marchand;Chauffage;CH-001;Installation chaudière gaz condensation;1;9185.12;En cours;;;0
DEV-03041;2026-06-26;2026-06;2025-2026;CLI-0909;Particulier;Toulouse;Nadia Cherif;Dépannage;DP-004;Remise en service chaudière;1;283.73;Accepté;2026-06-29;6;0
DEV-03042;2026-06-26;2026-06;2025-2026;CLI-0590;Particulier;Toulouse;Nadia Cherif;Électricité;EL-003;Rénovation électrique complète;1;11334.36;Sans réponse;2026-06-29;12;0
DEV-03043;2026-06-26;2026-06;2025-2026;CLI-0449;Professionnel;Bordeaux;Karim Belkacem;Plomberie;PR-003;Réfection réseau eau appartement;1;5232.42;En cours;;;0
DEV-03044;2026-06-29;2026-06;2025-2026;CLI-0603;Syndic;Toulouse;Nadia Cherif;Dépannage;DP-001;Dépannage plomberie urgence;1;566.21;Refusé;2026-06-29;;0
DEV-03045;2026-06-29;2026-06;2025-2026;CLI-0668;Particulier;Toulouse;Julien Fabre;Plomberie;PR-004;Remplacement colonne d'évacuation;1;5572.29;En cours;;6;0
DEV-03046;2026-06-29;2026-06;2025-2026;CLI-0386;Collectivité;Bordeaux;Karim Belkacem;Salle de bain;SB-001;Rénovation salle de bain complète;1;23599.91;En cours;;;0
DEV-03047;2026-06-29;2026-06;2025-2026;CLI-0977;Particulier;Montpellier;Thomas Rey;Électricité;EL-002;Installation borne de recharge VE;1;1745.89;En cours;;;0
DEV-03048;2026-06-29;2026-06;2025-2026;CLI-0556;Professionnel;Montpellier;Thomas Rey;Plomberie;PR-003;Réfection réseau eau appartement;1;5642.01;En cours;;;0
DEV-03049;2026-06-30;2026-06;2025-2026;CLI-0031;Professionnel;Bordeaux;Sophie Marchand;Salle de bain;SB-001;Rénovation salle de bain complète;1;20019.51;Sans réponse;2026-06-30;9;0
DEV-03050;2026-06-30;2026-06;2025-2026;CLI-0192;Particulier;Toulouse;Nadia Cherif;Électricité;EL-003;Rénovation électrique complète;1;8708.87;En cours;;2;0
DEV-03051;2026-06-30;2026-06;2025-2026;CLI-0194;Syndic;Toulouse;Nadia Cherif;Électricité;EL-003;Rénovation électrique complète;1;21278.59;Sans réponse;2026-06-30;11;0
DEV-03052;2026-06-30;2026-06;2025-2026;CLI-0810;Particulier;Montpellier;Thomas Rey;Plomberie;PR-004;Remplacement colonne d'évacuation;1;6227.32;Refusé;2026-06-30;;0
