facture_id;devis_id;client_id;type_client;agence;date_facture;mois;exercice;date_echeance;delai_contractuel_j;montant_ht;taux_tva;montant_ttc;profil_paiement;date_paiement;statut_facture
FAC-00001;DEV-00006;CLI-0114;Particulier;Bordeaux;2022-08-12;2022-08;2022-2023;2022-08-27;15;408.99;0.1;449.89;Bon payeur;2022-08-24;Payée
FAC-00002;DEV-00008;CLI-0160;Particulier;Bordeaux;2022-08-22;2022-08;2022-2023;2022-09-06;15;5812.36;0.1;6393.6;Standard;2022-09-04;Payée
FAC-00003;DEV-00010;CLI-0089;Particulier;Bordeaux;2022-08-22;2022-08;2022-2023;2022-09-06;15;1332.2;0.1;1465.42;Bon payeur;2022-09-09;Payée
FAC-00004;DEV-00014;CLI-0098;Particulier;Bordeaux;2022-08-11;2022-08;2022-2023;2022-08-26;15;223.45;0.2;268.14;Bon payeur;2022-08-22;Payée
FAC-00005;DEV-00015;CLI-0042;Particulier;Bordeaux;2022-08-24;2022-08;2022-2023;2022-09-08;15;331.48;0.2;397.78;Standard;2022-10-08;Payée
FAC-00006;DEV-00026;CLI-0156;Particulier;Bordeaux;2022-08-22;2022-08;2022-2023;2022-09-06;15;3476.87;0.1;3824.56;Bon payeur;2022-09-16;Payée
FAC-00007;DEV-00028;CLI-0005;Particulier;Bordeaux;2022-08-22;2022-08;2022-2023;2022-09-06;15;262.87;0.2;315.44;Standard;2022-09-28;Payée
FAC-00008;DEV-00031;CLI-0196;Particulier;Bordeaux;2022-09-08;2022-09;2022-2023;2022-09-23;15;10167.81;0.1;11184.59;Standard;2022-10-01;Payée
FAC-00009;DEV-00034;CLI-0025;Syndic;Bordeaux;2022-08-18;2022-08;2022-2023;2022-10-17;60;8733.0;0.2;10479.6;Standard;2022-10-13;Payée
FAC-00010;DEV-00036;CLI-0052;Particulier;Toulouse;2022-10-03;2022-10;2022-2023;2022-10-18;15;3641.62;0.1;4005.78;Standard;2022-10-14;Payée
FAC-00011;DEV-00037;CLI-0036;Particulier;Toulouse;2022-09-19;2022-09;2022-2023;2022-10-04;15;422.16;0.1;464.38;Standard;2022-09-20;Payée
FAC-00012;DEV-00038;CLI-0158;Particulier;Bordeaux;2022-09-05;2022-09;2022-2023;2022-09-20;15;1418.22;0.2;1701.86;Bon payeur;2022-09-23;Payée
FAC-00013;DEV-00043;CLI-0127;Particulier;Toulouse;2022-10-11;2022-10;2022-2023;2022-10-26;15;2377.95;0.1;2615.74;Standard;2022-10-12;Payée
FAC-00014;DEV-00047;CLI-0114;Particulier;Bordeaux;2022-09-15;2022-09;2022-2023;2022-09-30;15;4741.05;0.2;5689.26;Bon payeur;2022-09-24;Payée
FAC-00015;DEV-00048;CLI-0095;Particulier;Bordeaux;2022-09-01;2022-09;2022-2023;2022-09-16;15;269.28;0.2;323.14;Standard;2022-09-18;Payée
FAC-00016;DEV-00052;CLI-0154;Particulier;Bordeaux;2022-10-03;2022-10;2022-2023;2022-10-18;15;222.49;0.2;266.99;Bon payeur;2022-10-04;Payée
FAC-00017;DEV-00054;CLI-0067;Professionnel;Bordeaux;2022-09-14;2022-09;2022-2023;2022-10-14;30;16749.18;0.2;20099.02;Standard;2022-09-29;Payée
FAC-00018;DEV-00055;CLI-0079;Particulier;Bordeaux;2022-10-13;2022-10;2022-2023;2022-10-28;15;196.89;0.2;236.27;Standard;2022-11-07;Payée
FAC-00019;DEV-00058;CLI-0109;Professionnel;Toulouse;2022-09-28;2022-09;2022-2023;2022-10-28;30;3135.61;0.2;3762.73;Standard;2022-10-29;Payée
FAC-00020;DEV-00059;CLI-0122;Particulier;Toulouse;2022-09-12;2022-09;2022-2023;2022-09-27;15;199.33;0.2;239.2;Standard;2022-09-13;Payée
FAC-00021;DEV-00060;CLI-0185;Particulier;Bordeaux;2022-09-23;2022-09;2022-2023;2022-10-08;15;544.21;0.2;653.05;Bon payeur;2022-10-05;Payée
FAC-00022;DEV-00061;CLI-0163;Particulier;Toulouse;2022-10-10;2022-10;2022-2023;2022-10-25;15;542.8;0.2;651.36;Standard;2022-10-11;Payée
FAC-00023;DEV-00062;CLI-0140;Syndic;Toulouse;2022-10-04;2022-10;2022-2023;2022-12-03;60;3465.25;0.2;4158.3;Standard;2022-12-01;Payée
FAC-00024;DEV-00064;CLI-0003;Professionnel;Toulouse;2022-09-14;2022-09;2022-2023;2022-10-14;30;5777.72;0.2;6933.26;Standard;2022-09-16;Payée
FAC-00025;DEV-00073;CLI-0008;Particulier;Toulouse;2022-10-07;2022-10;2022-2023;2022-10-22;15;736.14;0.1;809.75;Bon payeur;2022-10-10;Payée
FAC-00026;DEV-00077;CLI-0046;Syndic;Toulouse;2022-10-03;2022-10;2022-2023;2022-12-02;60;529.64;0.2;635.57;Bon payeur;2022-12-01;Payée
FAC-00027;DEV-00079;CLI-0166;Particulier;Bordeaux;2022-10-28;2022-10;2022-2023;2022-11-12;15;1575.87;0.2;1891.04;Bon payeur;2022-11-15;Payée
FAC-00028;DEV-00080;CLI-0047;Particulier;Bordeaux;2022-10-31;2022-10;2022-2023;2022-11-15;15;12318.47;0.1;13550.32;Standard;2022-11-13;Payée
FAC-00029;DEV-00081;CLI-0068;Particulier;Bordeaux;2022-10-05;2022-10;2022-2023;2022-10-20;15;5067.76;0.1;5574.54;Bon payeur;2022-10-06;Payée
FAC-00030;DEV-00084;CLI-0008;Particulier;Toulouse;2022-11-01;2022-11;2022-2023;2022-11-16;15;1276.18;0.2;1531.42;Bon payeur;2022-11-13;Payée
FAC-00031;DEV-00085;CLI-0170;Particulier;Toulouse;2022-10-20;2022-10;2022-2023;2022-11-04;15;3220.4;0.1;3542.44;Standard;2022-10-21;Payée
FAC-00032;DEV-00086;CLI-0131;Particulier;Toulouse;2022-11-07;2022-11;2022-2023;2022-11-22;15;733.99;0.1;807.39;Bon payeur;2022-11-28;Payée
FAC-00033;DEV-00092;CLI-0117;Particulier;Toulouse;2022-10-19;2022-10;2022-2023;2022-11-03;15;9970.87;0.1;10967.96;Standard;2022-11-14;Payée
FAC-00034;DEV-00093;CLI-0065;Particulier;Bordeaux;2022-11-15;2022-11;2022-2023;2022-11-30;15;209.36;0.2;251.23;Litigieux;2023-05-20;Payée
FAC-00035;DEV-00095;CLI-0218;Syndic;Bordeaux;2022-11-29;2022-11;2022-2023;2023-01-28;60;2400.78;0.2;2880.94;Lent;2023-04-08;Payée
FAC-00036;DEV-00097;CLI-0214;Particulier;Toulouse;2022-10-31;2022-10;2022-2023;2022-11-15;15;9611.5;0.1;10572.65;Bon payeur;2022-11-10;Payée
FAC-00037;DEV-00100;CLI-0069;Professionnel;Toulouse;2022-10-07;2022-10;2022-2023;2022-11-06;30;20556.28;0.2;24667.54;Standard;2022-11-23;Payée
FAC-00038;DEV-00103;CLI-0218;Syndic;Bordeaux;2022-11-07;2022-11;2022-2023;2023-01-06;60;463.19;0.2;555.83;Lent;2023-04-19;Payée
FAC-00039;DEV-00104;CLI-0098;Particulier;Bordeaux;2022-10-24;2022-10;2022-2023;2022-11-08;15;4733.78;0.1;5207.16;Bon payeur;2022-10-28;Payée
FAC-00040;DEV-00106;CLI-0126;Particulier;Bordeaux;2022-11-14;2022-11;2022-2023;2022-11-29;15;4643.37;0.1;5107.71;Standard;2022-12-23;Payée
FAC-00041;DEV-00107;CLI-0030;Particulier;Toulouse;2022-11-21;2022-11;2022-2023;2022-12-06;15;761.89;0.1;838.08;Lent;2022-12-03;Payée
FAC-00042;DEV-00109;CLI-0211;Particulier;Bordeaux;2022-10-17;2022-10;2022-2023;2022-11-01;15;1621.86;0.2;1946.23;Standard;2022-11-05;Payée
FAC-00043;DEV-00114;CLI-0121;Syndic;Toulouse;2022-10-31;2022-10;2022-2023;2022-12-30;60;517.36;0.2;620.83;Bon payeur;2023-01-11;Payée
FAC-00044;DEV-00115;CLI-0067;Professionnel;Bordeaux;2022-10-18;2022-10;2022-2023;2022-11-17;30;672.38;0.2;806.86;Standard;2022-11-03;Payée
FAC-00045;DEV-00116;CLI-0103;Particulier;Toulouse;2022-12-06;2022-12;2022-2023;2022-12-21;15;1397.3;0.2;1676.76;Standard;2022-12-22;Payée
FAC-00046;DEV-00118;CLI-0072;Particulier;Bordeaux;2022-11-07;2022-11;2022-2023;2022-11-22;15;3997.87;0.1;4397.66;Bon payeur;2022-11-09;Payée
FAC-00047;DEV-00123;CLI-0018;Particulier;Bordeaux;2022-11-21;2022-11;2022-2023;2022-12-06;15;3686.15;0.1;4054.77;Bon payeur;2022-12-21;Payée
FAC-00048;DEV-00126;CLI-0135;Professionnel;Bordeaux;2022-11-07;2022-11;2022-2023;2022-12-07;30;7992.91;0.2;9591.49;Litigieux;2023-02-17;Payée
FAC-00049;DEV-00127;CLI-0063;Particulier;Bordeaux;2022-11-15;2022-11;2022-2023;2022-11-30;15;255.22;0.2;306.26;Standard;2022-12-02;Payée
FAC-00050;DEV-00132;CLI-0036;Particulier;Toulouse;2022-11-22;2022-11;2022-2023;2022-12-07;15;320.63;0.2;384.76;Standard;2022-12-11;Payée
FAC-00051;DEV-00134;CLI-0116;Particulier;Bordeaux;2022-12-01;2022-12;2022-2023;2022-12-16;15;3868.01;0.2;4641.61;Bon payeur;2022-12-02;Payée
FAC-00052;DEV-00135;CLI-0214;Particulier;Toulouse;2022-12-06;2022-12;2022-2023;2022-12-21;15;2616.62;0.1;2878.28;Bon payeur;2022-12-07;Payée
FAC-00053;DEV-00140;CLI-0112;Particulier;Bordeaux;2022-12-14;2022-12;2022-2023;2022-12-29;15;609.29;0.2;731.15;Standard;2022-12-29;Payée
FAC-00054;DEV-00141;CLI-0204;Particulier;Toulouse;2022-12-05;2022-12;2022-2023;2022-12-20;15;282.57;0.2;339.08;Standard;2023-01-18;Payée
FAC-00055;DEV-00143;CLI-0147;Particulier;Bordeaux;2022-12-05;2022-12;2022-2023;2022-12-20;15;1155.19;0.1;1270.71;Litigieux;2023-04-19;Payée
FAC-00056;DEV-00145;CLI-0232;Particulier;Bordeaux;2022-12-05;2022-12;2022-2023;2022-12-20;15;1314.77;0.1;1446.25;Standard;2023-01-05;Payée
FAC-00057;DEV-00147;CLI-0072;Particulier;Bordeaux;2022-11-28;2022-11;2022-2023;2022-12-13;15;8098.41;0.2;9718.09;Bon payeur;2022-11-29;Payée
FAC-00058;DEV-00148;CLI-0230;Professionnel;Bordeaux;2022-12-19;2022-12;2022-2023;2023-01-18;30;2541.66;0.2;3049.99;Bon payeur;2023-01-11;Payée
FAC-00059;DEV-00149;CLI-0222;Particulier;Bordeaux;2022-11-30;2022-11;2022-2023;2022-12-15;15;248.78;0.2;298.54;Bon payeur;2022-12-25;Payée
FAC-00060;DEV-00151;CLI-0059;Particulier;Bordeaux;2022-11-29;2022-11;2022-2023;2022-12-14;15;460.38;0.1;506.42;Bon payeur;2022-12-11;Payée
FAC-00061;DEV-00153;CLI-0137;Particulier;Bordeaux;2022-12-08;2022-12;2022-2023;2022-12-23;15;247.46;0.2;296.95;Standard;2022-12-15;Payée
FAC-00062;DEV-00154;CLI-0173;Particulier;Bordeaux;2022-12-21;2022-12;2022-2023;2023-01-05;15;307.86;0.2;369.43;Bon payeur;2023-01-21;Payée
FAC-00063;DEV-00155;CLI-0067;Professionnel;Bordeaux;2022-12-06;2022-12;2022-2023;2023-01-05;30;1768.44;0.2;2122.13;Standard;2023-01-01;Payée
FAC-00064;DEV-00156;CLI-0201;Particulier;Toulouse;2022-12-22;2022-12;2022-2023;2023-01-06;15;7596.34;0.1;8355.97;Standard;2023-02-08;Payée
FAC-00065;DEV-00160;CLI-0054;Particulier;Bordeaux;2022-12-16;2022-12;2022-2023;2022-12-31;15;4165.81;0.2;4998.97;Standard;2023-01-14;Payée
FAC-00066;DEV-00164;CLI-0009;Particulier;Toulouse;2022-12-23;2022-12;2022-2023;2023-01-07;15;416.01;0.1;457.61;Standard;2022-12-26;Payée
FAC-00067;DEV-00167;CLI-0158;Particulier;Bordeaux;2022-12-19;2022-12;2022-2023;2023-01-03;15;3023.73;0.2;3628.48;Bon payeur;2022-12-25;Payée
FAC-00068;DEV-00170;CLI-0096;Particulier;Bordeaux;2022-12-26;2022-12;2022-2023;2023-01-10;15;4357.31;0.1;4793.04;Standard;2022-12-27;Payée
FAC-00069;DEV-00172;CLI-0088;Particulier;Toulouse;2023-01-17;2023-01;2022-2023;2023-02-01;15;3796.3;0.2;4555.56;Standard;2023-02-09;Payée
FAC-00070;DEV-00174;CLI-0032;Particulier;Toulouse;2022-12-27;2022-12;2022-2023;2023-01-11;15;227.15;0.2;272.58;Standard;2023-01-15;Payée
FAC-00071;DEV-00178;CLI-0119;Particulier;Bordeaux;2023-01-16;2023-01;2022-2023;2023-01-31;15;8548.05;0.1;9402.85;Bon payeur;2023-02-03;Payée
FAC-00072;DEV-00179;CLI-0018;Particulier;Bordeaux;2022-12-30;2022-12;2022-2023;2023-01-14;15;2613.17;0.1;2874.49;Bon payeur;2023-01-24;Payée
FAC-00073;DEV-00180;CLI-0098;Particulier;Bordeaux;2023-01-06;2023-01;2022-2023;2023-01-21;15;8806.73;0.2;10568.08;Bon payeur;2023-01-27;Payée
FAC-00074;DEV-00181;CLI-0012;Particulier;Toulouse;2022-12-28;2022-12;2022-2023;2023-01-12;15;1634.9;0.2;1961.88;Bon payeur;2023-01-25;Payée
FAC-00075;DEV-00182;CLI-0026;Particulier;Bordeaux;2022-12-23;2022-12;2022-2023;2023-01-07;15;263.03;0.2;315.64;Standard;2023-01-07;Payée
FAC-00076;DEV-00185;CLI-0109;Professionnel;Toulouse;2023-01-24;2023-01;2022-2023;2023-02-23;30;6234.87;0.2;7481.84;Standard;2023-02-19;Payée
FAC-00077;DEV-00188;CLI-0138;Particulier;Toulouse;2023-02-01;2023-02;2022-2023;2023-02-16;15;2537.54;0.2;3045.05;Standard;2023-02-13;Payée
FAC-00078;DEV-00189;CLI-0025;Syndic;Bordeaux;2023-01-09;2023-01;2022-2023;2023-03-10;60;481.96;0.2;578.35;Standard;2023-02-10;Payée
FAC-00079;DEV-00193;CLI-0172;Particulier;Bordeaux;2023-01-26;2023-01;2022-2023;2023-02-10;15;14068.34;0.1;15475.17;Bon payeur;2023-01-27;Payée
FAC-00080;DEV-00194;CLI-0090;Particulier;Bordeaux;2022-12-26;2022-12;2022-2023;2023-01-10;15;1112.35;0.1;1223.59;Bon payeur;2022-12-27;Payée
FAC-00081;DEV-00195;CLI-0097;Particulier;Toulouse;2023-01-19;2023-01;2022-2023;2023-02-03;15;11920.52;0.1;13112.57;Standard;2023-01-24;Payée
FAC-00082;DEV-00196;CLI-0139;Particulier;Bordeaux;2023-02-07;2023-02;2022-2023;2023-02-22;15;1342.14;0.1;1476.35;Bon payeur;2023-03-04;Payée
FAC-00083;DEV-00199;CLI-0225;Particulier;Toulouse;2023-01-16;2023-01;2022-2023;2023-01-31;15;2723.02;0.1;2995.32;Standard;2023-02-11;Payée
FAC-00084;DEV-00206;CLI-0134;Particulier;Toulouse;2023-02-20;2023-02;2022-2023;2023-03-07;15;1306.54;0.1;1437.19;Standard;2023-04-01;Payée
FAC-00085;DEV-00207;CLI-0187;Particulier;Bordeaux;2023-01-12;2023-01;2022-2023;2023-01-27;15;231.75;0.2;278.1;Standard;2023-01-17;Payée
FAC-00086;DEV-00211;CLI-0086;Particulier;Toulouse;2023-01-30;2023-01;2022-2023;2023-02-14;15;9607.95;0.2;11529.54;Bon payeur;2023-02-16;Payée
FAC-00087;DEV-00212;CLI-0022;Particulier;Bordeaux;2023-01-27;2023-01;2022-2023;2023-02-11;15;881.66;0.2;1057.99;Standard;2023-02-18;Payée
FAC-00088;DEV-00215;CLI-0123;Particulier;Toulouse;2023-01-09;2023-01;2022-2023;2023-01-24;15;14160.29;0.1;15576.32;Standard;2023-01-25;Payée
FAC-00089;DEV-00216;CLI-0213;Professionnel;Bordeaux;2023-02-21;2023-02;2022-2023;2023-03-23;30;20553.14;0.2;24663.77;Lent;2023-05-22;Payée
FAC-00090;DEV-00217;CLI-0245;Professionnel;Toulouse;2023-02-09;2023-02;2022-2023;2023-03-11;30;18389.13;0.2;22066.96;Standard;2023-02-13;Payée
FAC-00091;DEV-00218;CLI-0089;Particulier;Bordeaux;2023-01-27;2023-01;2022-2023;2023-02-11;15;3076.12;0.2;3691.34;Bon payeur;2023-02-02;Payée
FAC-00092;DEV-00220;CLI-0202;Particulier;Bordeaux;2023-02-06;2023-02;2022-2023;2023-02-21;15;4955.43;0.1;5450.97;Bon payeur;2023-03-07;Payée
FAC-00093;DEV-00222;CLI-0045;Syndic;Bordeaux;2023-02-06;2023-02;2022-2023;2023-04-07;60;807.06;0.2;968.47;Lent;2023-06-05;Payée
FAC-00094;DEV-00226;CLI-0166;Particulier;Bordeaux;2023-01-30;2023-01;2022-2023;2023-02-14;15;163.21;0.1;179.53;Bon payeur;2023-01-31;Payée
FAC-00095;DEV-00229;CLI-0160;Particulier;Bordeaux;2023-02-14;2023-02;2022-2023;2023-03-01;15;465.27;0.1;511.8;Standard;2023-02-20;Payée
FAC-00096;DEV-00232;CLI-0169;Professionnel;Bordeaux;2023-01-30;2023-01;2022-2023;2023-03-01;30;387.44;0.2;464.93;Lent;2023-04-20;Payée
FAC-00097;DEV-00233;CLI-0243;Professionnel;Bordeaux;2023-02-10;2023-02;2022-2023;2023-03-12;30;17576.46;0.2;21091.75;Bon payeur;2023-03-19;Payée
FAC-00098;DEV-00236;CLI-0163;Particulier;Toulouse;2023-02-15;2023-02;2022-2023;2023-03-02;15;775.28;0.1;852.81;Standard;2023-02-27;Payée
FAC-00099;DEV-00241;CLI-0233;Particulier;Toulouse;2023-02-20;2023-02;2022-2023;2023-03-07;15;298.71;0.2;358.45;Lent;2023-03-26;Payée
FAC-00100;DEV-00244;CLI-0124;Particulier;Toulouse;2023-02-14;2023-02;2022-2023;2023-03-01;15;154.71;0.1;170.18;Lent;2023-02-18;Payée
FAC-00101;DEV-00247;CLI-0040;Professionnel;Bordeaux;2023-02-14;2023-02;2022-2023;2023-03-16;30;7573.47;0.2;9088.16;Standard;2023-03-26;Payée
FAC-00102;DEV-00248;CLI-0213;Professionnel;Bordeaux;2023-02-20;2023-02;2022-2023;2023-03-22;30;17581.38;0.2;21097.66;Lent;2023-06-08;Payée
FAC-00103;DEV-00249;CLI-0196;Particulier;Bordeaux;2023-02-28;2023-02;2022-2023;2023-03-15;15;266.75;0.2;320.1;Standard;2023-03-10;Payée
FAC-00104;DEV-00252;CLI-0015;Particulier;Bordeaux;2023-02-21;2023-02;2022-2023;2023-03-08;15;10987.04;0.1;12085.74;Bon payeur;2023-03-12;Payée
FAC-00105;DEV-00253;CLI-0010;Particulier;Bordeaux;2023-03-15;2023-03;2022-2023;2023-03-30;15;6565.05;0.1;7221.56;Bon payeur;2023-04-15;Payée
FAC-00106;DEV-00256;CLI-0176;Professionnel;Toulouse;2023-02-20;2023-02;2022-2023;2023-03-22;30;17871.36;0.2;21445.63;Bon payeur;2023-04-02;Payée
FAC-00107;DEV-00257;CLI-0206;Syndic;Toulouse;2023-03-14;2023-03;2022-2023;2023-05-13;60;29471.58;0.2;35365.9;Bon payeur;2023-05-03;Payée
FAC-00108;DEV-00258;CLI-0054;Particulier;Bordeaux;2023-03-16;2023-03;2022-2023;2023-03-31;15;509.59;0.2;611.51;Standard;2023-04-05;Payée
FAC-00109;DEV-00261;CLI-0091;Particulier;Bordeaux;2023-02-16;2023-02;2022-2023;2023-03-03;15;390.31;0.2;468.37;Bon payeur;2023-02-19;Payée
FAC-00110;DEV-00264;CLI-0145;Collectivité;Bordeaux;2023-03-14;2023-03;2022-2023;2023-04-28;45;904.75;0.2;1085.7;Bon payeur;2023-03-28;Payée
FAC-00111;DEV-00268;CLI-0095;Particulier;Bordeaux;2023-03-13;2023-03;2022-2023;2023-03-28;15;6218.39;0.1;6840.23;Standard;2023-03-14;Payée
FAC-00112;DEV-00269;CLI-0118;Particulier;Toulouse;2023-03-13;2023-03;2022-2023;2023-03-28;15;3831.84;0.1;4215.02;Bon payeur;2023-03-14;Payée
FAC-00113;DEV-00270;CLI-0231;Professionnel;Bordeaux;2023-02-13;2023-02;2022-2023;2023-03-15;30;1993.88;0.2;2392.66;Bon payeur;2023-03-20;Payée
FAC-00114;DEV-00271;CLI-0139;Particulier;Bordeaux;2023-03-13;2023-03;2022-2023;2023-03-28;15;241.05;0.2;289.26;Bon payeur;2023-04-10;Payée
FAC-00115;DEV-00273;CLI-0052;Particulier;Toulouse;2023-03-10;2023-03;2022-2023;2023-03-25;15;286.48;0.2;343.78;Standard;2023-03-16;Payée
FAC-00116;DEV-00276;CLI-0117;Particulier;Toulouse;2023-04-03;2023-04;2022-2023;2023-04-18;15;1308.28;0.1;1439.11;Standard;2023-04-07;Payée
FAC-00117;DEV-00277;CLI-0016;Particulier;Bordeaux;2023-04-14;2023-04;2022-2023;2023-04-29;15;655.3;0.1;720.83;Standard;2023-04-16;Payée
FAC-00118;DEV-00280;CLI-0107;Particulier;Toulouse;2023-03-20;2023-03;2022-2023;2023-04-04;15;612.32;0.2;734.78;Standard;2023-03-27;Payée
FAC-00119;DEV-00281;CLI-0255;Particulier;Bordeaux;2023-03-14;2023-03;2022-2023;2023-03-29;15;697.97;0.1;767.77;Lent;2023-06-26;Payée
FAC-00120;DEV-00283;CLI-0143;Particulier;Toulouse;2023-03-10;2023-03;2022-2023;2023-03-25;15;267.3;0.2;320.76;Bon payeur;2023-03-11;Payée
FAC-00121;DEV-00286;CLI-0121;Syndic;Toulouse;2023-03-20;2023-03;2022-2023;2023-05-19;60;693.68;0.2;832.42;Bon payeur;2023-05-30;Payée
FAC-00122;DEV-00287;CLI-0257;Professionnel;Toulouse;2023-03-27;2023-03;2022-2023;2023-04-26;30;5808.77;0.2;6970.52;Bon payeur;2023-03-28;Payée
FAC-00123;DEV-00292;CLI-0247;Professionnel;Bordeaux;2023-04-04;2023-04;2022-2023;2023-05-04;30;14856.8;0.2;17828.16;Lent;2023-04-05;Payée
FAC-00124;DEV-00294;CLI-0164;Particulier;Toulouse;2023-03-27;2023-03;2022-2023;2023-04-11;15;717.0;0.2;860.4;Standard;2023-05-03;Payée
FAC-00125;DEV-00303;CLI-0138;Particulier;Toulouse;2023-03-15;2023-03;2022-2023;2023-03-30;15;11530.18;0.1;12683.2;Standard;2023-04-18;Payée
FAC-00126;DEV-00305;CLI-0116;Particulier;Bordeaux;2023-03-29;2023-03;2022-2023;2023-04-13;15;199.77;0.2;239.72;Bon payeur;2023-03-30;Payée
FAC-00127;DEV-00311;CLI-0265;Particulier;Bordeaux;2023-05-11;2023-05;2022-2023;2023-05-26;15;806.58;0.1;887.24;Standard;2023-06-04;Payée
FAC-00128;DEV-00312;CLI-0154;Particulier;Bordeaux;2023-04-10;2023-04;2022-2023;2023-04-25;15;790.67;0.2;948.8;Bon payeur;2023-05-01;Payée
FAC-00129;DEV-00316;CLI-0034;Particulier;Toulouse;2023-04-10;2023-04;2022-2023;2023-04-25;15;9918.55;0.2;11902.26;Bon payeur;2023-04-11;Payée
FAC-00130;DEV-00317;CLI-0016;Particulier;Bordeaux;2023-05-04;2023-05;2022-2023;2023-05-19;15;412.75;0.1;454.03;Standard;2023-05-29;Payée
FAC-00131;DEV-00318;CLI-0007;Particulier;Toulouse;2023-04-12;2023-04;2022-2023;2023-04-27;15;253.62;0.2;304.34;Standard;2023-05-10;Payée
FAC-00132;DEV-00320;CLI-0068;Particulier;Bordeaux;2023-04-07;2023-04;2022-2023;2023-04-22;15;245.22;0.2;294.26;Bon payeur;2023-04-26;Payée
FAC-00133;DEV-00326;CLI-0195;Particulier;Bordeaux;2023-04-10;2023-04;2022-2023;2023-04-25;15;9312.0;0.1;10243.2;Bon payeur;2023-04-21;Payée
FAC-00134;DEV-00329;CLI-0066;Professionnel;Toulouse;2023-04-24;2023-04;2022-2023;2023-05-24;30;6437.88;0.2;7725.46;Bon payeur;2023-05-20;Payée
FAC-00135;DEV-00333;CLI-0172;Particulier;Bordeaux;2023-04-05;2023-04;2022-2023;2023-04-20;15;1386.51;0.1;1525.16;Bon payeur;2023-04-14;Payée
FAC-00136;DEV-00335;CLI-0132;Particulier;Toulouse;2023-05-08;2023-05;2022-2023;2023-05-23;15;3810.21;0.1;4191.23;Bon payeur;2023-05-23;Payée
FAC-00137;DEV-00336;CLI-0139;Particulier;Bordeaux;2023-05-01;2023-05;2022-2023;2023-05-16;15;821.39;0.2;985.67;Bon payeur;2023-05-02;Payée
FAC-00138;DEV-00337;CLI-0137;Particulier;Bordeaux;2023-05-02;2023-05;2022-2023;2023-05-17;15;2925.98;0.2;3511.18;Standard;2023-05-21;Payée
FAC-00139;DEV-00338;CLI-0085;Particulier;Toulouse;2023-03-30;2023-03;2022-2023;2023-04-14;15;5703.91;0.1;6274.3;Lent;2023-06-30;Payée
FAC-00140;DEV-00339;CLI-0209;Particulier;Toulouse;2023-04-24;2023-04;2022-2023;2023-05-09;15;8696.92;0.2;10436.3;Standard;2023-05-05;Payée
FAC-00141;DEV-00341;CLI-0008;Particulier;Toulouse;2023-04-24;2023-04;2022-2023;2023-05-09;15;366.81;0.2;440.17;Bon payeur;2023-04-25;Payée
FAC-00142;DEV-00342;CLI-0200;Particulier;Bordeaux;2023-05-10;2023-05;2022-2023;2023-05-25;15;3745.62;0.1;4120.18;Standard;2023-05-13;Payée
FAC-00143;DEV-00344;CLI-0059;Particulier;Bordeaux;2023-05-18;2023-05;2022-2023;2023-06-02;15;208.74;0.2;250.49;Bon payeur;2023-05-28;Payée
FAC-00144;DEV-00347;CLI-0189;Professionnel;Bordeaux;2023-05-08;2023-05;2022-2023;2023-06-07;30;2766.06;0.2;3319.27;Lent;2023-07-20;Payée
FAC-00145;DEV-00349;CLI-0121;Syndic;Toulouse;2023-05-26;2023-05;2022-2023;2023-07-25;60;22675.9;0.2;27211.08;Bon payeur;2023-07-07;Payée
FAC-00146;DEV-00351;CLI-0188;Particulier;Bordeaux;2023-05-15;2023-05;2022-2023;2023-05-30;15;1514.19;0.2;1817.03;Standard;2023-05-22;Payée
FAC-00147;DEV-00352;CLI-0235;Particulier;Toulouse;2023-04-28;2023-04;2022-2023;2023-05-13;15;5993.68;0.1;6593.05;Lent;2023-04-29;Payée
FAC-00148;DEV-00353;CLI-0142;Particulier;Bordeaux;2023-05-15;2023-05;2022-2023;2023-05-30;15;447.47;0.1;492.22;Standard;2023-06-27;Payée
FAC-00149;DEV-00354;CLI-0206;Syndic;Toulouse;2023-05-04;2023-05;2022-2023;2023-07-03;60;3779.9;0.2;4535.88;Bon payeur;2023-06-29;Payée
FAC-00150;DEV-00355;CLI-0253;Particulier;Bordeaux;2023-04-24;2023-04;2022-2023;2023-05-09;15;10471.63;0.2;12565.96;Bon payeur;2023-04-28;Payée
FAC-00151;DEV-00356;CLI-0026;Particulier;Bordeaux;2023-04-28;2023-04;2022-2023;2023-05-13;15;3420.64;0.1;3762.7;Standard;2023-05-22;Payée
FAC-00152;DEV-00360;CLI-0196;Particulier;Bordeaux;2023-05-26;2023-05;2022-2023;2023-06-10;15;308.32;0.2;369.98;Standard;2023-06-09;Payée
FAC-00153;DEV-00361;CLI-0267;Particulier;Bordeaux;2023-05-10;2023-05;2022-2023;2023-05-25;15;2223.29;0.1;2445.62;Bon payeur;2023-05-14;Payée
FAC-00154;DEV-00364;CLI-0221;Particulier;Bordeaux;2023-05-08;2023-05;2022-2023;2023-05-23;15;4019.02;0.1;4420.92;Lent;2023-07-13;Payée
FAC-00155;DEV-00366;CLI-0075;Syndic;Toulouse;2023-05-12;2023-05;2022-2023;2023-07-11;60;517.06;0.2;620.47;Litigieux;;En retard
FAC-00156;DEV-00368;CLI-0258;Professionnel;Bordeaux;2023-05-02;2023-05;2022-2023;2023-06-01;30;5174.9;0.2;6209.88;Standard;2023-06-01;Payée
FAC-00157;DEV-00369;CLI-0027;Particulier;Toulouse;2023-05-23;2023-05;2022-2023;2023-06-07;15;8898.65;0.2;10678.38;Bon payeur;2023-05-24;Payée
FAC-00158;DEV-00370;CLI-0258;Professionnel;Bordeaux;2023-06-26;2023-06;2022-2023;2023-07-26;30;5655.53;0.2;6786.64;Standard;2023-08-03;Payée
FAC-00159;DEV-00373;CLI-0197;Particulier;Bordeaux;2023-06-05;2023-06;2022-2023;2023-06-20;15;3476.87;0.1;3824.56;Bon payeur;2023-06-26;Payée
FAC-00160;DEV-00376;CLI-0238;Particulier;Bordeaux;2023-05-16;2023-05;2022-2023;2023-05-31;15;347.89;0.2;417.47;Lent;2023-07-15;Payée
FAC-00161;DEV-00379;CLI-0202;Particulier;Bordeaux;2023-06-02;2023-06;2022-2023;2023-06-17;15;9421.98;0.1;10364.18;Bon payeur;2023-06-18;Payée
FAC-00162;DEV-00382;CLI-0163;Particulier;Toulouse;2023-06-12;2023-06;2022-2023;2023-06-27;15;1803.21;0.2;2163.85;Standard;2023-07-24;Payée
FAC-00163;DEV-00384;CLI-0153;Particulier;Bordeaux;2023-05-16;2023-05;2022-2023;2023-05-31;15;1288.68;0.1;1417.55;Standard;2023-05-17;Payée
FAC-00164;DEV-00386;CLI-0162;Particulier;Bordeaux;2023-05-16;2023-05;2022-2023;2023-05-31;15;9318.99;0.2;11182.79;Standard;2023-06-07;Payée
FAC-00165;DEV-00387;CLI-0154;Particulier;Bordeaux;2023-05-19;2023-05;2022-2023;2023-06-03;15;639.78;0.2;767.74;Bon payeur;2023-05-20;Payée
FAC-00166;DEV-00388;CLI-0276;Professionnel;Bordeaux;2023-06-06;2023-06;2022-2023;2023-07-06;30;445.12;0.2;534.14;Litigieux;2023-09-30;Payée
FAC-00167;DEV-00389;CLI-0023;Particulier;Toulouse;2023-06-23;2023-06;2022-2023;2023-07-08;15;6934.73;0.1;7628.2;Bon payeur;2023-07-07;Payée
FAC-00168;DEV-00391;CLI-0088;Particulier;Toulouse;2023-05-26;2023-05;2022-2023;2023-06-10;15;236.76;0.2;284.11;Standard;2023-06-08;Payée
FAC-00169;DEV-00393;CLI-0205;Professionnel;Bordeaux;2023-06-19;2023-06;2022-2023;2023-07-19;30;503.04;0.2;603.65;Standard;2023-07-08;Payée
FAC-00170;DEV-00394;CLI-0167;Particulier;Toulouse;2023-05-17;2023-05;2022-2023;2023-06-01;15;3333.02;0.1;3666.32;Bon payeur;2023-05-18;Payée
FAC-00171;DEV-00397;CLI-0190;Particulier;Toulouse;2023-06-08;2023-06;2022-2023;2023-06-23;15;3257.64;0.2;3909.17;Standard;2023-06-09;Payée
FAC-00172;DEV-00399;CLI-0126;Particulier;Bordeaux;2023-06-07;2023-06;2022-2023;2023-06-22;15;3178.8;0.1;3496.68;Standard;2023-07-01;Payée
FAC-00173;DEV-00405;CLI-0275;Professionnel;Bordeaux;2023-05-24;2023-05;2022-2023;2023-06-23;30;20902.62;0.2;25083.14;Litigieux;2023-10-14;Payée
FAC-00174;DEV-00406;CLI-0270;Particulier;Bordeaux;2023-07-03;2023-07;2023-2024;2023-07-18;15;5392.59;0.1;5931.85;Bon payeur;2023-07-30;Payée
FAC-00175;DEV-00407;CLI-0169;Professionnel;Bordeaux;2023-06-12;2023-06;2022-2023;2023-07-12;30;1977.51;0.2;2373.01;Lent;2023-11-30;Payée
FAC-00176;DEV-00408;CLI-0104;Particulier;Toulouse;2023-06-16;2023-06;2022-2023;2023-07-01;15;6003.41;0.1;6603.75;Bon payeur;2023-06-19;Payée
FAC-00177;DEV-00409;CLI-0272;Professionnel;Toulouse;2023-06-01;2023-06;2022-2023;2023-07-01;30;687.44;0.2;824.93;Standard;2023-08-07;Payée
FAC-00178;DEV-00410;CLI-0045;Syndic;Bordeaux;2023-07-24;2023-07;2023-2024;2023-09-22;60;456.92;0.2;548.3;Lent;2024-02-22;Payée
FAC-00179;DEV-00414;CLI-0213;Professionnel;Bordeaux;2023-05-31;2023-05;2022-2023;2023-06-30;30;4222.96;0.2;5067.55;Lent;2023-06-01;Payée
FAC-00180;DEV-00415;CLI-0165;Particulier;Bordeaux;2023-06-22;2023-06;2022-2023;2023-07-07;15;420.01;0.1;462.01;Lent;2023-07-05;Payée
FAC-00181;DEV-00417;CLI-0176;Professionnel;Toulouse;2023-06-07;2023-06;2022-2023;2023-07-07;30;5984.3;0.2;7181.16;Bon payeur;2023-07-07;Payée
FAC-00182;DEV-00420;CLI-0085;Particulier;Toulouse;2023-07-03;2023-07;2023-2024;2023-07-18;15;774.38;0.1;851.82;Lent;2023-09-09;Payée
FAC-00183;DEV-00422;CLI-0133;Syndic;Bordeaux;2023-07-18;2023-07;2023-2024;2023-09-16;60;3062.22;0.2;3674.66;Lent;2023-09-22;Payée
FAC-00184;DEV-00425;CLI-0141;Particulier;Bordeaux;2023-06-08;2023-06;2022-2023;2023-06-23;15;6198.18;0.1;6818.0;Bon payeur;2023-07-14;Payée
FAC-00185;DEV-00430;CLI-0239;Particulier;Bordeaux;2023-07-03;2023-07;2023-2024;2023-07-18;15;1208.9;0.1;1329.79;Standard;2023-07-25;Payée
FAC-00186;DEV-00433;CLI-0050;Particulier;Toulouse;2023-06-28;2023-06;2022-2023;2023-07-13;15;1127.4;0.1;1240.14;Standard;2023-06-29;Payée
FAC-00187;DEV-00434;CLI-0142;Particulier;Bordeaux;2023-07-31;2023-07;2023-2024;2023-08-15;15;3908.86;0.1;4299.75;Standard;2023-08-05;Payée
FAC-00188;DEV-00435;CLI-0081;Particulier;Bordeaux;2023-06-14;2023-06;2022-2023;2023-06-29;15;3451.06;0.1;3796.17;Standard;2023-06-30;Payée
FAC-00189;DEV-00436;CLI-0068;Particulier;Bordeaux;2023-06-19;2023-06;2022-2023;2023-07-04;15;327.39;0.2;392.87;Bon payeur;2023-07-02;Payée
FAC-00190;DEV-00437;CLI-0120;Particulier;Toulouse;2023-06-12;2023-06;2022-2023;2023-06-27;15;664.27;0.1;730.7;Lent;2023-06-30;Payée
FAC-00191;DEV-00439;CLI-0159;Syndic;Bordeaux;2023-07-24;2023-07;2023-2024;2023-09-22;60;2523.36;0.2;3028.03;Lent;2023-11-07;Payée
FAC-00192;DEV-00440;CLI-0112;Particulier;Bordeaux;2023-06-27;2023-06;2022-2023;2023-07-12;15;366.84;0.2;440.21;Standard;2023-07-12;Payée
FAC-00193;DEV-00441;CLI-0109;Professionnel;Toulouse;2023-07-17;2023-07;2023-2024;2023-08-16;30;800.41;0.2;960.49;Standard;2023-07-28;Payée
FAC-00194;DEV-00445;CLI-0300;Professionnel;Toulouse;2023-06-20;2023-06;2022-2023;2023-07-20;30;575.49;0.2;690.59;Litigieux;2023-09-17;Payée
FAC-00195;DEV-00446;CLI-0247;Professionnel;Bordeaux;2023-07-24;2023-07;2023-2024;2023-08-23;30;7078.81;0.2;8494.57;Lent;2023-07-25;Payée
FAC-00196;DEV-00450;CLI-0225;Particulier;Toulouse;2023-06-12;2023-06;2022-2023;2023-06-27;15;1099.92;0.1;1209.91;Standard;2023-06-13;Payée
FAC-00197;DEV-00451;CLI-0184;Particulier;Toulouse;2023-06-27;2023-06;2022-2023;2023-07-12;15;6763.31;0.1;7439.64;Lent;2023-06-29;Payée
FAC-00198;DEV-00455;CLI-0240;Syndic;Bordeaux;2023-07-07;2023-07;2023-2024;2023-09-05;60;3935.86;0.2;4723.03;Standard;2023-09-23;Payée
FAC-00199;DEV-00456;CLI-0032;Particulier;Toulouse;2023-07-10;2023-07;2023-2024;2023-07-25;15;3014.14;0.2;3616.97;Standard;2023-08-01;Payée
FAC-00200;DEV-00466;CLI-0132;Particulier;Toulouse;2023-07-17;2023-07;2023-2024;2023-08-01;15;1354.45;0.1;1489.9;Bon payeur;2023-08-20;Payée
FAC-00201;DEV-00468;CLI-0253;Particulier;Bordeaux;2023-07-31;2023-07;2023-2024;2023-08-15;15;2928.27;0.1;3221.1;Bon payeur;2023-08-03;Payée
FAC-00202;DEV-00471;CLI-0027;Particulier;Toulouse;2023-07-03;2023-07;2023-2024;2023-07-18;15;3437.44;0.1;3781.18;Bon payeur;2023-07-04;Payée
FAC-00203;DEV-00474;CLI-0241;Particulier;Toulouse;2023-07-03;2023-07;2023-2024;2023-07-18;15;1419.59;0.1;1561.55;Bon payeur;2023-07-19;Payée
FAC-00204;DEV-00475;CLI-0060;Particulier;Toulouse;2023-08-07;2023-08;2023-2024;2023-08-22;15;1195.4;0.1;1314.94;Standard;2023-09-03;Payée
FAC-00205;DEV-00478;CLI-0239;Particulier;Bordeaux;2023-07-31;2023-07;2023-2024;2023-08-15;15;3126.13;0.1;3438.74;Standard;2023-08-08;Payée
FAC-00206;DEV-00479;CLI-0206;Syndic;Toulouse;2023-07-10;2023-07;2023-2024;2023-09-08;60;3998.27;0.2;4797.92;Bon payeur;2023-08-26;Payée
FAC-00207;DEV-00483;CLI-0001;Professionnel;Bordeaux;2023-07-12;2023-07;2023-2024;2023-08-11;30;5432.17;0.2;6518.6;Lent;2023-07-26;Payée
FAC-00208;DEV-00486;CLI-0125;Particulier;Toulouse;2023-08-03;2023-08;2023-2024;2023-08-18;15;4415.79;0.1;4857.37;Lent;2023-08-04;Payée
FAC-00209;DEV-00489;CLI-0289;Particulier;Bordeaux;2023-08-11;2023-08;2023-2024;2023-08-26;15;1223.96;0.1;1346.36;Lent;2023-12-13;Payée
FAC-00210;DEV-00490;CLI-0320;Particulier;Bordeaux;2023-08-08;2023-08;2023-2024;2023-08-23;15;288.28;0.2;345.94;Bon payeur;2023-08-13;Payée
FAC-00211;DEV-00491;CLI-0129;Professionnel;Toulouse;2023-08-11;2023-08;2023-2024;2023-09-10;30;716.76;0.2;860.11;Bon payeur;2023-09-02;Payée
FAC-00212;DEV-00492;CLI-0257;Professionnel;Toulouse;2023-07-28;2023-07;2023-2024;2023-08-27;30;17894.88;0.2;21473.86;Bon payeur;2023-08-27;Payée
FAC-00213;DEV-00496;CLI-0020;Particulier;Bordeaux;2023-08-17;2023-08;2023-2024;2023-09-01;15;14844.85;0.1;16329.34;Standard;2023-08-28;Payée
FAC-00214;DEV-00499;CLI-0263;Syndic;Bordeaux;2023-08-09;2023-08;2023-2024;2023-10-08;60;2492.86;0.2;2991.43;Standard;2023-11-05;Payée
FAC-00215;DEV-00500;CLI-0290;Particulier;Toulouse;2023-08-09;2023-08;2023-2024;2023-08-24;15;1042.77;0.1;1147.05;Bon payeur;2023-09-10;Payée
FAC-00216;DEV-00504;CLI-0081;Particulier;Bordeaux;2023-09-07;2023-09;2023-2024;2023-09-22;15;282.58;0.2;339.1;Standard;2023-09-27;Payée
FAC-00217;DEV-00505;CLI-0288;Particulier;Toulouse;2023-07-27;2023-07;2023-2024;2023-08-11;15;4000.3;0.1;4400.33;Bon payeur;2023-07-28;Payée
FAC-00218;DEV-00506;CLI-0200;Particulier;Bordeaux;2023-08-10;2023-08;2023-2024;2023-08-25;15;1511.21;0.2;1813.45;Standard;2023-08-11;Payée
FAC-00219;DEV-00507;CLI-0209;Particulier;Toulouse;2023-08-04;2023-08;2023-2024;2023-08-19;15;323.57;0.2;388.28;Standard;2023-08-20;Payée
FAC-00220;DEV-00509;CLI-0126;Particulier;Bordeaux;2023-08-21;2023-08;2023-2024;2023-09-05;15;307.84;0.2;369.41;Standard;2023-08-22;Payée
FAC-00221;DEV-00510;CLI-0026;Particulier;Bordeaux;2023-08-18;2023-08;2023-2024;2023-09-02;15;1469.52;0.2;1763.42;Standard;2023-09-05;Payée
FAC-00222;DEV-00513;CLI-0208;Particulier;Bordeaux;2023-08-07;2023-08;2023-2024;2023-08-22;15;204.36;0.2;245.23;Standard;2023-08-11;Payée
FAC-00223;DEV-00520;CLI-0062;Particulier;Toulouse;2023-08-28;2023-08;2023-2024;2023-09-12;15;8327.22;0.2;9992.66;Bon payeur;2023-08-29;Payée
FAC-00224;DEV-00522;CLI-0175;Particulier;Toulouse;2023-09-21;2023-09;2023-2024;2023-10-06;15;1722.78;0.2;2067.34;Bon payeur;2023-10-01;Payée
FAC-00225;DEV-00523;CLI-0165;Particulier;Bordeaux;2023-09-07;2023-09;2023-2024;2023-09-22;15;1207.76;0.1;1328.54;Lent;2023-09-08;Payée
FAC-00226;DEV-00525;CLI-0243;Professionnel;Bordeaux;2023-08-29;2023-08;2023-2024;2023-09-28;30;665.08;0.2;798.1;Bon payeur;2023-09-28;Payée
FAC-00227;DEV-00528;CLI-0169;Professionnel;Bordeaux;2023-08-21;2023-08;2023-2024;2023-09-20;30;959.32;0.2;1151.18;Lent;2023-11-03;Payée
FAC-00228;DEV-00532;CLI-0212;Professionnel;Bordeaux;2023-08-24;2023-08;2023-2024;2023-09-23;30;4997.74;0.2;5997.29;Standard;2023-09-04;Payée
FAC-00229;DEV-00535;CLI-0223;Particulier;Bordeaux;2023-08-17;2023-08;2023-2024;2023-09-01;15;10500.01;0.1;11550.01;Standard;2023-09-05;Payée
FAC-00230;DEV-00536;CLI-0222;Particulier;Bordeaux;2023-08-28;2023-08;2023-2024;2023-09-12;15;400.55;0.1;440.61;Bon payeur;2023-09-03;Payée
FAC-00231;DEV-00542;CLI-0092;Particulier;Toulouse;2023-09-22;2023-09;2023-2024;2023-10-07;15;1119.8;0.1;1231.78;Standard;2023-10-07;Payée
FAC-00232;DEV-00544;CLI-0176;Professionnel;Toulouse;2023-09-05;2023-09;2023-2024;2023-10-05;30;6312.86;0.2;7575.43;Bon payeur;2023-09-17;Payée
FAC-00233;DEV-00546;CLI-0118;Particulier;Toulouse;2023-09-13;2023-09;2023-2024;2023-09-28;15;12397.16;0.1;13636.88;Bon payeur;2023-09-23;Payée
FAC-00234;DEV-00550;CLI-0248;Particulier;Bordeaux;2023-08-28;2023-08;2023-2024;2023-09-12;15;621.81;0.2;746.17;Bon payeur;2023-09-04;Payée
FAC-00235;DEV-00551;CLI-0327;Professionnel;Toulouse;2023-09-13;2023-09;2023-2024;2023-10-13;30;2206.57;0.2;2647.88;Standard;2023-09-14;Payée
FAC-00236;DEV-00554;CLI-0034;Particulier;Toulouse;2023-09-08;2023-09;2023-2024;2023-09-23;15;1364.84;0.2;1637.81;Bon payeur;2023-09-26;Payée
FAC-00237;DEV-00555;CLI-0091;Particulier;Bordeaux;2023-09-27;2023-09;2023-2024;2023-10-12;15;9225.37;0.2;11070.44;Bon payeur;2023-09-28;Payée
FAC-00238;DEV-00559;CLI-0207;Particulier;Toulouse;2023-09-01;2023-09;2023-2024;2023-09-16;15;249.44;0.2;299.33;Litigieux;;En retard
FAC-00239;DEV-00561;CLI-0304;Professionnel;Toulouse;2023-10-02;2023-10;2023-2024;2023-11-01;30;744.42;0.2;893.3;Lent;2024-01-21;Payée
FAC-00240;DEV-00568;CLI-0159;Syndic;Bordeaux;2023-09-18;2023-09;2023-2024;2023-11-17;60;17516.6;0.2;21019.92;Lent;2023-12-21;Payée
FAC-00241;DEV-00569;CLI-0064;Professionnel;Toulouse;2023-09-01;2023-09;2023-2024;2023-10-01;30;807.4;0.2;968.88;Standard;2023-09-30;Payée
FAC-00242;DEV-00572;CLI-0129;Professionnel;Toulouse;2023-09-20;2023-09;2023-2024;2023-10-20;30;18191.16;0.2;21829.39;Bon payeur;2023-10-30;Payée
FAC-00243;DEV-00573;CLI-0248;Particulier;Bordeaux;2023-09-25;2023-09;2023-2024;2023-10-10;15;351.01;0.2;421.21;Bon payeur;2023-10-10;Payée
FAC-00244;DEV-00574;CLI-0183;Particulier;Bordeaux;2023-10-12;2023-10;2023-2024;2023-10-27;15;13394.09;0.1;14733.5;Bon payeur;2023-11-13;Payée
FAC-00245;DEV-00578;CLI-0055;Professionnel;Bordeaux;2023-10-10;2023-10;2023-2024;2023-11-09;30;683.83;0.2;820.6;Standard;2023-11-03;Payée
FAC-00246;DEV-00581;CLI-0174;Professionnel;Bordeaux;2023-09-22;2023-09;2023-2024;2023-10-22;30;796.69;0.2;956.03;Bon payeur;2023-09-30;Payée
FAC-00247;DEV-00583;CLI-0135;Professionnel;Bordeaux;2023-09-28;2023-09;2023-2024;2023-10-28;30;2618.7;0.2;3142.44;Litigieux;2024-03-29;Payée
FAC-00248;DEV-00587;CLI-0031;Professionnel;Bordeaux;2023-09-13;2023-09;2023-2024;2023-10-13;30;2468.07;0.2;2961.68;Standard;2023-10-11;Payée
FAC-00249;DEV-00588;CLI-0078;Collectivité;Toulouse;2023-10-17;2023-10;2023-2024;2023-12-01;45;3028.79;0.2;3634.55;Lent;2023-12-29;Payée
FAC-00250;DEV-00589;CLI-0137;Particulier;Bordeaux;2023-09-25;2023-09;2023-2024;2023-10-10;15;7776.25;0.1;8553.88;Standard;2023-10-14;Payée
FAC-00251;DEV-00590;CLI-0056;Particulier;Bordeaux;2023-10-02;2023-10;2023-2024;2023-10-17;15;1160.07;0.1;1276.08;Standard;2023-10-03;Payée
FAC-00252;DEV-00593;CLI-0303;Particulier;Bordeaux;2023-09-29;2023-09;2023-2024;2023-10-14;15;3074.66;0.2;3689.59;Standard;2023-10-13;Payée
FAC-00253;DEV-00599;CLI-0206;Syndic;Toulouse;2023-10-23;2023-10;2023-2024;2023-12-22;60;20090.92;0.2;24109.1;Bon payeur;2023-11-30;Payée
FAC-00254;DEV-00600;CLI-0015;Particulier;Bordeaux;2023-10-12;2023-10;2023-2024;2023-10-27;15;1485.02;0.2;1782.02;Bon payeur;2023-10-28;Payée
FAC-00255;DEV-00602;CLI-0298;Particulier;Toulouse;2023-11-06;2023-11;2023-2024;2023-11-21;15;271.13;0.2;325.36;Standard;2023-11-26;Payée
FAC-00256;DEV-00604;CLI-0116;Particulier;Bordeaux;2023-10-09;2023-10;2023-2024;2023-10-24;15;325.34;0.2;390.41;Bon payeur;2023-11-07;Payée
FAC-00257;DEV-00605;CLI-0033;Syndic;Bordeaux;2023-09-25;2023-09;2023-2024;2023-11-24;60;752.53;0.2;903.04;Litigieux;2024-03-29;Payée
FAC-00258;DEV-00607;CLI-0068;Particulier;Bordeaux;2023-10-17;2023-10;2023-2024;2023-11-01;15;262.8;0.2;315.36;Bon payeur;2023-10-22;Payée
FAC-00259;DEV-00611;CLI-0324;Particulier;Bordeaux;2023-10-02;2023-10;2023-2024;2023-10-17;15;142.47;0.1;156.72;Litigieux;2024-04-06;Payée
FAC-00260;DEV-00613;CLI-0254;Particulier;Toulouse;2023-10-19;2023-10;2023-2024;2023-11-03;15;2910.42;0.1;3201.46;Standard;2023-10-20;Payée
FAC-00261;DEV-00616;CLI-0200;Particulier;Bordeaux;2023-10-11;2023-10;2023-2024;2023-10-26;15;375.81;0.2;450.97;Standard;2023-10-21;Payée
FAC-00262;DEV-00618;CLI-0114;Particulier;Bordeaux;2023-11-09;2023-11;2023-2024;2023-11-24;15;1204.19;0.1;1324.61;Bon payeur;2023-12-02;Payée
FAC-00263;DEV-00620;CLI-0147;Particulier;Bordeaux;2023-10-10;2023-10;2023-2024;2023-10-25;15;1081.22;0.1;1189.34;Litigieux;2024-04-29;Payée
FAC-00264;DEV-00621;CLI-0253;Particulier;Bordeaux;2023-10-13;2023-10;2023-2024;2023-10-28;15;2568.02;0.1;2824.82;Bon payeur;2023-10-22;Payée
FAC-00265;DEV-00623;CLI-0220;Particulier;Bordeaux;2023-10-23;2023-10;2023-2024;2023-11-07;15;2556.03;0.1;2811.63;Standard;2023-11-11;Payée
FAC-00266;DEV-00624;CLI-0278;Particulier;Bordeaux;2023-11-07;2023-11;2023-2024;2023-11-22;15;245.21;0.2;294.25;Standard;2023-11-08;Payée
FAC-00267;DEV-00629;CLI-0121;Syndic;Toulouse;2023-10-27;2023-10;2023-2024;2023-12-26;60;6672.18;0.2;8006.62;Bon payeur;2023-12-27;Payée
FAC-00268;DEV-00631;CLI-0112;Particulier;Bordeaux;2023-10-10;2023-10;2023-2024;2023-10-25;15;2975.58;0.2;3570.7;Standard;2023-10-15;Payée
FAC-00269;DEV-00634;CLI-0133;Syndic;Bordeaux;2023-10-19;2023-10;2023-2024;2023-12-18;60;592.02;0.2;710.42;Lent;2024-02-19;Payée
FAC-00270;DEV-00636;CLI-0156;Particulier;Bordeaux;2023-11-17;2023-11;2023-2024;2023-12-02;15;5801.57;0.1;6381.73;Bon payeur;2023-11-25;Payée
FAC-00271;DEV-00637;CLI-0113;Professionnel;Bordeaux;2023-11-15;2023-11;2023-2024;2023-12-15;30;506.99;0.2;608.39;Lent;2023-12-22;Payée
FAC-00272;DEV-00644;CLI-0042;Particulier;Bordeaux;2023-11-15;2023-11;2023-2024;2023-11-30;15;801.51;0.1;881.66;Standard;2023-11-16;Payée
FAC-00273;DEV-00645;CLI-0212;Professionnel;Bordeaux;2023-11-01;2023-11;2023-2024;2023-12-01;30;17552.04;0.2;21062.45;Standard;2023-12-10;Payée
FAC-00274;DEV-00647;CLI-0090;Particulier;Bordeaux;2023-11-13;2023-11;2023-2024;2023-11-28;15;160.7;0.1;176.77;Bon payeur;2023-11-24;Payée
FAC-00275;DEV-00648;CLI-0070;Particulier;Toulouse;2023-11-22;2023-11;2023-2024;2023-12-07;15;3985.01;0.2;4782.01;Bon payeur;2023-11-23;Payée
FAC-00276;DEV-00650;CLI-0063;Particulier;Bordeaux;2023-11-16;2023-11;2023-2024;2023-12-01;15;1669.7;0.2;2003.64;Standard;2023-12-14;Payée
FAC-00277;DEV-00653;CLI-0186;Particulier;Bordeaux;2023-11-14;2023-11;2023-2024;2023-11-29;15;1223.06;0.1;1345.37;Bon payeur;2023-11-15;Payée
FAC-00278;DEV-00656;CLI-0329;Particulier;Bordeaux;2023-12-15;2023-12;2023-2024;2023-12-30;15;2481.46;0.1;2729.61;Standard;2024-02-10;Payée
FAC-00279;DEV-00664;CLI-0065;Particulier;Bordeaux;2023-12-04;2023-12;2023-2024;2023-12-19;15;335.45;0.2;402.54;Litigieux;;En retard
FAC-00280;DEV-00665;CLI-0098;Particulier;Bordeaux;2023-11-21;2023-11;2023-2024;2023-12-06;15;377.9;0.2;453.48;Bon payeur;2023-11-22;Payée
FAC-00281;DEV-00666;CLI-0230;Professionnel;Bordeaux;2023-12-06;2023-12;2023-2024;2024-01-05;30;2862.0;0.2;3434.4;Bon payeur;2023-12-29;Payée
FAC-00282;DEV-00667;CLI-0207;Particulier;Toulouse;2023-11-17;2023-11;2023-2024;2023-12-02;15;1584.18;0.2;1901.02;Litigieux;2023-11-18;Payée
FAC-00283;DEV-00668;CLI-0102;Particulier;Toulouse;2023-11-20;2023-11;2023-2024;2023-12-05;15;335.82;0.1;369.4;Bon payeur;2023-11-29;Payée
FAC-00284;DEV-00669;CLI-0243;Professionnel;Bordeaux;2023-12-04;2023-12;2023-2024;2024-01-03;30;5212.27;0.2;6254.72;Bon payeur;2023-12-15;Payée
FAC-00285;DEV-00670;CLI-0181;Professionnel;Toulouse;2023-11-20;2023-11;2023-2024;2023-12-20;30;5557.99;0.2;6669.59;Bon payeur;2024-01-07;Payée
FAC-00286;DEV-00676;CLI-0272;Professionnel;Toulouse;2023-12-07;2023-12;2023-2024;2024-01-06;30;371.95;0.2;446.34;Standard;2023-12-24;Payée
FAC-00287;DEV-00677;CLI-0342;Particulier;Toulouse;2023-12-25;2023-12;2023-2024;2024-01-09;15;413.78;0.2;496.54;Bon payeur;2024-01-11;Payée
FAC-00288;DEV-00679;CLI-0079;Particulier;Bordeaux;2023-12-25;2023-12;2023-2024;2024-01-09;15;1288.4;0.1;1417.24;Standard;2024-01-31;Payée
FAC-00289;DEV-00681;CLI-0274;Particulier;Bordeaux;2023-11-14;2023-11;2023-2024;2023-11-29;15;5563.15;0.1;6119.47;Bon payeur;2023-11-16;Payée
FAC-00290;DEV-00682;CLI-0261;Particulier;Toulouse;2023-11-06;2023-11;2023-2024;2023-11-21;15;4082.21;0.1;4490.43;Standard;2023-11-28;Payée
FAC-00291;DEV-00683;CLI-0364;Particulier;Bordeaux;2023-12-08;2023-12;2023-2024;2023-12-23;15;1344.69;0.1;1479.16;Standard;2024-01-01;Payée
FAC-00292;DEV-00685;CLI-0273;Particulier;Bordeaux;2023-12-04;2023-12;2023-2024;2023-12-19;15;165.95;0.1;182.55;Bon payeur;2023-12-20;Payée
FAC-00293;DEV-00687;CLI-0120;Particulier;Toulouse;2023-12-12;2023-12;2023-2024;2023-12-27;15;243.82;0.2;292.58;Lent;2023-12-13;Payée
FAC-00294;DEV-00688;CLI-0139;Particulier;Bordeaux;2023-12-06;2023-12;2023-2024;2023-12-21;15;273.83;0.2;328.6;Bon payeur;2024-01-06;Payée
FAC-00295;DEV-00691;CLI-0349;Particulier;Toulouse;2024-01-01;2024-01;2023-2024;2024-01-16;15;256.42;0.2;307.7;Standard;2024-01-17;Payée
FAC-00296;DEV-00692;CLI-0287;Particulier;Toulouse;2023-12-05;2023-12;2023-2024;2023-12-20;15;388.93;0.2;466.72;Standard;2023-12-22;Payée
FAC-00297;DEV-00694;CLI-0016;Particulier;Bordeaux;2023-12-12;2023-12;2023-2024;2023-12-27;15;3429.32;0.1;3772.25;Standard;2023-12-21;Payée
FAC-00298;DEV-00695;CLI-0331;Particulier;Bordeaux;2023-12-18;2023-12;2023-2024;2024-01-02;15;301.25;0.2;361.5;Standard;2024-01-06;Payée
FAC-00299;DEV-00696;CLI-0011;Particulier;Bordeaux;2023-12-04;2023-12;2023-2024;2023-12-19;15;4435.72;0.1;4879.29;Standard;2023-12-05;Payée
FAC-00300;DEV-00697;CLI-0023;Particulier;Toulouse;2023-12-27;2023-12;2023-2024;2024-01-11;15;4090.04;0.1;4499.04;Bon payeur;2023-12-28;Payée
FAC-00301;DEV-00698;CLI-0042;Particulier;Bordeaux;2023-12-28;2023-12;2023-2024;2024-01-12;15;281.4;0.2;337.68;Standard;2023-12-29;Payée
FAC-00302;DEV-00699;CLI-0255;Particulier;Bordeaux;2023-12-06;2023-12;2023-2024;2023-12-21;15;723.39;0.1;795.73;Lent;2023-12-17;Payée
FAC-00303;DEV-00704;CLI-0071;Particulier;Toulouse;2023-12-01;2023-12;2023-2024;2023-12-16;15;5220.54;0.1;5742.59;Bon payeur;2023-12-02;Payée
FAC-00304;DEV-00705;CLI-0368;Collectivité;Toulouse;2023-12-08;2023-12;2023-2024;2024-01-22;45;8319.18;0.2;9983.02;Standard;2024-02-09;Payée
FAC-00305;DEV-00706;CLI-0138;Particulier;Toulouse;2023-12-13;2023-12;2023-2024;2023-12-28;15;294.29;0.2;353.15;Standard;2023-12-21;Payée
FAC-00306;DEV-00709;CLI-0002;Particulier;Bordeaux;2023-12-19;2023-12;2023-2024;2024-01-03;15;1190.87;0.1;1309.96;Bon payeur;2024-01-01;Payée
FAC-00307;DEV-00711;CLI-0069;Professionnel;Toulouse;2024-01-24;2024-01;2023-2024;2024-02-23;30;3376.78;0.2;4052.14;Standard;2024-02-20;Payée
FAC-00308;DEV-00712;CLI-0223;Particulier;Bordeaux;2023-12-21;2023-12;2023-2024;2024-01-05;15;1790.22;0.2;2148.26;Standard;2023-12-31;Payée
FAC-00309;DEV-00715;CLI-0149;Particulier;Toulouse;2023-12-22;2023-12;2023-2024;2024-01-06;15;2667.66;0.1;2934.43;Bon payeur;2023-12-23;Payée
FAC-00310;DEV-00716;CLI-0087;Particulier;Toulouse;2024-01-19;2024-01;2023-2024;2024-02-03;15;14014.1;0.1;15415.51;Bon payeur;2024-01-20;Payée
FAC-00311;DEV-00717;CLI-0116;Particulier;Bordeaux;2023-12-21;2023-12;2023-2024;2024-01-05;15;242.95;0.2;291.54;Bon payeur;2023-12-25;Payée
FAC-00312;DEV-00720;CLI-0183;Particulier;Bordeaux;2023-12-14;2023-12;2023-2024;2023-12-29;15;4911.68;0.1;5402.85;Bon payeur;2023-12-15;Payée
FAC-00313;DEV-00721;CLI-0008;Particulier;Toulouse;2023-12-25;2023-12;2023-2024;2024-01-09;15;301.25;0.2;361.5;Bon payeur;2024-01-01;Payée
FAC-00314;DEV-00722;CLI-0230;Professionnel;Bordeaux;2024-01-16;2024-01;2023-2024;2024-02-15;30;6631.03;0.2;7957.24;Bon payeur;2024-01-22;Payée
FAC-00315;DEV-00726;CLI-0320;Particulier;Bordeaux;2024-01-04;2024-01;2023-2024;2024-01-19;15;3368.27;0.1;3705.1;Bon payeur;2024-02-16;Payée
FAC-00316;DEV-00728;CLI-0245;Professionnel;Toulouse;2024-01-12;2024-01;2023-2024;2024-02-11;30;610.14;0.2;732.17;Standard;2024-02-17;Payée
FAC-00317;DEV-00732;CLI-0181;Professionnel;Toulouse;2023-12-21;2023-12;2023-2024;2024-01-20;30;9325.4;0.2;11190.48;Bon payeur;2024-01-14;Payée
FAC-00318;DEV-00734;CLI-0329;Particulier;Bordeaux;2023-12-20;2023-12;2023-2024;2024-01-04;15;683.07;0.1;751.38;Standard;2023-12-21;Payée
FAC-00319;DEV-00736;CLI-0089;Particulier;Bordeaux;2023-12-29;2023-12;2023-2024;2024-01-13;15;1992.1;0.2;2390.52;Bon payeur;2024-01-14;Payée
FAC-00320;DEV-00737;CLI-0037;Particulier;Toulouse;2024-01-24;2024-01;2023-2024;2024-02-08;15;318.31;0.2;381.97;Bon payeur;2024-02-26;Payée
FAC-00321;DEV-00741;CLI-0251;Particulier;Bordeaux;2024-01-23;2024-01;2023-2024;2024-02-07;15;14243.18;0.1;15667.5;Bon payeur;2024-01-24;Payée
FAC-00322;DEV-00743;CLI-0210;Particulier;Toulouse;2023-12-27;2023-12;2023-2024;2024-01-11;15;3598.75;0.1;3958.63;Litigieux;2024-03-21;Payée
FAC-00323;DEV-00746;CLI-0190;Particulier;Toulouse;2024-01-18;2024-01;2023-2024;2024-02-02;15;710.52;0.1;781.57;Standard;2024-02-17;Payée
FAC-00324;DEV-00747;CLI-0124;Particulier;Toulouse;2024-01-25;2024-01;2023-2024;2024-02-09;15;11559.67;0.1;12715.64;Lent;2024-06-19;Payée
FAC-00325;DEV-00750;CLI-0025;Syndic;Bordeaux;2024-01-17;2024-01;2023-2024;2024-03-17;60;1525.05;0.2;1830.06;Standard;2024-04-01;Payée
FAC-00326;DEV-00753;CLI-0386;Collectivité;Bordeaux;2024-01-15;2024-01;2023-2024;2024-02-29;45;1997.4;0.2;2396.88;Lent;2024-04-18;Payée
FAC-00327;DEV-00756;CLI-0044;Syndic;Bordeaux;2024-01-11;2024-01;2023-2024;2024-03-11;60;494.69;0.2;593.63;Standard;2024-03-06;Payée
FAC-00328;DEV-00757;CLI-0244;Professionnel;Bordeaux;2024-01-24;2024-01;2023-2024;2024-02-23;30;3796.6;0.2;4555.92;Litigieux;2024-05-31;Payée
FAC-00329;DEV-00758;CLI-0230;Professionnel;Bordeaux;2024-01-16;2024-01;2023-2024;2024-02-15;30;3278.4;0.2;3934.08;Bon payeur;2024-02-22;Payée
FAC-00330;DEV-00761;CLI-0254;Particulier;Toulouse;2024-01-30;2024-01;2023-2024;2024-02-14;15;385.46;0.1;424.01;Standard;2024-01-31;Payée
FAC-00331;DEV-00762;CLI-0320;Particulier;Bordeaux;2024-01-24;2024-01;2023-2024;2024-02-08;15;1375.58;0.1;1513.14;Bon payeur;2024-01-26;Payée
FAC-00332;DEV-00770;CLI-0294;Professionnel;Toulouse;2024-01-04;2024-01;2023-2024;2024-02-03;30;2438.32;0.2;2925.98;Standard;2024-01-19;Payée
FAC-00333;DEV-00774;CLI-0167;Particulier;Toulouse;2024-01-25;2024-01;2023-2024;2024-02-09;15;158.95;0.1;174.84;Bon payeur;2024-01-26;Payée
FAC-00334;DEV-00776;CLI-0035;Particulier;Bordeaux;2024-02-05;2024-02;2023-2024;2024-02-20;15;2789.36;0.1;3068.3;Lent;2024-05-20;Payée
FAC-00335;DEV-00778;CLI-0345;Particulier;Bordeaux;2024-02-05;2024-02;2023-2024;2024-02-20;15;675.48;0.1;743.03;Standard;2024-02-21;Payée
FAC-00336;DEV-00779;CLI-0296;Professionnel;Bordeaux;2024-01-19;2024-01;2023-2024;2024-02-18;30;5487.17;0.2;6584.6;Bon payeur;2024-02-23;Payée
FAC-00337;DEV-00780;CLI-0091;Particulier;Bordeaux;2024-02-08;2024-02;2023-2024;2024-02-23;15;284.5;0.2;341.4;Bon payeur;2024-02-11;Payée
FAC-00338;DEV-00783;CLI-0081;Particulier;Bordeaux;2024-01-23;2024-01;2023-2024;2024-02-07;15;2722.33;0.1;2994.56;Standard;2024-02-11;Payée
FAC-00339;DEV-00785;CLI-0109;Professionnel;Toulouse;2024-02-06;2024-02;2023-2024;2024-03-07;30;9014.58;0.2;10817.5;Standard;2024-03-11;Payée
FAC-00340;DEV-00791;CLI-0035;Particulier;Bordeaux;2024-02-19;2024-02;2023-2024;2024-03-05;15;312.04;0.1;343.24;Lent;2024-06-08;Payée
FAC-00341;DEV-00794;CLI-0275;Professionnel;Bordeaux;2024-02-20;2024-02;2023-2024;2024-03-21;30;463.81;0.2;556.57;Litigieux;2024-06-11;Payée
FAC-00342;DEV-00795;CLI-0190;Particulier;Toulouse;2024-01-18;2024-01;2023-2024;2024-02-02;15;15003.11;0.1;16503.42;Standard;2024-01-19;Payée
FAC-00343;DEV-00797;CLI-0318;Particulier;Toulouse;2024-02-12;2024-02;2023-2024;2024-02-27;15;10097.76;0.1;11107.54;Standard;2024-03-19;Payée
FAC-00344;DEV-00800;CLI-0219;Particulier;Toulouse;2024-02-16;2024-02;2023-2024;2024-03-02;15;349.23;0.2;419.08;Standard;2024-03-20;Payée
FAC-00345;DEV-00801;CLI-0184;Particulier;Toulouse;2024-02-16;2024-02;2023-2024;2024-03-02;15;3874.51;0.1;4261.96;Lent;2024-02-17;Payée
FAC-00346;DEV-00802;CLI-0079;Particulier;Bordeaux;2024-02-26;2024-02;2023-2024;2024-03-12;15;656.49;0.1;722.14;Standard;2024-02-27;Payée
FAC-00347;DEV-00804;CLI-0256;Particulier;Bordeaux;2024-02-05;2024-02;2023-2024;2024-02-20;15;3520.46;0.2;4224.55;Standard;2024-02-15;Payée
FAC-00348;DEV-00807;CLI-0258;Professionnel;Bordeaux;2024-02-15;2024-02;2023-2024;2024-03-16;30;525.38;0.2;630.46;Standard;2024-03-14;Payée
FAC-00349;DEV-00808;CLI-0268;Particulier;Toulouse;2024-02-19;2024-02;2023-2024;2024-03-05;15;11143.36;0.1;12257.7;Standard;2024-04-06;Payée
FAC-00350;DEV-00809;CLI-0146;Particulier;Bordeaux;2024-01-31;2024-01;2023-2024;2024-02-15;15;701.42;0.2;841.7;Standard;2024-03-16;Payée
FAC-00351;DEV-00816;CLI-0177;Particulier;Toulouse;2024-03-01;2024-03;2023-2024;2024-03-16;15;1901.29;0.2;2281.55;Standard;2024-03-20;Payée
FAC-00352;DEV-00817;CLI-0152;Particulier;Bordeaux;2024-03-05;2024-03;2023-2024;2024-03-20;15;10851.81;0.1;11936.99;Standard;2024-04-28;Payée
FAC-00353;DEV-00818;CLI-0147;Particulier;Bordeaux;2024-03-07;2024-03;2023-2024;2024-03-22;15;263.68;0.2;316.42;Litigieux;;En retard
FAC-00354;DEV-00819;CLI-0355;Particulier;Bordeaux;2024-02-12;2024-02;2023-2024;2024-02-27;15;2983.75;0.1;3282.13;Bon payeur;2024-02-13;Payée
FAC-00355;DEV-00820;CLI-0331;Particulier;Bordeaux;2024-03-05;2024-03;2023-2024;2024-03-20;15;13193.36;0.1;14512.7;Standard;2024-03-20;Payée
FAC-00356;DEV-00821;CLI-0029;Particulier;Bordeaux;2024-03-11;2024-03;2023-2024;2024-03-26;15;706.88;0.1;777.57;Standard;2024-03-12;Payée
FAC-00357;DEV-00823;CLI-0034;Particulier;Toulouse;2024-03-14;2024-03;2023-2024;2024-03-29;15;474.56;0.1;522.02;Bon payeur;2024-03-15;Payée
FAC-00358;DEV-00824;CLI-0384;Particulier;Toulouse;2024-02-26;2024-02;2023-2024;2024-03-12;15;1244.28;0.1;1368.71;Standard;2024-04-02;Payée
FAC-00359;DEV-00825;CLI-0237;Particulier;Toulouse;2024-02-19;2024-02;2023-2024;2024-03-05;15;2324.55;0.1;2557.01;Bon payeur;2024-02-22;Payée
FAC-00360;DEV-00826;CLI-0339;Particulier;Bordeaux;2024-02-29;2024-02;2023-2024;2024-03-15;15;1407.1;0.1;1547.81;Bon payeur;2024-03-01;Payée
FAC-00361;DEV-00827;CLI-0154;Particulier;Bordeaux;2024-02-26;2024-02;2023-2024;2024-03-12;15;3843.02;0.1;4227.32;Bon payeur;2024-03-14;Payée
FAC-00362;DEV-00829;CLI-0286;Particulier;Bordeaux;2024-02-15;2024-02;2023-2024;2024-03-01;15;1031.91;0.2;1238.29;Standard;2024-03-12;Payée
FAC-00363;DEV-00833;CLI-0031;Professionnel;Bordeaux;2024-02-19;2024-02;2023-2024;2024-03-20;30;7081.24;0.2;8497.49;Standard;2024-04-03;Payée
FAC-00364;DEV-00834;CLI-0296;Professionnel;Bordeaux;2024-03-22;2024-03;2023-2024;2024-04-21;30;365.13;0.2;438.16;Bon payeur;2024-04-22;Payée
FAC-00365;DEV-00835;CLI-0373;Professionnel;Bordeaux;2024-03-05;2024-03;2023-2024;2024-04-04;30;3330.77;0.2;3996.92;Lent;2024-05-08;Payée
FAC-00366;DEV-00838;CLI-0238;Particulier;Bordeaux;2024-03-15;2024-03;2023-2024;2024-03-30;15;2263.46;0.1;2489.81;Lent;2024-06-02;Payée
FAC-00367;DEV-00839;CLI-0067;Professionnel;Bordeaux;2024-03-14;2024-03;2023-2024;2024-04-13;30;520.76;0.2;624.91;Standard;2024-04-26;Payée
FAC-00368;DEV-00844;CLI-0381;Particulier;Bordeaux;2024-03-01;2024-03;2023-2024;2024-03-16;15;557.86;0.2;669.43;Standard;2024-03-12;Payée
FAC-00369;DEV-00856;CLI-0264;Particulier;Toulouse;2024-03-25;2024-03;2023-2024;2024-04-09;15;268.59;0.2;322.31;Standard;2024-04-12;Payée
FAC-00370;DEV-00858;CLI-0116;Particulier;Bordeaux;2024-03-15;2024-03;2023-2024;2024-03-30;15;298.38;0.2;358.06;Bon payeur;2024-03-28;Payée
FAC-00371;DEV-00864;CLI-0068;Particulier;Bordeaux;2024-03-01;2024-03;2023-2024;2024-03-16;15;1108.46;0.1;1219.31;Bon payeur;2024-03-16;Payée
FAC-00372;DEV-00865;CLI-0386;Collectivité;Bordeaux;2024-04-04;2024-04;2023-2024;2024-05-19;45;1518.9;0.2;1822.68;Lent;2024-05-27;Payée
FAC-00373;DEV-00867;CLI-0345;Particulier;Bordeaux;2024-02-22;2024-02;2023-2024;2024-03-08;15;144.01;0.1;158.41;Standard;2024-03-15;Payée
FAC-00374;DEV-00868;CLI-0091;Particulier;Bordeaux;2024-03-20;2024-03;2023-2024;2024-04-04;15;8958.99;0.1;9854.89;Bon payeur;2024-03-23;Payée
FAC-00375;DEV-00871;CLI-0029;Particulier;Bordeaux;2024-03-26;2024-03;2023-2024;2024-04-10;15;287.36;0.2;344.83;Standard;2024-04-19;Payée
FAC-00376;DEV-00876;CLI-0258;Professionnel;Bordeaux;2024-03-26;2024-03;2023-2024;2024-04-25;30;11067.51;0.2;13281.01;Standard;2024-05-12;Payée
FAC-00377;DEV-00877;CLI-0116;Particulier;Bordeaux;2024-03-25;2024-03;2023-2024;2024-04-09;15;2381.09;0.1;2619.2;Bon payeur;2024-04-20;Payée
FAC-00378;DEV-00880;CLI-0146;Particulier;Bordeaux;2024-03-26;2024-03;2023-2024;2024-04-10;15;267.68;0.2;321.22;Standard;2024-04-15;Payée
FAC-00379;DEV-00881;CLI-0049;Particulier;Bordeaux;2024-03-28;2024-03;2023-2024;2024-04-12;15;1193.68;0.1;1313.05;Standard;2024-03-29;Payée
FAC-00380;DEV-00882;CLI-0192;Particulier;Toulouse;2024-04-15;2024-04;2023-2024;2024-04-30;15;1652.5;0.2;1983.0;Standard;2024-05-01;Payée
FAC-00381;DEV-00884;CLI-0189;Professionnel;Bordeaux;2024-04-15;2024-04;2023-2024;2024-05-15;30;8088.89;0.2;9706.67;Lent;2024-05-30;Payée
FAC-00382;DEV-00890;CLI-0127;Particulier;Toulouse;2024-03-20;2024-03;2023-2024;2024-04-04;15;5218.27;0.1;5740.1;Standard;2024-04-08;Payée
FAC-00383;DEV-00892;CLI-0292;Professionnel;Bordeaux;2024-04-03;2024-04;2023-2024;2024-05-03;30;17346.51;0.2;20815.81;Standard;2024-05-27;Payée
FAC-00384;DEV-00893;CLI-0391;Syndic;Bordeaux;2024-03-28;2024-03;2023-2024;2024-05-27;60;2288.7;0.2;2746.44;Lent;2024-08-19;Payée
FAC-00385;DEV-00898;CLI-0158;Particulier;Bordeaux;2024-03-20;2024-03;2023-2024;2024-04-04;15;12393.65;0.1;13633.02;Bon payeur;2024-04-10;Payée
FAC-00386;DEV-00901;CLI-0067;Professionnel;Bordeaux;2024-04-08;2024-04;2023-2024;2024-05-08;30;516.47;0.2;619.76;Standard;2024-04-22;Payée
FAC-00387;DEV-00902;CLI-0366;Particulier;Toulouse;2024-03-18;2024-03;2023-2024;2024-04-02;15;146.15;0.1;160.77;Bon payeur;2024-04-09;Payée
FAC-00388;DEV-00905;CLI-0084;Professionnel;Toulouse;2024-03-05;2024-03;2023-2024;2024-04-04;30;1282.45;0.2;1538.94;Standard;2024-04-10;Payée
FAC-00389;DEV-00906;CLI-0293;Professionnel;Toulouse;2024-04-22;2024-04;2023-2024;2024-05-22;30;4746.09;0.2;5695.31;Standard;2024-04-26;Payée
FAC-00390;DEV-00915;CLI-0125;Particulier;Toulouse;2024-04-17;2024-04;2023-2024;2024-05-02;15;3541.11;0.1;3895.22;Lent;2024-05-21;Payée
FAC-00391;DEV-00917;CLI-0046;Syndic;Toulouse;2024-03-25;2024-03;2023-2024;2024-05-24;60;7135.78;0.2;8562.94;Bon payeur;2024-06-01;Payée
FAC-00392;DEV-00918;CLI-0098;Particulier;Bordeaux;2024-04-18;2024-04;2023-2024;2024-05-03;15;1732.55;0.2;2079.06;Bon payeur;2024-05-02;Payée
FAC-00393;DEV-00919;CLI-0301;Particulier;Toulouse;2024-03-26;2024-03;2023-2024;2024-04-10;15;2416.43;0.1;2658.07;Bon payeur;2024-03-27;Payée
FAC-00394;DEV-00923;CLI-0031;Professionnel;Bordeaux;2024-04-29;2024-04;2023-2024;2024-05-29;30;11334.03;0.2;13600.84;Standard;2024-05-21;Payée
FAC-00395;DEV-00926;CLI-0098;Particulier;Bordeaux;2024-04-08;2024-04;2023-2024;2024-04-23;15;3892.65;0.2;4671.18;Bon payeur;2024-04-09;Payée
FAC-00396;DEV-00930;CLI-0404;Professionnel;Toulouse;2024-04-09;2024-04;2023-2024;2024-05-09;30;2337.63;0.2;2805.16;Standard;2024-05-21;Payée
FAC-00397;DEV-00933;CLI-0416;Particulier;Bordeaux;2024-05-09;2024-05;2023-2024;2024-05-24;15;8516.34;0.2;10219.61;Standard;2024-05-10;Payée
FAC-00398;DEV-00938;CLI-0017;Professionnel;Toulouse;2024-04-29;2024-04;2023-2024;2024-05-29;30;6283.22;0.2;7539.86;Standard;2024-06-20;Payée
FAC-00399;DEV-00942;CLI-0109;Professionnel;Toulouse;2024-04-26;2024-04;2023-2024;2024-05-26;30;10174.69;0.2;12209.63;Standard;2024-06-02;Payée
FAC-00400;DEV-00945;CLI-0364;Particulier;Bordeaux;2024-04-24;2024-04;2023-2024;2024-05-09;15;1215.79;0.1;1337.37;Standard;2024-05-22;Payée
FAC-00401;DEV-00946;CLI-0244;Professionnel;Bordeaux;2024-05-10;2024-05;2023-2024;2024-06-09;30;6279.6;0.2;7535.52;Litigieux;;En retard
FAC-00402;DEV-00947;CLI-0055;Professionnel;Bordeaux;2024-05-06;2024-05;2023-2024;2024-06-05;30;413.66;0.2;496.39;Standard;2024-06-19;Payée
FAC-00403;DEV-00948;CLI-0047;Particulier;Bordeaux;2024-05-08;2024-05;2023-2024;2024-05-23;15;250.36;0.2;300.43;Standard;2024-05-09;Payée
FAC-00404;DEV-00951;CLI-0201;Particulier;Toulouse;2024-05-10;2024-05;2023-2024;2024-05-25;15;279.31;0.2;335.17;Standard;2024-06-20;Payée
FAC-00405;DEV-00953;CLI-0012;Particulier;Toulouse;2024-04-30;2024-04;2023-2024;2024-05-15;15;144.87;0.1;159.36;Bon payeur;2024-05-01;Payée
FAC-00406;DEV-00954;CLI-0187;Particulier;Bordeaux;2024-05-17;2024-05;2023-2024;2024-06-01;15;5652.9;0.1;6218.19;Standard;2024-06-14;Payée
FAC-00407;DEV-00958;CLI-0067;Professionnel;Bordeaux;2024-04-30;2024-04;2023-2024;2024-05-30;30;566.63;0.2;679.96;Standard;2024-05-19;Payée
FAC-00408;DEV-00965;CLI-0031;Professionnel;Bordeaux;2024-05-08;2024-05;2023-2024;2024-06-07;30;3160.36;0.2;3792.43;Standard;2024-05-28;Payée
FAC-00409;DEV-00967;CLI-0197;Particulier;Bordeaux;2024-05-14;2024-05;2023-2024;2024-05-29;15;1400.66;0.1;1540.73;Bon payeur;2024-05-15;Payée
FAC-00410;DEV-00973;CLI-0333;Professionnel;Toulouse;2024-05-22;2024-05;2023-2024;2024-06-21;30;2242.69;0.2;2691.23;Lent;2024-09-10;Payée
FAC-00411;DEV-00975;CLI-0097;Particulier;Toulouse;2024-05-08;2024-05;2023-2024;2024-05-23;15;1356.51;0.1;1492.16;Standard;2024-05-10;Payée
FAC-00412;DEV-00977;CLI-0246;Particulier;Toulouse;2024-05-30;2024-05;2023-2024;2024-06-14;15;1169.67;0.1;1286.64;Standard;2024-05-31;Payée
FAC-00413;DEV-00979;CLI-0026;Particulier;Bordeaux;2024-04-30;2024-04;2023-2024;2024-05-15;15;2479.17;0.1;2727.09;Standard;2024-05-28;Payée
FAC-00414;DEV-00982;CLI-0352;Professionnel;Bordeaux;2024-04-26;2024-04;2023-2024;2024-05-26;30;7072.04;0.2;8486.45;Standard;2024-05-20;Payée
FAC-00415;DEV-00983;CLI-0161;Particulier;Bordeaux;2024-04-29;2024-04;2023-2024;2024-05-14;15;771.02;0.1;848.12;Bon payeur;2024-06-02;Payée
FAC-00416;DEV-00988;CLI-0003;Professionnel;Toulouse;2024-06-07;2024-06;2023-2024;2024-07-07;30;458.44;0.2;550.13;Standard;2024-07-11;Payée
FAC-00417;DEV-00989;CLI-0134;Particulier;Toulouse;2024-05-31;2024-05;2023-2024;2024-06-15;15;1305.72;0.2;1566.86;Standard;2024-06-10;Payée
FAC-00418;DEV-00990;CLI-0399;Syndic;Toulouse;2024-06-10;2024-06;2023-2024;2024-08-09;60;609.69;0.2;731.63;Standard;2024-08-22;Payée
FAC-00419;DEV-00991;CLI-0060;Particulier;Toulouse;2024-05-30;2024-05;2023-2024;2024-06-14;15;2641.63;0.1;2905.79;Standard;2024-06-04;Payée
FAC-00420;DEV-00992;CLI-0269;Particulier;Toulouse;2024-06-19;2024-06;2023-2024;2024-07-04;15;561.34;0.2;673.61;Bon payeur;2024-06-29;Payée
FAC-00421;DEV-00993;CLI-0172;Particulier;Bordeaux;2024-05-24;2024-05;2023-2024;2024-06-08;15;1183.08;0.1;1301.39;Bon payeur;2024-06-04;Payée
FAC-00422;DEV-00994;CLI-0402;Particulier;Bordeaux;2024-05-23;2024-05;2023-2024;2024-06-07;15;1162.35;0.1;1278.59;Lent;2024-07-21;Payée
FAC-00423;DEV-00997;CLI-0185;Particulier;Bordeaux;2024-05-28;2024-05;2023-2024;2024-06-12;15;1292.12;0.1;1421.33;Bon payeur;2024-05-31;Payée
FAC-00424;DEV-00998;CLI-0020;Particulier;Bordeaux;2024-06-03;2024-06;2023-2024;2024-06-18;15;280.87;0.2;337.04;Standard;2024-07-04;Payée
FAC-00425;DEV-01000;CLI-0020;Particulier;Bordeaux;2024-05-27;2024-05;2023-2024;2024-06-11;15;8551.56;0.1;9406.72;Standard;2024-06-13;Payée
FAC-00426;DEV-01005;CLI-0208;Particulier;Bordeaux;2024-05-23;2024-05;2023-2024;2024-06-07;15;3890.29;0.1;4279.32;Standard;2024-05-24;Payée
FAC-00427;DEV-01010;CLI-0132;Particulier;Toulouse;2024-06-06;2024-06;2023-2024;2024-06-21;15;3845.67;0.2;4614.8;Bon payeur;2024-06-07;Payée
FAC-00428;DEV-01013;CLI-0383;Particulier;Bordeaux;2024-06-06;2024-06;2023-2024;2024-06-21;15;273.37;0.2;328.04;Standard;2024-06-11;Payée
FAC-00429;DEV-01016;CLI-0282;Particulier;Bordeaux;2024-05-20;2024-05;2023-2024;2024-06-04;15;715.03;0.1;786.53;Bon payeur;2024-06-12;Payée
FAC-00430;DEV-01017;CLI-0209;Particulier;Toulouse;2024-06-18;2024-06;2023-2024;2024-07-03;15;259.37;0.2;311.24;Standard;2024-06-30;Payée
FAC-00431;DEV-01020;CLI-0052;Particulier;Toulouse;2024-05-22;2024-05;2023-2024;2024-06-06;15;511.56;0.2;613.87;Standard;2024-06-14;Payée
FAC-00432;DEV-01023;CLI-0389;Professionnel;Bordeaux;2024-06-03;2024-06;2023-2024;2024-07-03;30;9129.41;0.2;10955.29;Standard;2024-07-24;Payée
FAC-00433;DEV-01024;CLI-0387;Particulier;Toulouse;2024-06-05;2024-06;2023-2024;2024-06-20;15;1396.56;0.1;1536.22;Bon payeur;2024-06-22;Payée
FAC-00434;DEV-01030;CLI-0218;Syndic;Bordeaux;2024-05-24;2024-05;2023-2024;2024-07-23;60;2444.85;0.2;2933.82;Lent;2024-08-02;Payée
FAC-00435;DEV-01032;CLI-0430;Particulier;Toulouse;2024-07-09;2024-07;2024-2025;2024-07-24;15;1509.5;0.2;1811.4;Bon payeur;2024-07-24;Payée
FAC-00436;DEV-01033;CLI-0460;Professionnel;Toulouse;2024-06-25;2024-06;2023-2024;2024-07-25;30;8264.35;0.2;9917.22;Bon payeur;2024-07-12;Payée
FAC-00437;DEV-01034;CLI-0132;Particulier;Toulouse;2024-06-27;2024-06;2023-2024;2024-07-12;15;369.81;0.2;443.77;Bon payeur;2024-06-28;Payée
FAC-00438;DEV-01035;CLI-0145;Collectivité;Bordeaux;2024-05-29;2024-05;2023-2024;2024-07-13;45;3338.55;0.2;4006.26;Bon payeur;2024-07-20;Payée
FAC-00439;DEV-01036;CLI-0156;Particulier;Bordeaux;2024-06-12;2024-06;2023-2024;2024-06-27;15;9227.27;0.2;11072.72;Bon payeur;2024-06-13;Payée
FAC-00440;DEV-01037;CLI-0151;Syndic;Bordeaux;2024-06-19;2024-06;2023-2024;2024-08-18;60;2861.0;0.2;3433.2;Standard;2024-07-15;Payée
FAC-00441;DEV-01042;CLI-0018;Particulier;Bordeaux;2024-06-24;2024-06;2023-2024;2024-07-09;15;5144.94;0.2;6173.93;Bon payeur;2024-06-30;Payée
FAC-00442;DEV-01043;CLI-0432;Professionnel;Bordeaux;2024-05-31;2024-05;2023-2024;2024-06-30;30;444.83;0.2;533.8;Standard;2024-07-06;Payée
FAC-00443;DEV-01044;CLI-0332;Particulier;Bordeaux;2024-06-21;2024-06;2023-2024;2024-07-06;15;5403.18;0.1;5943.5;Standard;2024-07-08;Payée
FAC-00444;DEV-01049;CLI-0256;Particulier;Bordeaux;2024-06-24;2024-06;2023-2024;2024-07-09;15;3078.17;0.2;3693.8;Standard;2024-08-09;Payée
FAC-00445;DEV-01052;CLI-0455;Particulier;Toulouse;2024-07-10;2024-07;2024-2025;2024-07-25;15;286.33;0.2;343.6;Bon payeur;2024-08-17;Payée
FAC-00446;DEV-01055;CLI-0354;Particulier;Bordeaux;2024-06-28;2024-06;2023-2024;2024-07-13;15;5195.01;0.1;5714.51;Bon payeur;2024-07-17;Payée
FAC-00447;DEV-01056;CLI-0249;Particulier;Toulouse;2024-06-17;2024-06;2023-2024;2024-07-02;15;3970.04;0.1;4367.04;Lent;2024-10-06;Payée
FAC-00448;DEV-01057;CLI-0194;Syndic;Toulouse;2024-06-25;2024-06;2023-2024;2024-08-24;60;3159.88;0.2;3791.86;Lent;2024-09-03;Payée
FAC-00449;DEV-01062;CLI-0122;Particulier;Toulouse;2024-07-05;2024-07;2024-2025;2024-07-20;15;11304.83;0.1;12435.31;Standard;2024-07-06;Payée
FAC-00450;DEV-01064;CLI-0103;Particulier;Toulouse;2024-06-26;2024-06;2023-2024;2024-07-11;15;1397.03;0.1;1536.73;Standard;2024-07-18;Payée
FAC-00451;DEV-01065;CLI-0255;Particulier;Bordeaux;2024-06-17;2024-06;2023-2024;2024-07-02;15;1280.0;0.1;1408.0;Lent;2024-09-18;Payée
FAC-00452;DEV-01069;CLI-0260;Professionnel;Toulouse;2024-07-08;2024-07;2024-2025;2024-08-07;30;17920.06;0.2;21504.07;Lent;2024-09-29;Payée
FAC-00453;DEV-01074;CLI-0085;Particulier;Toulouse;2024-06-24;2024-06;2023-2024;2024-07-09;15;10706.58;0.1;11777.24;Lent;2024-07-20;Payée
FAC-00454;DEV-01075;CLI-0026;Particulier;Bordeaux;2024-07-01;2024-07;2024-2025;2024-07-16;15;3524.99;0.1;3877.49;Standard;2024-07-02;Payée
FAC-00455;DEV-01076;CLI-0096;Particulier;Bordeaux;2024-07-31;2024-07;2024-2025;2024-08-15;15;261.71;0.2;314.05;Standard;2024-08-07;Payée
FAC-00456;DEV-01078;CLI-0383;Particulier;Bordeaux;2024-07-05;2024-07;2024-2025;2024-07-20;15;10609.58;0.1;11670.54;Standard;2024-08-04;Payée
FAC-00457;DEV-01080;CLI-0213;Professionnel;Bordeaux;2024-07-12;2024-07;2024-2025;2024-08-11;30;18432.65;0.2;22119.18;Lent;2024-11-11;Payée
FAC-00458;DEV-01083;CLI-0163;Particulier;Toulouse;2024-07-01;2024-07;2024-2025;2024-07-16;15;490.47;0.1;539.52;Standard;2024-07-14;Payée
FAC-00459;DEV-01086;CLI-0017;Professionnel;Toulouse;2024-07-22;2024-07;2024-2025;2024-08-21;30;1085.93;0.2;1303.12;Standard;2024-09-01;Payée
FAC-00460;DEV-01088;CLI-0029;Particulier;Bordeaux;2024-07-19;2024-07;2024-2025;2024-08-03;15;2963.01;0.2;3555.61;Standard;2024-07-25;Payée
FAC-00461;DEV-01089;CLI-0472;Professionnel;Bordeaux;2024-07-25;2024-07;2024-2025;2024-08-24;30;15383.64;0.2;18460.37;Standard;2024-09-06;Payée
FAC-00462;DEV-01097;CLI-0074;Particulier;Bordeaux;2024-07-01;2024-07;2024-2025;2024-07-16;15;332.13;0.2;398.56;Standard;2024-07-04;Payée
FAC-00463;DEV-01098;CLI-0103;Particulier;Toulouse;2024-07-09;2024-07;2024-2025;2024-07-24;15;6131.5;0.1;6744.65;Standard;2024-08-03;Payée
FAC-00464;DEV-01099;CLI-0047;Particulier;Bordeaux;2024-07-17;2024-07;2024-2025;2024-08-01;15;3550.75;0.1;3905.83;Standard;2024-08-23;Payée
FAC-00465;DEV-01100;CLI-0052;Particulier;Toulouse;2024-06-24;2024-06;2023-2024;2024-07-09;15;1241.65;0.1;1365.82;Standard;2024-07-27;Payée
FAC-00466;DEV-01102;CLI-0450;Particulier;Bordeaux;2024-07-12;2024-07;2024-2025;2024-07-27;15;876.98;0.1;964.68;Bon payeur;2024-07-16;Payée
FAC-00467;DEV-01105;CLI-0022;Particulier;Bordeaux;2024-07-17;2024-07;2024-2025;2024-08-01;15;5287.93;0.1;5816.72;Standard;2024-09-06;Payée
FAC-00468;DEV-01113;CLI-0366;Particulier;Toulouse;2024-08-05;2024-08;2024-2025;2024-08-20;15;1771.1;0.2;2125.32;Bon payeur;2024-08-06;Payée
FAC-00469;DEV-01114;CLI-0087;Particulier;Toulouse;2024-08-01;2024-08;2024-2025;2024-08-16;15;1195.23;0.1;1314.75;Bon payeur;2024-08-06;Payée
FAC-00470;DEV-01122;CLI-0055;Professionnel;Bordeaux;2024-07-26;2024-07;2024-2025;2024-08-25;30;19001.76;0.2;22802.11;Standard;2024-08-02;Payée
FAC-00471;DEV-01126;CLI-0127;Particulier;Toulouse;2024-07-23;2024-07;2024-2025;2024-08-07;15;298.54;0.2;358.25;Standard;2024-07-24;Payée
FAC-00472;DEV-01129;CLI-0191;Particulier;Bordeaux;2024-07-24;2024-07;2024-2025;2024-08-08;15;639.86;0.1;703.85;Standard;2024-08-24;Payée
FAC-00473;DEV-01131;CLI-0014;Particulier;Bordeaux;2024-08-05;2024-08;2024-2025;2024-08-20;15;389.83;0.1;428.81;Bon payeur;2024-08-22;Payée
FAC-00474;DEV-01133;CLI-0365;Particulier;Toulouse;2024-08-07;2024-08;2024-2025;2024-08-22;15;9190.39;0.1;10109.43;Standard;2024-08-08;Payée
FAC-00475;DEV-01134;CLI-0365;Particulier;Toulouse;2024-08-12;2024-08;2024-2025;2024-08-27;15;1366.27;0.1;1502.9;Standard;2024-08-13;Payée
FAC-00476;DEV-01136;CLI-0071;Particulier;Toulouse;2024-07-30;2024-07;2024-2025;2024-08-14;15;338.8;0.2;406.56;Bon payeur;2024-08-23;Payée
FAC-00477;DEV-01138;CLI-0129;Professionnel;Toulouse;2024-07-18;2024-07;2024-2025;2024-08-17;30;16445.88;0.2;19735.06;Bon payeur;2024-08-14;Payée
FAC-00478;DEV-01139;CLI-0221;Particulier;Bordeaux;2024-08-12;2024-08;2024-2025;2024-08-27;15;1017.69;0.2;1221.23;Lent;2024-08-23;Payée
FAC-00479;DEV-01140;CLI-0317;Particulier;Bordeaux;2024-08-02;2024-08;2024-2025;2024-08-17;15;1110.1;0.1;1221.11;Standard;2024-09-25;Payée
FAC-00480;DEV-01141;CLI-0476;Particulier;Bordeaux;2024-08-19;2024-08;2024-2025;2024-09-03;15;3980.64;0.1;4378.7;Standard;2024-08-24;Payée
FAC-00481;DEV-01143;CLI-0269;Particulier;Toulouse;2024-09-16;2024-09;2024-2025;2024-10-01;15;265.17;0.2;318.2;Bon payeur;2024-10-02;Payée
FAC-00482;DEV-01147;CLI-0267;Particulier;Bordeaux;2024-09-17;2024-09;2024-2025;2024-10-02;15;5910.31;0.1;6501.34;Bon payeur;2024-10-01;Payée
FAC-00483;DEV-01150;CLI-0104;Particulier;Toulouse;2024-08-26;2024-08;2024-2025;2024-09-10;15;284.94;0.2;341.93;Bon payeur;2024-08-27;Payée
FAC-00484;DEV-01151;CLI-0461;Particulier;Toulouse;2024-08-14;2024-08;2024-2025;2024-08-29;15;2984.8;0.2;3581.76;Standard;2024-09-09;Payée
FAC-00485;DEV-01155;CLI-0094;Professionnel;Toulouse;2024-08-22;2024-08;2024-2025;2024-09-21;30;18960.99;0.2;22753.19;Standard;2024-09-20;Payée
FAC-00486;DEV-01156;CLI-0333;Professionnel;Toulouse;2024-08-13;2024-08;2024-2025;2024-09-12;30;7181.47;0.2;8617.76;Lent;2024-11-14;Payée
FAC-00487;DEV-01158;CLI-0464;Particulier;Bordeaux;2024-09-03;2024-09;2024-2025;2024-09-18;15;405.36;0.1;445.9;Standard;2024-09-05;Payée
FAC-00488;DEV-01159;CLI-0398;Syndic;Toulouse;2024-07-26;2024-07;2024-2025;2024-09-24;60;8161.33;0.2;9793.6;Lent;2024-10-24;Payée
FAC-00489;DEV-01161;CLI-0256;Particulier;Bordeaux;2024-08-23;2024-08;2024-2025;2024-09-07;15;5019.68;0.1;5521.65;Standard;2024-09-02;Payée
FAC-00490;DEV-01165;CLI-0266;Particulier;Toulouse;2024-08-07;2024-08;2024-2025;2024-08-22;15;449.23;0.1;494.15;Lent;2024-08-24;Payée
FAC-00491;DEV-01166;CLI-0086;Particulier;Toulouse;2024-08-19;2024-08;2024-2025;2024-09-03;15;1761.28;0.2;2113.54;Bon payeur;2024-08-20;Payée
FAC-00492;DEV-01167;CLI-0314;Particulier;Bordeaux;2024-08-14;2024-08;2024-2025;2024-08-29;15;251.66;0.2;301.99;Bon payeur;2024-09-01;Payée
FAC-00493;DEV-01168;CLI-0405;Particulier;Bordeaux;2024-09-02;2024-09;2024-2025;2024-09-17;15;1371.89;0.1;1509.08;Standard;2024-10-15;Payée
FAC-00494;DEV-01169;CLI-0493;Syndic;Bordeaux;2024-08-26;2024-08;2024-2025;2024-10-25;60;656.25;0.2;787.5;Standard;2024-10-26;Payée
FAC-00495;DEV-01171;CLI-0105;Particulier;Toulouse;2024-08-27;2024-08;2024-2025;2024-09-11;15;3801.88;0.1;4182.07;Standard;2024-09-26;Payée
FAC-00496;DEV-01174;CLI-0189;Professionnel;Bordeaux;2024-08-01;2024-08;2024-2025;2024-08-31;30;2157.96;0.2;2589.55;Lent;2024-08-02;Payée
FAC-00497;DEV-01175;CLI-0068;Particulier;Bordeaux;2024-07-30;2024-07;2024-2025;2024-08-14;15;261.54;0.2;313.85;Bon payeur;2024-08-12;Payée
FAC-00498;DEV-01178;CLI-0281;Particulier;Bordeaux;2024-08-26;2024-08;2024-2025;2024-09-10;15;1121.73;0.1;1233.9;Standard;2024-09-07;Payée
FAC-00499;DEV-01179;CLI-0301;Particulier;Toulouse;2024-08-13;2024-08;2024-2025;2024-08-28;15;2237.0;0.1;2460.7;Bon payeur;2024-09-03;Payée
FAC-00500;DEV-01183;CLI-0179;Professionnel;Bordeaux;2024-09-16;2024-09;2024-2025;2024-10-16;30;9964.63;0.2;11957.56;Standard;2024-10-24;Payée
FAC-00501;DEV-01184;CLI-0269;Particulier;Toulouse;2024-08-29;2024-08;2024-2025;2024-09-13;15;7474.97;0.1;8222.47;Bon payeur;2024-09-11;Payée
FAC-00502;DEV-01185;CLI-0330;Particulier;Toulouse;2024-09-24;2024-09;2024-2025;2024-10-09;15;1252.27;0.1;1377.5;Standard;2024-10-30;Payée
FAC-00503;DEV-01191;CLI-0495;Syndic;Bordeaux;2024-08-19;2024-08;2024-2025;2024-10-18;60;3795.2;0.2;4554.24;Bon payeur;2024-11-02;Payée
FAC-00504;DEV-01192;CLI-0154;Particulier;Bordeaux;2024-08-20;2024-08;2024-2025;2024-09-04;15;3001.22;0.2;3601.46;Bon payeur;2024-08-21;Payée
FAC-00505;DEV-01193;CLI-0168;Particulier;Bordeaux;2024-08-16;2024-08;2024-2025;2024-08-31;15;515.78;0.2;618.94;Lent;2024-08-17;Payée
FAC-00506;DEV-01205;CLI-0054;Particulier;Bordeaux;2024-08-22;2024-08;2024-2025;2024-09-06;15;355.44;0.2;426.53;Standard;2024-09-23;Payée
FAC-00507;DEV-01209;CLI-0184;Particulier;Toulouse;2024-08-30;2024-08;2024-2025;2024-09-14;15;334.11;0.2;400.93;Lent;2024-09-08;Payée
FAC-00508;DEV-01211;CLI-0002;Particulier;Bordeaux;2024-09-17;2024-09;2024-2025;2024-10-02;15;294.66;0.2;353.59;Bon payeur;2024-10-01;Payée
FAC-00509;DEV-01213;CLI-0421;Particulier;Bordeaux;2024-09-12;2024-09;2024-2025;2024-09-27;15;3606.63;0.2;4327.96;Bon payeur;2024-09-13;Payée
FAC-00510;DEV-01218;CLI-0200;Particulier;Bordeaux;2024-10-09;2024-10;2024-2025;2024-10-24;15;3111.95;0.2;3734.34;Standard;2024-10-15;Payée
FAC-00511;DEV-01221;CLI-0007;Particulier;Toulouse;2024-09-02;2024-09;2024-2025;2024-09-17;15;817.95;0.1;899.75;Standard;2024-10-01;Payée
FAC-00512;DEV-01226;CLI-0388;Particulier;Toulouse;2024-09-09;2024-09;2024-2025;2024-09-24;15;6064.12;0.1;6670.53;Standard;2024-09-15;Payée
FAC-00513;DEV-01227;CLI-0162;Particulier;Bordeaux;2024-09-05;2024-09;2024-2025;2024-09-20;15;3466.94;0.1;3813.63;Standard;2024-09-08;Payée
FAC-00514;DEV-01229;CLI-0282;Particulier;Bordeaux;2024-09-17;2024-09;2024-2025;2024-10-02;15;3623.77;0.2;4348.52;Bon payeur;2024-10-11;Payée
FAC-00515;DEV-01231;CLI-0042;Particulier;Bordeaux;2024-09-24;2024-09;2024-2025;2024-10-09;15;1150.41;0.1;1265.45;Standard;2024-09-27;Payée
FAC-00516;DEV-01232;CLI-0033;Syndic;Bordeaux;2024-09-02;2024-09;2024-2025;2024-11-01;60;7919.89;0.2;9503.87;Litigieux;2025-02-26;Payée
FAC-00517;DEV-01233;CLI-0485;Particulier;Toulouse;2024-09-09;2024-09;2024-2025;2024-09-24;15;1108.43;0.1;1219.27;Standard;2024-10-04;Payée
FAC-00518;DEV-01234;CLI-0287;Particulier;Toulouse;2024-10-04;2024-10;2024-2025;2024-10-19;15;314.47;0.2;377.36;Standard;2024-10-16;Payée
FAC-00519;DEV-01236;CLI-0050;Particulier;Toulouse;2024-10-08;2024-10;2024-2025;2024-10-23;15;3625.14;0.1;3987.65;Standard;2024-11-14;Payée
FAC-00520;DEV-01240;CLI-0002;Particulier;Bordeaux;2024-09-30;2024-09;2024-2025;2024-10-15;15;9848.62;0.1;10833.48;Bon payeur;2024-10-01;Payée
FAC-00521;DEV-01242;CLI-0248;Particulier;Bordeaux;2024-09-05;2024-09;2024-2025;2024-09-20;15;819.35;0.1;901.29;Bon payeur;2024-09-30;Payée
FAC-00522;DEV-01243;CLI-0397;Syndic;Bordeaux;2024-09-27;2024-09;2024-2025;2024-11-26;60;23513.67;0.2;28216.4;Lent;2025-02-07;Payée
FAC-00523;DEV-01244;CLI-0049;Particulier;Bordeaux;2024-09-09;2024-09;2024-2025;2024-09-24;15;9747.84;0.1;10722.62;Standard;2024-09-14;Payée
FAC-00524;DEV-01245;CLI-0505;Syndic;Bordeaux;2024-09-16;2024-09;2024-2025;2024-11-15;60;8546.76;0.2;10256.11;Standard;2024-11-23;Payée
FAC-00525;DEV-01247;CLI-0399;Syndic;Toulouse;2024-10-03;2024-10;2024-2025;2024-12-02;60;2587.49;0.2;3104.99;Standard;2024-11-26;Payée
FAC-00526;DEV-01248;CLI-0237;Particulier;Toulouse;2024-10-08;2024-10;2024-2025;2024-10-23;15;10826.52;0.1;11909.17;Bon payeur;2024-11-14;Payée
FAC-00527;DEV-01249;CLI-0272;Professionnel;Toulouse;2024-10-14;2024-10;2024-2025;2024-11-13;30;9835.51;0.2;11802.61;Standard;2024-12-12;Payée
FAC-00528;DEV-01252;CLI-0339;Particulier;Bordeaux;2024-10-22;2024-10;2024-2025;2024-11-06;15;213.77;0.2;256.52;Bon payeur;2024-11-16;Payée
FAC-00529;DEV-01256;CLI-0249;Particulier;Toulouse;2024-09-13;2024-09;2024-2025;2024-09-28;15;300.76;0.2;360.91;Lent;2024-12-13;Payée
FAC-00530;DEV-01257;CLI-0141;Particulier;Bordeaux;2024-09-18;2024-09;2024-2025;2024-10-03;15;1728.64;0.2;2074.37;Bon payeur;2024-09-19;Payée
FAC-00531;DEV-01261;CLI-0484;Particulier;Bordeaux;2024-09-24;2024-09;2024-2025;2024-10-09;15;19686.27;0.1;21654.9;Standard;2024-10-08;Payée
FAC-00532;DEV-01262;CLI-0289;Particulier;Bordeaux;2024-09-20;2024-09;2024-2025;2024-10-05;15;963.52;0.2;1156.22;Lent;2024-12-30;Payée
FAC-00533;DEV-01264;CLI-0205;Professionnel;Bordeaux;2024-10-16;2024-10;2024-2025;2024-11-15;30;692.92;0.2;831.5;Standard;2024-11-19;Payée
FAC-00534;DEV-01266;CLI-0298;Particulier;Toulouse;2024-09-23;2024-09;2024-2025;2024-10-08;15;3333.7;0.1;3667.07;Standard;2024-10-05;Payée
FAC-00535;DEV-01268;CLI-0050;Particulier;Toulouse;2024-10-28;2024-10;2024-2025;2024-11-12;15;294.56;0.2;353.47;Standard;2024-10-29;Payée
FAC-00536;DEV-01270;CLI-0079;Particulier;Bordeaux;2024-10-07;2024-10;2024-2025;2024-10-22;15;1109.97;0.1;1220.97;Standard;2024-10-18;Payée
FAC-00537;DEV-01272;CLI-0348;Particulier;Bordeaux;2024-09-19;2024-09;2024-2025;2024-10-04;15;10706.0;0.2;12847.2;Bon payeur;2024-09-25;Payée
FAC-00538;DEV-01274;CLI-0239;Particulier;Bordeaux;2024-09-20;2024-09;2024-2025;2024-10-05;15;398.77;0.1;438.65;Standard;2024-09-21;Payée
FAC-00539;DEV-01275;CLI-0374;Particulier;Bordeaux;2024-10-01;2024-10;2024-2025;2024-10-16;15;300.83;0.2;361.0;Bon payeur;2024-10-19;Payée
FAC-00540;DEV-01278;CLI-0334;Particulier;Toulouse;2024-10-16;2024-10;2024-2025;2024-10-31;15;1078.0;0.1;1185.8;Standard;2024-11-03;Payée
FAC-00541;DEV-01279;CLI-0461;Particulier;Toulouse;2024-10-08;2024-10;2024-2025;2024-10-23;15;438.22;0.1;482.04;Standard;2024-10-23;Payée
FAC-00542;DEV-01284;CLI-0132;Particulier;Toulouse;2024-10-18;2024-10;2024-2025;2024-11-02;15;1108.81;0.1;1219.69;Bon payeur;2024-11-08;Payée
FAC-00543;DEV-01287;CLI-0442;Particulier;Toulouse;2024-10-17;2024-10;2024-2025;2024-11-01;15;366.18;0.2;439.42;Standard;2024-10-28;Payée
FAC-00544;DEV-01293;CLI-0258;Professionnel;Bordeaux;2024-11-13;2024-11;2024-2025;2024-12-13;30;3902.85;0.2;4683.42;Standard;2025-01-02;Payée
FAC-00545;DEV-01296;CLI-0092;Particulier;Toulouse;2024-10-17;2024-10;2024-2025;2024-11-01;15;1261.19;0.1;1387.31;Standard;2024-11-12;Payée
FAC-00546;DEV-01305;CLI-0534;Particulier;Toulouse;2024-10-14;2024-10;2024-2025;2024-10-29;15;840.1;0.1;924.11;Standard;2024-10-20;Payée
FAC-00547;DEV-01311;CLI-0247;Professionnel;Bordeaux;2024-11-11;2024-11;2024-2025;2024-12-11;30;10881.91;0.2;13058.29;Lent;2024-11-25;Payée
FAC-00548;DEV-01315;CLI-0354;Particulier;Bordeaux;2024-10-21;2024-10;2024-2025;2024-11-05;15;1360.34;0.1;1496.37;Bon payeur;2024-11-15;Payée
FAC-00549;DEV-01317;CLI-0039;Particulier;Bordeaux;2024-11-12;2024-11;2024-2025;2024-11-27;15;320.02;0.2;384.02;Standard;2024-11-20;Payée
FAC-00550;DEV-01321;CLI-0044;Syndic;Bordeaux;2024-10-22;2024-10;2024-2025;2024-12-21;60;846.05;0.2;1015.26;Standard;2024-12-29;Payée
FAC-00551;DEV-01330;CLI-0350;Particulier;Bordeaux;2024-10-29;2024-10;2024-2025;2024-11-13;15;2851.33;0.1;3136.46;Standard;2024-11-04;Payée
FAC-00552;DEV-01331;CLI-0501;Particulier;Bordeaux;2024-10-14;2024-10;2024-2025;2024-10-29;15;9688.37;0.1;10657.21;Bon payeur;2024-10-31;Payée
FAC-00553;DEV-01334;CLI-0337;Particulier;Toulouse;2024-11-06;2024-11;2024-2025;2024-11-21;15;323.12;0.2;387.74;Standard;2024-11-23;Payée
FAC-00554;DEV-01335;CLI-0054;Particulier;Bordeaux;2024-10-14;2024-10;2024-2025;2024-10-29;15;9921.98;0.1;10914.18;Standard;2024-11-04;Payée
FAC-00555;DEV-01336;CLI-0456;Professionnel;Bordeaux;2024-11-18;2024-11;2024-2025;2024-12-18;30;2123.62;0.2;2548.34;Bon payeur;2024-12-15;Payée
FAC-00556;DEV-01337;CLI-0084;Professionnel;Toulouse;2024-11-21;2024-11;2024-2025;2024-12-21;30;21975.62;0.2;26370.74;Standard;2024-12-08;Payée
FAC-00557;DEV-01340;CLI-0071;Particulier;Toulouse;2024-11-04;2024-11;2024-2025;2024-11-19;15;986.61;0.2;1183.93;Bon payeur;2024-11-05;Payée
FAC-00558;DEV-01342;CLI-0254;Particulier;Toulouse;2024-12-09;2024-12;2024-2025;2024-12-24;15;913.11;0.1;1004.42;Standard;2024-12-29;Payée
FAC-00559;DEV-01344;CLI-0441;Professionnel;Bordeaux;2024-10-23;2024-10;2024-2025;2024-11-22;30;7499.45;0.2;8999.34;Standard;2024-12-06;Payée
FAC-00560;DEV-01345;CLI-0206;Syndic;Toulouse;2024-11-06;2024-11;2024-2025;2025-01-05;60;3380.12;0.2;4056.14;Bon payeur;2024-12-03;Payée
FAC-00561;DEV-01346;CLI-0234;Particulier;Toulouse;2024-11-14;2024-11;2024-2025;2024-11-29;15;418.83;0.2;502.6;Lent;2025-04-26;Payée
FAC-00562;DEV-01347;CLI-0229;Particulier;Toulouse;2024-12-09;2024-12;2024-2025;2024-12-24;15;3357.38;0.1;3693.12;Lent;2025-01-14;Payée
FAC-00563;DEV-01350;CLI-0116;Particulier;Bordeaux;2024-11-28;2024-11;2024-2025;2024-12-13;15;2930.38;0.1;3223.42;Bon payeur;2024-12-24;Payée
FAC-00564;DEV-01351;CLI-0447;Syndic;Bordeaux;2024-11-26;2024-11;2024-2025;2025-01-25;60;2795.19;0.2;3354.23;Lent;2024-12-16;Payée
FAC-00565;DEV-01352;CLI-0534;Particulier;Toulouse;2024-10-30;2024-10;2024-2025;2024-11-14;15;136.08;0.1;149.69;Standard;2024-10-31;Payée
FAC-00566;DEV-01355;CLI-0337;Particulier;Toulouse;2024-10-21;2024-10;2024-2025;2024-11-05;15;408.06;0.2;489.67;Standard;2024-12-07;Payée
FAC-00567;DEV-01358;CLI-0281;Particulier;Bordeaux;2024-11-08;2024-11;2024-2025;2024-11-23;15;407.01;0.1;447.71;Standard;2024-11-22;Payée
FAC-00568;DEV-01359;CLI-0022;Particulier;Bordeaux;2024-11-13;2024-11;2024-2025;2024-11-28;15;285.42;0.2;342.5;Standard;2024-11-25;Payée
FAC-00569;DEV-01366;CLI-0128;Particulier;Bordeaux;2024-10-30;2024-10;2024-2025;2024-11-14;15;4080.57;0.1;4488.63;Bon payeur;2024-10-31;Payée
FAC-00570;DEV-01368;CLI-0150;Particulier;Bordeaux;2024-11-08;2024-11;2024-2025;2024-11-23;15;5792.1;0.1;6371.31;Standard;2024-11-09;Payée
FAC-00571;DEV-01370;CLI-0316;Particulier;Toulouse;2024-11-22;2024-11;2024-2025;2024-12-07;15;11361.29;0.1;12497.42;Standard;2024-12-11;Payée
FAC-00572;DEV-01372;CLI-0118;Particulier;Toulouse;2024-12-03;2024-12;2024-2025;2024-12-18;15;1412.19;0.1;1553.41;Bon payeur;2024-12-29;Payée
FAC-00573;DEV-01373;CLI-0177;Particulier;Toulouse;2024-11-20;2024-11;2024-2025;2024-12-05;15;290.6;0.2;348.72;Standard;2024-12-13;Payée
FAC-00574;DEV-01376;CLI-0238;Particulier;Bordeaux;2024-12-02;2024-12;2024-2025;2024-12-17;15;12107.27;0.1;13318.0;Lent;2024-12-08;Payée
FAC-00575;DEV-01388;CLI-0244;Professionnel;Bordeaux;2024-11-12;2024-11;2024-2025;2024-12-12;30;18824.53;0.2;22589.44;Litigieux;2025-05-22;Payée
FAC-00576;DEV-01391;CLI-0294;Professionnel;Toulouse;2024-11-26;2024-11;2024-2025;2024-12-26;30;710.35;0.2;852.42;Standard;2025-02-04;Payée
FAC-00577;DEV-01393;CLI-0204;Particulier;Toulouse;2024-11-25;2024-11;2024-2025;2024-12-10;15;3722.08;0.1;4094.29;Standard;2024-11-26;Payée
FAC-00578;DEV-01397;CLI-0443;Collectivité;Bordeaux;2024-12-09;2024-12;2024-2025;2025-01-23;45;7333.12;0.2;8799.74;Litigieux;2025-04-03;Payée
FAC-00579;DEV-01398;CLI-0407;Collectivité;Toulouse;2024-12-18;2024-12;2024-2025;2025-02-01;45;3373.34;0.2;4048.01;Standard;2025-02-10;Payée
FAC-00580;DEV-01400;CLI-0445;Professionnel;Bordeaux;2024-11-20;2024-11;2024-2025;2024-12-20;30;8739.6;0.2;10487.52;Standard;2024-11-29;Payée
FAC-00581;DEV-01401;CLI-0360;Particulier;Bordeaux;2024-11-19;2024-11;2024-2025;2024-12-04;15;2492.17;0.1;2741.39;Bon payeur;2024-11-20;Payée
FAC-00582;DEV-01411;CLI-0013;Professionnel;Toulouse;2024-12-09;2024-12;2024-2025;2025-01-08;30;7136.54;0.2;8563.85;Standard;2025-01-08;Payée
FAC-00583;DEV-01414;CLI-0351;Syndic;Bordeaux;2024-12-16;2024-12;2024-2025;2025-02-14;60;988.8;0.2;1186.56;Standard;2025-03-12;Payée
FAC-00584;DEV-01417;CLI-0150;Particulier;Bordeaux;2024-12-16;2024-12;2024-2025;2024-12-31;15;329.55;0.2;395.46;Standard;2025-01-07;Payée
FAC-00585;DEV-01420;CLI-0239;Particulier;Bordeaux;2024-12-16;2024-12;2024-2025;2024-12-31;15;331.51;0.2;397.81;Standard;2025-01-04;Payée
FAC-00586;DEV-01421;CLI-0245;Professionnel;Toulouse;2024-12-09;2024-12;2024-2025;2025-01-08;30;2950.07;0.2;3540.08;Standard;2025-01-01;Payée
FAC-00587;DEV-01422;CLI-0217;Particulier;Bordeaux;2025-01-06;2025-01;2024-2025;2025-01-21;15;1298.59;0.1;1428.45;Standard;2025-01-07;Payée
FAC-00588;DEV-01424;CLI-0070;Particulier;Toulouse;2024-12-06;2024-12;2024-2025;2024-12-21;15;307.48;0.2;368.98;Bon payeur;2024-12-23;Payée
FAC-00589;DEV-01425;CLI-0348;Particulier;Bordeaux;2024-12-30;2024-12;2024-2025;2025-01-14;15;1598.29;0.2;1917.95;Bon payeur;2025-01-03;Payée
FAC-00590;DEV-01427;CLI-0022;Particulier;Bordeaux;2024-12-18;2024-12;2024-2025;2025-01-02;15;269.67;0.2;323.6;Standard;2025-01-14;Payée
FAC-00591;DEV-01428;CLI-0352;Professionnel;Bordeaux;2024-12-11;2024-12;2024-2025;2025-01-10;30;2206.4;0.2;2647.68;Standard;2025-01-15;Payée
FAC-00592;DEV-01433;CLI-0568;Syndic;Toulouse;2024-11-28;2024-11;2024-2025;2025-01-27;60;611.51;0.2;733.81;Lent;2025-02-20;Payée
FAC-00593;DEV-01434;CLI-0305;Particulier;Toulouse;2024-12-16;2024-12;2024-2025;2024-12-31;15;389.97;0.2;467.96;Bon payeur;2024-12-27;Payée
FAC-00594;DEV-01435;CLI-0267;Particulier;Bordeaux;2024-12-12;2024-12;2024-2025;2024-12-27;15;224.05;0.2;268.86;Bon payeur;2024-12-26;Payée
FAC-00595;DEV-01436;CLI-0229;Particulier;Toulouse;2024-12-16;2024-12;2024-2025;2024-12-31;15;3160.27;0.1;3476.3;Lent;2025-03-25;Payée
FAC-00596;DEV-01437;CLI-0438;Particulier;Toulouse;2024-11-20;2024-11;2024-2025;2024-12-05;15;3776.06;0.1;4153.67;Bon payeur;2024-12-14;Payée
FAC-00597;DEV-01438;CLI-0032;Particulier;Toulouse;2024-12-12;2024-12;2024-2025;2024-12-27;15;1092.03;0.1;1201.23;Standard;2024-12-21;Payée
FAC-00598;DEV-01444;CLI-0276;Professionnel;Bordeaux;2024-12-09;2024-12;2024-2025;2025-01-08;30;839.87;0.2;1007.84;Litigieux;2025-06-17;Payée
FAC-00599;DEV-01447;CLI-0141;Particulier;Bordeaux;2024-12-27;2024-12;2024-2025;2025-01-11;15;1686.08;0.2;2023.3;Bon payeur;2024-12-28;Payée
FAC-00600;DEV-01448;CLI-0467;Particulier;Bordeaux;2024-12-23;2024-12;2024-2025;2025-01-07;15;838.28;0.1;922.11;Standard;2025-01-14;Payée
FAC-00601;DEV-01450;CLI-0566;Particulier;Toulouse;2025-01-15;2025-01;2024-2025;2025-01-30;15;2801.76;0.1;3081.94;Standard;2025-01-16;Payée
FAC-00602;DEV-01451;CLI-0318;Particulier;Toulouse;2024-12-09;2024-12;2024-2025;2024-12-24;15;3238.6;0.2;3886.32;Standard;2025-01-02;Payée
FAC-00603;DEV-01452;CLI-0473;Particulier;Toulouse;2024-12-23;2024-12;2024-2025;2025-01-07;15;273.41;0.2;328.09;Bon payeur;2024-12-25;Payée
FAC-00604;DEV-01454;CLI-0490;Syndic;Bordeaux;2025-01-06;2025-01;2024-2025;2025-03-07;60;3670.07;0.2;4404.08;Litigieux;2025-06-12;Payée
FAC-00605;DEV-01458;CLI-0297;Professionnel;Bordeaux;2024-12-17;2024-12;2024-2025;2025-01-16;30;10862.1;0.2;13034.52;Bon payeur;2024-12-28;Payée
FAC-00606;DEV-01459;CLI-0197;Particulier;Bordeaux;2025-01-07;2025-01;2024-2025;2025-01-22;15;402.6;0.2;483.12;Bon payeur;2025-01-08;Payée
FAC-00607;DEV-01463;CLI-0120;Particulier;Toulouse;2024-12-05;2024-12;2024-2025;2024-12-20;15;10881.33;0.2;13057.6;Lent;2025-02-01;Payée
FAC-00608;DEV-01465;CLI-0099;Particulier;Bordeaux;2025-01-07;2025-01;2024-2025;2025-01-22;15;2447.49;0.1;2692.24;Bon payeur;2025-01-08;Payée
FAC-00609;DEV-01466;CLI-0197;Particulier;Bordeaux;2025-01-01;2025-01;2024-2025;2025-01-16;15;3654.82;0.1;4020.3;Bon payeur;2025-01-20;Payée
FAC-00610;DEV-01467;CLI-0299;Professionnel;Toulouse;2024-12-23;2024-12;2024-2025;2025-01-22;30;3121.12;0.2;3745.34;Standard;2025-02-18;Payée
FAC-00611;DEV-01469;CLI-0123;Particulier;Toulouse;2024-12-20;2024-12;2024-2025;2025-01-04;15;10456.2;0.1;11501.82;Standard;2024-12-21;Payée
FAC-00612;DEV-01471;CLI-0036;Particulier;Toulouse;2025-01-15;2025-01;2024-2025;2025-01-30;15;3027.65;0.2;3633.18;Standard;2025-02-12;Payée
FAC-00613;DEV-01473;CLI-0037;Particulier;Toulouse;2024-12-17;2024-12;2024-2025;2025-01-01;15;360.64;0.2;432.77;Bon payeur;2024-12-18;Payée
FAC-00614;DEV-01475;CLI-0315;Professionnel;Bordeaux;2025-01-27;2025-01;2024-2025;2025-02-26;30;1205.16;0.2;1446.19;Bon payeur;2025-02-28;Payée
FAC-00615;DEV-01477;CLI-0286;Particulier;Bordeaux;2025-01-16;2025-01;2024-2025;2025-01-31;15;1143.69;0.2;1372.43;Standard;2025-02-14;Payée
FAC-00616;DEV-01480;CLI-0140;Syndic;Toulouse;2025-01-15;2025-01;2024-2025;2025-03-16;60;5008.6;0.2;6010.32;Standard;2025-03-15;Payée
FAC-00617;DEV-01483;CLI-0290;Particulier;Toulouse;2025-01-13;2025-01;2024-2025;2025-01-28;15;6440.6;0.1;7084.66;Bon payeur;2025-01-31;Payée
FAC-00618;DEV-01484;CLI-0548;Collectivité;Bordeaux;2024-12-16;2024-12;2024-2025;2025-01-30;45;30499.05;0.2;36598.86;Bon payeur;2025-01-14;Payée
FAC-00619;DEV-01490;CLI-0313;Syndic;Bordeaux;2024-12-10;2024-12;2024-2025;2025-02-08;60;1683.84;0.2;2020.61;Litigieux;2025-07-25;Payée
FAC-00620;DEV-01491;CLI-0168;Particulier;Bordeaux;2025-01-07;2025-01;2024-2025;2025-01-22;15;801.56;0.1;881.72;Lent;2025-02-16;Payée
FAC-00621;DEV-01492;CLI-0486;Particulier;Bordeaux;2025-01-10;2025-01;2024-2025;2025-01-25;15;468.28;0.1;515.11;Bon payeur;2025-01-18;Payée
FAC-00622;DEV-01493;CLI-0108;Professionnel;Toulouse;2024-12-26;2024-12;2024-2025;2025-01-25;30;754.78;0.2;905.74;Lent;2025-06-01;Payée
FAC-00623;DEV-01494;CLI-0511;Particulier;Toulouse;2025-01-06;2025-01;2024-2025;2025-01-21;15;217.17;0.2;260.6;Standard;2025-01-09;Payée
FAC-00624;DEV-01496;CLI-0028;Particulier;Toulouse;2025-02-03;2025-02;2024-2025;2025-02-18;15;258.58;0.2;310.3;Bon payeur;2025-02-08;Payée
FAC-00625;DEV-01497;CLI-0239;Particulier;Bordeaux;2025-01-06;2025-01;2024-2025;2025-01-21;15;271.5;0.2;325.8;Standard;2025-01-11;Payée
FAC-00626;DEV-01499;CLI-0379;Particulier;Bordeaux;2025-01-09;2025-01;2024-2025;2025-01-24;15;1300.25;0.1;1430.28;Standard;2025-02-01;Payée
FAC-00627;DEV-01501;CLI-0196;Particulier;Bordeaux;2024-12-23;2024-12;2024-2025;2025-01-07;15;479.59;0.1;527.55;Standard;2024-12-31;Payée
FAC-00628;DEV-01506;CLI-0251;Particulier;Bordeaux;2025-01-20;2025-01;2024-2025;2025-02-04;15;1515.32;0.2;1818.38;Bon payeur;2025-01-26;Payée
FAC-00629;DEV-01507;CLI-0256;Particulier;Bordeaux;2025-01-20;2025-01;2024-2025;2025-02-04;15;5717.06;0.1;6288.77;Standard;2025-02-15;Payée
FAC-00630;DEV-01511;CLI-0039;Particulier;Bordeaux;2025-01-22;2025-01;2024-2025;2025-02-06;15;153.12;0.1;168.43;Standard;2025-02-05;Payée
FAC-00631;DEV-01512;CLI-0496;Professionnel;Toulouse;2025-01-03;2025-01;2024-2025;2025-02-02;30;552.02;0.2;662.42;Litigieux;;En retard
FAC-00632;DEV-01516;CLI-0067;Professionnel;Bordeaux;2025-01-02;2025-01;2024-2025;2025-02-01;30;662.03;0.2;794.44;Standard;2025-02-01;Payée
FAC-00633;DEV-01517;CLI-0328;Particulier;Bordeaux;2025-01-13;2025-01;2024-2025;2025-01-28;15;1085.8;0.2;1302.96;Bon payeur;2025-01-14;Payée
FAC-00634;DEV-01518;CLI-0010;Particulier;Bordeaux;2025-01-08;2025-01;2024-2025;2025-01-23;15;706.1;0.1;776.71;Bon payeur;2025-01-09;Payée
FAC-00635;DEV-01521;CLI-0316;Particulier;Toulouse;2025-01-21;2025-01;2024-2025;2025-02-05;15;248.94;0.2;298.73;Standard;2025-01-28;Payée
FAC-00636;DEV-01524;CLI-0155;Particulier;Bordeaux;2025-02-17;2025-02;2024-2025;2025-03-04;15;872.31;0.2;1046.77;Lent;2025-05-14;Payée
FAC-00637;DEV-01527;CLI-0055;Professionnel;Bordeaux;2024-12-31;2024-12;2024-2025;2025-01-30;30;438.9;0.2;526.68;Standard;2025-02-12;Payée
FAC-00638;DEV-01528;CLI-0093;Professionnel;Bordeaux;2025-02-21;2025-02;2024-2025;2025-03-23;30;2133.51;0.2;2560.21;Standard;2025-04-14;Payée
FAC-00639;DEV-01529;CLI-0494;Professionnel;Bordeaux;2025-01-27;2025-01;2024-2025;2025-02-26;30;25152.67;0.2;30183.2;Lent;2025-02-23;Payée
FAC-00640;DEV-01531;CLI-0519;Syndic;Bordeaux;2025-01-30;2025-01;2024-2025;2025-03-31;60;11366.88;0.2;13640.26;Lent;2025-08-05;Payée
FAC-00641;DEV-01536;CLI-0998;Professionnel;Montpellier;2025-01-09;2025-01;2024-2025;2025-02-08;30;2420.65;0.2;2904.78;Lent;2025-03-24;Payée
FAC-00642;DEV-01537;CLI-0017;Professionnel;Toulouse;2025-02-17;2025-02;2024-2025;2025-03-19;30;1237.3;0.2;1484.76;Standard;2025-04-02;Payée
FAC-00643;DEV-01541;CLI-0187;Particulier;Bordeaux;2025-01-27;2025-01;2024-2025;2025-02-11;15;9614.32;0.1;10575.75;Standard;2025-02-05;Payée
FAC-00644;DEV-01542;CLI-0155;Particulier;Bordeaux;2025-02-03;2025-02;2024-2025;2025-02-18;15;345.73;0.2;414.88;Lent;2025-05-17;Payée
FAC-00645;DEV-01544;CLI-0050;Particulier;Toulouse;2025-02-06;2025-02;2024-2025;2025-02-21;15;1636.69;0.2;1964.03;Standard;2025-02-28;Payée
FAC-00646;DEV-01551;CLI-0489;Particulier;Bordeaux;2025-02-19;2025-02;2024-2025;2025-03-06;15;266.05;0.2;319.26;Standard;2025-03-21;Payée
FAC-00647;DEV-01553;CLI-0524;Collectivité;Bordeaux;2025-02-18;2025-02;2024-2025;2025-04-04;45;33252.21;0.2;39902.65;Bon payeur;2025-03-25;Payée
FAC-00648;DEV-01554;CLI-0475;Particulier;Toulouse;2025-02-17;2025-02;2024-2025;2025-03-04;15;346.59;0.2;415.91;Lent;2025-03-11;Payée
FAC-00649;DEV-01556;CLI-0395;Particulier;Bordeaux;2025-03-05;2025-03;2024-2025;2025-03-20;15;5919.46;0.1;6511.41;Standard;2025-03-09;Payée
FAC-00650;DEV-01558;CLI-0054;Particulier;Bordeaux;2025-03-10;2025-03;2024-2025;2025-03-25;15;623.85;0.2;748.62;Standard;2025-04-02;Payée
FAC-00651;DEV-01559;CLI-0150;Particulier;Bordeaux;2025-01-23;2025-01;2024-2025;2025-02-07;15;5090.84;0.1;5599.92;Standard;2025-02-01;Payée
FAC-00652;DEV-01563;CLI-0491;Professionnel;Bordeaux;2025-02-12;2025-02;2024-2025;2025-03-14;30;1382.83;0.2;1659.4;Lent;2025-04-19;Payée
FAC-00653;DEV-01564;CLI-0005;Particulier;Bordeaux;2025-02-06;2025-02;2024-2025;2025-02-21;15;1455.57;0.2;1746.68;Standard;2025-02-20;Payée
FAC-00654;DEV-01568;CLI-0048;Particulier;Toulouse;2025-02-27;2025-02;2024-2025;2025-03-14;15;245.51;0.2;294.61;Standard;2025-03-11;Payée
FAC-00655;DEV-01570;CLI-0476;Particulier;Bordeaux;2025-03-10;2025-03;2024-2025;2025-03-25;15;15958.56;0.1;17554.42;Standard;2025-03-15;Payée
FAC-00656;DEV-01574;CLI-0371;Particulier;Bordeaux;2025-02-24;2025-02;2024-2025;2025-03-11;15;1095.05;0.1;1204.56;Standard;2025-02-27;Payée
FAC-00657;DEV-01576;CLI-0187;Particulier;Bordeaux;2025-02-24;2025-02;2024-2025;2025-03-11;15;10136.92;0.2;12164.3;Standard;2025-03-30;Payée
FAC-00658;DEV-01578;CLI-0269;Particulier;Toulouse;2025-03-10;2025-03;2024-2025;2025-03-25;15;2011.85;0.2;2414.22;Bon payeur;2025-03-11;Payée
FAC-00659;DEV-01580;CLI-0203;Particulier;Toulouse;2025-02-04;2025-02;2024-2025;2025-02-19;15;308.7;0.2;370.44;Standard;2025-02-05;Payée
FAC-00660;DEV-01587;CLI-0192;Particulier;Toulouse;2025-02-28;2025-02;2024-2025;2025-03-15;15;3274.23;0.1;3601.65;Standard;2025-03-10;Payée
FAC-00661;DEV-01589;CLI-0066;Professionnel;Toulouse;2025-02-12;2025-02;2024-2025;2025-03-14;30;4363.38;0.2;5236.06;Bon payeur;2025-03-13;Payée
FAC-00662;DEV-01590;CLI-0102;Particulier;Toulouse;2025-03-04;2025-03;2024-2025;2025-03-19;15;3891.08;0.1;4280.19;Bon payeur;2025-03-05;Payée
FAC-00663;DEV-01592;CLI-0465;Particulier;Bordeaux;2025-02-19;2025-02;2024-2025;2025-03-06;15;366.27;0.2;439.52;Bon payeur;2025-02-20;Payée
FAC-00664;DEV-01594;CLI-0308;Particulier;Bordeaux;2025-03-03;2025-03;2024-2025;2025-03-18;15;397.46;0.2;476.95;Bon payeur;2025-03-09;Payée
FAC-00665;DEV-01596;CLI-0051;Particulier;Toulouse;2025-02-10;2025-02;2024-2025;2025-02-25;15;517.23;0.1;568.95;Bon payeur;2025-02-13;Payée
FAC-00666;DEV-01599;CLI-0243;Professionnel;Bordeaux;2025-03-03;2025-03;2024-2025;2025-04-02;30;742.07;0.2;890.48;Bon payeur;2025-03-19;Payée
FAC-00667;DEV-01601;CLI-0029;Particulier;Bordeaux;2025-02-10;2025-02;2024-2025;2025-02-25;15;641.67;0.1;705.84;Standard;2025-03-02;Payée
FAC-00668;DEV-01602;CLI-0453;Particulier;Bordeaux;2025-02-27;2025-02;2024-2025;2025-03-14;15;6739.63;0.1;7413.59;Bon payeur;2025-03-21;Payée
FAC-00669;DEV-01605;CLI-0378;Particulier;Bordeaux;2025-02-25;2025-02;2024-2025;2025-03-12;15;5539.98;0.1;6093.98;Bon payeur;2025-03-07;Payée
FAC-00670;DEV-01618;CLI-0261;Particulier;Toulouse;2025-03-17;2025-03;2024-2025;2025-04-01;15;1578.46;0.2;1894.15;Standard;2025-04-06;Payée
FAC-00671;DEV-01620;CLI-0412;Professionnel;Bordeaux;2025-02-24;2025-02;2024-2025;2025-03-26;30;494.75;0.2;593.7;Standard;2025-03-09;Payée
FAC-00672;DEV-01621;CLI-0365;Particulier;Toulouse;2025-02-28;2025-02;2024-2025;2025-03-15;15;441.44;0.1;485.58;Standard;2025-03-01;Payée
FAC-00673;DEV-01623;CLI-0178;Particulier;Toulouse;2025-02-20;2025-02;2024-2025;2025-03-07;15;4985.43;0.1;5483.97;Bon payeur;2025-03-09;Payée
FAC-00674;DEV-01624;CLI-0472;Professionnel;Bordeaux;2025-03-18;2025-03;2024-2025;2025-04-17;30;567.99;0.2;681.59;Standard;2025-03-26;Payée
FAC-00675;DEV-01629;CLI-0007;Particulier;Toulouse;2025-03-10;2025-03;2024-2025;2025-03-25;15;1367.82;0.1;1504.6;Standard;2025-04-04;Payée
FAC-00676;DEV-01630;CLI-0440;Particulier;Bordeaux;2025-02-26;2025-02;2024-2025;2025-03-13;15;236.07;0.2;283.28;Litigieux;;En retard
FAC-00677;DEV-01633;CLI-0329;Particulier;Bordeaux;2025-03-10;2025-03;2024-2025;2025-03-25;15;1779.13;0.2;2134.96;Standard;2025-03-26;Payée
FAC-00678;DEV-01638;CLI-0328;Particulier;Bordeaux;2025-03-03;2025-03;2024-2025;2025-03-18;15;258.13;0.2;309.76;Bon payeur;2025-03-04;Payée
FAC-00679;DEV-01639;CLI-0514;Particulier;Toulouse;2025-03-05;2025-03;2024-2025;2025-03-20;15;12231.97;0.1;13455.17;Standard;2025-04-09;Payée
FAC-00680;DEV-01641;CLI-0568;Syndic;Toulouse;2025-03-11;2025-03;2024-2025;2025-05-10;60;794.01;0.2;952.81;Lent;2025-08-16;Payée
FAC-00681;DEV-01645;CLI-0528;Particulier;Bordeaux;2025-03-11;2025-03;2024-2025;2025-03-26;15;767.36;0.2;920.83;Standard;2025-04-23;Payée
FAC-00682;DEV-01647;CLI-0376;Particulier;Bordeaux;2025-03-05;2025-03;2024-2025;2025-03-20;15;510.19;0.1;561.21;Standard;2025-04-02;Payée
FAC-00683;DEV-01649;CLI-0607;Syndic;Toulouse;2025-03-26;2025-03;2024-2025;2025-05-25;60;724.07;0.2;868.88;Standard;2025-06-03;Payée
FAC-00684;DEV-01651;CLI-0226;Particulier;Bordeaux;2025-02-26;2025-02;2024-2025;2025-03-13;15;8408.94;0.2;10090.73;Standard;2025-03-18;Payée
FAC-00685;DEV-01661;CLI-0196;Particulier;Bordeaux;2025-03-28;2025-03;2024-2025;2025-04-12;15;12433.24;0.1;13676.56;Standard;2025-03-29;Payée
FAC-00686;DEV-01662;CLI-0300;Professionnel;Toulouse;2025-04-21;2025-04;2024-2025;2025-05-21;30;17753.51;0.2;21304.21;Litigieux;2025-10-24;Payée
FAC-00687;DEV-01664;CLI-0466;Collectivité;Bordeaux;2025-03-03;2025-03;2024-2025;2025-04-17;45;789.32;0.2;947.18;Standard;2025-03-26;Payée
FAC-00688;DEV-01667;CLI-0309;Particulier;Bordeaux;2025-04-21;2025-04;2024-2025;2025-05-06;15;4906.43;0.1;5397.07;Bon payeur;2025-04-22;Payée
FAC-00689;DEV-01671;CLI-0076;Particulier;Toulouse;2025-03-10;2025-03;2024-2025;2025-03-25;15;168.49;0.1;185.34;Bon payeur;2025-03-11;Payée
FAC-00690;DEV-01673;CLI-0154;Particulier;Bordeaux;2025-03-28;2025-03;2024-2025;2025-04-12;15;558.05;0.2;669.66;Bon payeur;2025-04-06;Payée
FAC-00691;DEV-01679;CLI-0141;Particulier;Bordeaux;2025-04-14;2025-04;2024-2025;2025-04-29;15;10406.49;0.1;11447.14;Bon payeur;2025-05-13;Payée
FAC-00692;DEV-01683;CLI-0255;Particulier;Bordeaux;2025-03-31;2025-03;2024-2025;2025-04-15;15;1685.73;0.2;2022.88;Lent;2025-08-20;Payée
FAC-00693;DEV-01686;CLI-0108;Professionnel;Toulouse;2025-05-05;2025-05;2024-2025;2025-06-04;30;2083.45;0.2;2500.14;Lent;2025-06-09;Payée
FAC-00694;DEV-01689;CLI-0263;Syndic;Bordeaux;2025-03-10;2025-03;2024-2025;2025-05-09;60;4218.59;0.2;5062.31;Standard;2025-04-24;Payée
FAC-00695;DEV-01695;CLI-0033;Syndic;Bordeaux;2025-04-01;2025-04;2024-2025;2025-05-31;60;2328.28;0.2;2793.94;Litigieux;;En retard
FAC-00696;DEV-01696;CLI-0080;Particulier;Bordeaux;2025-04-28;2025-04;2024-2025;2025-05-13;15;496.58;0.2;595.9;Bon payeur;2025-04-29;Payée
FAC-00697;DEV-01701;CLI-0168;Particulier;Bordeaux;2025-04-17;2025-04;2024-2025;2025-05-02;15;3983.42;0.1;4381.76;Lent;2025-06-18;Payée
FAC-00698;DEV-01704;CLI-0459;Professionnel;Bordeaux;2025-03-26;2025-03;2024-2025;2025-04-25;30;540.59;0.2;648.71;Bon payeur;2025-05-18;Payée
FAC-00699;DEV-01707;CLI-0174;Professionnel;Bordeaux;2025-04-08;2025-04;2024-2025;2025-05-08;30;2325.47;0.2;2790.56;Bon payeur;2025-05-06;Payée
FAC-00700;DEV-01709;CLI-0254;Particulier;Toulouse;2025-05-09;2025-05;2024-2025;2025-05-24;15;11452.32;0.1;12597.55;Standard;2025-05-10;Payée
FAC-00701;DEV-01710;CLI-0561;Particulier;Bordeaux;2025-04-10;2025-04;2024-2025;2025-04-25;15;301.66;0.2;361.99;Bon payeur;2025-04-17;Payée
FAC-00702;DEV-01718;CLI-0322;Particulier;Bordeaux;2025-04-22;2025-04;2024-2025;2025-05-07;15;9708.82;0.1;10679.7;Standard;2025-04-25;Payée
FAC-00703;DEV-01719;CLI-0568;Syndic;Toulouse;2025-04-02;2025-04;2024-2025;2025-06-01;60;7655.91;0.2;9187.09;Lent;2025-07-07;Payée
FAC-00704;DEV-01720;CLI-0978;Particulier;Montpellier;2025-04-18;2025-04;2024-2025;2025-05-03;15;302.65;0.2;363.18;Bon payeur;2025-04-19;Payée
FAC-00705;DEV-01721;CLI-0169;Professionnel;Bordeaux;2025-05-21;2025-05;2024-2025;2025-06-20;30;275.14;0.2;330.17;Lent;2025-09-08;Payée
FAC-00706;DEV-01722;CLI-0198;Syndic;Bordeaux;2025-04-07;2025-04;2024-2025;2025-06-06;60;300.29;0.2;360.35;Standard;2025-05-22;Payée
FAC-00707;DEV-01723;CLI-0525;Particulier;Bordeaux;2025-04-23;2025-04;2024-2025;2025-05-08;15;3215.98;0.1;3537.58;Bon payeur;2025-05-27;Payée
FAC-00708;DEV-01724;CLI-0290;Particulier;Toulouse;2025-04-28;2025-04;2024-2025;2025-05-13;15;400.85;0.1;440.94;Bon payeur;2025-05-05;Payée
FAC-00709;DEV-01729;CLI-0402;Particulier;Bordeaux;2025-05-01;2025-05;2024-2025;2025-05-16;15;347.78;0.2;417.34;Lent;2025-05-02;Payée
FAC-00710;DEV-01733;CLI-0109;Professionnel;Toulouse;2025-04-21;2025-04;2024-2025;2025-05-21;30;461.51;0.2;553.81;Standard;2025-04-29;Payée
FAC-00711;DEV-01736;CLI-0188;Particulier;Bordeaux;2025-04-14;2025-04;2024-2025;2025-04-29;15;507.49;0.1;558.24;Standard;2025-04-21;Payée
FAC-00712;DEV-01738;CLI-0355;Particulier;Bordeaux;2025-04-11;2025-04;2024-2025;2025-04-26;15;2276.94;0.1;2504.63;Bon payeur;2025-04-12;Payée
FAC-00713;DEV-01743;CLI-0338;Collectivité;Bordeaux;2025-05-26;2025-05;2024-2025;2025-07-10;45;3289.7;0.2;3947.64;Bon payeur;2025-07-19;Payée
FAC-00714;DEV-01747;CLI-0308;Particulier;Bordeaux;2025-04-28;2025-04;2024-2025;2025-05-13;15;3851.97;0.1;4237.17;Bon payeur;2025-05-19;Payée
FAC-00715;DEV-01750;CLI-0194;Syndic;Toulouse;2025-04-15;2025-04;2024-2025;2025-06-14;60;5677.61;0.2;6813.13;Lent;2026-01-05;Payée
FAC-00716;DEV-01758;CLI-1009;Particulier;Montpellier;2025-05-07;2025-05;2024-2025;2025-05-22;15;1591.41;0.2;1909.69;Bon payeur;2025-05-08;Payée
FAC-00717;DEV-01760;CLI-0229;Particulier;Toulouse;2025-05-22;2025-05;2024-2025;2025-06-06;15;1779.24;0.2;2135.09;Lent;2025-05-23;Payée
FAC-00718;DEV-01761;CLI-0583;Collectivité;Bordeaux;2025-05-07;2025-05;2024-2025;2025-06-21;45;650.11;0.2;780.13;Lent;2025-06-20;Payée
FAC-00719;DEV-01762;CLI-0022;Particulier;Bordeaux;2025-05-12;2025-05;2024-2025;2025-05-27;15;401.53;0.2;481.84;Standard;2025-06-15;Payée
FAC-00720;DEV-01764;CLI-0627;Particulier;Bordeaux;2025-05-26;2025-05;2024-2025;2025-06-10;15;233.87;0.2;280.64;Bon payeur;2025-05-31;Payée
FAC-00721;DEV-01767;CLI-0251;Particulier;Bordeaux;2025-04-22;2025-04;2024-2025;2025-05-07;15;15382.04;0.1;16920.24;Bon payeur;2025-04-23;Payée
FAC-00722;DEV-01769;CLI-0121;Syndic;Toulouse;2025-05-06;2025-05;2024-2025;2025-07-05;60;653.34;0.2;784.01;Bon payeur;2025-07-14;Payée
FAC-00723;DEV-01770;CLI-0644;Particulier;Bordeaux;2025-05-19;2025-05;2024-2025;2025-06-03;15;5064.04;0.1;5570.44;Lent;2025-05-25;Payée
FAC-00724;DEV-01771;CLI-0066;Professionnel;Toulouse;2025-04-23;2025-04;2024-2025;2025-05-23;30;451.26;0.2;541.51;Bon payeur;2025-05-08;Payée
FAC-00725;DEV-01775;CLI-0153;Particulier;Bordeaux;2025-04-24;2025-04;2024-2025;2025-05-09;15;369.07;0.2;442.88;Standard;2025-06-04;Payée
FAC-00726;DEV-01777;CLI-0508;Particulier;Bordeaux;2025-05-13;2025-05;2024-2025;2025-05-28;15;1109.22;0.1;1220.14;Lent;2025-07-29;Payée
FAC-00727;DEV-01780;CLI-0581;Particulier;Montpellier;2025-05-16;2025-05;2024-2025;2025-05-31;15;4300.04;0.1;4730.04;Bon payeur;2025-06-03;Payée
FAC-00728;DEV-01788;CLI-0295;Particulier;Toulouse;2025-06-23;2025-06;2024-2025;2025-07-08;15;740.35;0.1;814.39;Standard;2025-08-04;Payée
FAC-00729;DEV-01793;CLI-0036;Particulier;Toulouse;2025-05-06;2025-05;2024-2025;2025-05-21;15;2431.03;0.1;2674.13;Standard;2025-05-22;Payée
FAC-00730;DEV-01795;CLI-0234;Particulier;Toulouse;2025-05-16;2025-05;2024-2025;2025-05-31;15;491.0;0.1;540.1;Lent;2025-05-17;Payée
FAC-00731;DEV-01796;CLI-0094;Professionnel;Toulouse;2025-05-22;2025-05;2024-2025;2025-06-21;30;13692.85;0.2;16431.42;Standard;2025-06-19;Payée
FAC-00732;DEV-01801;CLI-0029;Particulier;Bordeaux;2025-05-27;2025-05;2024-2025;2025-06-11;15;333.15;0.2;399.78;Standard;2025-05-28;Payée
FAC-00733;DEV-01810;CLI-0224;Particulier;Toulouse;2025-05-29;2025-05;2024-2025;2025-06-13;15;296.96;0.2;356.35;Bon payeur;2025-06-27;Payée
FAC-00734;DEV-01812;CLI-0259;Professionnel;Bordeaux;2025-05-26;2025-05;2024-2025;2025-06-25;30;8985.72;0.2;10782.86;Lent;2025-07-13;Payée
FAC-00735;DEV-01814;CLI-1001;Syndic;Montpellier;2025-05-19;2025-05;2024-2025;2025-07-18;60;5594.79;0.2;6713.75;Standard;2025-08-06;Payée
FAC-00736;DEV-01816;CLI-0364;Particulier;Bordeaux;2025-07-01;2025-07;2025-2026;2025-07-16;15;208.38;0.2;250.06;Standard;2025-08-10;Payée
FAC-00737;DEV-01822;CLI-0014;Particulier;Bordeaux;2025-06-06;2025-06;2024-2025;2025-06-21;15;1359.96;0.1;1495.96;Bon payeur;2025-06-08;Payée
FAC-00738;DEV-01825;CLI-0097;Particulier;Toulouse;2025-06-16;2025-06;2024-2025;2025-07-01;15;3480.39;0.2;4176.47;Standard;2025-07-28;Payée
FAC-00739;DEV-01826;CLI-0558;Particulier;Montpellier;2025-05-13;2025-05;2024-2025;2025-05-28;15;1428.0;0.1;1570.8;Standard;2025-05-28;Payée
FAC-00740;DEV-01829;CLI-0483;Particulier;Bordeaux;2025-05-27;2025-05;2024-2025;2025-06-11;15;1177.43;0.1;1295.17;Standard;2025-07-14;Payée
FAC-00741;DEV-01835;CLI-0422;Particulier;Bordeaux;2025-06-06;2025-06;2024-2025;2025-06-21;15;8908.1;0.1;9798.91;Bon payeur;2025-06-07;Payée
FAC-00742;DEV-01837;CLI-0053;Particulier;Bordeaux;2025-06-02;2025-06;2024-2025;2025-06-17;15;11363.69;0.1;12500.06;Lent;2025-08-11;Payée
FAC-00743;DEV-01839;CLI-1013;Professionnel;Montpellier;2025-05-12;2025-05;2024-2025;2025-06-11;30;2992.59;0.2;3591.11;Standard;2025-06-06;Payée
FAC-00744;DEV-01842;CLI-0171;Syndic;Toulouse;2025-05-26;2025-05;2024-2025;2025-07-25;60;582.25;0.2;698.7;Standard;2025-08-01;Payée
FAC-00745;DEV-01852;CLI-0357;Syndic;Toulouse;2025-05-30;2025-05;2024-2025;2025-07-29;60;737.1;0.2;884.52;Lent;2025-10-14;Payée
FAC-00746;DEV-01859;CLI-0499;Professionnel;Bordeaux;2025-06-03;2025-06;2024-2025;2025-07-03;30;405.89;0.2;487.07;Standard;2025-07-22;Payée
FAC-00747;DEV-01860;CLI-0092;Particulier;Toulouse;2025-06-06;2025-06;2024-2025;2025-06-21;15;1453.99;0.1;1599.39;Standard;2025-06-07;Payée
FAC-00748;DEV-01861;CLI-0580;Particulier;Montpellier;2025-07-02;2025-07;2025-2026;2025-07-17;15;10136.62;0.1;11150.28;Standard;2025-07-07;Payée
FAC-00749;DEV-01862;CLI-0280;Particulier;Bordeaux;2025-05-30;2025-05;2024-2025;2025-06-14;15;3851.96;0.2;4622.35;Standard;2025-06-15;Payée
FAC-00750;DEV-01875;CLI-0271;Particulier;Bordeaux;2025-07-10;2025-07;2025-2026;2025-07-25;15;3318.56;0.2;3982.27;Bon payeur;2025-07-11;Payée
FAC-00751;DEV-01878;CLI-0343;Professionnel;Bordeaux;2025-06-26;2025-06;2024-2025;2025-07-26;30;5257.07;0.2;6308.48;Bon payeur;2025-07-18;Payée
FAC-00752;DEV-01882;CLI-0556;Professionnel;Montpellier;2025-05-22;2025-05;2024-2025;2025-06-21;30;473.56;0.2;568.27;Bon payeur;2025-06-08;Payée
FAC-00753;DEV-01883;CLI-0453;Particulier;Bordeaux;2025-06-18;2025-06;2024-2025;2025-07-03;15;255.08;0.2;306.1;Bon payeur;2025-06-19;Payée
FAC-00754;DEV-01886;CLI-0313;Syndic;Bordeaux;2025-06-23;2025-06;2024-2025;2025-08-22;60;880.45;0.2;1056.54;Litigieux;2025-12-17;Payée
FAC-00755;DEV-01887;CLI-0514;Particulier;Toulouse;2025-06-20;2025-06;2024-2025;2025-07-05;15;426.96;0.1;469.66;Standard;2025-07-13;Payée
FAC-00756;DEV-01888;CLI-0045;Syndic;Bordeaux;2025-06-11;2025-06;2024-2025;2025-08-10;60;624.41;0.2;749.29;Lent;2025-10-27;Payée
FAC-00757;DEV-01893;CLI-0239;Particulier;Bordeaux;2025-06-16;2025-06;2024-2025;2025-07-01;15;3177.46;0.2;3812.95;Standard;2025-07-14;Payée
FAC-00758;DEV-01895;CLI-0618;Particulier;Bordeaux;2025-06-27;2025-06;2024-2025;2025-07-12;15;1142.6;0.1;1256.86;Bon payeur;2025-06-28;Payée
FAC-00759;DEV-01897;CLI-0678;Particulier;Bordeaux;2025-06-16;2025-06;2024-2025;2025-07-01;15;3839.86;0.2;4607.83;Litigieux;;En retard
FAC-00760;DEV-01899;CLI-0509;Collectivité;Bordeaux;2025-05-26;2025-05;2024-2025;2025-07-10;45;2643.91;0.2;3172.69;Standard;2025-08-08;Payée
FAC-00761;DEV-01901;CLI-0459;Professionnel;Bordeaux;2025-07-04;2025-07;2025-2026;2025-08-03;30;6702.71;0.2;8043.25;Bon payeur;2025-07-05;Payée
FAC-00762;DEV-01904;CLI-0497;Particulier;Toulouse;2025-07-14;2025-07;2025-2026;2025-07-29;15;2516.86;0.1;2768.55;Standard;2025-07-15;Payée
FAC-00763;DEV-01916;CLI-0224;Particulier;Toulouse;2025-07-16;2025-07;2025-2026;2025-07-31;15;1744.85;0.2;2093.82;Bon payeur;2025-07-28;Payée
FAC-00764;DEV-01918;CLI-0233;Particulier;Toulouse;2025-07-22;2025-07;2025-2026;2025-08-06;15;258.53;0.2;310.24;Lent;2025-11-05;Payée
FAC-00765;DEV-01920;CLI-0033;Syndic;Bordeaux;2025-06-16;2025-06;2024-2025;2025-08-15;60;557.6;0.2;669.12;Litigieux;2026-01-27;Payée
FAC-00766;DEV-01922;CLI-0030;Particulier;Toulouse;2025-06-30;2025-06;2024-2025;2025-07-15;15;303.74;0.2;364.49;Lent;2025-08-05;Payée
FAC-00767;DEV-01928;CLI-0660;Particulier;Toulouse;2025-06-26;2025-06;2024-2025;2025-07-11;15;218.95;0.2;262.74;Standard;2025-07-22;Payée
FAC-00768;DEV-01930;CLI-0031;Professionnel;Bordeaux;2025-07-08;2025-07;2025-2026;2025-08-07;30;1421.38;0.2;1705.66;Standard;2025-08-22;Payée
FAC-00769;DEV-01932;CLI-0397;Syndic;Bordeaux;2025-06-26;2025-06;2024-2025;2025-08-25;60;2786.22;0.2;3343.46;Lent;2025-10-11;Payée
FAC-00770;DEV-01933;CLI-0477;Professionnel;Bordeaux;2025-06-23;2025-06;2024-2025;2025-07-23;30;2818.26;0.2;3381.91;Standard;2025-08-16;Payée
FAC-00771;DEV-01934;CLI-0401;Particulier;Toulouse;2025-06-16;2025-06;2024-2025;2025-07-01;15;3189.05;0.2;3826.86;Standard;2025-06-22;Payée
FAC-00772;DEV-01937;CLI-0054;Particulier;Bordeaux;2025-06-30;2025-06;2024-2025;2025-07-15;15;4308.05;0.1;4738.86;Standard;2025-08-16;Payée
FAC-00773;DEV-01938;CLI-0005;Particulier;Bordeaux;2025-06-30;2025-06;2024-2025;2025-07-15;15;13098.28;0.1;14408.11;Standard;2025-07-08;Payée
FAC-00774;DEV-01941;CLI-0082;Particulier;Toulouse;2025-07-09;2025-07;2025-2026;2025-07-24;15;281.49;0.2;337.79;Bon payeur;2025-07-25;Payée
FAC-00775;DEV-01942;CLI-0147;Particulier;Bordeaux;2025-07-28;2025-07;2025-2026;2025-08-12;15;5920.32;0.1;6512.35;Litigieux;2026-01-30;Payée
FAC-00776;DEV-01944;CLI-0380;Particulier;Toulouse;2025-06-30;2025-06;2024-2025;2025-07-15;15;274.71;0.2;329.65;Standard;2025-07-01;Payée
FAC-00777;DEV-01948;CLI-0216;Particulier;Bordeaux;2025-07-14;2025-07;2025-2026;2025-07-29;15;2798.79;0.1;3078.67;Lent;2025-08-17;Payée
FAC-00778;DEV-01952;CLI-0372;Professionnel;Bordeaux;2025-07-17;2025-07;2025-2026;2025-08-16;30;20846.51;0.2;25015.81;Litigieux;;En retard
FAC-00779;DEV-01954;CLI-0060;Particulier;Toulouse;2025-08-04;2025-08;2025-2026;2025-08-19;15;357.13;0.2;428.56;Standard;2025-09-05;Payée
FAC-00780;DEV-01955;CLI-0573;Particulier;Bordeaux;2025-07-23;2025-07;2025-2026;2025-08-07;15;1374.89;0.2;1649.87;Bon payeur;2025-07-30;Payée
FAC-00781;DEV-01957;CLI-0440;Particulier;Bordeaux;2025-07-01;2025-07;2025-2026;2025-07-16;15;1446.62;0.1;1591.28;Litigieux;2026-01-08;Payée
FAC-00782;DEV-01958;CLI-0263;Syndic;Bordeaux;2025-07-21;2025-07;2025-2026;2025-09-19;60;20891.47;0.2;25069.76;Standard;2025-10-22;Payée
FAC-00783;DEV-01961;CLI-0591;Professionnel;Montpellier;2025-07-21;2025-07;2025-2026;2025-08-20;30;3324.87;0.2;3989.84;Bon payeur;2025-08-25;Payée
FAC-00784;DEV-01962;CLI-0636;Particulier;Bordeaux;2025-08-04;2025-08;2025-2026;2025-08-19;15;1625.88;0.2;1951.06;Bon payeur;2025-08-24;Payée
FAC-00785;DEV-01963;CLI-0063;Particulier;Bordeaux;2025-07-22;2025-07;2025-2026;2025-08-06;15;5342.55;0.1;5876.81;Standard;2025-07-23;Payée
FAC-00786;DEV-01965;CLI-0014;Particulier;Bordeaux;2025-08-05;2025-08;2025-2026;2025-08-20;15;4309.52;0.1;4740.47;Bon payeur;2025-08-06;Payée
FAC-00787;DEV-01969;CLI-0157;Particulier;Bordeaux;2025-07-30;2025-07;2025-2026;2025-08-14;15;336.09;0.2;403.31;Lent;2025-12-07;Payée
FAC-00788;DEV-01970;CLI-0678;Particulier;Bordeaux;2025-08-05;2025-08;2025-2026;2025-08-20;15;11015.87;0.2;13219.04;Litigieux;2026-03-30;Payée
FAC-00789;DEV-01972;CLI-0249;Particulier;Toulouse;2025-08-01;2025-08;2025-2026;2025-08-16;15;353.31;0.2;423.97;Lent;2025-09-16;Payée
FAC-00790;DEV-01983;CLI-0003;Professionnel;Toulouse;2025-08-05;2025-08;2025-2026;2025-09-04;30;822.92;0.2;987.5;Standard;2025-10-02;Payée
FAC-00791;DEV-01984;CLI-0270;Particulier;Bordeaux;2025-07-11;2025-07;2025-2026;2025-07-26;15;9835.68;0.2;11802.82;Bon payeur;2025-07-31;Payée
FAC-00792;DEV-01990;CLI-0313;Syndic;Bordeaux;2025-08-13;2025-08;2025-2026;2025-10-12;60;4125.47;0.2;4950.56;Litigieux;2026-01-23;Payée
FAC-00793;DEV-01993;CLI-0337;Particulier;Toulouse;2025-07-21;2025-07;2025-2026;2025-08-05;15;3578.23;0.1;3936.05;Standard;2025-08-03;Payée
FAC-00794;DEV-01996;CLI-0525;Particulier;Bordeaux;2025-07-31;2025-07;2025-2026;2025-08-15;15;457.93;0.2;549.52;Bon payeur;2025-08-01;Payée
FAC-00795;DEV-01997;CLI-0574;Particulier;Toulouse;2025-07-17;2025-07;2025-2026;2025-08-01;15;254.46;0.2;305.35;Standard;2025-07-18;Payée
FAC-00796;DEV-01998;CLI-0571;Particulier;Montpellier;2025-07-10;2025-07;2025-2026;2025-07-25;15;1175.44;0.1;1292.98;Bon payeur;2025-07-14;Payée
FAC-00797;DEV-01999;CLI-0573;Particulier;Bordeaux;2025-07-11;2025-07;2025-2026;2025-07-26;15;1019.88;0.1;1121.87;Bon payeur;2025-07-26;Payée
FAC-00798;DEV-02001;CLI-0388;Particulier;Toulouse;2025-08-12;2025-08;2025-2026;2025-08-27;15;6538.81;0.1;7192.69;Standard;2025-08-17;Payée
FAC-00799;DEV-02005;CLI-0220;Particulier;Bordeaux;2025-07-14;2025-07;2025-2026;2025-07-29;15;8944.51;0.2;10733.41;Standard;2025-07-15;Payée
FAC-00800;DEV-02006;CLI-0067;Professionnel;Bordeaux;2025-08-19;2025-08;2025-2026;2025-09-18;30;546.87;0.2;656.24;Standard;2025-10-12;Payée
FAC-00801;DEV-02007;CLI-0336;Particulier;Toulouse;2025-07-22;2025-07;2025-2026;2025-08-06;15;2004.84;0.2;2405.81;Standard;2025-07-30;Payée
FAC-00802;DEV-02009;CLI-0489;Particulier;Bordeaux;2025-07-28;2025-07;2025-2026;2025-08-12;15;1457.59;0.1;1603.35;Standard;2025-08-20;Payée
FAC-00803;DEV-02010;CLI-0002;Particulier;Bordeaux;2025-07-25;2025-07;2025-2026;2025-08-09;15;291.78;0.2;350.14;Bon payeur;2025-07-26;Payée
FAC-00804;DEV-02011;CLI-0651;Professionnel;Toulouse;2025-07-21;2025-07;2025-2026;2025-08-20;30;18535.7;0.2;22242.84;Standard;2025-09-12;Payée
FAC-00805;DEV-02014;CLI-0152;Particulier;Bordeaux;2025-08-18;2025-08;2025-2026;2025-09-02;15;1337.98;0.1;1471.78;Standard;2025-09-02;Payée
FAC-00806;DEV-02015;CLI-0659;Particulier;Toulouse;2025-08-26;2025-08;2025-2026;2025-09-10;15;3985.97;0.1;4384.57;Standard;2025-09-21;Payée
FAC-00807;DEV-02016;CLI-0073;Professionnel;Toulouse;2025-07-30;2025-07;2025-2026;2025-08-29;30;363.75;0.2;436.5;Lent;2025-11-05;Payée
FAC-00808;DEV-02019;CLI-0365;Particulier;Toulouse;2025-08-06;2025-08;2025-2026;2025-08-21;15;3227.88;0.1;3550.67;Standard;2025-08-07;Payée
FAC-00809;DEV-02021;CLI-0403;Particulier;Bordeaux;2025-08-25;2025-08;2025-2026;2025-09-09;15;11264.55;0.2;13517.46;Standard;2025-09-05;Payée
FAC-00810;DEV-02025;CLI-0347;Particulier;Toulouse;2025-09-01;2025-09;2025-2026;2025-09-16;15;1576.92;0.2;1892.3;Standard;2025-09-08;Payée
FAC-00811;DEV-02028;CLI-0694;Collectivité;Bordeaux;2025-08-12;2025-08;2025-2026;2025-09-26;45;8910.89;0.2;10693.07;Standard;2025-09-27;Payée
FAC-00812;DEV-02032;CLI-0307;Particulier;Bordeaux;2025-08-11;2025-08;2025-2026;2025-08-26;15;3720.67;0.2;4464.8;Lent;2025-12-10;Payée
FAC-00813;DEV-02038;CLI-0008;Particulier;Toulouse;2025-08-22;2025-08;2025-2026;2025-09-06;15;10630.96;0.1;11694.06;Bon payeur;2025-08-23;Payée
FAC-00814;DEV-02041;CLI-0088;Particulier;Toulouse;2025-08-04;2025-08;2025-2026;2025-08-19;15;1299.61;0.1;1429.57;Standard;2025-08-19;Payée
FAC-00815;DEV-02042;CLI-0477;Professionnel;Bordeaux;2025-08-15;2025-08;2025-2026;2025-09-14;30;487.0;0.2;584.4;Standard;2025-09-16;Payée
FAC-00816;DEV-02046;CLI-0031;Professionnel;Bordeaux;2025-09-08;2025-09;2025-2026;2025-10-08;30;2369.18;0.2;2843.02;Standard;2025-10-01;Payée
FAC-00817;DEV-02047;CLI-0066;Professionnel;Toulouse;2025-09-05;2025-09;2025-2026;2025-10-05;30;6361.88;0.2;7634.26;Bon payeur;2025-09-12;Payée
FAC-00818;DEV-02049;CLI-0235;Particulier;Toulouse;2025-08-19;2025-08;2025-2026;2025-09-03;15;367.5;0.2;441.0;Lent;2025-12-22;Payée
FAC-00819;DEV-02050;CLI-0481;Syndic;Bordeaux;2025-08-15;2025-08;2025-2026;2025-10-14;60;1467.44;0.2;1760.93;Standard;2025-10-18;Payée
FAC-00820;DEV-02055;CLI-0292;Professionnel;Bordeaux;2025-09-10;2025-09;2025-2026;2025-10-10;30;3200.33;0.2;3840.4;Standard;2025-10-03;Payée
FAC-00821;DEV-02056;CLI-0092;Particulier;Toulouse;2025-08-01;2025-08;2025-2026;2025-08-16;15;323.57;0.2;388.28;Standard;2025-08-18;Payée
FAC-00822;DEV-02059;CLI-0188;Particulier;Bordeaux;2025-08-26;2025-08;2025-2026;2025-09-10;15;274.23;0.2;329.08;Standard;2025-09-07;Payée
FAC-00823;DEV-02063;CLI-0059;Particulier;Bordeaux;2025-09-04;2025-09;2025-2026;2025-09-19;15;1431.94;0.1;1575.13;Bon payeur;2025-09-08;Payée
FAC-00824;DEV-02071;CLI-0534;Particulier;Toulouse;2025-08-22;2025-08;2025-2026;2025-09-06;15;296.36;0.2;355.63;Standard;2025-09-17;Payée
FAC-00825;DEV-02077;CLI-0434;Particulier;Bordeaux;2025-08-07;2025-08;2025-2026;2025-08-22;15;7041.62;0.2;8449.94;Bon payeur;2025-08-30;Payée
FAC-00826;DEV-02085;CLI-0672;Particulier;Toulouse;2025-09-29;2025-09;2025-2026;2025-10-14;15;1922.69;0.2;2307.23;Standard;2025-10-16;Payée
FAC-00827;DEV-02090;CLI-0031;Professionnel;Bordeaux;2025-08-15;2025-08;2025-2026;2025-09-14;30;242.34;0.2;290.81;Standard;2025-09-28;Payée
FAC-00828;DEV-02091;CLI-0303;Particulier;Bordeaux;2025-09-12;2025-09;2025-2026;2025-09-27;15;3651.09;0.2;4381.31;Standard;2025-10-05;Payée
FAC-00829;DEV-02097;CLI-0639;Particulier;Toulouse;2025-08-19;2025-08;2025-2026;2025-09-03;15;304.79;0.2;365.75;Bon payeur;2025-09-16;Payée
FAC-00830;DEV-02101;CLI-0221;Particulier;Bordeaux;2025-08-26;2025-08;2025-2026;2025-09-10;15;5616.28;0.1;6177.91;Lent;2025-12-22;Payée
FAC-00831;DEV-02106;CLI-0640;Particulier;Toulouse;2025-09-22;2025-09;2025-2026;2025-10-07;15;1259.67;0.1;1385.64;Lent;2025-10-02;Payée
FAC-00832;DEV-02109;CLI-0725;Professionnel;Toulouse;2025-08-25;2025-08;2025-2026;2025-09-24;30;460.37;0.2;552.44;Lent;2025-08-26;Payée
FAC-00833;DEV-02111;CLI-0213;Professionnel;Bordeaux;2025-09-01;2025-09;2025-2026;2025-10-01;30;2227.04;0.2;2672.45;Lent;2025-12-17;Payée
FAC-00834;DEV-02112;CLI-0625;Particulier;Toulouse;2025-09-02;2025-09;2025-2026;2025-09-17;15;3173.62;0.2;3808.34;Standard;2025-09-16;Payée
FAC-00835;DEV-02117;CLI-1009;Particulier;Montpellier;2025-09-02;2025-09;2025-2026;2025-09-17;15;323.57;0.2;388.28;Bon payeur;2025-09-11;Payée
FAC-00836;DEV-02119;CLI-0116;Particulier;Bordeaux;2025-09-16;2025-09;2025-2026;2025-10-01;15;155.15;0.1;170.67;Bon payeur;2025-09-17;Payée
FAC-00837;DEV-02122;CLI-0645;Particulier;Bordeaux;2025-10-06;2025-10;2025-2026;2025-10-21;15;1385.79;0.1;1524.37;Bon payeur;2025-10-30;Payée
FAC-00838;DEV-02123;CLI-0577;Syndic;Bordeaux;2025-09-22;2025-09;2025-2026;2025-11-21;60;586.22;0.2;703.46;Standard;2025-11-25;Payée
FAC-00839;DEV-02129;CLI-0362;Particulier;Bordeaux;2025-09-22;2025-09;2025-2026;2025-10-07;15;239.03;0.2;286.84;Bon payeur;2025-09-23;Payée
FAC-00840;DEV-02134;CLI-0323;Particulier;Bordeaux;2025-09-23;2025-09;2025-2026;2025-10-08;15;1356.55;0.1;1492.21;Lent;2025-10-01;Payée
FAC-00841;DEV-02135;CLI-0098;Particulier;Bordeaux;2025-09-15;2025-09;2025-2026;2025-09-30;15;9723.98;0.1;10696.38;Bon payeur;2025-09-25;Payée
FAC-00842;DEV-02139;CLI-0588;Professionnel;Bordeaux;2025-08-28;2025-08;2025-2026;2025-09-27;30;638.39;0.2;766.07;Standard;2025-09-11;Payée
FAC-00843;DEV-02142;CLI-0985;Particulier;Montpellier;2025-09-23;2025-09;2025-2026;2025-10-08;15;431.69;0.2;518.03;Bon payeur;2025-10-11;Payée
FAC-00844;DEV-02145;CLI-0252;Particulier;Bordeaux;2025-09-09;2025-09;2025-2026;2025-09-24;15;3484.03;0.2;4180.84;Standard;2025-09-10;Payée
FAC-00845;DEV-02167;CLI-0413;Particulier;Bordeaux;2025-10-07;2025-10;2025-2026;2025-10-22;15;1791.87;0.2;2150.24;Standard;2025-10-11;Payée
FAC-00846;DEV-02174;CLI-0407;Collectivité;Toulouse;2025-09-22;2025-09;2025-2026;2025-11-06;45;977.38;0.2;1172.86;Standard;2025-11-17;Payée
FAC-00847;DEV-02178;CLI-0479;Professionnel;Bordeaux;2025-11-05;2025-11;2025-2026;2025-12-05;30;613.53;0.2;736.24;Litigieux;2026-04-03;Payée
FAC-00848;DEV-02181;CLI-0139;Particulier;Bordeaux;2025-10-20;2025-10;2025-2026;2025-11-04;15;6522.74;0.1;7175.01;Bon payeur;2025-10-21;Payée
FAC-00849;DEV-02182;CLI-0477;Professionnel;Bordeaux;2025-10-13;2025-10;2025-2026;2025-11-12;30;9270.19;0.2;11124.23;Standard;2025-11-13;Payée
FAC-00850;DEV-02188;CLI-0272;Professionnel;Toulouse;2025-09-24;2025-09;2025-2026;2025-10-24;30;5389.64;0.2;6467.57;Standard;2025-11-18;Payée
FAC-00851;DEV-02189;CLI-0466;Collectivité;Bordeaux;2025-10-29;2025-10;2025-2026;2025-12-13;45;1887.12;0.2;2264.54;Standard;2025-12-01;Payée
FAC-00852;DEV-02190;CLI-0089;Particulier;Bordeaux;2025-10-21;2025-10;2025-2026;2025-11-05;15;9377.45;0.2;11252.94;Bon payeur;2025-10-30;Payée
FAC-00853;DEV-02194;CLI-0464;Particulier;Bordeaux;2025-11-11;2025-11;2025-2026;2025-11-26;15;260.4;0.2;312.48;Standard;2025-11-29;Payée
FAC-00854;DEV-02195;CLI-0404;Professionnel;Toulouse;2025-10-07;2025-10;2025-2026;2025-11-06;30;602.57;0.2;723.08;Standard;2025-11-29;Payée
FAC-00855;DEV-02199;CLI-0305;Particulier;Toulouse;2025-11-12;2025-11;2025-2026;2025-11-27;15;2978.87;0.1;3276.76;Bon payeur;2025-11-13;Payée
FAC-00856;DEV-02202;CLI-0340;Particulier;Bordeaux;2025-10-08;2025-10;2025-2026;2025-10-23;15;10260.15;0.2;12312.18;Lent;2025-10-28;Payée
FAC-00857;DEV-02204;CLI-0691;Professionnel;Montpellier;2025-11-06;2025-11;2025-2026;2025-12-06;30;565.72;0.2;678.86;Bon payeur;2025-12-10;Payée
FAC-00858;DEV-02207;CLI-0525;Particulier;Bordeaux;2025-10-10;2025-10;2025-2026;2025-10-25;15;8801.94;0.1;9682.13;Bon payeur;2025-10-26;Payée
FAC-00859;DEV-02208;CLI-0595;Particulier;Toulouse;2025-11-07;2025-11;2025-2026;2025-11-22;15;778.13;0.1;855.94;Lent;2025-11-08;Payée
FAC-00860;DEV-02211;CLI-0756;Particulier;Toulouse;2025-11-05;2025-11;2025-2026;2025-11-20;15;7043.14;0.2;8451.77;Litigieux;2026-04-18;Payée
FAC-00861;DEV-02212;CLI-0980;Professionnel;Montpellier;2025-10-20;2025-10;2025-2026;2025-11-19;30;27548.15;0.2;33057.78;Bon payeur;2025-11-14;Payée
FAC-00862;DEV-02214;CLI-0102;Particulier;Toulouse;2025-10-06;2025-10;2025-2026;2025-10-21;15;4065.48;0.2;4878.58;Bon payeur;2025-10-10;Payée
FAC-00863;DEV-02217;CLI-0980;Professionnel;Montpellier;2025-10-16;2025-10;2025-2026;2025-11-15;30;726.18;0.2;871.42;Bon payeur;2025-10-17;Payée
FAC-00864;DEV-02223;CLI-0233;Particulier;Toulouse;2025-10-16;2025-10;2025-2026;2025-10-31;15;3697.28;0.2;4436.74;Lent;2025-11-22;Payée
FAC-00865;DEV-02232;CLI-0548;Collectivité;Bordeaux;2025-10-27;2025-10;2025-2026;2025-12-11;45;663.84;0.2;796.61;Bon payeur;2025-12-05;Payée
FAC-00866;DEV-02233;CLI-0328;Particulier;Bordeaux;2025-10-28;2025-10;2025-2026;2025-11-12;15;6886.67;0.2;8264.0;Bon payeur;2025-11-24;Payée
FAC-00867;DEV-02235;CLI-0514;Particulier;Toulouse;2025-11-11;2025-11;2025-2026;2025-11-26;15;255.24;0.2;306.29;Standard;2025-11-12;Payée
FAC-00868;DEV-02239;CLI-0406;Particulier;Toulouse;2025-11-21;2025-11;2025-2026;2025-12-06;15;382.78;0.2;459.34;Standard;2025-12-08;Payée
FAC-00869;DEV-02242;CLI-0441;Professionnel;Bordeaux;2025-11-11;2025-11;2025-2026;2025-12-11;30;4619.92;0.2;5543.9;Standard;2025-12-24;Payée
FAC-00870;DEV-02250;CLI-0296;Professionnel;Bordeaux;2025-11-12;2025-11;2025-2026;2025-12-12;30;461.4;0.2;553.68;Bon payeur;2025-12-04;Payée
FAC-00871;DEV-02254;CLI-0037;Particulier;Toulouse;2025-11-10;2025-11;2025-2026;2025-11-25;15;180.29;0.1;198.32;Bon payeur;2025-11-13;Payée
FAC-00872;DEV-02269;CLI-0623;Syndic;Montpellier;2025-11-21;2025-11;2025-2026;2026-01-20;60;8754.7;0.2;10505.64;Lent;2025-11-22;Payée
FAC-00873;DEV-02270;CLI-0463;Particulier;Toulouse;2025-11-24;2025-11;2025-2026;2025-12-09;15;710.47;0.1;781.52;Standard;2025-11-25;Payée
FAC-00874;DEV-02271;CLI-0294;Professionnel;Toulouse;2025-11-21;2025-11;2025-2026;2025-12-21;30;1178.36;0.2;1414.03;Standard;2025-12-09;Payée
FAC-00875;DEV-02272;CLI-0354;Particulier;Bordeaux;2025-10-27;2025-10;2025-2026;2025-11-11;15;9989.55;0.1;10988.5;Bon payeur;2025-11-29;Payée
FAC-00876;DEV-02274;CLI-0236;Particulier;Toulouse;2025-11-17;2025-11;2025-2026;2025-12-02;15;226.02;0.2;271.22;Bon payeur;2025-12-12;Payée
FAC-00877;DEV-02276;CLI-0382;Professionnel;Toulouse;2025-11-25;2025-11;2025-2026;2025-12-25;30;12339.23;0.2;14807.08;Bon payeur;2025-12-19;Payée
FAC-00878;DEV-02278;CLI-0429;Syndic;Toulouse;2025-11-05;2025-11;2025-2026;2026-01-04;60;573.02;0.2;687.62;Lent;2025-12-29;Payée
FAC-00879;DEV-02283;CLI-0778;Professionnel;Bordeaux;2025-11-17;2025-11;2025-2026;2025-12-17;30;9849.72;0.2;11819.66;Bon payeur;2025-11-26;Payée
FAC-00880;DEV-02289;CLI-0650;Particulier;Toulouse;2025-11-18;2025-11;2025-2026;2025-12-03;15;3365.14;0.2;4038.17;Bon payeur;2025-11-20;Payée
FAC-00881;DEV-02290;CLI-0505;Syndic;Bordeaux;2025-11-24;2025-11;2025-2026;2026-01-23;60;9688.75;0.2;11626.5;Standard;2026-01-31;Payée
FAC-00882;DEV-02292;CLI-0352;Professionnel;Bordeaux;2025-11-24;2025-11;2025-2026;2025-12-24;30;1411.19;0.2;1693.43;Standard;2025-12-25;Payée
FAC-00883;DEV-02293;CLI-0115;Particulier;Bordeaux;2025-12-01;2025-12;2025-2026;2025-12-16;15;1708.39;0.2;2050.07;Standard;2025-12-25;Payée
FAC-00884;DEV-02313;CLI-0087;Particulier;Toulouse;2025-11-10;2025-11;2025-2026;2025-11-25;15;414.28;0.1;455.71;Bon payeur;2025-11-11;Payée
FAC-00885;DEV-02317;CLI-0229;Particulier;Toulouse;2025-12-03;2025-12;2025-2026;2025-12-18;15;450.46;0.1;495.51;Lent;2026-01-10;Payée
FAC-00886;DEV-02326;CLI-0014;Particulier;Bordeaux;2025-12-15;2025-12;2025-2026;2025-12-30;15;1993.24;0.2;2391.89;Bon payeur;2025-12-16;Payée
FAC-00887;DEV-02329;CLI-0129;Professionnel;Toulouse;2025-12-12;2025-12;2025-2026;2026-01-11;30;2301.43;0.2;2761.72;Bon payeur;2025-12-13;Payée
FAC-00888;DEV-02333;CLI-0697;Particulier;Montpellier;2025-12-04;2025-12;2025-2026;2025-12-19;15;3446.63;0.1;3791.29;Bon payeur;2025-12-05;Payée
FAC-00889;DEV-02338;CLI-0754;Professionnel;Bordeaux;2025-11-17;2025-11;2025-2026;2025-12-17;30;1244.72;0.2;1493.66;Standard;2025-12-21;Payée
FAC-00890;DEV-02341;CLI-0131;Particulier;Toulouse;2025-12-08;2025-12;2025-2026;2025-12-23;15;6138.33;0.1;6752.16;Bon payeur;2026-01-01;Payée
FAC-00891;DEV-02343;CLI-0778;Professionnel;Bordeaux;2025-12-24;2025-12;2025-2026;2026-01-23;30;17176.98;0.2;20612.38;Bon payeur;2026-01-10;Payée
FAC-00892;DEV-02345;CLI-0490;Syndic;Bordeaux;2025-11-12;2025-11;2025-2026;2026-01-11;60;26514.42;0.2;31817.3;Litigieux;2026-04-22;Payée
FAC-00893;DEV-02348;CLI-0364;Particulier;Bordeaux;2025-12-01;2025-12;2025-2026;2025-12-16;15;2311.49;0.1;2542.64;Standard;2025-12-26;Payée
FAC-00894;DEV-02352;CLI-0606;Particulier;Bordeaux;2025-12-02;2025-12;2025-2026;2025-12-17;15;851.4;0.1;936.54;Bon payeur;2025-12-09;Payée
FAC-00895;DEV-02354;CLI-0186;Particulier;Bordeaux;2025-11-25;2025-11;2025-2026;2025-12-10;15;10981.52;0.1;12079.67;Bon payeur;2025-12-10;Payée
FAC-00896;DEV-02357;CLI-0573;Particulier;Bordeaux;2025-12-15;2025-12;2025-2026;2025-12-30;15;4395.26;0.1;4834.79;Bon payeur;2025-12-26;Payée
FAC-00897;DEV-02361;CLI-0474;Professionnel;Toulouse;2025-12-08;2025-12;2025-2026;2026-01-07;30;5092.5;0.2;6111.0;Lent;2026-02-09;Payée
FAC-00898;DEV-02364;CLI-0350;Particulier;Bordeaux;2025-12-23;2025-12;2025-2026;2026-01-07;15;257.2;0.2;308.64;Standard;2025-12-24;Payée
FAC-00899;DEV-02367;CLI-0123;Particulier;Toulouse;2025-11-21;2025-11;2025-2026;2025-12-06;15;4014.32;0.2;4817.18;Standard;2025-12-17;Payée
FAC-00900;DEV-02369;CLI-0344;Syndic;Toulouse;2025-12-10;2025-12;2025-2026;2026-02-08;60;8861.36;0.2;10633.63;Lent;2026-03-08;Payée
FAC-00901;DEV-02373;CLI-0698;Professionnel;Bordeaux;2026-01-26;2026-01;2025-2026;2026-02-25;30;3037.06;0.2;3644.47;Bon payeur;2026-02-07;Payée
FAC-00902;DEV-02374;CLI-0059;Particulier;Bordeaux;2025-12-10;2025-12;2025-2026;2025-12-25;15;866.93;0.1;953.62;Bon payeur;2025-12-14;Payée
FAC-00903;DEV-02376;CLI-0591;Professionnel;Montpellier;2025-12-16;2025-12;2025-2026;2026-01-15;30;444.83;0.2;533.8;Bon payeur;2025-12-31;Payée
FAC-00904;DEV-02378;CLI-0074;Particulier;Bordeaux;2025-11-25;2025-11;2025-2026;2025-12-10;15;5899.28;0.1;6489.21;Standard;2025-11-26;Payée
FAC-00905;DEV-02379;CLI-0211;Particulier;Bordeaux;2025-12-12;2025-12;2025-2026;2025-12-27;15;1460.73;0.2;1752.88;Standard;2026-01-22;Payée
FAC-00906;DEV-02382;CLI-0802;Collectivité;Bordeaux;2025-12-30;2025-12;2025-2026;2026-02-13;45;2965.1;0.2;3558.12;Bon payeur;2026-01-28;Payée
FAC-00907;DEV-02383;CLI-0341;Collectivité;Toulouse;2025-12-31;2025-12;2025-2026;2026-02-14;45;1886.71;0.2;2264.05;Standard;2026-01-27;Payée
FAC-00908;DEV-02384;CLI-0716;Particulier;Bordeaux;2026-01-06;2026-01;2025-2026;2026-01-21;15;14084.39;0.1;15492.83;Bon payeur;2026-01-19;Payée
FAC-00909;DEV-02385;CLI-1002;Particulier;Montpellier;2025-12-17;2025-12;2025-2026;2026-01-01;15;145.98;0.1;160.58;Bon payeur;2026-01-31;Payée
FAC-00910;DEV-02392;CLI-0252;Particulier;Bordeaux;2025-12-26;2025-12;2025-2026;2026-01-10;15;284.79;0.2;341.75;Standard;2026-01-05;Payée
FAC-00911;DEV-02393;CLI-0156;Particulier;Bordeaux;2025-12-01;2025-12;2025-2026;2025-12-16;15;1004.25;0.2;1205.1;Bon payeur;2025-12-02;Payée
FAC-00912;DEV-02394;CLI-0009;Particulier;Toulouse;2026-01-19;2026-01;2025-2026;2026-02-03;15;11572.52;0.1;12729.77;Standard;2026-02-07;Payée
FAC-00913;DEV-02395;CLI-0079;Particulier;Bordeaux;2025-12-16;2025-12;2025-2026;2025-12-31;15;3392.23;0.2;4070.68;Standard;2026-01-10;Payée
FAC-00914;DEV-02400;CLI-0731;Particulier;Bordeaux;2026-01-01;2026-01;2025-2026;2026-01-16;15;183.23;0.1;201.55;Standard;2026-01-15;Payée
FAC-00915;DEV-02407;CLI-0799;Particulier;Montpellier;2025-12-26;2025-12;2025-2026;2026-01-10;15;306.67;0.2;368.0;Litigieux;;En retard
FAC-00916;DEV-02409;CLI-0501;Particulier;Bordeaux;2026-01-22;2026-01;2025-2026;2026-02-06;15;859.49;0.1;945.44;Bon payeur;2026-02-17;Payée
FAC-00917;DEV-02410;CLI-0494;Professionnel;Bordeaux;2026-01-05;2026-01;2025-2026;2026-02-04;30;2392.09;0.2;2870.51;Lent;2026-04-08;Payée
FAC-00918;DEV-02411;CLI-0800;Particulier;Bordeaux;2025-12-23;2025-12;2025-2026;2026-01-07;15;10811.88;0.2;12974.26;Bon payeur;2026-01-12;Payée
FAC-00919;DEV-02414;CLI-0330;Particulier;Toulouse;2025-12-08;2025-12;2025-2026;2025-12-23;15;330.48;0.2;396.58;Standard;2025-12-15;Payée
FAC-00920;DEV-02417;CLI-0417;Particulier;Toulouse;2026-01-12;2026-01;2025-2026;2026-01-27;15;978.35;0.2;1174.02;Lent;2026-01-16;Payée
FAC-00921;DEV-02418;CLI-0709;Professionnel;Montpellier;2026-01-06;2026-01;2025-2026;2026-02-05;30;684.86;0.2;821.83;Lent;2026-04-17;Payée
FAC-00922;DEV-02421;CLI-0548;Collectivité;Bordeaux;2026-01-01;2026-01;2025-2026;2026-02-15;45;9895.13;0.2;11874.16;Bon payeur;2026-03-04;Payée
FAC-00923;DEV-02423;CLI-0465;Particulier;Bordeaux;2026-01-05;2026-01;2025-2026;2026-01-20;15;279.88;0.2;335.86;Bon payeur;2026-01-09;Payée
FAC-00924;DEV-02425;CLI-0979;Particulier;Montpellier;2026-01-09;2026-01;2025-2026;2026-01-24;15;2877.19;0.1;3164.91;Bon payeur;2026-01-10;Payée
FAC-00925;DEV-02428;CLI-0100;Particulier;Bordeaux;2026-02-02;2026-02;2025-2026;2026-02-17;15;408.76;0.2;490.51;Lent;2026-03-11;Payée
FAC-00926;DEV-02436;CLI-0688;Particulier;Toulouse;2026-01-05;2026-01;2025-2026;2026-01-20;15;1153.83;0.1;1269.21;Bon payeur;2026-01-07;Payée
FAC-00927;DEV-02437;CLI-0780;Particulier;Montpellier;2026-01-09;2026-01;2025-2026;2026-01-24;15;3435.12;0.2;4122.14;Standard;2026-01-10;Payée
FAC-00928;DEV-02438;CLI-0785;Syndic;Toulouse;2026-01-06;2026-01;2025-2026;2026-03-07;60;354.37;0.2;425.24;Standard;2026-03-06;Payée
FAC-00929;DEV-02439;CLI-0306;Particulier;Bordeaux;2026-01-12;2026-01;2025-2026;2026-01-27;15;234.06;0.2;280.87;Standard;2026-01-13;Payée
FAC-00930;DEV-02440;CLI-0478;Particulier;Bordeaux;2026-01-12;2026-01;2025-2026;2026-01-27;15;4573.37;0.1;5030.71;Standard;2026-01-13;Payée
FAC-00931;DEV-02441;CLI-0689;Particulier;Bordeaux;2025-12-19;2025-12;2025-2026;2026-01-03;15;5811.39;0.1;6392.53;Bon payeur;2026-01-02;Payée
FAC-00932;DEV-02442;CLI-0026;Particulier;Bordeaux;2025-12-15;2025-12;2025-2026;2025-12-30;15;1541.66;0.2;1849.99;Standard;2026-01-03;Payée
FAC-00933;DEV-02445;CLI-0782;Particulier;Toulouse;2026-01-15;2026-01;2025-2026;2026-01-30;15;374.31;0.2;449.17;Bon payeur;2026-01-25;Payée
FAC-00934;DEV-02446;CLI-0259;Professionnel;Bordeaux;2026-01-21;2026-01;2025-2026;2026-02-20;30;8354.58;0.2;10025.5;Lent;2026-01-22;Payée
FAC-00935;DEV-02452;CLI-0279;Particulier;Toulouse;2025-12-30;2025-12;2025-2026;2026-01-14;15;158.45;0.1;174.29;Bon payeur;2026-02-07;Payée
FAC-00936;DEV-02453;CLI-0608;Particulier;Toulouse;2026-02-05;2026-02;2025-2026;2026-02-20;15;1653.22;0.2;1983.86;Lent;2026-04-30;Payée
FAC-00937;DEV-02458;CLI-0164;Particulier;Toulouse;2026-01-07;2026-01;2025-2026;2026-01-22;15;227.71;0.2;273.25;Standard;2026-01-08;Payée
FAC-00938;DEV-02460;CLI-0180;Particulier;Toulouse;2026-01-05;2026-01;2025-2026;2026-01-20;15;1759.36;0.2;2111.23;Standard;2026-01-26;Payée
FAC-00939;DEV-02472;CLI-0114;Particulier;Bordeaux;2026-01-13;2026-01;2025-2026;2026-01-28;15;288.11;0.2;345.73;Bon payeur;2026-02-09;Payée
FAC-00940;DEV-02475;CLI-0326;Particulier;Toulouse;2026-01-02;2026-01;2025-2026;2026-01-17;15;184.33;0.1;202.76;Standard;2026-01-10;Payée
FAC-00941;DEV-02476;CLI-0975;Particulier;Montpellier;2026-01-12;2026-01;2025-2026;2026-01-27;15;498.95;0.2;598.74;Bon payeur;2026-01-13;Payée
FAC-00942;DEV-02477;CLI-0189;Professionnel;Bordeaux;2026-01-19;2026-01;2025-2026;2026-02-18;30;3350.65;0.2;4020.78;Lent;2026-02-10;Payée
FAC-00943;DEV-02480;CLI-0395;Particulier;Bordeaux;2026-01-14;2026-01;2025-2026;2026-01-29;15;1752.55;0.2;2103.06;Standard;2026-02-17;Payée
FAC-00944;DEV-02482;CLI-0714;Professionnel;Bordeaux;2026-01-30;2026-01;2025-2026;2026-03-01;30;368.47;0.2;442.16;Lent;2026-01-31;Payée
FAC-00945;DEV-02483;CLI-0783;Professionnel;Bordeaux;2026-01-02;2026-01;2025-2026;2026-02-01;30;6736.05;0.2;8083.26;Lent;2026-02-25;Payée
FAC-00946;DEV-02485;CLI-0615;Professionnel;Montpellier;2026-01-07;2026-01;2025-2026;2026-02-06;30;1215.16;0.2;1458.19;Bon payeur;2026-02-01;Payée
FAC-00947;DEV-02491;CLI-0718;Particulier;Toulouse;2026-01-26;2026-01;2025-2026;2026-02-10;15;1107.24;0.1;1217.96;Bon payeur;2026-02-03;Payée
FAC-00948;DEV-02495;CLI-0410;Professionnel;Bordeaux;2026-01-29;2026-01;2025-2026;2026-02-28;30;2990.81;0.2;3588.97;Bon payeur;2026-03-30;Payée
FAC-00949;DEV-02497;CLI-0473;Particulier;Toulouse;2026-02-20;2026-02;2025-2026;2026-03-07;15;167.35;0.1;184.09;Bon payeur;2026-02-25;Payée
FAC-00950;DEV-02498;CLI-0209;Particulier;Toulouse;2026-01-26;2026-01;2025-2026;2026-02-10;15;457.45;0.2;548.94;Standard;2026-02-09;Payée
FAC-00951;DEV-02504;CLI-0115;Particulier;Bordeaux;2025-12-29;2025-12;2025-2026;2026-01-13;15;260.59;0.2;312.71;Standard;2026-01-29;Payée
FAC-00952;DEV-02510;CLI-0574;Particulier;Toulouse;2026-02-18;2026-02;2025-2026;2026-03-05;15;376.21;0.2;451.45;Standard;2026-02-19;Payée
FAC-00953;DEV-02511;CLI-0626;Professionnel;Toulouse;2026-01-21;2026-01;2025-2026;2026-02-20;30;2605.13;0.2;3126.16;Lent;2026-01-28;Payée
FAC-00954;DEV-02513;CLI-0010;Particulier;Bordeaux;2026-02-06;2026-02;2025-2026;2026-02-21;15;419.19;0.1;461.11;Bon payeur;2026-02-19;Payée
FAC-00955;DEV-02519;CLI-0211;Particulier;Bordeaux;2026-03-12;2026-03;2025-2026;2026-03-27;15;12531.36;0.1;13784.5;Standard;2026-03-23;Payée
FAC-00956;DEV-02525;CLI-0729;Particulier;Montpellier;2026-01-26;2026-01;2025-2026;2026-02-10;15;345.25;0.2;414.3;Bon payeur;2026-02-11;Payée
FAC-00957;DEV-02527;CLI-0295;Particulier;Toulouse;2026-02-24;2026-02;2025-2026;2026-03-11;15;16847.26;0.1;18531.99;Standard;2026-03-09;Payée
FAC-00958;DEV-02528;CLI-0072;Particulier;Bordeaux;2026-02-06;2026-02;2025-2026;2026-02-21;15;11724.43;0.1;12896.87;Bon payeur;2026-02-27;Payée
FAC-00959;DEV-02535;CLI-0147;Particulier;Bordeaux;2026-02-09;2026-02;2025-2026;2026-02-24;15;4295.61;0.1;4725.17;Litigieux;;En retard
FAC-00960;DEV-02537;CLI-0687;Particulier;Bordeaux;2026-01-20;2026-01;2025-2026;2026-02-04;15;145.41;0.1;159.95;Standard;2026-01-26;Payée
FAC-00961;DEV-02540;CLI-0508;Particulier;Bordeaux;2026-02-06;2026-02;2025-2026;2026-02-21;15;1294.96;0.1;1424.46;Lent;2026-05-24;Payée
FAC-00962;DEV-02546;CLI-0434;Particulier;Bordeaux;2026-02-06;2026-02;2025-2026;2026-02-21;15;1445.53;0.2;1734.64;Bon payeur;2026-03-23;Payée
FAC-00963;DEV-02558;CLI-0040;Professionnel;Bordeaux;2026-02-09;2026-02;2025-2026;2026-03-11;30;7256.88;0.2;8708.26;Standard;2026-04-07;Payée
FAC-00964;DEV-02560;CLI-0524;Collectivité;Bordeaux;2026-02-23;2026-02;2025-2026;2026-04-09;45;9670.75;0.2;11604.9;Bon payeur;2026-03-13;Payée
FAC-00965;DEV-02564;CLI-0130;Particulier;Toulouse;2026-02-17;2026-02;2025-2026;2026-03-04;15;252.21;0.2;302.65;Standard;2026-03-11;Payée
FAC-00966;DEV-02569;CLI-0597;Particulier;Montpellier;2026-03-04;2026-03;2025-2026;2026-03-19;15;3434.66;0.2;4121.59;Bon payeur;2026-03-05;Payée
FAC-00967;DEV-02570;CLI-0323;Particulier;Bordeaux;2026-02-20;2026-02;2025-2026;2026-03-07;15;10704.63;0.1;11775.09;Lent;2026-03-28;Payée
FAC-00968;DEV-02578;CLI-0714;Professionnel;Bordeaux;2026-02-25;2026-02;2025-2026;2026-03-27;30;618.73;0.2;742.48;Lent;2026-04-22;Payée
FAC-00969;DEV-02587;CLI-0695;Particulier;Bordeaux;2026-03-10;2026-03;2025-2026;2026-03-25;15;9133.74;0.2;10960.49;Bon payeur;2026-04-10;Payée
FAC-00970;DEV-02592;CLI-0266;Particulier;Toulouse;2026-03-16;2026-03;2025-2026;2026-03-31;15;232.78;0.2;279.34;Lent;2026-06-06;Payée
FAC-00971;DEV-02593;CLI-0305;Particulier;Toulouse;2026-02-24;2026-02;2025-2026;2026-03-11;15;666.54;0.2;799.85;Bon payeur;2026-03-01;Payée
FAC-00972;DEV-02594;CLI-0274;Particulier;Bordeaux;2026-02-12;2026-02;2025-2026;2026-02-27;15;257.92;0.2;309.5;Bon payeur;2026-02-13;Payée
FAC-00973;DEV-02601;CLI-0217;Particulier;Bordeaux;2026-02-17;2026-02;2025-2026;2026-03-04;15;327.87;0.2;393.44;Standard;2026-02-18;Payée
FAC-00974;DEV-02614;CLI-0759;Particulier;Bordeaux;2026-03-13;2026-03;2025-2026;2026-03-28;15;2483.68;0.1;2732.05;Standard;2026-04-23;Payée
FAC-00975;DEV-02615;CLI-0759;Particulier;Bordeaux;2026-02-24;2026-02;2025-2026;2026-03-11;15;3647.17;0.2;4376.6;Standard;2026-04-06;Payée
FAC-00976;DEV-02616;CLI-0080;Particulier;Bordeaux;2026-02-16;2026-02;2025-2026;2026-03-03;15;327.49;0.2;392.99;Bon payeur;2026-03-14;Payée
FAC-00977;DEV-02618;CLI-0484;Particulier;Bordeaux;2026-03-03;2026-03;2025-2026;2026-03-18;15;1137.29;0.1;1251.02;Standard;2026-04-07;Payée
FAC-00978;DEV-02619;CLI-0106;Particulier;Toulouse;2026-03-04;2026-03;2025-2026;2026-03-19;15;9899.73;0.2;11879.68;Bon payeur;2026-03-22;Payée
FAC-00979;DEV-02624;CLI-0664;Particulier;Toulouse;2026-02-23;2026-02;2025-2026;2026-03-10;15;458.07;0.2;549.68;Bon payeur;2026-03-08;Payée
FAC-00980;DEV-02631;CLI-0325;Particulier;Toulouse;2026-03-30;2026-03;2025-2026;2026-04-14;15;5719.55;0.1;6291.51;Standard;2026-03-31;Payée
FAC-00981;DEV-02639;CLI-0664;Particulier;Toulouse;2026-03-05;2026-03;2025-2026;2026-03-20;15;432.4;0.2;518.88;Bon payeur;2026-03-17;Payée
FAC-00982;DEV-02641;CLI-0498;Particulier;Toulouse;2026-03-09;2026-03;2025-2026;2026-03-24;15;10634.95;0.1;11698.45;Lent;2026-05-06;Payée
FAC-00983;DEV-02645;CLI-0073;Professionnel;Toulouse;2026-03-23;2026-03;2025-2026;2026-04-22;30;6417.85;0.2;7701.42;Lent;2026-04-07;Payée
FAC-00984;DEV-02646;CLI-0256;Particulier;Bordeaux;2026-03-20;2026-03;2025-2026;2026-04-04;15;10046.17;0.2;12055.4;Standard;2026-04-01;Payée
FAC-00985;DEV-02650;CLI-0528;Particulier;Bordeaux;2026-02-24;2026-02;2025-2026;2026-03-11;15;5449.01;0.1;5993.91;Standard;2026-03-24;Payée
FAC-00986;DEV-02657;CLI-0548;Collectivité;Bordeaux;2026-03-16;2026-03;2025-2026;2026-04-30;45;25321.02;0.2;30385.22;Bon payeur;2026-05-20;Payée
FAC-00987;DEV-02658;CLI-0442;Particulier;Toulouse;2026-04-13;2026-04;2025-2026;2026-04-28;15;3384.83;0.1;3723.31;Standard;2026-05-21;Payée
FAC-00988;DEV-02661;CLI-0257;Professionnel;Toulouse;2026-03-25;2026-03;2025-2026;2026-04-24;30;2486.63;0.2;2983.96;Bon payeur;2026-05-21;Payée
FAC-00989;DEV-02663;CLI-0506;Professionnel;Bordeaux;2026-04-02;2026-04;2025-2026;2026-05-02;30;1882.71;0.2;2259.25;Bon payeur;2026-04-03;Payée
FAC-00990;DEV-02664;CLI-0516;Particulier;Bordeaux;2026-03-23;2026-03;2025-2026;2026-04-07;15;252.71;0.2;303.25;Bon payeur;2026-04-06;Payée
FAC-00991;DEV-02666;CLI-0283;Particulier;Bordeaux;2026-03-30;2026-03;2025-2026;2026-04-14;15;2756.03;0.1;3031.63;Bon payeur;2026-03-31;Payée
FAC-00992;DEV-02672;CLI-0094;Professionnel;Toulouse;2026-03-30;2026-03;2025-2026;2026-04-29;30;435.54;0.2;522.65;Standard;2026-06-04;Payée
FAC-00993;DEV-02673;CLI-0456;Professionnel;Bordeaux;2026-03-30;2026-03;2025-2026;2026-04-29;30;3169.16;0.2;3802.99;Bon payeur;2026-04-23;Payée
FAC-00994;DEV-02676;CLI-0279;Particulier;Toulouse;2026-03-23;2026-03;2025-2026;2026-04-07;15;4317.0;0.1;4748.7;Bon payeur;2026-03-28;Payée
FAC-00995;DEV-02688;CLI-0826;Particulier;Bordeaux;2026-04-13;2026-04;2025-2026;2026-04-28;15;154.9;0.1;170.39;Standard;2026-05-16;Payée
FAC-00996;DEV-02689;CLI-0855;Particulier;Montpellier;2026-05-14;2026-05;2025-2026;2026-05-29;15;1388.67;0.1;1527.54;Standard;2026-05-15;Payée
FAC-00997;DEV-02692;CLI-0445;Professionnel;Bordeaux;2026-03-27;2026-03;2025-2026;2026-04-26;30;6206.32;0.2;7447.58;Standard;2026-04-20;Payée
FAC-00998;DEV-02694;CLI-0638;Particulier;Montpellier;2026-04-13;2026-04;2025-2026;2026-04-28;15;3780.37;0.2;4536.44;Bon payeur;2026-05-17;Payée
FAC-00999;DEV-02699;CLI-0639;Particulier;Toulouse;2026-04-20;2026-04;2025-2026;2026-05-05;15;844.86;0.2;1013.83;Bon payeur;2026-04-21;Payée
FAC-01000;DEV-02700;CLI-0040;Professionnel;Bordeaux;2026-03-25;2026-03;2025-2026;2026-04-24;30;4824.74;0.2;5789.69;Standard;2026-04-11;Payée
FAC-01001;DEV-02701;CLI-0548;Collectivité;Bordeaux;2026-03-27;2026-03;2025-2026;2026-05-11;45;1175.54;0.2;1410.65;Bon payeur;2026-05-05;Payée
FAC-01002;DEV-02702;CLI-0425;Professionnel;Toulouse;2026-03-27;2026-03;2025-2026;2026-04-26;30;2967.56;0.2;3561.07;Lent;;En retard
FAC-01003;DEV-02704;CLI-0556;Professionnel;Montpellier;2026-04-29;2026-04;2025-2026;2026-05-29;30;809.25;0.2;971.1;Bon payeur;2026-05-27;Payée
FAC-01004;DEV-02705;CLI-0719;Particulier;Bordeaux;2026-04-21;2026-04;2025-2026;2026-05-06;15;4916.41;0.1;5408.05;Standard;2026-05-29;Payée
FAC-01005;DEV-02709;CLI-0337;Particulier;Toulouse;2026-04-01;2026-04;2025-2026;2026-04-16;15;313.33;0.2;376.0;Standard;2026-04-23;Payée
FAC-01006;DEV-02716;CLI-0459;Professionnel;Bordeaux;2026-04-06;2026-04;2025-2026;2026-05-06;30;1919.3;0.2;2303.16;Bon payeur;2026-05-22;Payée
FAC-01007;DEV-02719;CLI-0700;Particulier;Bordeaux;2026-04-13;2026-04;2025-2026;2026-04-28;15;6134.9;0.1;6748.39;Bon payeur;2026-04-15;Payée
FAC-01008;DEV-02723;CLI-0569;Particulier;Montpellier;2026-04-17;2026-04;2025-2026;2026-05-02;15;361.83;0.2;434.2;Standard;2026-04-21;Payée
FAC-01009;DEV-02725;CLI-0240;Syndic;Bordeaux;2026-04-06;2026-04;2025-2026;2026-06-05;60;487.49;0.2;584.99;Standard;2026-05-23;Payée
FAC-01010;DEV-02729;CLI-0380;Particulier;Toulouse;2026-04-27;2026-04;2025-2026;2026-05-12;15;3218.91;0.1;3540.8;Standard;2026-05-15;Payée
FAC-01011;DEV-02730;CLI-0466;Collectivité;Bordeaux;2026-04-20;2026-04;2025-2026;2026-06-04;45;3574.79;0.2;4289.75;Standard;2026-06-04;Payée
FAC-01012;DEV-02734;CLI-0320;Particulier;Bordeaux;2026-04-09;2026-04;2025-2026;2026-04-24;15;11559.95;0.1;12715.95;Bon payeur;2026-04-10;Payée
FAC-01013;DEV-02736;CLI-1013;Professionnel;Montpellier;2026-04-14;2026-04;2025-2026;2026-05-14;30;6127.31;0.2;7352.77;Standard;2026-05-11;Payée
FAC-01014;DEV-02738;CLI-0389;Professionnel;Bordeaux;2026-04-23;2026-04;2025-2026;2026-05-23;30;466.23;0.2;559.48;Standard;2026-06-13;Payée
FAC-01015;DEV-02740;CLI-0364;Particulier;Bordeaux;2026-04-24;2026-04;2025-2026;2026-05-09;15;7151.63;0.1;7866.79;Standard;2026-05-26;Payée
FAC-01016;DEV-02746;CLI-0143;Particulier;Toulouse;2026-04-28;2026-04;2025-2026;2026-05-13;15;348.57;0.2;418.28;Bon payeur;2026-04-29;Payée
FAC-01017;DEV-02748;CLI-0131;Particulier;Toulouse;2026-05-19;2026-05;2025-2026;2026-06-03;15;3022.39;0.1;3324.63;Bon payeur;2026-05-20;Payée
FAC-01018;DEV-02749;CLI-0599;Particulier;Bordeaux;2026-04-07;2026-04;2025-2026;2026-04-22;15;345.57;0.2;414.68;Lent;;En retard
FAC-01019;DEV-02750;CLI-0270;Particulier;Bordeaux;2026-04-07;2026-04;2025-2026;2026-04-22;15;3474.65;0.1;3822.12;Bon payeur;2026-04-08;Payée
FAC-01020;DEV-02752;CLI-0730;Particulier;Toulouse;2026-04-28;2026-04;2025-2026;2026-05-13;15;5989.2;0.1;6588.12;Bon payeur;2026-05-05;Payée
FAC-01021;DEV-02757;CLI-0393;Particulier;Bordeaux;2026-05-01;2026-05;2025-2026;2026-05-16;15;360.46;0.2;432.55;Bon payeur;2026-06-03;Payée
FAC-01022;DEV-02758;CLI-0781;Professionnel;Bordeaux;2026-05-21;2026-05;2025-2026;2026-06-20;30;359.9;0.2;431.88;Standard;;En retard
FAC-01023;DEV-02764;CLI-0499;Professionnel;Bordeaux;2026-05-04;2026-05;2025-2026;2026-06-03;30;17565.95;0.2;21079.14;Standard;2026-06-24;Payée
FAC-01024;DEV-02765;CLI-0604;Syndic;Bordeaux;2026-05-12;2026-05;2025-2026;2026-07-11;60;5981.5;0.2;7177.8;Bon payeur;;En attente
FAC-01025;DEV-02769;CLI-0026;Particulier;Bordeaux;2026-04-27;2026-04;2025-2026;2026-05-12;15;3944.08;0.2;4732.9;Standard;2026-06-18;Payée
FAC-01026;DEV-02771;CLI-0425;Professionnel;Toulouse;2026-05-06;2026-05;2025-2026;2026-06-05;30;6750.07;0.2;8100.08;Lent;;En retard
FAC-01027;DEV-02777;CLI-0555;Particulier;Toulouse;2026-04-09;2026-04;2025-2026;2026-04-24;15;333.61;0.2;400.33;Standard;2026-04-10;Payée
FAC-01028;DEV-02778;CLI-0455;Particulier;Toulouse;2026-05-05;2026-05;2025-2026;2026-05-20;15;478.43;0.2;574.12;Bon payeur;2026-05-20;Payée
FAC-01029;DEV-02780;CLI-1010;Particulier;Montpellier;2026-04-23;2026-04;2025-2026;2026-05-08;15;10752.82;0.2;12903.38;Standard;2026-04-29;Payée
FAC-01030;DEV-02782;CLI-0192;Particulier;Toulouse;2026-04-21;2026-04;2025-2026;2026-05-06;15;274.39;0.2;329.27;Standard;2026-05-25;Payée
FAC-01031;DEV-02783;CLI-0698;Professionnel;Bordeaux;2026-05-08;2026-05;2025-2026;2026-06-07;30;539.01;0.2;646.81;Bon payeur;;En retard
FAC-01032;DEV-02785;CLI-0293;Professionnel;Toulouse;2026-04-23;2026-04;2025-2026;2026-05-23;30;473.3;0.2;567.96;Standard;2026-05-07;Payée
FAC-01033;DEV-02786;CLI-0842;Particulier;Montpellier;2026-05-11;2026-05;2025-2026;2026-05-26;15;3951.61;0.2;4741.93;Standard;2026-05-23;Payée
FAC-01034;DEV-02789;CLI-0689;Particulier;Bordeaux;2026-04-27;2026-04;2025-2026;2026-05-12;15;276.19;0.2;331.43;Bon payeur;2026-05-12;Payée
FAC-01035;DEV-02792;CLI-0560;Particulier;Bordeaux;2026-05-06;2026-05;2025-2026;2026-05-21;15;4167.67;0.1;4584.44;Bon payeur;2026-05-07;Payée
FAC-01036;DEV-02794;CLI-0249;Particulier;Toulouse;2026-05-18;2026-05;2025-2026;2026-06-02;15;232.14;0.2;278.57;Lent;;En retard
FAC-01037;DEV-02795;CLI-0133;Syndic;Bordeaux;2026-05-18;2026-05;2025-2026;2026-07-17;60;2615.88;0.2;3139.06;Lent;;En attente
FAC-01038;DEV-02796;CLI-0453;Particulier;Bordeaux;2026-05-04;2026-05;2025-2026;2026-05-19;15;278.6;0.2;334.32;Bon payeur;2026-05-24;Payée
FAC-01039;DEV-02800;CLI-0388;Particulier;Toulouse;2026-04-22;2026-04;2025-2026;2026-05-07;15;1144.5;0.1;1258.95;Standard;2026-05-26;Payée
FAC-01040;DEV-02806;CLI-0881;Syndic;Montpellier;2026-05-18;2026-05;2025-2026;2026-07-17;60;13506.38;0.2;16207.66;Lent;;En attente
FAC-01041;DEV-02807;CLI-0038;Particulier;Bordeaux;2026-05-25;2026-05;2025-2026;2026-06-09;15;1172.15;0.1;1289.37;Standard;2026-06-12;Payée
FAC-01042;DEV-02811;CLI-0889;Particulier;Toulouse;2026-04-27;2026-04;2025-2026;2026-05-12;15;1643.31;0.2;1971.97;Bon payeur;2026-04-28;Payée
FAC-01043;DEV-02817;CLI-0265;Particulier;Bordeaux;2026-05-11;2026-05;2025-2026;2026-05-26;15;9391.57;0.1;10330.73;Standard;2026-06-16;Payée
FAC-01044;DEV-02821;CLI-0668;Particulier;Toulouse;2026-05-20;2026-05;2025-2026;2026-06-04;15;9000.13;0.1;9900.14;Bon payeur;2026-06-15;Payée
FAC-01045;DEV-02825;CLI-0300;Professionnel;Toulouse;2026-05-18;2026-05;2025-2026;2026-06-17;30;2556.7;0.2;3068.04;Litigieux;;En retard
FAC-01046;DEV-02829;CLI-0053;Particulier;Bordeaux;2026-05-12;2026-05;2025-2026;2026-05-27;15;1808.06;0.2;2169.67;Lent;;En retard
FAC-01047;DEV-02830;CLI-0675;Professionnel;Bordeaux;2026-05-25;2026-05;2025-2026;2026-06-24;30;2206.32;0.2;2647.58;Lent;;En retard
FAC-01048;DEV-02831;CLI-0383;Particulier;Bordeaux;2026-05-25;2026-05;2025-2026;2026-06-09;15;9553.79;0.2;11464.55;Standard;2026-06-01;Payée
FAC-01049;DEV-02833;CLI-0271;Particulier;Bordeaux;2026-05-20;2026-05;2025-2026;2026-06-04;15;1136.0;0.1;1249.6;Bon payeur;2026-05-22;Payée
FAC-01050;DEV-02838;CLI-0073;Professionnel;Toulouse;2026-06-22;2026-06;2025-2026;2026-07-22;30;774.68;0.2;929.62;Lent;;En attente
FAC-01051;DEV-02840;CLI-0609;Syndic;Bordeaux;2026-05-18;2026-05;2025-2026;2026-07-17;60;874.95;0.2;1049.94;Lent;;En attente
FAC-01052;DEV-02841;CLI-0078;Collectivité;Toulouse;2026-06-17;2026-06;2025-2026;2026-08-01;45;4473.08;0.2;5367.7;Lent;;En attente
FAC-01053;DEV-02842;CLI-0348;Particulier;Bordeaux;2026-05-07;2026-05;2025-2026;2026-05-22;15;3081.41;0.2;3697.69;Bon payeur;2026-06-06;Payée
FAC-01054;DEV-02843;CLI-0248;Particulier;Bordeaux;2026-05-25;2026-05;2025-2026;2026-06-09;15;10897.3;0.2;13076.76;Bon payeur;2026-06-24;Payée
FAC-01055;DEV-02848;CLI-0591;Professionnel;Montpellier;2026-06-09;2026-06;2025-2026;2026-07-09;30;478.17;0.2;573.8;Bon payeur;2026-06-13;Payée
FAC-01056;DEV-02850;CLI-0607;Syndic;Toulouse;2026-05-25;2026-05;2025-2026;2026-07-24;60;3187.35;0.2;3824.82;Standard;;En attente
FAC-01057;DEV-02851;CLI-0497;Particulier;Toulouse;2026-06-17;2026-06;2025-2026;2026-07-02;15;10505.99;0.2;12607.19;Standard;;En attente
FAC-01058;DEV-02852;CLI-0329;Particulier;Bordeaux;2026-05-26;2026-05;2025-2026;2026-06-10;15;743.77;0.2;892.52;Standard;2026-06-10;Payée
FAC-01059;DEV-02853;CLI-0180;Particulier;Toulouse;2026-06-08;2026-06;2025-2026;2026-06-23;15;272.96;0.2;327.55;Standard;2026-06-16;Payée
FAC-01060;DEV-02854;CLI-0792;Particulier;Bordeaux;2026-06-01;2026-06;2025-2026;2026-06-16;15;927.7;0.1;1020.47;Bon payeur;2026-06-02;Payée
FAC-01061;DEV-02856;CLI-0917;Professionnel;Montpellier;2026-06-04;2026-06;2025-2026;2026-07-04;30;378.1;0.2;453.72;Bon payeur;;En attente
FAC-01062;DEV-02857;CLI-0766;Syndic;Bordeaux;2026-06-03;2026-06;2025-2026;2026-08-02;60;596.76;0.2;716.11;Bon payeur;;En attente
FAC-01063;DEV-02858;CLI-0174;Professionnel;Bordeaux;2026-05-27;2026-05;2025-2026;2026-06-26;30;732.79;0.2;879.35;Bon payeur;2026-06-25;Payée
FAC-01064;DEV-02859;CLI-0437;Syndic;Bordeaux;2026-06-19;2026-06;2025-2026;2026-08-18;60;18034.59;0.2;21641.51;Lent;;En attente
FAC-01065;DEV-02861;CLI-0096;Particulier;Bordeaux;2026-05-14;2026-05;2025-2026;2026-05-29;15;1330.71;0.1;1463.78;Standard;2026-05-24;Payée
FAC-01066;DEV-02865;CLI-0340;Particulier;Bordeaux;2026-06-15;2026-06;2025-2026;2026-06-30;15;15505.17;0.1;17055.69;Lent;2026-06-28;Payée
FAC-01067;DEV-02867;CLI-0744;Particulier;Toulouse;2026-06-30;2026-06;2025-2026;2026-07-15;15;3513.18;0.2;4215.82;Standard;;En attente
FAC-01068;DEV-02869;CLI-0112;Particulier;Bordeaux;2026-06-15;2026-06;2025-2026;2026-06-30;15;145.49;0.1;160.04;Standard;;En attente
FAC-01069;DEV-02881;CLI-0269;Particulier;Toulouse;2026-06-29;2026-06;2025-2026;2026-07-14;15;10884.88;0.1;11973.37;Bon payeur;;En attente
FAC-01070;DEV-02883;CLI-0330;Particulier;Toulouse;2026-06-15;2026-06;2025-2026;2026-06-30;15;3784.26;0.1;4162.69;Standard;;En attente
FAC-01071;DEV-02888;CLI-0923;Particulier;Toulouse;2026-06-29;2026-06;2025-2026;2026-07-14;15;3305.95;0.2;3967.14;Bon payeur;2026-06-30;Payée
FAC-01072;DEV-02889;CLI-0304;Professionnel;Toulouse;2026-06-01;2026-06;2025-2026;2026-07-01;30;735.59;0.2;882.71;Lent;;En attente
FAC-01073;DEV-02900;CLI-0119;Particulier;Bordeaux;2026-06-30;2026-06;2025-2026;2026-07-15;15;1756.19;0.2;2107.43;Bon payeur;;En attente
FAC-01074;DEV-02904;CLI-0915;Particulier;Bordeaux;2026-06-22;2026-06;2025-2026;2026-07-07;15;5381.14;0.1;5919.25;Lent;;En attente
FAC-01075;DEV-02910;CLI-0516;Particulier;Bordeaux;2026-06-08;2026-06;2025-2026;2026-06-23;15;1888.07;0.2;2265.68;Bon payeur;2026-06-15;Payée
FAC-01076;DEV-02913;CLI-0584;Particulier;Bordeaux;2026-06-19;2026-06;2025-2026;2026-07-04;15;1323.89;0.1;1456.28;Bon payeur;;En attente
FAC-01077;DEV-02919;CLI-0136;Particulier;Toulouse;2026-06-29;2026-06;2025-2026;2026-07-14;15;1490.15;0.1;1639.17;Bon payeur;;En attente
FAC-01078;DEV-02926;CLI-0848;Professionnel;Bordeaux;2026-06-29;2026-06;2025-2026;2026-07-29;30;8389.55;0.2;10067.46;Bon payeur;2026-06-30;Payée
FAC-01079;DEV-02928;CLI-0752;Professionnel;Bordeaux;2026-06-15;2026-06;2025-2026;2026-07-15;30;17066.22;0.2;20479.46;Standard;;En attente
FAC-01080;DEV-02932;CLI-0344;Syndic;Toulouse;2026-06-18;2026-06;2025-2026;2026-08-17;60;2464.27;0.2;2957.12;Lent;;En attente
FAC-01081;DEV-02945;CLI-0141;Particulier;Bordeaux;2026-06-26;2026-06;2025-2026;2026-07-11;15;397.65;0.2;477.18;Bon payeur;2026-06-27;Payée
FAC-01082;DEV-02976;CLI-0072;Particulier;Bordeaux;2026-06-29;2026-06;2025-2026;2026-07-14;15;282.78;0.2;339.34;Bon payeur;2026-06-30;Payée
FAC-01083;DEV-03023;CLI-0567;Professionnel;Bordeaux;2026-06-30;2026-06;2025-2026;2026-07-30;30;18888.86;0.2;22666.63;Lent;;En attente
FAC-01084;DEV-03024;CLI-0952;Professionnel;Toulouse;2026-06-30;2026-06;2025-2026;2026-07-30;30;480.89;0.2;577.07;Standard;;En attente
