intervention_id;devis_id;date_intervention;mois;exercice;technicien_id;technicien;agence;categorie;heures_devisees;heures_reelles;cout_horaire;cout_main_oeuvre;cout_materiel;statut_intervention
INT-00001;DEV-00006;2022-08-08;2022-08;2022-2023;TEC-01;Marc Delaunay;Bordeaux;Plomberie;2.3;2.3;32.0;73.6;162.33;Terminée
INT-00002;DEV-00008;2022-08-19;2022-08;2022-2023;TEC-01;Marc Delaunay;Bordeaux;Plomberie;26.1;24.4;32.0;780.8;3047.1;Terminée
INT-00003;DEV-00010;2022-08-15;2022-08;2022-2023;TEC-05;Sonia Mercier;Bordeaux;Salle de bain;5.6;5.5;31.0;170.5;572.07;Terminée
INT-00004;DEV-00014;2022-08-03;2022-08;2022-2023;TEC-01;Marc Delaunay;Bordeaux;Dépannage;1.1;1.2;32.0;38.4;68.96;Terminée
INT-00005;DEV-00015;2022-08-19;2022-08;2022-2023;TEC-02;Ahmed Zahiri;Bordeaux;Dépannage;2.2;2.2;35.0;77.0;105.98;Terminée
INT-00006;DEV-00026;2022-08-18;2022-08;2022-2023;TEC-01;Marc Delaunay;Bordeaux;Plomberie;14.6;14.9;32.0;476.8;1946.12;Terminée
INT-00007;DEV-00028;2022-08-16;2022-08;2022-2023;TEC-05;Sonia Mercier;Bordeaux;Dépannage;1.4;1.4;31.0;43.4;97.8;Terminée
INT-00008;DEV-00031;2022-09-05;2022-09;2022-2023;TEC-05;Sonia Mercier;Bordeaux;Salle de bain;48.6;46.1;31.0;1429.1;5210.63;Terminée
INT-00009;DEV-00034;2022-08-15;2022-08;2022-2023;TEC-02;Ahmed Zahiri;Bordeaux;Chauffage;11.2;9.4;35.0;329.0;3898.16;Terminée
INT-00010;DEV-00036;2022-09-27;2022-09;2022-2023;TEC-07;Yannick Dubreuil;Toulouse;Salle de bain;18.0;18.9;30.0;567.0;1887.96;Terminée
INT-00011;DEV-00037;2022-09-12;2022-09;2022-2023;TEC-07;Yannick Dubreuil;Toulouse;Plomberie;2.3;2.3;30.0;69.0;151.65;Terminée
INT-00012;DEV-00038;2022-08-29;2022-08;2022-2023;TEC-03;Fabien Ortiz;Bordeaux;Électricité;5.3;5.5;33.0;181.5;563.59;Terminée
INT-00013;DEV-00043;2022-10-03;2022-10;2022-2023;TEC-07;Yannick Dubreuil;Toulouse;Plomberie;9.5;9.5;30.0;285.0;1054.81;Terminée
INT-00014;DEV-00047;2022-09-14;2022-09;2022-2023;TEC-03;Fabien Ortiz;Bordeaux;Électricité;22.9;25.5;33.0;841.5;2189.65;Terminée
INT-00015;DEV-00048;2022-08-24;2022-08;2022-2023;TEC-02;Ahmed Zahiri;Bordeaux;Dépannage;1.6;1.3;35.0;45.5;81.13;Terminée
INT-00016;DEV-00052;2022-09-26;2022-09;2022-2023;TEC-02;Ahmed Zahiri;Bordeaux;Dépannage;0.9;0.8;35.0;28.0;77.01;Terminée
INT-00017;DEV-00054;2022-09-13;2022-09;2022-2023;TEC-05;Sonia Mercier;Bordeaux;Salle de bain;41.3;39.9;31.0;1236.9;9194.64;Terminée
INT-00018;DEV-00055;2022-10-05;2022-10;2022-2023;TEC-01;Marc Delaunay;Bordeaux;Dépannage;1.1;1.0;32.0;32.0;58.62;Terminée
INT-00019;DEV-00058;2022-09-23;2022-09;2022-2023;TEC-08;Elodie Ravel;Toulouse;Électricité;7.9;10.1;32.0;323.2;1447.72;Terminée
INT-00020;DEV-00059;2022-09-02;2022-09;2022-2023;TEC-07;Yannick Dubreuil;Toulouse;Dépannage;1.1;1.3;30.0;39.0;64.77;Terminée
INT-00021;DEV-00060;2022-09-19;2022-09;2022-2023;TEC-05;Sonia Mercier;Bordeaux;Dépannage;3.3;3.6;31.0;111.6;184.56;Terminée
INT-00022;DEV-00061;2022-10-03;2022-10;2022-2023;TEC-07;Yannick Dubreuil;Toulouse;Dépannage;3.0;3.1;30.0;93.0;200.51;Terminée
INT-00023;DEV-00062;2022-09-26;2022-09;2022-2023;TEC-08;Elodie Ravel;Toulouse;Électricité;5.7;6.7;32.0;214.4;1728.48;Terminée
INT-00024;DEV-00064;2022-09-12;2022-09;2022-2023;TEC-07;Yannick Dubreuil;Toulouse;Plomberie;15.2;16.3;30.0;489.0;3010.48;Terminée
INT-00025;DEV-00073;2022-10-05;2022-10;2022-2023;TEC-06;Pierre Vasseur;Toulouse;Chauffage;3.9;3.2;36.0;115.2;298.33;Terminée
INT-00026;DEV-00077;2022-09-29;2022-09;2022-2023;TEC-08;Elodie Ravel;Toulouse;Dépannage;1.5;1.7;32.0;54.4;153.89;Terminée
INT-00027;DEV-00079;2022-10-24;2022-10;2022-2023;TEC-03;Fabien Ortiz;Bordeaux;Électricité;6.9;6.9;33.0;227.7;642.23;Terminée
INT-00028;DEV-00080;2022-10-25;2022-10;2022-2023;TEC-02;Ahmed Zahiri;Bordeaux;Chauffage;29.5;26.5;35.0;927.5;7058.71;Terminée
INT-00029;DEV-00081;2022-10-03;2022-10;2022-2023;TEC-02;Ahmed Zahiri;Bordeaux;Chauffage;12.3;11.9;35.0;416.5;2657.73;Terminée
INT-00030;DEV-00084;2022-10-31;2022-10;2022-2023;TEC-08;Elodie Ravel;Toulouse;Électricité;4.8;5.6;32.0;179.2;610.15;Terminée
INT-00031;DEV-00085;2022-10-14;2022-10;2022-2023;TEC-07;Yannick Dubreuil;Toulouse;Salle de bain;16.7;19.2;30.0;576.0;1416.87;Terminée
INT-00032;DEV-00086;2022-11-02;2022-11;2022-2023;TEC-06;Pierre Vasseur;Toulouse;Chauffage;3.8;3.3;36.0;118.8;237.54;Terminée
INT-00033;DEV-00092;2022-10-17;2022-10;2022-2023;TEC-07;Yannick Dubreuil;Toulouse;Salle de bain;46.1;53.0;30.0;1590.0;5234.64;Terminée
INT-00034;DEV-00093;2022-11-10;2022-11;2022-2023;TEC-03;Fabien Ortiz;Bordeaux;Dépannage;1.0;1.0;33.0;33.0;64.0;Terminée
INT-00035;DEV-00095;2022-11-24;2022-11;2022-2023;TEC-05;Sonia Mercier;Bordeaux;Salle de bain;5.4;5.1;31.0;158.1;1068.62;Terminée
INT-00036;DEV-00097;2022-10-26;2022-10;2022-2023;TEC-08;Elodie Ravel;Toulouse;Salle de bain;42.4;53.6;32.0;1715.2;5596.39;Terminée
INT-00037;DEV-00100;2022-10-05;2022-10;2022-2023;TEC-06;Pierre Vasseur;Toulouse;Chauffage;27.9;24.2;36.0;871.2;12234.29;Terminée
INT-00038;DEV-00103;2022-10-31;2022-10;2022-2023;TEC-02;Ahmed Zahiri;Bordeaux;Dépannage;1.0;1.0;35.0;35.0;165.14;Terminée
INT-00039;DEV-00104;2022-10-18;2022-10;2022-2023;TEC-02;Ahmed Zahiri;Bordeaux;Chauffage;13.8;13.0;35.0;455.0;2139.92;Terminée
INT-00040;DEV-00106;2022-11-10;2022-11;2022-2023;TEC-02;Ahmed Zahiri;Bordeaux;Chauffage;12.8;12.2;35.0;427.0;2218.88;Terminée
INT-00041;DEV-00107;2022-11-14;2022-11;2022-2023;TEC-06;Pierre Vasseur;Toulouse;Chauffage;3.2;3.2;36.0;115.2;261.34;Terminée
INT-00042;DEV-00109;2022-10-12;2022-10;2022-2023;TEC-03;Fabien Ortiz;Bordeaux;Électricité;5.4;5.4;33.0;178.2;778.08;Terminée
INT-00043;DEV-00114;2022-10-24;2022-10;2022-2023;TEC-08;Elodie Ravel;Toulouse;Dépannage;1.4;1.7;32.0;54.4;180.17;Terminée
INT-00044;DEV-00115;2022-10-17;2022-10;2022-2023;TEC-05;Sonia Mercier;Bordeaux;Dépannage;1.8;2.0;31.0;62.0;244.16;Terminée
INT-00045;DEV-00116;2022-11-30;2022-11;2022-2023;TEC-08;Elodie Ravel;Toulouse;Électricité;5.7;7.3;32.0;233.6;642.73;Terminée
INT-00046;DEV-00118;2022-10-31;2022-10;2022-2023;TEC-05;Sonia Mercier;Bordeaux;Salle de bain;16.2;15.9;31.0;492.9;1962.24;Terminée
INT-00047;DEV-00123;2022-11-15;2022-11;2022-2023;TEC-05;Sonia Mercier;Bordeaux;Salle de bain;17.0;16.6;31.0;514.6;1985.85;Terminée
INT-00048;DEV-00126;2022-11-01;2022-11;2022-2023;TEC-02;Ahmed Zahiri;Bordeaux;Chauffage;12.1;11.8;35.0;413.0;4056.31;Terminée
INT-00049;DEV-00127;2022-11-14;2022-11;2022-2023;TEC-03;Fabien Ortiz;Bordeaux;Dépannage;1.5;1.7;33.0;56.1;90.07;Terminée
INT-00050;DEV-00132;2022-11-14;2022-11;2022-2023;TEC-07;Yannick Dubreuil;Toulouse;Dépannage;1.4;1.4;30.0;42.0;115.61;Terminée
INT-00051;DEV-00134;2022-11-24;2022-11;2022-2023;TEC-03;Fabien Ortiz;Bordeaux;Électricité;14.4;13.1;33.0;432.3;1595.33;Terminée
INT-00052;DEV-00135;2022-11-28;2022-11;2022-2023;TEC-06;Pierre Vasseur;Toulouse;Chauffage;10.2;9.4;36.0;338.4;1393.24;Terminée
INT-00053;DEV-00140;2022-12-12;2022-12;2022-2023;TEC-03;Fabien Ortiz;Bordeaux;Dépannage;3.2;3.6;33.0;118.8;204.04;Terminée
INT-00054;DEV-00141;2022-11-29;2022-11;2022-2023;TEC-08;Elodie Ravel;Toulouse;Dépannage;1.4;1.8;32.0;57.6;108.96;Terminée
INT-00055;DEV-00143;2022-11-25;2022-11;2022-2023;TEC-05;Sonia Mercier;Bordeaux;Salle de bain;5.8;6.2;31.0;192.2;463.65;Terminée
INT-00056;DEV-00145;2022-11-28;2022-11;2022-2023;TEC-01;Marc Delaunay;Bordeaux;Plomberie;4.9;4.7;32.0;150.4;650.65;Terminée
INT-00057;DEV-00147;2022-11-25;2022-11;2022-2023;TEC-03;Fabien Ortiz;Bordeaux;Électricité;39.4;37.6;33.0;1240.8;4039.95;Terminée
INT-00058;DEV-00148;2022-12-14;2022-12;2022-2023;TEC-03;Fabien Ortiz;Bordeaux;Électricité;5.7;6.3;33.0;207.9;1219.54;Terminée
INT-00059;DEV-00149;2022-11-29;2022-11;2022-2023;TEC-01;Marc Delaunay;Bordeaux;Dépannage;1.0;1.0;32.0;32.0;73.46;Terminée
INT-00060;DEV-00151;2022-11-23;2022-11;2022-2023;TEC-01;Marc Delaunay;Bordeaux;Plomberie;2.2;2.0;32.0;64.0;179.42;Terminée
INT-00061;DEV-00153;2022-12-02;2022-12;2022-2023;TEC-05;Sonia Mercier;Bordeaux;Dépannage;1.4;1.5;31.0;46.5;91.99;Terminée
INT-00062;DEV-00154;2022-12-14;2022-12;2022-2023;TEC-02;Ahmed Zahiri;Bordeaux;Dépannage;1.4;1.3;35.0;45.5;104.6;Terminée
INT-00063;DEV-00155;2022-12-01;2022-12;2022-2023;TEC-05;Sonia Mercier;Bordeaux;Salle de bain;6.3;7.0;31.0;217.0;845.62;Terminée
INT-00064;DEV-00156;2022-12-15;2022-12;2022-2023;TEC-07;Yannick Dubreuil;Toulouse;Salle de bain;31.4;30.5;30.0;915.0;3843.55;Terminée
INT-00065;DEV-00160;2022-12-09;2022-12;2022-2023;TEC-03;Fabien Ortiz;Bordeaux;Électricité;17.0;18.4;33.0;607.2;2160.94;Terminée
INT-00066;DEV-00164;2022-12-20;2022-12;2022-2023;TEC-07;Yannick Dubreuil;Toulouse;Plomberie;2.1;2.4;30.0;72.0;172.59;Terminée
INT-00067;DEV-00167;2022-12-14;2022-12;2022-2023;TEC-03;Fabien Ortiz;Bordeaux;Électricité;10.3;9.6;33.0;316.8;1220.04;Terminée
INT-00068;DEV-00170;2022-12-20;2022-12;2022-2023;TEC-02;Ahmed Zahiri;Bordeaux;Chauffage;13.1;11.6;35.0;406.0;2543.31;Terminée
INT-00069;DEV-00172;2023-01-09;2023-01;2022-2023;TEC-08;Elodie Ravel;Toulouse;Électricité;16.3;20.2;32.0;646.4;1574.78;Terminée
INT-00070;DEV-00174;2022-12-19;2022-12;2022-2023;TEC-08;Elodie Ravel;Toulouse;Dépannage;1.0;1.2;32.0;38.4;64.63;Terminée
INT-00071;DEV-00178;2023-01-12;2023-01;2022-2023;TEC-05;Sonia Mercier;Bordeaux;Salle de bain;50.5;49.5;31.0;1534.5;5202.26;Terminée
INT-00072;DEV-00179;2022-12-26;2022-12;2022-2023;TEC-02;Ahmed Zahiri;Bordeaux;Chauffage;9.5;9.5;35.0;332.5;1165.32;Terminée
INT-00073;DEV-00180;2023-01-02;2023-01;2022-2023;TEC-03;Fabien Ortiz;Bordeaux;Électricité;44.6;47.1;33.0;1554.3;4883.82;Terminée
INT-00074;DEV-00181;2022-12-26;2022-12;2022-2023;TEC-08;Elodie Ravel;Toulouse;Électricité;7.6;8.8;32.0;281.6;661.75;Terminée
INT-00075;DEV-00182;2022-12-19;2022-12;2022-2023;TEC-01;Marc Delaunay;Bordeaux;Dépannage;1.4;1.5;32.0;48.0;85.44;Terminée
INT-00076;DEV-00185;2023-01-23;2023-01;2022-2023;TEC-08;Elodie Ravel;Toulouse;Électricité;16.7;18.2;32.0;582.4;2800.12;Terminée
INT-00077;DEV-00188;2023-01-24;2023-01;2022-2023;TEC-08;Elodie Ravel;Toulouse;Électricité;9.5;11.5;32.0;368.0;1255.84;Terminée
INT-00078;DEV-00189;2023-01-02;2023-01;2022-2023;TEC-03;Fabien Ortiz;Bordeaux;Dépannage;1.0;1.0;33.0;33.0;134.61;Terminée
INT-00079;DEV-00193;2023-01-23;2023-01;2022-2023;TEC-02;Ahmed Zahiri;Bordeaux;Chauffage;28.5;29.5;35.0;1032.5;8670.99;Terminée
INT-00080;DEV-00194;2022-12-21;2022-12;2022-2023;TEC-01;Marc Delaunay;Bordeaux;Plomberie;4.8;4.5;32.0;144.0;600.71;Terminée
INT-00081;DEV-00195;2023-01-11;2023-01;2022-2023;TEC-06;Pierre Vasseur;Toulouse;Chauffage;29.6;29.4;36.0;1058.4;6760.53;Terminée
INT-00082;DEV-00196;2023-01-30;2023-01;2022-2023;TEC-02;Ahmed Zahiri;Bordeaux;Chauffage;6.3;5.4;35.0;189.0;428.62;Terminée
INT-00083;DEV-00199;2023-01-10;2023-01;2022-2023;TEC-07;Yannick Dubreuil;Toulouse;Plomberie;14.3;14.5;30.0;435.0;1178.33;Terminée
INT-00084;DEV-00206;2023-02-16;2023-02;2022-2023;TEC-07;Yannick Dubreuil;Toulouse;Salle de bain;5.5;5.2;30.0;156.0;595.68;Terminée
INT-00085;DEV-00207;2023-01-11;2023-01;2022-2023;TEC-01;Marc Delaunay;Bordeaux;Dépannage;1.5;1.6;32.0;51.2;69.6;Terminée
INT-00086;DEV-00211;2023-01-26;2023-01;2022-2023;TEC-08;Elodie Ravel;Toulouse;Électricité;42.8;51.8;32.0;1657.6;4946.51;Terminée
INT-00087;DEV-00212;2023-01-26;2023-01;2022-2023;TEC-05;Sonia Mercier;Bordeaux;Dépannage;5.0;5.0;31.0;155.0;338.55;Terminée
INT-00088;DEV-00215;2023-01-05;2023-01;2022-2023;TEC-06;Pierre Vasseur;Toulouse;Chauffage;27.5;25.5;36.0;918.0;7983.61;Terminée
INT-00089;DEV-00216;2023-02-13;2023-02;2022-2023;TEC-02;Ahmed Zahiri;Bordeaux;Chauffage;28.0;27.1;35.0;948.5;11766.83;Terminée
INT-00090;DEV-00217;2023-02-07;2023-02;2022-2023;TEC-06;Pierre Vasseur;Toulouse;Salle de bain;42.0;41.1;36.0;1479.6;10021.44;Terminée
INT-00091;DEV-00218;2023-01-19;2023-01;2022-2023;TEC-03;Fabien Ortiz;Bordeaux;Électricité;10.5;10.8;33.0;356.4;1397.13;Terminée
INT-00092;DEV-00220;2023-01-30;2023-01;2022-2023;TEC-02;Ahmed Zahiri;Bordeaux;Chauffage;13.6;11.6;35.0;406.0;2674.23;Terminée
INT-00093;DEV-00222;2023-02-03;2023-02;2022-2023;TEC-02;Ahmed Zahiri;Bordeaux;Dépannage;1.8;1.8;35.0;63.0;265.15;Terminée
INT-00094;DEV-00226;2023-01-23;2023-01;2022-2023;TEC-02;Ahmed Zahiri;Bordeaux;Chauffage;1.1;1.0;35.0;35.0;49.64;Terminée
INT-00095;DEV-00229;2023-02-06;2023-02;2022-2023;TEC-01;Marc Delaunay;Bordeaux;Plomberie;2.0;2.0;32.0;64.0;164.2;Terminée
INT-00096;DEV-00232;2023-01-23;2023-01;2022-2023;TEC-05;Sonia Mercier;Bordeaux;Dépannage;1.0;1.0;31.0;31.0;106.26;Terminée
INT-00097;DEV-00233;2023-02-08;2023-02;2022-2023;TEC-05;Sonia Mercier;Bordeaux;Salle de bain;40.7;38.5;31.0;1193.5;10753.83;Terminée
INT-00098;DEV-00236;2023-02-10;2023-02;2022-2023;TEC-06;Pierre Vasseur;Toulouse;Chauffage;3.5;2.9;36.0;104.4;274.77;Terminée
INT-00099;DEV-00241;2023-02-15;2023-02;2022-2023;TEC-07;Yannick Dubreuil;Toulouse;Dépannage;1.4;1.3;30.0;39.0;111.77;Terminée
INT-00100;DEV-00244;2023-02-06;2023-02;2022-2023;TEC-06;Pierre Vasseur;Toulouse;Chauffage;1.0;1.0;36.0;36.0;46.74;Terminée
INT-00101;DEV-00247;2023-02-06;2023-02;2022-2023;TEC-02;Ahmed Zahiri;Bordeaux;Chauffage;12.7;12.9;35.0;451.5;3381.41;Terminée
INT-00102;DEV-00248;2023-02-13;2023-02;2022-2023;TEC-03;Fabien Ortiz;Bordeaux;Électricité;44.4;48.2;33.0;1590.6;8463.63;Terminée
INT-00103;DEV-00249;2023-02-20;2023-02;2022-2023;TEC-02;Ahmed Zahiri;Bordeaux;Dépannage;1.4;1.4;35.0;49.0;89.06;Terminée
INT-00104;DEV-00252;2023-02-13;2023-02;2022-2023;TEC-05;Sonia Mercier;Bordeaux;Salle de bain;40.9;40.4;31.0;1252.4;6213.05;Terminée
INT-00105;DEV-00253;2023-03-13;2023-03;2022-2023;TEC-01;Marc Delaunay;Bordeaux;Plomberie;25.9;25.0;32.0;800.0;3600.51;Terminée
INT-00106;DEV-00256;2023-02-16;2023-02;2022-2023;TEC-08;Elodie Ravel;Toulouse;Électricité;42.9;53.2;32.0;1702.4;8903.83;Terminée
INT-00107;DEV-00257;2023-03-13;2023-03;2022-2023;TEC-06;Pierre Vasseur;Toulouse;Chauffage;26.7;25.1;36.0;903.6;17014.48;Terminée
INT-00108;DEV-00258;2023-03-14;2023-03;2022-2023;TEC-02;Ahmed Zahiri;Bordeaux;Dépannage;3.1;2.7;35.0;94.5;200.2;Terminée
INT-00109;DEV-00261;2023-02-13;2023-02;2022-2023;TEC-05;Sonia Mercier;Bordeaux;Dépannage;2.2;2.5;31.0;77.5;129.82;Terminée
INT-00110;DEV-00264;2023-03-13;2023-03;2022-2023;TEC-03;Fabien Ortiz;Bordeaux;Dépannage;1.9;1.9;33.0;62.7;285.46;Terminée
INT-00111;DEV-00268;2023-03-06;2023-03;2022-2023;TEC-01;Marc Delaunay;Bordeaux;Plomberie;29.8;28.1;32.0;899.2;3368.14;Terminée
INT-00112;DEV-00269;2023-03-08;2023-03;2022-2023;TEC-07;Yannick Dubreuil;Toulouse;Salle de bain;16.1;15.7;30.0;471.0;2124.47;Terminée
INT-00113;DEV-00270;2023-02-06;2023-02;2022-2023;TEC-05;Sonia Mercier;Bordeaux;Salle de bain;5.1;5.7;31.0;176.7;1041.43;Terminée
INT-00114;DEV-00271;2023-03-06;2023-03;2022-2023;TEC-02;Ahmed Zahiri;Bordeaux;Dépannage;1.7;1.5;35.0;52.5;95.43;Terminée
INT-00115;DEV-00273;2023-03-07;2023-03;2022-2023;TEC-06;Pierre Vasseur;Toulouse;Dépannage;1.5;1.3;36.0;46.8;105.6;Terminée
INT-00116;DEV-00276;2023-03-28;2023-03;2022-2023;TEC-07;Yannick Dubreuil;Toulouse;Plomberie;4.3;4.2;30.0;126.0;691.76;Terminée
INT-00117;DEV-00277;2023-04-06;2023-04;2022-2023;TEC-02;Ahmed Zahiri;Bordeaux;Chauffage;3.8;3.7;35.0;129.5;246.06;Terminée
INT-00118;DEV-00280;2023-03-13;2023-03;2022-2023;TEC-08;Elodie Ravel;Toulouse;Dépannage;2.8;2.8;32.0;89.6;198.3;Terminée
INT-00119;DEV-00281;2023-03-07;2023-03;2022-2023;TEC-02;Ahmed Zahiri;Bordeaux;Chauffage;3.8;3.4;35.0;119.0;279.17;Terminée
INT-00120;DEV-00283;2023-03-08;2023-03;2022-2023;TEC-08;Elodie Ravel;Toulouse;Dépannage;1.4;1.4;32.0;44.8;106.29;Terminée
INT-00121;DEV-00286;2023-03-13;2023-03;2022-2023;TEC-06;Pierre Vasseur;Toulouse;Dépannage;1.7;1.6;36.0;57.6;220.19;Terminée
INT-00122;DEV-00287;2023-03-22;2023-03;2022-2023;TEC-08;Elodie Ravel;Toulouse;Électricité;17.0;16.8;32.0;537.6;3065.1;Terminée
INT-00123;DEV-00292;2023-04-03;2023-04;2022-2023;TEC-05;Sonia Mercier;Bordeaux;Salle de bain;45.3;43.7;31.0;1354.7;8061.08;Terminée
INT-00124;DEV-00294;2023-03-21;2023-03;2022-2023;TEC-08;Elodie Ravel;Toulouse;Dépannage;5.1;5.0;32.0;160.0;278.75;Terminée
INT-00125;DEV-00303;2023-03-07;2023-03;2022-2023;TEC-06;Pierre Vasseur;Toulouse;Chauffage;28.8;27.9;36.0;1004.4;6206.53;Terminée
INT-00126;DEV-00305;2023-03-22;2023-03;2022-2023;TEC-03;Fabien Ortiz;Bordeaux;Dépannage;1.1;1.2;33.0;39.6;61.61;Terminée
INT-00127;DEV-00311;2023-05-05;2023-05;2022-2023;TEC-02;Ahmed Zahiri;Bordeaux;Chauffage;3.7;3.2;35.0;112.0;271.78;Terminée
INT-00128;DEV-00312;2023-04-03;2023-04;2022-2023;TEC-01;Marc Delaunay;Bordeaux;Dépannage;4.1;3.8;32.0;121.6;240.35;Terminée
INT-00129;DEV-00316;2023-04-03;2023-04;2022-2023;TEC-08;Elodie Ravel;Toulouse;Électricité;42.1;45.6;32.0;1459.2;5512.03;Terminée
INT-00130;DEV-00317;2023-04-27;2023-04;2022-2023;TEC-01;Marc Delaunay;Bordeaux;Plomberie;2.0;1.9;32.0;60.8;153.44;Terminée
INT-00131;DEV-00318;2023-04-10;2023-04;2022-2023;TEC-06;Pierre Vasseur;Toulouse;Dépannage;1.4;1.3;36.0;46.8;85.04;Terminée
INT-00132;DEV-00320;2023-04-03;2023-04;2022-2023;TEC-05;Sonia Mercier;Bordeaux;Dépannage;1.1;1.1;31.0;34.1;75.9;Terminée
INT-00133;DEV-00326;2023-04-04;2023-04;2022-2023;TEC-01;Marc Delaunay;Bordeaux;Plomberie;46.3;43.2;32.0;1382.4;4381.7;Terminée
INT-00134;DEV-00329;2023-04-21;2023-04;2022-2023;TEC-08;Elodie Ravel;Toulouse;Électricité;13.8;13.5;32.0;432.0;3089.88;Terminée
INT-00135;DEV-00333;2023-03-31;2023-03;2022-2023;TEC-01;Marc Delaunay;Bordeaux;Plomberie;5.0;4.6;32.0;147.2;660.49;Terminée
INT-00136;DEV-00335;2023-05-01;2023-05;2022-2023;TEC-06;Pierre Vasseur;Toulouse;Salle de bain;15.8;13.5;36.0;486.0;1846.43;Terminée
INT-00137;DEV-00336;2023-04-24;2023-04;2022-2023;TEC-05;Sonia Mercier;Bordeaux;Dépannage;4.5;4.1;31.0;127.1;294.17;Terminée
INT-00138;DEV-00337;2023-05-01;2023-05;2022-2023;TEC-03;Fabien Ortiz;Bordeaux;Électricité;15.9;16.4;33.0;541.2;1429.73;Terminée
INT-00139;DEV-00338;2023-03-28;2023-03;2022-2023;TEC-07;Yannick Dubreuil;Toulouse;Plomberie;28.0;32.5;30.0;975.0;2972.15;Terminée
INT-00140;DEV-00339;2023-04-14;2023-04;2022-2023;TEC-08;Elodie Ravel;Toulouse;Électricité;44.8;48.5;32.0;1552.0;4925.74;Terminée
INT-00141;DEV-00341;2023-04-19;2023-04;2022-2023;TEC-06;Pierre Vasseur;Toulouse;Dépannage;1.9;1.6;36.0;57.6;109.92;Terminée
INT-00142;DEV-00342;2023-05-03;2023-05;2022-2023;TEC-05;Sonia Mercier;Bordeaux;Salle de bain;16.2;15.8;31.0;489.8;1843.77;Terminée
INT-00143;DEV-00344;2023-05-11;2023-05;2022-2023;TEC-05;Sonia Mercier;Bordeaux;Dépannage;1.0;1.0;31.0;31.0;63.54;Terminée
INT-00144;DEV-00347;2023-05-01;2023-05;2022-2023;TEC-03;Fabien Ortiz;Bordeaux;Électricité;6.7;7.0;33.0;231.0;1258.19;Terminée
INT-00145;DEV-00349;2023-05-25;2023-05;2022-2023;TEC-07;Yannick Dubreuil;Toulouse;Salle de bain;48.2;48.5;30.0;1455.0;13194.45;Terminée
INT-00146;DEV-00351;2023-05-11;2023-05;2022-2023;TEC-03;Fabien Ortiz;Bordeaux;Électricité;5.7;6.1;33.0;201.3;707.03;Terminée
INT-00147;DEV-00352;2023-04-27;2023-04;2022-2023;TEC-07;Yannick Dubreuil;Toulouse;Plomberie;24.3;23.0;30.0;690.0;3462.24;Terminée
INT-00148;DEV-00353;2023-05-09;2023-05;2022-2023;TEC-01;Marc Delaunay;Bordeaux;Plomberie;1.9;1.7;32.0;54.4;176.47;Terminée
INT-00149;DEV-00354;2023-05-02;2023-05;2022-2023;TEC-08;Elodie Ravel;Toulouse;Électricité;6.4;6.9;32.0;220.8;1884.91;Terminée
INT-00150;DEV-00355;2023-04-18;2023-04;2022-2023;TEC-03;Fabien Ortiz;Bordeaux;Électricité;42.5;43.9;33.0;1448.7;6242.02;Terminée
INT-00151;DEV-00356;2023-04-26;2023-04;2022-2023;TEC-01;Marc Delaunay;Bordeaux;Plomberie;12.9;13.3;32.0;425.6;1765.54;Terminée
INT-00152;DEV-00360;2023-05-22;2023-05;2022-2023;TEC-05;Sonia Mercier;Bordeaux;Dépannage;1.5;1.6;31.0;49.6;104.92;Terminée
INT-00153;DEV-00361;2023-05-04;2023-05;2022-2023;TEC-05;Sonia Mercier;Bordeaux;Salle de bain;11.1;11.5;31.0;356.5;1162.25;Terminée
INT-00154;DEV-00364;2023-05-01;2023-05;2022-2023;TEC-05;Sonia Mercier;Bordeaux;Salle de bain;16.1;15.3;31.0;474.3;1987.54;Terminée
INT-00155;DEV-00366;2023-05-09;2023-05;2022-2023;TEC-06;Pierre Vasseur;Toulouse;Dépannage;1.4;1.2;36.0;43.2;202.15;Terminée
INT-00156;DEV-00368;2023-05-01;2023-05;2022-2023;TEC-03;Fabien Ortiz;Bordeaux;Électricité;9.5;9.7;33.0;320.1;2514.29;Terminée
INT-00157;DEV-00369;2023-05-16;2023-05;2022-2023;TEC-08;Elodie Ravel;Toulouse;Électricité;39.3;38.1;32.0;1219.2;4597.91;Terminée
INT-00158;DEV-00370;2023-06-16;2023-06;2022-2023;TEC-05;Sonia Mercier;Bordeaux;Salle de bain;17.4;16.6;31.0;514.6;2474.32;Terminée
INT-00159;DEV-00373;2023-05-29;2023-05;2022-2023;TEC-05;Sonia Mercier;Bordeaux;Salle de bain;17.5;16.3;31.0;505.3;1768.84;Terminée
INT-00160;DEV-00376;2023-05-15;2023-05;2022-2023;TEC-05;Sonia Mercier;Bordeaux;Dépannage;2.3;2.5;31.0;77.5;122.98;Terminée
INT-00161;DEV-00379;2023-05-29;2023-05;2022-2023;TEC-05;Sonia Mercier;Bordeaux;Salle de bain;50.2;47.1;31.0;1460.1;4706.55;Terminée
INT-00162;DEV-00382;2023-06-08;2023-06;2022-2023;TEC-08;Elodie Ravel;Toulouse;Électricité;6.4;7.0;32.0;224.0;890.16;Terminée
INT-00163;DEV-00384;2023-05-12;2023-05;2022-2023;TEC-05;Sonia Mercier;Bordeaux;Salle de bain;5.8;6.2;31.0;192.2;597.7;Terminée
INT-00164;DEV-00386;2023-05-12;2023-05;2022-2023;TEC-03;Fabien Ortiz;Bordeaux;Électricité;41.2;40.0;33.0;1320.0;4731.04;Terminée
INT-00165;DEV-00387;2023-05-11;2023-05;2022-2023;TEC-03;Fabien Ortiz;Bordeaux;Dépannage;3.1;3.1;33.0;102.3;261.97;Terminée
INT-00166;DEV-00388;2023-05-31;2023-05;2022-2023;TEC-02;Ahmed Zahiri;Bordeaux;Dépannage;0.9;0.9;35.0;31.5;136.96;Terminée
INT-00167;DEV-00389;2023-06-15;2023-06;2022-2023;TEC-06;Pierre Vasseur;Toulouse;Salle de bain;33.4;27.8;36.0;1000.8;3367.24;Terminée
INT-00168;DEV-00391;2023-05-23;2023-05;2022-2023;TEC-07;Yannick Dubreuil;Toulouse;Dépannage;1.5;1.7;30.0;51.0;84.68;Terminée
INT-00169;DEV-00393;2023-06-12;2023-06;2022-2023;TEC-02;Ahmed Zahiri;Bordeaux;Chauffage;1.8;1.6;35.0;56.0;177.79;Terminée
INT-00170;DEV-00394;2023-05-10;2023-05;2022-2023;TEC-07;Yannick Dubreuil;Toulouse;Plomberie;14.0;15.4;30.0;462.0;1770.71;Terminée
INT-00171;DEV-00397;2023-06-05;2023-06;2022-2023;TEC-08;Elodie Ravel;Toulouse;Électricité;16.5;16.5;32.0;528.0;1558.94;Terminée
INT-00172;DEV-00399;2023-06-02;2023-06;2022-2023;TEC-05;Sonia Mercier;Bordeaux;Salle de bain;17.1;16.8;31.0;520.8;1677.08;Terminée
INT-00173;DEV-00405;2023-05-23;2023-05;2022-2023;TEC-02;Ahmed Zahiri;Bordeaux;Chauffage;29.4;24.7;35.0;864.5;11669.33;Terminée
INT-00174;DEV-00406;2023-06-26;2023-06;2022-2023;TEC-01;Marc Delaunay;Bordeaux;Plomberie;24.8;21.6;32.0;691.2;2739.66;Terminée
INT-00175;DEV-00407;2023-06-05;2023-06;2022-2023;TEC-05;Sonia Mercier;Bordeaux;Salle de bain;5.9;5.7;31.0;176.7;787.75;Terminée
INT-00176;DEV-00408;2023-06-13;2023-06;2022-2023;TEC-07;Yannick Dubreuil;Toulouse;Plomberie;24.4;27.5;30.0;825.0;3317.24;Terminée
INT-00177;DEV-00409;2023-05-25;2023-05;2022-2023;TEC-08;Elodie Ravel;Toulouse;Dépannage;1.8;1.8;32.0;57.6;260.48;Terminée
INT-00178;DEV-00410;2023-07-14;2023-07;2023-2024;TEC-02;Ahmed Zahiri;Bordeaux;Dépannage;1.0;1.0;35.0;35.0;164.52;Terminée
INT-00179;DEV-00414;2023-05-25;2023-05;2022-2023;TEC-01;Marc Delaunay;Bordeaux;Plomberie;9.9;9.0;32.0;288.0;2144.7;Terminée
INT-00180;DEV-00415;2023-06-21;2023-06;2022-2023;TEC-01;Marc Delaunay;Bordeaux;Plomberie;1.8;1.7;32.0;54.4;149.61;Terminée
INT-00181;DEV-00417;2023-05-31;2023-05;2022-2023;TEC-08;Elodie Ravel;Toulouse;Salle de bain;18.4;20.9;32.0;668.8;2782.29;Terminée
INT-00182;DEV-00420;2023-06-26;2023-06;2022-2023;TEC-06;Pierre Vasseur;Toulouse;Chauffage;4.0;3.7;36.0;133.2;299.48;Terminée
INT-00183;DEV-00422;2023-07-10;2023-07;2023-2024;TEC-03;Fabien Ortiz;Bordeaux;Électricité;5.5;5.0;33.0;165.0;1362.37;Terminée
INT-00184;DEV-00425;2023-06-02;2023-06;2022-2023;TEC-01;Marc Delaunay;Bordeaux;Plomberie;26.3;25.5;32.0;816.0;3418.39;Terminée
INT-00185;DEV-00430;2023-06-26;2023-06;2022-2023;TEC-01;Marc Delaunay;Bordeaux;Plomberie;4.6;4.2;32.0;134.4;639.21;Terminée
INT-00186;DEV-00433;2023-06-26;2023-06;2022-2023;TEC-07;Yannick Dubreuil;Toulouse;Plomberie;4.1;4.4;30.0;132.0;546.17;Terminée
INT-00187;DEV-00434;2023-07-25;2023-07;2023-2024;TEC-05;Sonia Mercier;Bordeaux;Salle de bain;18.0;18.6;31.0;576.6;1743.16;Terminée
INT-00188;DEV-00435;2023-06-13;2023-06;2022-2023;TEC-01;Marc Delaunay;Bordeaux;Plomberie;13.1;11.9;32.0;380.8;1556.24;Terminée
INT-00189;DEV-00436;2023-06-14;2023-06;2022-2023;TEC-01;Marc Delaunay;Bordeaux;Dépannage;1.5;1.4;32.0;44.8;120.13;Terminée
INT-00190;DEV-00437;2023-06-05;2023-06;2022-2023;TEC-06;Pierre Vasseur;Toulouse;Chauffage;3.9;3.9;36.0;140.4;230.21;Terminée
INT-00191;DEV-00439;2023-07-21;2023-07;2023-2024;TEC-05;Sonia Mercier;Bordeaux;Salle de bain;5.7;5.9;31.0;182.9;1017.1;Terminée
INT-00192;DEV-00440;2023-06-20;2023-06;2022-2023;TEC-03;Fabien Ortiz;Bordeaux;Dépannage;2.3;2.3;33.0;75.9;130.15;Terminée
INT-00193;DEV-00441;2023-07-10;2023-07;2023-2024;TEC-07;Yannick Dubreuil;Toulouse;Plomberie;2.1;2.4;30.0;72.0;310.25;Terminée
INT-00194;DEV-00445;2023-06-19;2023-06;2022-2023;TEC-07;Yannick Dubreuil;Toulouse;Dépannage;1.6;1.8;30.0;54.0;234.53;Terminée
INT-00195;DEV-00446;2023-07-20;2023-07;2023-2024;TEC-01;Marc Delaunay;Bordeaux;Plomberie;13.3;13.0;32.0;416.0;3322.22;Terminée
INT-00196;DEV-00450;2023-06-05;2023-06;2022-2023;TEC-08;Elodie Ravel;Toulouse;Salle de bain;6.1;6.5;32.0;208.0;586.04;Terminée
INT-00197;DEV-00451;2023-06-26;2023-06;2022-2023;TEC-07;Yannick Dubreuil;Toulouse;Salle de bain;29.2;29.7;30.0;891.0;3794.99;Terminée
INT-00198;DEV-00455;2023-07-05;2023-07;2023-2024;TEC-03;Fabien Ortiz;Bordeaux;Électricité;6.9;6.3;33.0;207.9;1714.63;Terminée
INT-00199;DEV-00456;2023-07-04;2023-07;2023-2024;TEC-08;Elodie Ravel;Toulouse;Électricité;16.7;18.9;32.0;604.8;1499.28;Terminée
INT-00200;DEV-00466;2023-07-11;2023-07;2023-2024;TEC-08;Elodie Ravel;Toulouse;Salle de bain;5.6;6.5;32.0;208.0;670.16;Terminée
INT-00201;DEV-00468;2023-07-27;2023-07;2023-2024;TEC-01;Marc Delaunay;Bordeaux;Plomberie;13.9;14.5;32.0;464.0;1683.81;Terminée
INT-00202;DEV-00471;2023-06-30;2023-06;2022-2023;TEC-07;Yannick Dubreuil;Toulouse;Plomberie;12.7;13.1;30.0;393.0;1816.81;Terminée
INT-00203;DEV-00474;2023-06-28;2023-06;2022-2023;TEC-07;Yannick Dubreuil;Toulouse;Plomberie;4.4;4.9;30.0;147.0;789.75;Terminée
INT-00204;DEV-00475;2023-08-03;2023-08;2023-2024;TEC-06;Pierre Vasseur;Toulouse;Salle de bain;5.2;5.1;36.0;183.6;640.33;Terminée
INT-00205;DEV-00478;2023-07-24;2023-07;2023-2024;TEC-01;Marc Delaunay;Bordeaux;Plomberie;13.4;12.0;32.0;384.0;1703.18;Terminée
INT-00206;DEV-00479;2023-07-03;2023-07;2023-2024;TEC-08;Elodie Ravel;Toulouse;Électricité;7.9;8.6;32.0;275.2;1799.12;Terminée
INT-00207;DEV-00483;2023-07-10;2023-07;2023-2024;TEC-03;Fabien Ortiz;Bordeaux;Électricité;14.7;15.0;33.0;495.0;2864.75;Terminée
INT-00208;DEV-00486;2023-07-31;2023-07;2023-2024;TEC-06;Pierre Vasseur;Toulouse;Chauffage;12.2;11.7;36.0;421.2;2464.62;Terminée
INT-00209;DEV-00489;2023-08-09;2023-08;2023-2024;TEC-01;Marc Delaunay;Bordeaux;Plomberie;4.1;3.9;32.0;124.8;619.9;Terminée
INT-00210;DEV-00490;2023-07-31;2023-07;2023-2024;TEC-01;Marc Delaunay;Bordeaux;Dépannage;1.6;1.5;32.0;48.0;95.36;Terminée
INT-00211;DEV-00491;2023-08-08;2023-08;2023-2024;TEC-07;Yannick Dubreuil;Toulouse;Plomberie;2.1;2.3;30.0;69.0;302.88;Terminée
INT-00212;DEV-00492;2023-07-26;2023-07;2023-2024;TEC-08;Elodie Ravel;Toulouse;Salle de bain;46.2;54.1;32.0;1731.2;11110.97;Terminée
INT-00213;DEV-00496;2023-08-16;2023-08;2023-2024;TEC-02;Ahmed Zahiri;Bordeaux;Chauffage;31.3;30.5;35.0;1067.5;9131.07;Terminée
INT-00214;DEV-00499;2023-08-08;2023-08;2023-2024;TEC-05;Sonia Mercier;Bordeaux;Salle de bain;6.0;6.1;31.0;189.1;1045.78;Terminée
INT-00215;DEV-00500;2023-08-04;2023-08;2023-2024;TEC-06;Pierre Vasseur;Toulouse;Salle de bain;5.6;5.1;36.0;183.6;552.06;Terminée
INT-00216;DEV-00504;2023-09-04;2023-09;2023-2024;TEC-03;Fabien Ortiz;Bordeaux;Dépannage;1.6;1.6;33.0;52.8;102.19;Terminée
INT-00217;DEV-00505;2023-07-25;2023-07;2023-2024;TEC-06;Pierre Vasseur;Toulouse;Salle de bain;17.1;16.0;36.0;576.0;1959.42;Terminée
INT-00218;DEV-00506;2023-08-07;2023-08;2023-2024;TEC-03;Fabien Ortiz;Bordeaux;Électricité;4.9;5.0;33.0;165.0;773.92;Terminée
INT-00219;DEV-00507;2023-07-31;2023-07;2023-2024;TEC-06;Pierre Vasseur;Toulouse;Dépannage;1.6;1.4;36.0;50.4;125.11;Terminée
INT-00220;DEV-00509;2023-08-18;2023-08;2023-2024;TEC-01;Marc Delaunay;Bordeaux;Dépannage;2.0;2.0;32.0;64.0;102.7;Terminée
INT-00221;DEV-00510;2023-08-10;2023-08;2023-2024;TEC-03;Fabien Ortiz;Bordeaux;Électricité;5.7;5.4;33.0;178.2;742.13;Terminée
INT-00222;DEV-00513;2023-07-31;2023-07;2023-2024;TEC-02;Ahmed Zahiri;Bordeaux;Dépannage;0.9;0.8;35.0;28.0;75.64;Terminée
INT-00223;DEV-00520;2023-08-21;2023-08;2023-2024;TEC-08;Elodie Ravel;Toulouse;Électricité;37.7;37.2;32.0;1190.4;4939.79;Terminée
INT-00224;DEV-00522;2023-09-19;2023-09;2023-2024;TEC-08;Elodie Ravel;Toulouse;Électricité;6.8;7.1;32.0;227.2;810.35;Terminée
INT-00225;DEV-00523;2023-08-30;2023-08;2023-2024;TEC-05;Sonia Mercier;Bordeaux;Salle de bain;6.0;5.6;31.0;173.6;498.48;Terminée
INT-00226;DEV-00525;2023-08-23;2023-08;2023-2024;TEC-01;Marc Delaunay;Bordeaux;Plomberie;2.2;2.2;32.0;70.4;240.77;Terminée
INT-00227;DEV-00528;2023-08-18;2023-08;2023-2024;TEC-01;Marc Delaunay;Bordeaux;Dépannage;2.8;2.4;32.0;76.8;337.79;Terminée
INT-00228;DEV-00532;2023-08-22;2023-08;2023-2024;TEC-01;Marc Delaunay;Bordeaux;Plomberie;15.5;14.9;32.0;476.8;2400.87;Terminée
INT-00229;DEV-00535;2023-08-15;2023-08;2023-2024;TEC-05;Sonia Mercier;Bordeaux;Salle de bain;40.6;39.4;31.0;1221.4;5991.39;Terminée
INT-00230;DEV-00536;2023-08-23;2023-08;2023-2024;TEC-01;Marc Delaunay;Bordeaux;Plomberie;2.0;2.1;32.0;67.2;145.96;Terminée
INT-00231;DEV-00542;2023-09-21;2023-09;2023-2024;TEC-06;Pierre Vasseur;Toulouse;Salle de bain;5.1;4.6;36.0;165.6;519.92;Terminée
INT-00232;DEV-00544;2023-08-29;2023-08;2023-2024;TEC-08;Elodie Ravel;Toulouse;Salle de bain;16.2;18.1;32.0;579.2;3483.57;Terminée
INT-00233;DEV-00546;2023-09-11;2023-09;2023-2024;TEC-06;Pierre Vasseur;Toulouse;Chauffage;31.0;25.6;36.0;921.6;7262.77;Terminée
INT-00234;DEV-00550;2023-08-21;2023-08;2023-2024;TEC-03;Fabien Ortiz;Bordeaux;Dépannage;4.2;4.1;33.0;135.3;185.09;Terminée
INT-00235;DEV-00551;2023-09-07;2023-09;2023-2024;TEC-07;Yannick Dubreuil;Toulouse;Plomberie;5.1;5.5;30.0;165.0;953.95;Terminée
INT-00236;DEV-00554;2023-09-04;2023-09;2023-2024;TEC-08;Elodie Ravel;Toulouse;Électricité;4.8;4.6;32.0;147.2;599.69;Terminée
INT-00237;DEV-00555;2023-09-19;2023-09;2023-2024;TEC-03;Fabien Ortiz;Bordeaux;Électricité;44.6;48.5;33.0;1600.5;4624.17;Terminée
INT-00238;DEV-00559;2023-08-29;2023-08;2023-2024;TEC-06;Pierre Vasseur;Toulouse;Dépannage;1.1;0.9;36.0;32.4;82.38;Terminée
INT-00239;DEV-00561;2023-09-25;2023-09;2023-2024;TEC-07;Yannick Dubreuil;Toulouse;Plomberie;2.2;2.2;30.0;66.0;267.13;Terminée
INT-00240;DEV-00568;2023-09-14;2023-09;2023-2024;TEC-03;Fabien Ortiz;Bordeaux;Électricité;42.5;38.8;33.0;1280.4;10138.09;Terminée
INT-00241;DEV-00569;2023-08-28;2023-08;2023-2024;TEC-07;Yannick Dubreuil;Toulouse;Plomberie;1.9;1.8;30.0;54.0;288.86;Terminée
INT-00242;DEV-00572;2023-09-12;2023-09;2023-2024;TEC-06;Pierre Vasseur;Toulouse;Salle de bain;51.1;43.5;36.0;1566.0;9004.58;Terminée
INT-00243;DEV-00573;2023-09-21;2023-09;2023-2024;TEC-04;Lucas Bertin;Bordeaux;Dépannage;1.8;2.5;27.0;67.5;122.34;Terminée
INT-00244;DEV-00574;2023-10-05;2023-10;2023-2024;TEC-02;Ahmed Zahiri;Bordeaux;Chauffage;26.8;24.2;35.0;847.0;7488.15;Terminée
INT-00245;DEV-00578;2023-10-06;2023-10;2023-2024;TEC-02;Ahmed Zahiri;Bordeaux;Dépannage;1.8;1.7;35.0;59.5;250.56;Terminée
INT-00246;DEV-00581;2023-09-21;2023-09;2023-2024;TEC-01;Marc Delaunay;Bordeaux;Plomberie;1.9;1.9;32.0;60.8;327.38;Terminée
INT-00247;DEV-00583;2023-09-26;2023-09;2023-2024;TEC-03;Fabien Ortiz;Bordeaux;Électricité;7.4;7.3;33.0;240.9;1272.33;Terminée
INT-00248;DEV-00587;2023-09-11;2023-09;2023-2024;TEC-03;Fabien Ortiz;Bordeaux;Électricité;5.6;6.1;33.0;201.3;1340.76;Terminée
INT-00249;DEV-00588;2023-10-11;2023-10;2023-2024;TEC-07;Yannick Dubreuil;Toulouse;Plomberie;4.9;4.9;30.0;147.0;1547.18;Terminée
INT-00250;DEV-00589;2023-09-18;2023-09;2023-2024;TEC-05;Sonia Mercier;Bordeaux;Salle de bain;34.4;33.5;31.0;1038.5;4217.67;Terminée
INT-00251;DEV-00590;2023-09-28;2023-09;2023-2024;TEC-05;Sonia Mercier;Bordeaux;Salle de bain;5.0;5.0;31.0;155.0;587.53;Terminée
INT-00252;DEV-00593;2023-09-28;2023-09;2023-2024;TEC-03;Fabien Ortiz;Bordeaux;Électricité;16.5;17.7;33.0;584.1;1351.16;Terminée
INT-00253;DEV-00599;2023-10-16;2023-10;2023-2024;TEC-08;Elodie Ravel;Toulouse;Électricité;41.2;45.4;32.0;1452.8;10760.9;Terminée
INT-00254;DEV-00600;2023-10-04;2023-10;2023-2024;TEC-03;Fabien Ortiz;Bordeaux;Électricité;5.5;5.7;33.0;188.1;793.96;Terminée
INT-00255;DEV-00602;2023-11-03;2023-11;2023-2024;TEC-06;Pierre Vasseur;Toulouse;Dépannage;1.6;1.4;36.0;50.4;100.07;Terminée
INT-00256;DEV-00604;2023-10-05;2023-10;2023-2024;TEC-04;Lucas Bertin;Bordeaux;Dépannage;1.7;2.3;27.0;62.1;120.66;Terminée
INT-00257;DEV-00605;2023-09-18;2023-09;2023-2024;TEC-01;Marc Delaunay;Bordeaux;Dépannage;2.2;2.2;32.0;70.4;292.44;Terminée
INT-00258;DEV-00607;2023-10-09;2023-10;2023-2024;TEC-01;Marc Delaunay;Bordeaux;Dépannage;1.0;1.0;32.0;32.0;98.94;Terminée
INT-00259;DEV-00611;2023-09-29;2023-09;2023-2024;TEC-02;Ahmed Zahiri;Bordeaux;Chauffage;1.1;1.1;35.0;38.5;45.98;Terminée
INT-00260;DEV-00613;2023-10-13;2023-10;2023-2024;TEC-07;Yannick Dubreuil;Toulouse;Plomberie;15.1;16.0;30.0;480.0;1409.63;Terminée
INT-00261;DEV-00616;2023-10-09;2023-10;2023-2024;TEC-05;Sonia Mercier;Bordeaux;Dépannage;2.1;2.2;31.0;68.2;121.39;Terminée
INT-00262;DEV-00618;2023-11-06;2023-11;2023-2024;TEC-05;Sonia Mercier;Bordeaux;Salle de bain;5.5;5.2;31.0;161.2;584.27;Terminée
INT-00263;DEV-00620;2023-10-09;2023-10;2023-2024;TEC-05;Sonia Mercier;Bordeaux;Salle de bain;5.3;5.1;31.0;158.1;588.94;Terminée
INT-00264;DEV-00621;2023-10-09;2023-10;2023-2024;TEC-02;Ahmed Zahiri;Bordeaux;Chauffage;9.7;9.9;35.0;346.5;1298.81;Terminée
INT-00265;DEV-00623;2023-10-18;2023-10;2023-2024;TEC-02;Ahmed Zahiri;Bordeaux;Chauffage;9.4;9.0;35.0;315.0;1424.94;Terminée
INT-00266;DEV-00624;2023-10-31;2023-10;2023-2024;TEC-04;Lucas Bertin;Bordeaux;Dépannage;0.9;1.2;27.0;32.4;72.77;Terminée
INT-00267;DEV-00629;2023-10-25;2023-10;2023-2024;TEC-06;Pierre Vasseur;Toulouse;Salle de bain;17.9;16.7;36.0;601.2;3182.07;Terminée
INT-00268;DEV-00631;2023-10-05;2023-10;2023-2024;TEC-03;Fabien Ortiz;Bordeaux;Électricité;13.8;13.5;33.0;445.5;1236.51;Terminée
INT-00269;DEV-00634;2023-10-16;2023-10;2023-2024;TEC-05;Sonia Mercier;Bordeaux;Dépannage;1.6;1.4;31.0;43.4;241.49;Terminée
INT-00270;DEV-00636;2023-11-10;2023-11;2023-2024;TEC-04;Lucas Bertin;Bordeaux;Plomberie;25.0;33.3;27.0;899.1;3404.19;Terminée
INT-00271;DEV-00637;2023-11-09;2023-11;2023-2024;TEC-04;Lucas Bertin;Bordeaux;Dépannage;1.7;2.1;27.0;56.7;212.32;Terminée
INT-00272;DEV-00644;2023-11-10;2023-11;2023-2024;TEC-02;Ahmed Zahiri;Bordeaux;Chauffage;3.9;3.5;35.0;122.5;337.66;Terminée
INT-00273;DEV-00645;2023-10-30;2023-10;2023-2024;TEC-05;Sonia Mercier;Bordeaux;Salle de bain;50.0;51.2;31.0;1587.2;11381.85;Terminée
INT-00274;DEV-00647;2023-11-03;2023-11;2023-2024;TEC-02;Ahmed Zahiri;Bordeaux;Chauffage;0.9;0.8;35.0;28.0;52.7;Terminée
INT-00275;DEV-00648;2023-11-20;2023-11;2023-2024;TEC-08;Elodie Ravel;Toulouse;Électricité;15.7;18.4;32.0;588.8;1816.19;Terminée
INT-00276;DEV-00650;2023-11-10;2023-11;2023-2024;TEC-03;Fabien Ortiz;Bordeaux;Électricité;5.1;5.2;33.0;171.6;733.55;Terminée
INT-00277;DEV-00653;2023-11-08;2023-11;2023-2024;TEC-04;Lucas Bertin;Bordeaux;Plomberie;5.5;7.3;27.0;197.1;522.19;Terminée
INT-00278;DEV-00656;2023-12-11;2023-12;2023-2024;TEC-02;Ahmed Zahiri;Bordeaux;Chauffage;10.1;9.5;35.0;332.5;1195.23;Terminée
INT-00279;DEV-00664;2023-11-27;2023-11;2023-2024;TEC-05;Sonia Mercier;Bordeaux;Dépannage;1.4;1.5;31.0;46.5;131.47;Terminée
INT-00280;DEV-00665;2023-11-15;2023-11;2023-2024;TEC-05;Sonia Mercier;Bordeaux;Dépannage;1.9;1.9;31.0;58.9;126.65;Terminée
INT-00281;DEV-00666;2023-12-04;2023-12;2023-2024;TEC-03;Fabien Ortiz;Bordeaux;Électricité;5.3;5.4;33.0;178.2;1609.16;Terminée
INT-00282;DEV-00667;2023-11-10;2023-11;2023-2024;TEC-08;Elodie Ravel;Toulouse;Électricité;5.4;5.8;32.0;185.6;810.4;Terminée
INT-00283;DEV-00668;2023-11-17;2023-11;2023-2024;TEC-06;Pierre Vasseur;Toulouse;Chauffage;2.1;1.9;36.0;68.4;102.82;Terminée
INT-00284;DEV-00669;2023-11-28;2023-11;2023-2024;TEC-04;Lucas Bertin;Bordeaux;Plomberie;13.4;17.2;27.0;464.4;3166.5;Terminée
INT-00285;DEV-00670;2023-11-13;2023-11;2023-2024;TEC-07;Yannick Dubreuil;Toulouse;Plomberie;12.7;13.5;30.0;405.0;3298.11;Terminée
INT-00286;DEV-00676;2023-12-05;2023-12;2023-2024;TEC-09;Mehdi Ouali;Toulouse;Dépannage;0.9;1.2;28.0;33.6;142.12;Terminée
INT-00287;DEV-00677;2023-12-21;2023-12;2023-2024;TEC-09;Mehdi Ouali;Toulouse;Dépannage;2.1;2.8;28.0;78.4;135.52;Terminée
INT-00288;DEV-00679;2023-12-15;2023-12;2023-2024;TEC-05;Sonia Mercier;Bordeaux;Salle de bain;5.1;4.5;31.0;139.5;539.14;Terminée
INT-00289;DEV-00681;2023-11-13;2023-11;2023-2024;TEC-04;Lucas Bertin;Bordeaux;Plomberie;28.9;41.0;27.0;1107.0;3469.57;Terminée
INT-00290;DEV-00682;2023-11-02;2023-11;2023-2024;TEC-06;Pierre Vasseur;Toulouse;Salle de bain;17.6;15.3;36.0;550.8;2274.94;Terminée
INT-00291;DEV-00683;2023-12-04;2023-12;2023-2024;TEC-05;Sonia Mercier;Bordeaux;Salle de bain;5.3;4.8;31.0;148.8;661.67;Terminée
INT-00292;DEV-00685;2023-11-27;2023-11;2023-2024;TEC-02;Ahmed Zahiri;Bordeaux;Chauffage;0.9;0.8;35.0;28.0;60.02;Terminée
INT-00293;DEV-00687;2023-12-04;2023-12;2023-2024;TEC-09;Mehdi Ouali;Toulouse;Dépannage;1.5;1.7;28.0;47.6;88.39;Terminée
INT-00294;DEV-00688;2023-12-04;2023-12;2023-2024;TEC-02;Ahmed Zahiri;Bordeaux;Dépannage;1.4;1.3;35.0;45.5;103.24;Terminée
INT-00295;DEV-00691;2023-12-29;2023-12;2023-2024;TEC-09;Mehdi Ouali;Toulouse;Dépannage;1.0;1.3;28.0;36.4;94.92;Terminée
INT-00296;DEV-00692;2023-12-04;2023-12;2023-2024;TEC-09;Mehdi Ouali;Toulouse;Dépannage;1.9;2.4;28.0;67.2;149.49;Terminée
INT-00297;DEV-00694;2023-12-07;2023-12;2023-2024;TEC-05;Sonia Mercier;Bordeaux;Salle de bain;17.8;19.2;31.0;595.2;1982.63;Terminée
INT-00298;DEV-00695;2023-12-14;2023-12;2023-2024;TEC-04;Lucas Bertin;Bordeaux;Dépannage;1.7;2.0;27.0;54.0;102.0;Terminée
INT-00299;DEV-00696;2023-11-30;2023-11;2023-2024;TEC-02;Ahmed Zahiri;Bordeaux;Chauffage;11.3;9.8;35.0;343.0;2294.8;Terminée
INT-00300;DEV-00697;2023-12-21;2023-12;2023-2024;TEC-06;Pierre Vasseur;Toulouse;Salle de bain;14.8;13.0;36.0;468.0;2021.44;Terminée
INT-00301;DEV-00698;2023-12-25;2023-12;2023-2024;TEC-02;Ahmed Zahiri;Bordeaux;Dépannage;1.4;1.3;35.0;45.5;101.29;Terminée
INT-00302;DEV-00699;2023-12-04;2023-12;2023-2024;TEC-02;Ahmed Zahiri;Bordeaux;Chauffage;3.4;3.2;35.0;112.0;281.53;Terminée
INT-00303;DEV-00704;2023-11-29;2023-11;2023-2024;TEC-06;Pierre Vasseur;Toulouse;Chauffage;11.6;11.1;36.0;399.6;2892.98;Terminée
INT-00304;DEV-00705;2023-12-05;2023-12;2023-2024;TEC-06;Pierre Vasseur;Toulouse;Salle de bain;16.4;16.2;36.0;583.2;4853.14;Terminée
INT-00305;DEV-00706;2023-12-07;2023-12;2023-2024;TEC-09;Mehdi Ouali;Toulouse;Dépannage;1.6;2.0;28.0;56.0;118.19;Terminée
INT-00306;DEV-00709;2023-12-13;2023-12;2023-2024;TEC-04;Lucas Bertin;Bordeaux;Plomberie;4.2;5.7;27.0;153.9;561.0;Terminée
INT-00307;DEV-00711;2024-01-22;2024-01;2023-2024;TEC-08;Elodie Ravel;Toulouse;Électricité;7.4;8.6;32.0;275.2;1557.43;Terminée
INT-00308;DEV-00712;2023-12-19;2023-12;2023-2024;TEC-03;Fabien Ortiz;Bordeaux;Électricité;7.6;7.7;33.0;254.1;931.95;Terminée
INT-00309;DEV-00715;2023-12-20;2023-12;2023-2024;TEC-06;Pierre Vasseur;Toulouse;Chauffage;9.1;8.6;36.0;309.6;1271.98;Terminée
INT-00310;DEV-00716;2024-01-11;2024-01;2023-2024;TEC-06;Pierre Vasseur;Toulouse;Chauffage;31.9;29.6;36.0;1065.6;7257.14;Terminée
INT-00311;DEV-00717;2023-12-20;2023-12;2023-2024;TEC-02;Ahmed Zahiri;Bordeaux;Dépannage;1.5;1.4;35.0;49.0;101.34;Terminée
INT-00312;DEV-00720;2023-12-11;2023-12;2023-2024;TEC-02;Ahmed Zahiri;Bordeaux;Chauffage;11.8;12.1;35.0;423.5;3015.62;Terminée
INT-00313;DEV-00721;2023-12-22;2023-12;2023-2024;TEC-09;Mehdi Ouali;Toulouse;Dépannage;1.4;1.7;28.0;47.6;98.4;Terminée
INT-00314;DEV-00722;2024-01-08;2024-01;2023-2024;TEC-05;Sonia Mercier;Bordeaux;Salle de bain;18.4;17.0;31.0;527.0;3426.42;Terminée
INT-00315;DEV-00726;2024-01-01;2024-01;2023-2024;TEC-04;Lucas Bertin;Bordeaux;Plomberie;14.4;20.6;27.0;556.2;1784.82;Terminée
INT-00316;DEV-00728;2024-01-08;2024-01;2023-2024;TEC-09;Mehdi Ouali;Toulouse;Dépannage;1.8;2.3;28.0;64.4;234.47;Terminée
INT-00317;DEV-00732;2023-12-13;2023-12;2023-2024;TEC-06;Pierre Vasseur;Toulouse;Chauffage;12.0;10.4;36.0;374.4;5436.76;Terminée
INT-00318;DEV-00734;2023-12-14;2023-12;2023-2024;TEC-02;Ahmed Zahiri;Bordeaux;Chauffage;3.7;3.5;35.0;122.5;251.39;Terminée
INT-00319;DEV-00736;2023-12-27;2023-12;2023-2024;TEC-03;Fabien Ortiz;Bordeaux;Électricité;7.0;7.4;33.0;244.2;1063.27;Terminée
INT-00320;DEV-00737;2024-01-18;2024-01;2023-2024;TEC-09;Mehdi Ouali;Toulouse;Dépannage;1.4;1.9;28.0;53.2;104.03;Terminée
INT-00321;DEV-00741;2024-01-22;2024-01;2023-2024;TEC-02;Ahmed Zahiri;Bordeaux;Chauffage;29.0;24.8;35.0;868.0;9149.36;Terminée
INT-00322;DEV-00743;2023-12-25;2023-12;2023-2024;TEC-07;Yannick Dubreuil;Toulouse;Plomberie;14.3;16.1;30.0;483.0;1855.57;Terminée
INT-00323;DEV-00746;2024-01-15;2024-01;2023-2024;TEC-06;Pierre Vasseur;Toulouse;Chauffage;3.6;3.4;36.0;122.4;267.68;Terminée
INT-00324;DEV-00747;2024-01-22;2024-01;2023-2024;TEC-07;Yannick Dubreuil;Toulouse;Plomberie;50.9;50.2;30.0;1506.0;6635.77;Terminée
INT-00325;DEV-00750;2024-01-16;2024-01;2023-2024;TEC-02;Ahmed Zahiri;Bordeaux;Chauffage;3.9;3.9;35.0;136.5;553.05;Terminée
INT-00326;DEV-00753;2024-01-09;2024-01;2023-2024;TEC-03;Fabien Ortiz;Bordeaux;Dépannage;4.9;5.1;33.0;168.3;700.42;Terminée
INT-00327;DEV-00756;2024-01-05;2024-01;2023-2024;TEC-03;Fabien Ortiz;Bordeaux;Dépannage;1.1;1.0;33.0;33.0;147.39;Terminée
INT-00328;DEV-00757;2024-01-18;2024-01;2023-2024;TEC-02;Ahmed Zahiri;Bordeaux;Chauffage;9.5;9.5;35.0;332.5;1795.55;Terminée
INT-00329;DEV-00758;2024-01-08;2024-01;2023-2024;TEC-03;Fabien Ortiz;Bordeaux;Électricité;7.4;6.8;33.0;224.4;1681.77;Terminée
INT-00330;DEV-00761;2024-01-29;2024-01;2023-2024;TEC-07;Yannick Dubreuil;Toulouse;Plomberie;2.0;2.0;30.0;60.0;162.23;Terminée
INT-00331;DEV-00762;2024-01-23;2024-01;2023-2024;TEC-04;Lucas Bertin;Bordeaux;Plomberie;4.6;6.2;27.0;167.4;619.82;Terminée
INT-00332;DEV-00770;2024-01-01;2024-01;2023-2024;TEC-07;Yannick Dubreuil;Toulouse;Plomberie;4.8;5.5;30.0;165.0;1214.77;Terminée
INT-00333;DEV-00774;2024-01-22;2024-01;2023-2024;TEC-06;Pierre Vasseur;Toulouse;Chauffage;1.1;1.1;36.0;39.6;51.43;Terminée
INT-00334;DEV-00776;2024-01-31;2024-01;2023-2024;TEC-05;Sonia Mercier;Bordeaux;Salle de bain;11.4;10.4;31.0;322.4;1306.47;Terminée
INT-00335;DEV-00778;2024-01-30;2024-01;2023-2024;TEC-02;Ahmed Zahiri;Bordeaux;Chauffage;3.4;3.4;35.0;119.0;279.56;Terminée
INT-00336;DEV-00779;2024-01-15;2024-01;2023-2024;TEC-05;Sonia Mercier;Bordeaux;Salle de bain;16.2;16.0;31.0;496.0;2559.32;Terminée
INT-00337;DEV-00780;2024-02-02;2024-02;2023-2024;TEC-03;Fabien Ortiz;Bordeaux;Dépannage;1.4;1.4;33.0;46.2;115.02;Terminée
INT-00338;DEV-00783;2024-01-18;2024-01;2023-2024;TEC-02;Ahmed Zahiri;Bordeaux;Chauffage;9.5;8.7;35.0;304.5;1436.58;Terminée
INT-00339;DEV-00785;2024-02-02;2024-02;2023-2024;TEC-08;Elodie Ravel;Toulouse;Électricité;22.0;22.1;32.0;707.2;4753.86;Terminée
INT-00340;DEV-00791;2024-02-13;2024-02;2023-2024;TEC-02;Ahmed Zahiri;Bordeaux;Chauffage;2.2;1.9;35.0;66.5;115.4;Terminée
INT-00341;DEV-00794;2024-02-12;2024-02;2023-2024;TEC-01;Marc Delaunay;Bordeaux;Dépannage;1.6;1.4;32.0;44.8;150.65;Terminée
INT-00342;DEV-00795;2024-01-15;2024-01;2023-2024;TEC-06;Pierre Vasseur;Toulouse;Chauffage;28.0;25.0;36.0;900.0;9913.67;Terminée
INT-00343;DEV-00797;2024-02-06;2024-02;2023-2024;TEC-06;Pierre Vasseur;Toulouse;Salle de bain;48.1;40.4;36.0;1454.4;6184.58;Terminée
INT-00344;DEV-00800;2024-02-08;2024-02;2023-2024;TEC-09;Mehdi Ouali;Toulouse;Dépannage;1.7;2.2;28.0;61.6;121.57;Terminée
INT-00345;DEV-00801;2024-02-12;2024-02;2023-2024;TEC-08;Elodie Ravel;Toulouse;Salle de bain;15.8;17.1;32.0;547.2;2037.93;Terminée
INT-00346;DEV-00802;2024-02-19;2024-02;2023-2024;TEC-02;Ahmed Zahiri;Bordeaux;Chauffage;3.5;3.0;35.0;105.0;270.71;Terminée
INT-00347;DEV-00804;2024-01-29;2024-01;2023-2024;TEC-03;Fabien Ortiz;Bordeaux;Électricité;15.1;14.1;33.0;465.3;1890.73;Terminée
INT-00348;DEV-00807;2024-02-13;2024-02;2023-2024;TEC-05;Sonia Mercier;Bordeaux;Dépannage;1.5;1.6;31.0;49.6;196.64;Terminée
INT-00349;DEV-00808;2024-02-16;2024-02;2023-2024;TEC-06;Pierre Vasseur;Toulouse;Salle de bain;48.6;44.3;36.0;1594.8;5610.85;Terminée
INT-00350;DEV-00809;2024-01-29;2024-01;2023-2024;TEC-01;Marc Delaunay;Bordeaux;Dépannage;3.2;3.0;32.0;96.0;303.29;Terminée
INT-00351;DEV-00816;2024-02-22;2024-02;2023-2024;TEC-08;Elodie Ravel;Toulouse;Électricité;6.6;7.5;32.0;240.0;842.19;Terminée
INT-00352;DEV-00817;2024-03-04;2024-03;2023-2024;TEC-05;Sonia Mercier;Bordeaux;Salle de bain;41.1;43.6;31.0;1351.6;6207.97;Terminée
INT-00353;DEV-00818;2024-03-04;2024-03;2023-2024;TEC-05;Sonia Mercier;Bordeaux;Dépannage;1.5;1.5;31.0;46.5;89.79;Terminée
INT-00354;DEV-00819;2024-02-05;2024-02;2023-2024;TEC-04;Lucas Bertin;Bordeaux;Plomberie;15.1;21.2;27.0;572.4;1656.37;Terminée
INT-00355;DEV-00820;2024-02-26;2024-02;2023-2024;TEC-02;Ahmed Zahiri;Bordeaux;Chauffage;30.2;27.3;35.0;955.5;7950.03;Terminée
INT-00356;DEV-00821;2024-03-05;2024-03;2023-2024;TEC-02;Ahmed Zahiri;Bordeaux;Chauffage;3.2;2.7;35.0;94.5;241.2;Terminée
INT-00357;DEV-00823;2024-03-06;2024-03;2023-2024;TEC-07;Yannick Dubreuil;Toulouse;Plomberie;2.1;2.0;30.0;60.0;215.72;Terminée
INT-00358;DEV-00824;2024-02-23;2024-02;2023-2024;TEC-07;Yannick Dubreuil;Toulouse;Salle de bain;6.3;6.0;30.0;180.0;562.27;Terminée
INT-00359;DEV-00825;2024-02-12;2024-02;2023-2024;TEC-06;Pierre Vasseur;Toulouse;Chauffage;8.5;8.1;36.0;291.6;1218.72;Terminée
INT-00360;DEV-00826;2024-02-22;2024-02;2023-2024;TEC-02;Ahmed Zahiri;Bordeaux;Chauffage;7.3;6.9;35.0;241.5;497.09;Terminée
INT-00361;DEV-00827;2024-02-22;2024-02;2023-2024;TEC-05;Sonia Mercier;Bordeaux;Salle de bain;17.7;17.1;31.0;530.1;2066.58;Terminée
INT-00362;DEV-00829;2024-02-12;2024-02;2023-2024;TEC-03;Fabien Ortiz;Bordeaux;Dépannage;5.6;5.5;33.0;181.5;376.43;Terminée
INT-00363;DEV-00833;2024-02-12;2024-02;2023-2024;TEC-05;Sonia Mercier;Bordeaux;Salle de bain;17.8;18.3;31.0;567.3;3992.2;Terminée
INT-00364;DEV-00834;2024-03-15;2024-03;2023-2024;TEC-05;Sonia Mercier;Bordeaux;Dépannage;1.1;1.1;31.0;34.1;136.93;Terminée
INT-00365;DEV-00835;2024-02-28;2024-02;2023-2024;TEC-03;Fabien Ortiz;Bordeaux;Électricité;7.8;7.4;33.0;244.2;1591.34;Terminée
INT-00366;DEV-00838;2024-03-08;2024-03;2023-2024;TEC-02;Ahmed Zahiri;Bordeaux;Chauffage;10.3;9.3;35.0;325.5;1125.64;Terminée
INT-00367;DEV-00839;2024-03-11;2024-03;2023-2024;TEC-02;Ahmed Zahiri;Bordeaux;Chauffage;2.3;2.0;35.0;70.0;156.87;Terminée
INT-00368;DEV-00844;2024-02-28;2024-02;2023-2024;TEC-04;Lucas Bertin;Bordeaux;Dépannage;2.8;3.5;27.0;94.5;234.95;Terminée
INT-00369;DEV-00856;2024-03-15;2024-03;2023-2024;TEC-09;Mehdi Ouali;Toulouse;Dépannage;1.5;2.0;28.0;56.0;108.19;Terminée
INT-00370;DEV-00858;2024-03-12;2024-03;2023-2024;TEC-02;Ahmed Zahiri;Bordeaux;Dépannage;1.6;1.5;35.0;52.5;98.91;Terminée
INT-00371;DEV-00864;2024-02-29;2024-02;2023-2024;TEC-05;Sonia Mercier;Bordeaux;Salle de bain;6.0;6.3;31.0;195.3;508.7;Terminée
INT-00372;DEV-00865;2024-04-01;2024-04;2023-2024;TEC-02;Ahmed Zahiri;Bordeaux;Chauffage;3.2;2.9;35.0;101.5;548.82;Terminée
INT-00373;DEV-00867;2024-02-14;2024-02;2023-2024;TEC-02;Ahmed Zahiri;Bordeaux;Chauffage;1.0;0.8;35.0;28.0;53.06;Terminée
INT-00374;DEV-00868;2024-03-15;2024-03;2023-2024;TEC-05;Sonia Mercier;Bordeaux;Salle de bain;41.1;36.5;31.0;1131.5;5018.36;Terminée
INT-00375;DEV-00871;2024-03-20;2024-03;2023-2024;TEC-02;Ahmed Zahiri;Bordeaux;Dépannage;1.6;1.6;35.0;56.0;118.21;Terminée
INT-00376;DEV-00876;2024-03-21;2024-03;2023-2024;TEC-04;Lucas Bertin;Bordeaux;Plomberie;28.3;36.2;27.0;977.4;7258.11;Terminée
INT-00377;DEV-00877;2024-03-20;2024-03;2023-2024;TEC-02;Ahmed Zahiri;Bordeaux;Chauffage;9.5;8.9;35.0;311.5;1085.66;Terminée
INT-00378;DEV-00880;2024-03-25;2024-03;2023-2024;TEC-03;Fabien Ortiz;Bordeaux;Dépannage;1.6;1.7;33.0;56.1;96.6;Terminée
INT-00379;DEV-00881;2024-03-26;2024-03;2023-2024;TEC-01;Marc Delaunay;Bordeaux;Plomberie;4.1;3.7;32.0;118.4;550.51;Terminée
INT-00380;DEV-00882;2024-04-10;2024-04;2023-2024;TEC-08;Elodie Ravel;Toulouse;Électricité;8.0;7.7;32.0;246.4;703.99;Terminée
INT-00381;DEV-00884;2024-04-08;2024-04;2023-2024;TEC-02;Ahmed Zahiri;Bordeaux;Chauffage;13.2;11.3;35.0;395.5;4298.33;Terminée
INT-00382;DEV-00890;2024-03-18;2024-03;2023-2024;TEC-06;Pierre Vasseur;Toulouse;Chauffage;12.9;11.5;36.0;414.0;3309.01;Terminée
INT-00383;DEV-00892;2024-03-26;2024-03;2023-2024;TEC-05;Sonia Mercier;Bordeaux;Salle de bain;47.9;50.9;31.0;1577.9;9320.49;Terminée
INT-00384;DEV-00893;2024-03-25;2024-03;2023-2024;TEC-01;Marc Delaunay;Bordeaux;Plomberie;4.3;3.9;32.0;124.8;1137.52;Terminée
INT-00385;DEV-00898;2024-03-18;2024-03;2023-2024;TEC-02;Ahmed Zahiri;Bordeaux;Chauffage;27.7;28.1;35.0;983.5;8102.25;Terminée
INT-00386;DEV-00901;2024-04-01;2024-04;2023-2024;TEC-01;Marc Delaunay;Bordeaux;Dépannage;1.7;1.7;32.0;54.4;208.53;Terminée
INT-00387;DEV-00902;2024-03-12;2024-03;2023-2024;TEC-06;Pierre Vasseur;Toulouse;Chauffage;1.1;1.1;36.0;39.6;49.89;Terminée
INT-00388;DEV-00905;2024-03-04;2024-03;2023-2024;TEC-06;Pierre Vasseur;Toulouse;Chauffage;3.5;3.3;36.0;118.8;456.53;Terminée
INT-00389;DEV-00906;2024-04-18;2024-04;2023-2024;TEC-07;Yannick Dubreuil;Toulouse;Plomberie;15.1;14.9;30.0;447.0;2887.44;Terminée
INT-00390;DEV-00915;2024-04-11;2024-04;2023-2024;TEC-06;Pierre Vasseur;Toulouse;Salle de bain;17.4;16.3;36.0;586.8;1940.5;Terminée
INT-00391;DEV-00917;2024-03-19;2024-03;2023-2024;TEC-07;Yannick Dubreuil;Toulouse;Plomberie;15.9;15.2;30.0;456.0;3835.46;Terminée
INT-00392;DEV-00918;2024-04-15;2024-04;2023-2024;TEC-03;Fabien Ortiz;Bordeaux;Électricité;5.6;5.2;33.0;171.6;788.97;Terminée
INT-00393;DEV-00919;2024-03-25;2024-03;2023-2024;TEC-06;Pierre Vasseur;Toulouse;Chauffage;12.0;10.5;36.0;378.0;1009.86;Terminée
INT-00394;DEV-00923;2024-04-22;2024-04;2023-2024;TEC-04;Lucas Bertin;Bordeaux;Plomberie;30.3;39.6;27.0;1069.2;5516.47;Terminée
INT-00395;DEV-00926;2024-04-01;2024-04;2023-2024;TEC-03;Fabien Ortiz;Bordeaux;Électricité;17.2;17.9;33.0;590.7;1964.67;Terminée
INT-00396;DEV-00930;2024-04-08;2024-04;2023-2024;TEC-07;Yannick Dubreuil;Toulouse;Plomberie;4.4;4.9;30.0;147.0;1282.29;Terminée
INT-00397;DEV-00933;2024-05-07;2024-05;2023-2024;TEC-03;Fabien Ortiz;Bordeaux;Électricité;42.4;42.2;33.0;1392.6;4837.6;Terminée
INT-00398;DEV-00938;2024-04-22;2024-04;2023-2024;TEC-06;Pierre Vasseur;Toulouse;Salle de bain;16.2;14.0;36.0;504.0;3097.59;Terminée
INT-00399;DEV-00942;2024-04-23;2024-04;2023-2024;TEC-07;Yannick Dubreuil;Toulouse;Plomberie;25.4;26.6;30.0;798.0;5875.94;Terminée
INT-00400;DEV-00945;2024-04-17;2024-04;2023-2024;TEC-05;Sonia Mercier;Bordeaux;Salle de bain;5.4;5.5;31.0;170.5;546.6;Terminée
INT-00401;DEV-00946;2024-05-06;2024-05;2023-2024;TEC-03;Fabien Ortiz;Bordeaux;Électricité;16.5;15.5;33.0;511.5;3415.33;Terminée
INT-00402;DEV-00947;2024-04-29;2024-04;2023-2024;TEC-01;Marc Delaunay;Bordeaux;Dépannage;1.1;1.2;32.0;38.4;121.54;Terminée
INT-00403;DEV-00948;2024-05-06;2024-05;2023-2024;TEC-01;Marc Delaunay;Bordeaux;Dépannage;1.1;1.1;32.0;35.2;78.81;Terminée
INT-00404;DEV-00951;2024-05-09;2024-05;2023-2024;TEC-09;Mehdi Ouali;Toulouse;Dépannage;1.7;2.3;28.0;64.4;102.48;Terminée
INT-00405;DEV-00953;2024-04-22;2024-04;2023-2024;TEC-06;Pierre Vasseur;Toulouse;Chauffage;1.0;0.9;36.0;32.4;43.78;Terminée
INT-00406;DEV-00954;2024-05-16;2024-05;2023-2024;TEC-02;Ahmed Zahiri;Bordeaux;Chauffage;10.9;9.3;35.0;325.5;3235.03;Terminée
INT-00407;DEV-00958;2024-04-29;2024-04;2023-2024;TEC-04;Lucas Bertin;Bordeaux;Dépannage;2.1;2.9;27.0;78.3;195.92;Terminée
INT-00408;DEV-00965;2024-04-30;2024-04;2023-2024;TEC-03;Fabien Ortiz;Bordeaux;Électricité;7.8;7.5;33.0;247.5;1459.74;Terminée
INT-00409;DEV-00967;2024-05-10;2024-05;2023-2024;TEC-05;Sonia Mercier;Bordeaux;Salle de bain;5.0;5.4;31.0;167.4;681.1;Terminée
INT-00410;DEV-00973;2024-05-20;2024-05;2023-2024;TEC-07;Yannick Dubreuil;Toulouse;Plomberie;4.5;4.4;30.0;132.0;1293.81;Terminée
INT-00411;DEV-00975;2024-05-06;2024-05;2023-2024;TEC-06;Pierre Vasseur;Toulouse;Salle de bain;6.0;5.7;36.0;205.2;616.14;Terminée
INT-00412;DEV-00977;2024-05-24;2024-05;2023-2024;TEC-06;Pierre Vasseur;Toulouse;Salle de bain;6.1;5.6;36.0;201.6;554.03;Terminée
INT-00413;DEV-00979;2024-04-24;2024-04;2023-2024;TEC-02;Ahmed Zahiri;Bordeaux;Chauffage;10.2;10.4;35.0;364.0;1470.17;Terminée
INT-00414;DEV-00982;2024-04-19;2024-04;2023-2024;TEC-05;Sonia Mercier;Bordeaux;Salle de bain;17.8;18.3;31.0;567.3;3740.49;Terminée
INT-00415;DEV-00983;2024-04-22;2024-04;2023-2024;TEC-02;Ahmed Zahiri;Bordeaux;Chauffage;4.0;4.1;35.0;143.5;266.16;Terminée
INT-00416;DEV-00988;2024-06-05;2024-06;2023-2024;TEC-09;Mehdi Ouali;Toulouse;Dépannage;0.9;1.1;28.0;30.8;167.51;Terminée
INT-00417;DEV-00989;2024-05-23;2024-05;2023-2024;TEC-08;Elodie Ravel;Toulouse;Électricité;4.8;5.0;32.0;160.0;663.7;Terminée
INT-00418;DEV-00990;2024-06-07;2024-06;2023-2024;TEC-09;Mehdi Ouali;Toulouse;Dépannage;1.5;1.7;28.0;47.6;249.36;Terminée
INT-00419;DEV-00991;2024-05-28;2024-05;2023-2024;TEC-09;Mehdi Ouali;Toulouse;Salle de bain;11.0;13.6;28.0;380.8;1365.66;Terminée
INT-00420;DEV-00992;2024-06-13;2024-06;2023-2024;TEC-09;Mehdi Ouali;Toulouse;Dépannage;3.3;3.7;28.0;103.6;195.92;Terminée
INT-00421;DEV-00993;2024-05-20;2024-05;2023-2024;TEC-04;Lucas Bertin;Bordeaux;Plomberie;4.1;5.9;27.0;159.3;670.6;Terminée
INT-00422;DEV-00994;2024-05-16;2024-05;2023-2024;TEC-05;Sonia Mercier;Bordeaux;Salle de bain;5.6;5.1;31.0;158.1;609.23;Terminée
INT-00423;DEV-00997;2024-05-20;2024-05;2023-2024;TEC-05;Sonia Mercier;Bordeaux;Salle de bain;5.0;4.9;31.0;151.9;650.23;Terminée
INT-00424;DEV-00998;2024-05-28;2024-05;2023-2024;TEC-02;Ahmed Zahiri;Bordeaux;Dépannage;1.6;1.5;35.0;52.5;115.12;Terminée
INT-00425;DEV-01000;2024-05-23;2024-05;2023-2024;TEC-05;Sonia Mercier;Bordeaux;Salle de bain;48.5;46.2;31.0;1432.2;5727.88;Terminée
INT-00426;DEV-01005;2024-05-20;2024-05;2023-2024;TEC-05;Sonia Mercier;Bordeaux;Salle de bain;14.7;14.3;31.0;443.3;2076.19;Terminée
INT-00427;DEV-01010;2024-05-30;2024-05;2023-2024;TEC-08;Elodie Ravel;Toulouse;Électricité;16.3;18.1;32.0;579.2;1953.4;Terminée
INT-00428;DEV-01013;2024-05-30;2024-05;2023-2024;TEC-02;Ahmed Zahiri;Bordeaux;Dépannage;1.7;1.7;35.0;59.5;97.74;Terminée
INT-00429;DEV-01016;2024-05-16;2024-05;2023-2024;TEC-02;Ahmed Zahiri;Bordeaux;Chauffage;3.5;3.5;35.0;122.5;325.67;Terminée
INT-00430;DEV-01017;2024-06-11;2024-06;2023-2024;TEC-09;Mehdi Ouali;Toulouse;Dépannage;1.5;2.1;28.0;58.8;104.7;Terminée
INT-00431;DEV-01020;2024-05-17;2024-05;2023-2024;TEC-09;Mehdi Ouali;Toulouse;Dépannage;2.3;2.9;28.0;81.2;177.09;Terminée
INT-00432;DEV-01023;2024-05-27;2024-05;2023-2024;TEC-03;Fabien Ortiz;Bordeaux;Électricité;22.1;20.6;33.0;679.8;5016.16;Terminée
INT-00433;DEV-01024;2024-06-03;2024-06;2023-2024;TEC-07;Yannick Dubreuil;Toulouse;Plomberie;4.3;4.2;30.0;126.0;686.91;Terminée
INT-00434;DEV-01030;2024-05-23;2024-05;2023-2024;TEC-04;Lucas Bertin;Bordeaux;Plomberie;5.1;7.2;27.0;194.4;1133.72;Terminée
INT-00435;DEV-01032;2024-07-01;2024-07;2024-2025;TEC-08;Elodie Ravel;Toulouse;Électricité;5.5;6.1;32.0;195.2;783.52;Terminée
INT-00436;DEV-01033;2024-06-18;2024-06;2023-2024;TEC-06;Pierre Vasseur;Toulouse;Chauffage;10.8;10.1;36.0;363.6;5360.26;Terminée
INT-00437;DEV-01034;2024-06-24;2024-06;2023-2024;TEC-09;Mehdi Ouali;Toulouse;Dépannage;2.3;3.1;28.0;86.8;136.51;Terminée
INT-00438;DEV-01035;2024-05-23;2024-05;2023-2024;TEC-04;Lucas Bertin;Bordeaux;Plomberie;5.0;6.3;27.0;170.1;1648.56;Terminée
INT-00439;DEV-01036;2024-06-07;2024-06;2023-2024;TEC-03;Fabien Ortiz;Bordeaux;Électricité;43.4;42.7;33.0;1409.1;5242.04;Terminée
INT-00440;DEV-01037;2024-06-11;2024-06;2023-2024;TEC-03;Fabien Ortiz;Bordeaux;Électricité;5.1;5.6;33.0;184.8;1598.63;Terminée
INT-00441;DEV-01042;2024-06-21;2024-06;2023-2024;TEC-03;Fabien Ortiz;Bordeaux;Électricité;16.5;15.2;33.0;501.6;2490.13;Terminée
INT-00442;DEV-01043;2024-05-28;2024-05;2023-2024;TEC-01;Marc Delaunay;Bordeaux;Dépannage;0.9;0.8;32.0;25.6;172.9;Terminée
INT-00443;DEV-01044;2024-06-18;2024-06;2023-2024;TEC-02;Ahmed Zahiri;Bordeaux;Chauffage;11.1;10.7;35.0;374.5;2893.88;Terminée
INT-00444;DEV-01049;2024-06-19;2024-06;2023-2024;TEC-03;Fabien Ortiz;Bordeaux;Électricité;14.4;15.4;33.0;508.2;1662.0;Terminée
INT-00445;DEV-01052;2024-07-03;2024-07;2024-2025;TEC-09;Mehdi Ouali;Toulouse;Dépannage;1.4;1.6;28.0;44.8;114.62;Terminée
INT-00446;DEV-01055;2024-06-20;2024-06;2023-2024;TEC-01;Marc Delaunay;Bordeaux;Plomberie;24.4;24.9;32.0;796.8;3374.46;Terminée
INT-00447;DEV-01056;2024-06-12;2024-06;2023-2024;TEC-09;Mehdi Ouali;Toulouse;Salle de bain;18.0;21.6;28.0;604.8;2442.23;Terminée
INT-00448;DEV-01057;2024-06-19;2024-06;2023-2024;TEC-08;Elodie Ravel;Toulouse;Électricité;5.0;4.7;32.0;150.4;1751.3;Terminée
INT-00449;DEV-01062;2024-07-03;2024-07;2024-2025;TEC-08;Elodie Ravel;Toulouse;Salle de bain;47.6;45.7;32.0;1462.4;6715.97;Terminée
INT-00450;DEV-01064;2024-06-24;2024-06;2023-2024;TEC-07;Yannick Dubreuil;Toulouse;Plomberie;4.8;4.9;30.0;147.0;693.14;Terminée
INT-00451;DEV-01065;2024-06-14;2024-06;2023-2024;TEC-04;Lucas Bertin;Bordeaux;Plomberie;4.1;5.4;27.0;145.8;714.04;Terminée
INT-00452;DEV-01069;2024-07-01;2024-07;2024-2025;TEC-08;Elodie Ravel;Toulouse;Électricité;43.4;45.9;32.0;1468.8;10939.19;Terminée
INT-00453;DEV-01074;2024-06-18;2024-06;2023-2024;TEC-07;Yannick Dubreuil;Toulouse;Salle de bain;49.7;46.6;30.0;1398.0;5842.46;Terminée
INT-00454;DEV-01075;2024-06-24;2024-06;2023-2024;TEC-01;Marc Delaunay;Bordeaux;Plomberie;15.9;15.0;32.0;480.0;2198.69;Terminée
INT-00455;DEV-01076;2024-07-25;2024-07;2024-2025;TEC-04;Lucas Bertin;Bordeaux;Dépannage;1.5;2.0;27.0;54.0;103.53;Terminée
INT-00456;DEV-01078;2024-07-02;2024-07;2024-2025;TEC-05;Sonia Mercier;Bordeaux;Salle de bain;47.6;49.4;31.0;1531.4;5776.17;Terminée
INT-00457;DEV-01080;2024-07-05;2024-07;2024-2025;TEC-03;Fabien Ortiz;Bordeaux;Électricité;48.5;47.8;33.0;1577.4;9952.33;Terminée
INT-00458;DEV-01083;2024-06-24;2024-06;2023-2024;TEC-07;Yannick Dubreuil;Toulouse;Plomberie;2.1;2.1;30.0;63.0;191.59;Terminée
INT-00459;DEV-01086;2024-07-15;2024-07;2024-2025;TEC-06;Pierre Vasseur;Toulouse;Chauffage;3.3;2.8;36.0;100.8;403.44;Terminée
INT-00460;DEV-01088;2024-07-18;2024-07;2024-2025;TEC-03;Fabien Ortiz;Bordeaux;Électricité;15.5;14.6;33.0;481.8;1601.89;Terminée
INT-00461;DEV-01089;2024-07-17;2024-07;2024-2025;TEC-03;Fabien Ortiz;Bordeaux;Électricité;39.4;38.2;33.0;1260.6;7739.25;Terminée
INT-00462;DEV-01097;2024-06-27;2024-06;2023-2024;TEC-01;Marc Delaunay;Bordeaux;Dépannage;2.1;2.0;32.0;64.0;131.29;Terminée
INT-00463;DEV-01098;2024-07-08;2024-07;2024-2025;TEC-07;Yannick Dubreuil;Toulouse;Plomberie;29.2;30.0;30.0;900.0;3185.11;Terminée
INT-00464;DEV-01099;2024-07-15;2024-07;2024-2025;TEC-05;Sonia Mercier;Bordeaux;Salle de bain;18.1;16.4;31.0;508.4;2224.43;Terminée
INT-00465;DEV-01100;2024-06-17;2024-06;2023-2024;TEC-08;Elodie Ravel;Toulouse;Salle de bain;5.4;5.7;32.0;182.4;658.86;Terminée
INT-00466;DEV-01102;2024-07-10;2024-07;2024-2025;TEC-04;Lucas Bertin;Bordeaux;Plomberie;4.5;6.3;27.0;170.1;418.64;Terminée
INT-00467;DEV-01105;2024-07-15;2024-07;2024-2025;TEC-04;Lucas Bertin;Bordeaux;Plomberie;25.2;33.8;27.0;912.6;2850.95;Terminée
INT-00468;DEV-01113;2024-07-30;2024-07;2024-2025;TEC-08;Elodie Ravel;Toulouse;Électricité;8.0;8.1;32.0;259.2;876.42;Terminée
INT-00469;DEV-01114;2024-07-29;2024-07;2024-2025;TEC-07;Yannick Dubreuil;Toulouse;Plomberie;4.9;5.3;30.0;159.0;714.27;Terminée
INT-00470;DEV-01122;2024-07-18;2024-07;2024-2025;TEC-05;Sonia Mercier;Bordeaux;Salle de bain;49.4;44.2;31.0;1370.2;12863.77;Terminée
INT-00471;DEV-01126;2024-07-16;2024-07;2024-2025;TEC-09;Mehdi Ouali;Toulouse;Dépannage;1.7;2.3;28.0;64.4;102.05;Terminée
INT-00472;DEV-01129;2024-07-18;2024-07;2024-2025;TEC-02;Ahmed Zahiri;Bordeaux;Chauffage;3.9;3.3;35.0;115.5;244.65;Terminée
INT-00473;DEV-01131;2024-07-29;2024-07;2024-2025;TEC-04;Lucas Bertin;Bordeaux;Plomberie;2.2;3.1;27.0;83.7;149.91;Terminée
INT-00474;DEV-01133;2024-08-05;2024-08;2024-2025;TEC-07;Yannick Dubreuil;Toulouse;Salle de bain;41.2;44.3;30.0;1329.0;5801.27;Terminée
INT-00475;DEV-01134;2024-08-05;2024-08;2024-2025;TEC-07;Yannick Dubreuil;Toulouse;Salle de bain;5.8;5.7;30.0;171.0;648.46;Terminée
INT-00476;DEV-01136;2024-07-24;2024-07;2024-2025;TEC-09;Mehdi Ouali;Toulouse;Dépannage;1.8;2.3;28.0;64.4;131.72;Terminée
INT-00477;DEV-01138;2024-07-10;2024-07;2024-2025;TEC-08;Elodie Ravel;Toulouse;Électricité;43.6;40.0;32.0;1280.0;8402.32;Terminée
INT-00478;DEV-01139;2024-08-05;2024-08;2024-2025;TEC-05;Sonia Mercier;Bordeaux;Dépannage;6.7;6.8;31.0;210.8;318.91;Terminée
INT-00479;DEV-01140;2024-07-26;2024-07;2024-2025;TEC-05;Sonia Mercier;Bordeaux;Salle de bain;5.0;4.9;31.0;151.9;517.29;Terminée
INT-00480;DEV-01141;2024-08-14;2024-08;2024-2025;TEC-05;Sonia Mercier;Bordeaux;Salle de bain;16.7;16.4;31.0;508.4;2228.12;Terminée
INT-00481;DEV-01143;2024-09-09;2024-09;2024-2025;TEC-09;Mehdi Ouali;Toulouse;Dépannage;1.6;2.1;28.0;58.8;106.48;Terminée
INT-00482;DEV-01147;2024-09-09;2024-09;2024-2025;TEC-01;Marc Delaunay;Bordeaux;Plomberie;27.2;26.6;32.0;851.2;2975.01;Terminée
INT-00483;DEV-01150;2024-08-20;2024-08;2024-2025;TEC-09;Mehdi Ouali;Toulouse;Dépannage;1.4;1.8;28.0;50.4;101.41;Terminée
INT-00484;DEV-01151;2024-08-12;2024-08;2024-2025;TEC-08;Elodie Ravel;Toulouse;Électricité;14.3;13.5;32.0;432.0;1346.47;Terminée
INT-00485;DEV-01155;2024-08-14;2024-08;2024-2025;TEC-09;Mehdi Ouali;Toulouse;Salle de bain;45.3;56.9;28.0;1593.2;12216.46;Terminée
INT-00486;DEV-01156;2024-08-07;2024-08;2024-2025;TEC-09;Mehdi Ouali;Toulouse;Salle de bain;16.3;19.9;28.0;557.2;4171.47;Terminée
INT-00487;DEV-01158;2024-09-02;2024-09;2024-2025;TEC-01;Marc Delaunay;Bordeaux;Plomberie;2.1;1.9;32.0;60.8;196.77;Terminée
INT-00488;DEV-01159;2024-07-18;2024-07;2024-2025;TEC-08;Elodie Ravel;Toulouse;Salle de bain;14.9;15.7;32.0;502.4;4178.72;Terminée
INT-00489;DEV-01161;2024-08-15;2024-08;2024-2025;TEC-01;Marc Delaunay;Bordeaux;Plomberie;25.2;26.6;32.0;851.2;3386.49;Terminée
INT-00490;DEV-01165;2024-08-05;2024-08;2024-2025;TEC-07;Yannick Dubreuil;Toulouse;Plomberie;1.8;1.9;30.0;57.0;190.87;Terminée
INT-00491;DEV-01166;2024-08-16;2024-08;2024-2025;TEC-08;Elodie Ravel;Toulouse;Électricité;6.5;6.6;32.0;211.2;993.77;Terminée
INT-00492;DEV-01167;2024-08-12;2024-08;2024-2025;TEC-01;Marc Delaunay;Bordeaux;Dépannage;1.6;1.7;32.0;54.4;97.59;Terminée
INT-00493;DEV-01168;2024-08-26;2024-08;2024-2025;TEC-05;Sonia Mercier;Bordeaux;Salle de bain;5.1;5.2;31.0;161.2;690.01;Terminée
INT-00494;DEV-01169;2024-08-21;2024-08;2024-2025;TEC-02;Ahmed Zahiri;Bordeaux;Dépannage;1.4;1.2;35.0;42.0;250.7;Terminée
INT-00495;DEV-01171;2024-08-22;2024-08;2024-2025;TEC-06;Pierre Vasseur;Toulouse;Salle de bain;16.3;14.5;36.0;522.0;2197.81;Terminée
INT-00496;DEV-01174;2024-07-25;2024-07;2024-2025;TEC-01;Marc Delaunay;Bordeaux;Plomberie;5.1;4.5;32.0;144.0;977.75;Terminée
INT-00497;DEV-01175;2024-07-29;2024-07;2024-2025;TEC-03;Fabien Ortiz;Bordeaux;Dépannage;1.1;1.2;33.0;39.6;78.47;Terminée
INT-00498;DEV-01178;2024-08-19;2024-08;2024-2025;TEC-05;Sonia Mercier;Bordeaux;Salle de bain;5.6;5.0;31.0;155.0;568.17;Terminée
INT-00499;DEV-01179;2024-08-06;2024-08;2024-2025;TEC-09;Mehdi Ouali;Toulouse;Salle de bain;11.1;13.9;28.0;389.2;1131.36;Terminée
INT-00500;DEV-01183;2024-09-10;2024-09;2024-2025;TEC-04;Lucas Bertin;Bordeaux;Plomberie;26.2;34.1;27.0;920.7;5671.37;Terminée
INT-00501;DEV-01184;2024-08-27;2024-08;2024-2025;TEC-06;Pierre Vasseur;Toulouse;Salle de bain;34.4;32.1;36.0;1155.6;4550.04;Terminée
INT-00502;DEV-01185;2024-09-23;2024-09;2024-2025;TEC-07;Yannick Dubreuil;Toulouse;Plomberie;5.0;5.2;30.0;156.0;592.35;Terminée
INT-00503;DEV-01191;2024-08-13;2024-08;2024-2025;TEC-03;Fabien Ortiz;Bordeaux;Électricité;6.8;6.8;33.0;224.4;1827.36;Terminée
INT-00504;DEV-01192;2024-08-19;2024-08;2024-2025;TEC-03;Fabien Ortiz;Bordeaux;Électricité;15.0;16.0;33.0;528.0;1667.23;Terminée
INT-00505;DEV-01193;2024-08-14;2024-08;2024-2025;TEC-05;Sonia Mercier;Bordeaux;Dépannage;3.4;3.6;31.0;111.6;179.2;Terminée
INT-00506;DEV-01205;2024-08-19;2024-08;2024-2025;TEC-04;Lucas Bertin;Bordeaux;Dépannage;2.2;2.6;27.0;70.2;137.3;Terminée
INT-00507;DEV-01209;2024-08-26;2024-08;2024-2025;TEC-09;Mehdi Ouali;Toulouse;Dépannage;1.9;2.3;28.0;64.4;106.68;Terminée
INT-00508;DEV-01211;2024-09-16;2024-09;2024-2025;TEC-02;Ahmed Zahiri;Bordeaux;Dépannage;1.7;1.5;35.0;52.5;129.8;Terminée
INT-00509;DEV-01213;2024-09-11;2024-09;2024-2025;TEC-03;Fabien Ortiz;Bordeaux;Électricité;14.6;15.8;33.0;521.4;1787.47;Terminée
INT-00510;DEV-01218;2024-10-08;2024-10;2024-2025;TEC-03;Fabien Ortiz;Bordeaux;Électricité;17.2;17.3;33.0;570.9;1517.34;Terminée
INT-00511;DEV-01221;2024-08-28;2024-08;2024-2025;TEC-06;Pierre Vasseur;Toulouse;Chauffage;3.3;3.1;36.0;111.6;327.69;Terminée
INT-00512;DEV-01226;2024-09-02;2024-09;2024-2025;TEC-07;Yannick Dubreuil;Toulouse;Plomberie;31.2;31.0;30.0;930.0;3150.94;Terminée
INT-00513;DEV-01227;2024-09-02;2024-09;2024-2025;TEC-01;Marc Delaunay;Bordeaux;Plomberie;15.1;13.5;32.0;432.0;2055.7;Terminée
INT-00514;DEV-01229;2024-09-13;2024-09;2024-2025;TEC-03;Fabien Ortiz;Bordeaux;Électricité;16.5;17.9;33.0;590.7;1738.82;Terminée
INT-00515;DEV-01231;2024-09-20;2024-09;2024-2025;TEC-01;Marc Delaunay;Bordeaux;Plomberie;4.1;4.1;32.0;131.2;695.15;Terminée
INT-00516;DEV-01232;2024-08-30;2024-08;2024-2025;TEC-03;Fabien Ortiz;Bordeaux;Électricité;14.5;14.7;33.0;485.1;4610.45;Terminée
INT-00517;DEV-01233;2024-09-02;2024-09;2024-2025;TEC-08;Elodie Ravel;Toulouse;Salle de bain;5.9;5.6;32.0;179.2;570.82;Terminée
INT-00518;DEV-01234;2024-09-27;2024-09;2024-2025;TEC-09;Mehdi Ouali;Toulouse;Dépannage;1.5;1.8;28.0;50.4;139.2;Terminée
INT-00519;DEV-01236;2024-09-30;2024-09;2024-2025;TEC-07;Yannick Dubreuil;Toulouse;Plomberie;13.4;12.8;30.0;384.0;2116.42;Terminée
INT-00520;DEV-01240;2024-09-25;2024-09;2024-2025;TEC-05;Sonia Mercier;Bordeaux;Salle de bain;48.8;48.5;31.0;1503.5;6419.51;Terminée
INT-00521;DEV-01242;2024-09-02;2024-09;2024-2025;TEC-02;Ahmed Zahiri;Bordeaux;Chauffage;3.8;3.4;35.0;119.0;332.73;Terminée
INT-00522;DEV-01243;2024-09-20;2024-09;2024-2025;TEC-05;Sonia Mercier;Bordeaux;Salle de bain;47.9;42.6;31.0;1320.6;15690.67;Terminée
INT-00523;DEV-01244;2024-09-02;2024-09;2024-2025;TEC-05;Sonia Mercier;Bordeaux;Salle de bain;41.9;42.3;31.0;1311.3;5358.48;Terminée
INT-00524;DEV-01245;2024-09-06;2024-09;2024-2025;TEC-05;Sonia Mercier;Bordeaux;Salle de bain;14.5;13.1;31.0;406.1;4947.72;Terminée
INT-00525;DEV-01247;2024-09-30;2024-09;2024-2025;TEC-07;Yannick Dubreuil;Toulouse;Plomberie;5.0;5.6;30.0;168.0;1264.45;Terminée
INT-00526;DEV-01248;2024-09-30;2024-09;2024-2025;TEC-09;Mehdi Ouali;Toulouse;Salle de bain;41.9;53.8;28.0;1506.4;6068.84;Terminée
INT-00527;DEV-01249;2024-10-07;2024-10;2024-2025;TEC-07;Yannick Dubreuil;Toulouse;Plomberie;25.7;26.8;30.0;804.0;5206.24;Terminée
INT-00528;DEV-01252;2024-10-17;2024-10;2024-2025;TEC-03;Fabien Ortiz;Bordeaux;Dépannage;1.0;1.0;33.0;33.0;86.35;Terminée
INT-00529;DEV-01256;2024-09-10;2024-09;2024-2025;TEC-09;Mehdi Ouali;Toulouse;Dépannage;1.7;2.1;28.0;58.8;131.18;Terminée
INT-00530;DEV-01257;2024-09-16;2024-09;2024-2025;TEC-03;Fabien Ortiz;Bordeaux;Électricité;5.2;5.6;33.0;184.8;899.58;Terminée
INT-00531;DEV-01261;2024-09-18;2024-09;2024-2025;TEC-01;Marc Delaunay;Bordeaux;Plomberie;77.1;67.6;32.0;2163.2;11991.66;Terminée
INT-00532;DEV-01262;2024-09-19;2024-09;2024-2025;TEC-05;Sonia Mercier;Bordeaux;Dépannage;4.3;4.0;31.0;124.0;328.24;Terminée
INT-00533;DEV-01264;2024-10-15;2024-10;2024-2025;TEC-05;Sonia Mercier;Bordeaux;Dépannage;2.2;2.0;31.0;62.0;261.79;Terminée
INT-00534;DEV-01266;2024-09-16;2024-09;2024-2025;TEC-08;Elodie Ravel;Toulouse;Salle de bain;16.9;16.1;32.0;515.2;2017.32;Terminée
INT-00535;DEV-01268;2024-10-21;2024-10;2024-2025;TEC-09;Mehdi Ouali;Toulouse;Dépannage;1.5;1.9;28.0;53.2;128.68;Terminée
INT-00536;DEV-01270;2024-09-30;2024-09;2024-2025;TEC-01;Marc Delaunay;Bordeaux;Plomberie;4.1;3.8;32.0;121.6;606.68;Terminée
INT-00537;DEV-01272;2024-09-12;2024-09;2024-2025;TEC-03;Fabien Ortiz;Bordeaux;Électricité;43.6;46.2;33.0;1524.6;5864.83;Terminée
INT-00538;DEV-01274;2024-09-18;2024-09;2024-2025;TEC-01;Marc Delaunay;Bordeaux;Plomberie;2.0;2.1;32.0;67.2;191.56;Terminée
INT-00539;DEV-01275;2024-09-30;2024-09;2024-2025;TEC-05;Sonia Mercier;Bordeaux;Dépannage;1.5;1.5;31.0;46.5;120.12;Terminée
INT-00540;DEV-01278;2024-10-14;2024-10;2024-2025;TEC-07;Yannick Dubreuil;Toulouse;Salle de bain;6.1;6.9;30.0;207.0;594.35;Terminée
INT-00541;DEV-01279;2024-10-01;2024-10;2024-2025;TEC-07;Yannick Dubreuil;Toulouse;Plomberie;2.1;2.2;30.0;66.0;176.48;Terminée
INT-00542;DEV-01284;2024-10-14;2024-10;2024-2025;TEC-08;Elodie Ravel;Toulouse;Salle de bain;5.8;5.6;32.0;179.2;587.34;Terminée
INT-00543;DEV-01287;2024-10-10;2024-10;2024-2025;TEC-09;Mehdi Ouali;Toulouse;Dépannage;2.2;3.0;28.0;84.0;139.89;Terminée
INT-00544;DEV-01293;2024-11-06;2024-11;2024-2025;TEC-02;Ahmed Zahiri;Bordeaux;Chauffage;8.6;8.8;35.0;308.0;2327.55;Terminée
INT-00545;DEV-01296;2024-10-16;2024-10;2024-2025;TEC-07;Yannick Dubreuil;Toulouse;Plomberie;4.8;4.9;30.0;147.0;741.88;Terminée
INT-00546;DEV-01305;2024-10-11;2024-10;2024-2025;TEC-06;Pierre Vasseur;Toulouse;Chauffage;3.5;2.9;36.0;104.4;385.16;Terminée
INT-00547;DEV-01311;2024-11-07;2024-11;2024-2025;TEC-01;Marc Delaunay;Bordeaux;Plomberie;25.7;26.8;32.0;857.6;6376.86;Terminée
INT-00548;DEV-01315;2024-10-18;2024-10;2024-2025;TEC-05;Sonia Mercier;Bordeaux;Salle de bain;5.2;5.2;31.0;161.2;616.71;Terminée
INT-00549;DEV-01317;2024-11-04;2024-11;2024-2025;TEC-05;Sonia Mercier;Bordeaux;Dépannage;1.4;1.4;31.0;43.4;127.75;Terminée
INT-00550;DEV-01321;2024-10-17;2024-10;2024-2025;TEC-01;Marc Delaunay;Bordeaux;Plomberie;1.9;1.8;32.0;57.6;325.46;Terminée
INT-00551;DEV-01330;2024-10-23;2024-10;2024-2025;TEC-02;Ahmed Zahiri;Bordeaux;Chauffage;9.7;9.2;35.0;322.0;1785.18;Terminée
INT-00552;DEV-01331;2024-10-11;2024-10;2024-2025;TEC-02;Ahmed Zahiri;Bordeaux;Chauffage;26.8;24.1;35.0;843.5;5472.45;Terminée
INT-00553;DEV-01334;2024-11-04;2024-11;2024-2025;TEC-09;Mehdi Ouali;Toulouse;Dépannage;1.8;2.3;28.0;64.4;127.07;Terminée
INT-00554;DEV-01335;2024-10-08;2024-10;2024-2025;TEC-05;Sonia Mercier;Bordeaux;Salle de bain;46.4;50.1;31.0;1553.1;5948.96;Terminée
INT-00555;DEV-01336;2024-11-08;2024-11;2024-2025;TEC-05;Sonia Mercier;Bordeaux;Salle de bain;6.3;5.6;31.0;173.6;1103.88;Terminée
INT-00556;DEV-01337;2024-11-20;2024-11;2024-2025;TEC-06;Pierre Vasseur;Toulouse;Chauffage;29.3;26.1;36.0;939.6;11669.66;Terminée
INT-00557;DEV-01340;2024-10-30;2024-10;2024-2025;TEC-09;Mehdi Ouali;Toulouse;Dépannage;5.5;6.7;28.0;187.6;388.48;Terminée
INT-00558;DEV-01342;2024-12-04;2024-12;2024-2025;TEC-07;Yannick Dubreuil;Toulouse;Plomberie;4.4;4.7;30.0;141.0;425.74;Terminée
INT-00559;DEV-01344;2024-10-22;2024-10;2024-2025;TEC-02;Ahmed Zahiri;Bordeaux;Chauffage;13.7;13.7;35.0;479.5;4551.09;Terminée
INT-00560;DEV-01345;2024-10-30;2024-10;2024-2025;TEC-08;Elodie Ravel;Toulouse;Électricité;7.3;7.4;32.0;236.8;1751.11;Terminée
INT-00561;DEV-01346;2024-11-11;2024-11;2024-2025;TEC-09;Mehdi Ouali;Toulouse;Dépannage;2.1;2.5;28.0;70.0;155.71;Terminée
INT-00562;DEV-01347;2024-12-03;2024-12;2024-2025;TEC-07;Yannick Dubreuil;Toulouse;Plomberie;13.8;15.0;30.0;450.0;1873.2;Terminée
INT-00563;DEV-01350;2024-11-25;2024-11;2024-2025;TEC-02;Ahmed Zahiri;Bordeaux;Chauffage;10.2;9.0;35.0;315.0;1660.06;Terminée
INT-00564;DEV-01351;2024-11-18;2024-11;2024-2025;TEC-05;Sonia Mercier;Bordeaux;Salle de bain;6.1;6.0;31.0;186.0;1418.43;Terminée
INT-00565;DEV-01352;2024-10-25;2024-10;2024-2025;TEC-06;Pierre Vasseur;Toulouse;Chauffage;1.1;1.1;36.0;39.6;48.93;Terminée
INT-00566;DEV-01355;2024-10-14;2024-10;2024-2025;TEC-09;Mehdi Ouali;Toulouse;Dépannage;2.2;2.5;28.0;70.0;160.65;Terminée
INT-00567;DEV-01358;2024-11-04;2024-11;2024-2025;TEC-04;Lucas Bertin;Bordeaux;Plomberie;2.3;2.5;27.0;67.5;193.87;Terminée
INT-00568;DEV-01359;2024-11-12;2024-11;2024-2025;TEC-03;Fabien Ortiz;Bordeaux;Dépannage;1.7;1.7;33.0;56.1;94.74;Terminée
INT-00569;DEV-01366;2024-10-28;2024-10;2024-2025;TEC-05;Sonia Mercier;Bordeaux;Salle de bain;15.5;16.6;31.0;514.6;2545.36;Terminée
INT-00570;DEV-01368;2024-10-31;2024-10;2024-2025;TEC-02;Ahmed Zahiri;Bordeaux;Chauffage;12.3;11.0;35.0;385.0;3107.23;Terminée
INT-00571;DEV-01370;2024-11-15;2024-11;2024-2025;TEC-07;Yannick Dubreuil;Toulouse;Salle de bain;47.5;45.4;30.0;1362.0;6768.58;Terminée
INT-00572;DEV-01372;2024-11-28;2024-11;2024-2025;TEC-07;Yannick Dubreuil;Toulouse;Plomberie;4.8;4.5;30.0;135.0;792.56;Terminée
INT-00573;DEV-01373;2024-11-18;2024-11;2024-2025;TEC-09;Mehdi Ouali;Toulouse;Dépannage;1.5;1.9;28.0;53.2;113.74;Terminée
INT-00574;DEV-01376;2024-11-27;2024-11;2024-2025;TEC-02;Ahmed Zahiri;Bordeaux;Chauffage;25.7;22.1;35.0;773.5;6972.91;Terminée
INT-00575;DEV-01388;2024-11-04;2024-11;2024-2025;TEC-05;Sonia Mercier;Bordeaux;Salle de bain;42.2;45.8;31.0;1419.8;12413.01;Terminée
INT-00576;DEV-01391;2024-11-21;2024-11;2024-2025;TEC-07;Yannick Dubreuil;Toulouse;Plomberie;2.1;2.1;30.0;63.0;321.58;Terminée
INT-00577;DEV-01393;2024-11-19;2024-11;2024-2025;TEC-06;Pierre Vasseur;Toulouse;Salle de bain;15.3;14.6;36.0;525.6;1860.82;Terminée
INT-00578;DEV-01397;2024-12-04;2024-12;2024-2025;TEC-03;Fabien Ortiz;Bordeaux;Électricité;15.6;15.5;33.0;511.5;4237.15;Terminée
INT-00579;DEV-01398;2024-12-12;2024-12;2024-2025;TEC-07;Yannick Dubreuil;Toulouse;Plomberie;5.1;5.6;30.0;168.0;1966.03;Terminée
INT-00580;DEV-01400;2024-11-15;2024-11;2024-2025;TEC-02;Ahmed Zahiri;Bordeaux;Chauffage;12.5;11.9;35.0;416.5;4892.52;Terminée
INT-00581;DEV-01401;2024-11-18;2024-11;2024-2025;TEC-02;Ahmed Zahiri;Bordeaux;Chauffage;10.0;9.2;35.0;322.0;1269.22;Terminée
INT-00582;DEV-01411;2024-12-03;2024-12;2024-2025;TEC-09;Mehdi Ouali;Toulouse;Salle de bain;16.2;20.0;28.0;560.0;4111.84;Terminée
INT-00583;DEV-01414;2024-12-13;2024-12;2024-2025;TEC-05;Sonia Mercier;Bordeaux;Dépannage;1.9;1.7;31.0;52.7;306.65;Terminée
INT-00584;DEV-01417;2024-12-06;2024-12;2024-2025;TEC-05;Sonia Mercier;Bordeaux;Dépannage;2.3;2.5;31.0;77.5;122.8;Terminée
INT-00585;DEV-01420;2024-12-09;2024-12;2024-2025;TEC-01;Marc Delaunay;Bordeaux;Dépannage;1.5;1.4;32.0;44.8;139.29;Terminée
INT-00586;DEV-01421;2024-12-02;2024-12;2024-2025;TEC-08;Elodie Ravel;Toulouse;Électricité;7.2;7.9;32.0;252.8;1586.79;Terminée
INT-00587;DEV-01422;2024-12-30;2024-12;2024-2025;TEC-05;Sonia Mercier;Bordeaux;Salle de bain;5.8;5.7;31.0;176.7;574.43;Terminée
INT-00588;DEV-01424;2024-11-28;2024-11;2024-2025;TEC-09;Mehdi Ouali;Toulouse;Dépannage;1.5;1.6;28.0;44.8;119.2;Terminée
INT-00589;DEV-01425;2024-12-25;2024-12;2024-2025;TEC-03;Fabien Ortiz;Bordeaux;Électricité;4.5;5.0;33.0;165.0;934.13;Terminée
INT-00590;DEV-01427;2024-12-13;2024-12;2024-2025;TEC-02;Ahmed Zahiri;Bordeaux;Dépannage;1.0;1.0;35.0;35.0;86.71;Terminée
INT-00591;DEV-01428;2024-12-06;2024-12;2024-2025;TEC-05;Sonia Mercier;Bordeaux;Salle de bain;5.6;5.1;31.0;158.1;1268.91;Terminée
INT-00592;DEV-01433;2024-11-27;2024-11;2024-2025;TEC-09;Mehdi Ouali;Toulouse;Dépannage;1.6;1.9;28.0;53.2;215.57;Terminée
INT-00593;DEV-01434;2024-12-13;2024-12;2024-2025;TEC-09;Mehdi Ouali;Toulouse;Dépannage;2.2;2.5;28.0;70.0;128.33;Terminée
INT-00594;DEV-01435;2024-12-09;2024-12;2024-2025;TEC-05;Sonia Mercier;Bordeaux;Dépannage;1.0;1.1;31.0;34.1;89.72;Terminée
INT-00595;DEV-01436;2024-12-09;2024-12;2024-2025;TEC-07;Yannick Dubreuil;Toulouse;Plomberie;14.8;15.2;30.0;456.0;1899.09;Terminée
INT-00596;DEV-01437;2024-11-15;2024-11;2024-2025;TEC-08;Elodie Ravel;Toulouse;Salle de bain;14.8;15.1;32.0;483.2;2146.56;Terminée
INT-00597;DEV-01438;2024-12-05;2024-12;2024-2025;TEC-06;Pierre Vasseur;Toulouse;Salle de bain;5.3;5.0;36.0;180.0;545.97;Terminée
INT-00598;DEV-01444;2024-12-06;2024-12;2024-2025;TEC-04;Lucas Bertin;Bordeaux;Plomberie;2.2;2.5;27.0;67.5;414.79;Terminée
INT-00599;DEV-01447;2024-12-25;2024-12;2024-2025;TEC-03;Fabien Ortiz;Bordeaux;Électricité;4.6;5.0;33.0;165.0;890.14;Terminée
INT-00600;DEV-01448;2024-12-16;2024-12;2024-2025;TEC-02;Ahmed Zahiri;Bordeaux;Chauffage;3.9;3.8;35.0;133.0;340.09;Terminée
INT-00601;DEV-01450;2025-01-07;2025-01;2024-2025;TEC-07;Yannick Dubreuil;Toulouse;Plomberie;15.7;16.0;30.0;480.0;1816.63;Terminée
INT-00602;DEV-01451;2024-12-06;2024-12;2024-2025;TEC-08;Elodie Ravel;Toulouse;Électricité;13.9;13.0;32.0;416.0;1666.19;Terminée
INT-00603;DEV-01452;2024-12-18;2024-12;2024-2025;TEC-09;Mehdi Ouali;Toulouse;Dépannage;1.4;1.6;28.0;44.8;117.89;Terminée
INT-00604;DEV-01454;2024-12-30;2024-12;2024-2025;TEC-03;Fabien Ortiz;Bordeaux;Électricité;5.4;5.6;33.0;184.8;2068.36;Terminée
INT-00605;DEV-01458;2024-12-09;2024-12;2024-2025;TEC-01;Marc Delaunay;Bordeaux;Plomberie;27.9;24.2;32.0;774.4;7149.96;Terminée
INT-00606;DEV-01459;2025-01-01;2025-01;2024-2025;TEC-05;Sonia Mercier;Bordeaux;Dépannage;1.9;1.8;31.0;55.8;143.99;Terminée
INT-00607;DEV-01463;2024-12-04;2024-12;2024-2025;TEC-08;Elodie Ravel;Toulouse;Électricité;42.6;47.8;32.0;1529.6;6806.9;Terminée
INT-00608;DEV-01465;2025-01-03;2025-01;2024-2025;TEC-02;Ahmed Zahiri;Bordeaux;Chauffage;9.3;8.4;35.0;294.0;1213.53;Terminée
INT-00609;DEV-01466;2024-12-25;2024-12;2024-2025;TEC-01;Marc Delaunay;Bordeaux;Plomberie;15.6;14.8;32.0;473.6;2342.73;Terminée
INT-00610;DEV-01467;2024-12-18;2024-12;2024-2025;TEC-08;Elodie Ravel;Toulouse;Électricité;6.6;6.9;32.0;220.8;1502.37;Terminée
INT-00611;DEV-01469;2024-12-18;2024-12;2024-2025;TEC-09;Mehdi Ouali;Toulouse;Salle de bain;47.0;56.2;28.0;1573.6;6097.1;Terminée
INT-00612;DEV-01471;2025-01-10;2025-01;2024-2025;TEC-08;Elodie Ravel;Toulouse;Électricité;14.6;15.9;32.0;508.8;1656.37;Terminée
INT-00613;DEV-01473;2024-12-16;2024-12;2024-2025;TEC-09;Mehdi Ouali;Toulouse;Dépannage;2.0;2.4;28.0;67.2;123.72;Terminée
INT-00614;DEV-01475;2025-01-20;2025-01;2024-2025;TEC-02;Ahmed Zahiri;Bordeaux;Chauffage;3.7;3.2;35.0;112.0;481.53;Terminée
INT-00615;DEV-01477;2025-01-13;2025-01;2024-2025;TEC-01;Marc Delaunay;Bordeaux;Dépannage;6.1;6.1;32.0;195.2;470.09;Terminée
INT-00616;DEV-01480;2025-01-07;2025-01;2024-2025;TEC-06;Pierre Vasseur;Toulouse;Chauffage;8.8;8.5;36.0;306.0;3078.0;Terminée
INT-00617;DEV-01483;2025-01-06;2025-01;2024-2025;TEC-07;Yannick Dubreuil;Toulouse;Plomberie;28.7;29.2;30.0;876.0;4356.58;Terminée
INT-00618;DEV-01484;2024-12-10;2024-12;2024-2025;TEC-02;Ahmed Zahiri;Bordeaux;Chauffage;26.6;24.2;35.0;847.0;21511.56;Terminée
INT-00619;DEV-01490;2024-12-09;2024-12;2024-2025;TEC-02;Ahmed Zahiri;Bordeaux;Chauffage;3.3;3.3;35.0;115.5;711.12;Terminée
INT-00620;DEV-01491;2025-01-02;2025-01;2024-2025;TEC-02;Ahmed Zahiri;Bordeaux;Chauffage;3.3;2.8;35.0;98.0;381.38;Terminée
INT-00621;DEV-01492;2025-01-09;2025-01;2024-2025;TEC-04;Lucas Bertin;Bordeaux;Plomberie;2.2;2.7;27.0;72.9;231.73;Terminée
INT-00622;DEV-01493;2024-12-18;2024-12;2024-2025;TEC-06;Pierre Vasseur;Toulouse;Chauffage;3.4;2.9;36.0;104.4;289.04;Terminée
INT-00623;DEV-01494;2025-01-03;2025-01;2024-2025;TEC-09;Mehdi Ouali;Toulouse;Dépannage;0.9;1.0;28.0;28.0;84.3;Terminée
INT-00624;DEV-01496;2025-01-28;2025-01;2024-2025;TEC-09;Mehdi Ouali;Toulouse;Dépannage;1.5;1.6;28.0;44.8;109.92;Terminée
INT-00625;DEV-01497;2025-01-01;2025-01;2024-2025;TEC-03;Fabien Ortiz;Bordeaux;Dépannage;1.0;1.1;33.0;36.3;83.78;Terminée
INT-00626;DEV-01499;2025-01-06;2025-01;2024-2025;TEC-05;Sonia Mercier;Bordeaux;Salle de bain;5.7;5.4;31.0;167.4;578.75;Terminée
INT-00627;DEV-01501;2024-12-16;2024-12;2024-2025;TEC-04;Lucas Bertin;Bordeaux;Plomberie;2.0;2.4;27.0;64.8;200.72;Terminée
INT-00628;DEV-01506;2025-01-15;2025-01;2024-2025;TEC-03;Fabien Ortiz;Bordeaux;Électricité;5.1;5.6;33.0;184.8;722.08;Terminée
INT-00629;DEV-01507;2025-01-16;2025-01;2024-2025;TEC-02;Ahmed Zahiri;Bordeaux;Chauffage;12.7;13.0;35.0;455.0;3474.55;Terminée
INT-00630;DEV-01511;2025-01-14;2025-01;2024-2025;TEC-02;Ahmed Zahiri;Bordeaux;Chauffage;1.1;1.0;35.0;35.0;52.92;Terminée
INT-00631;DEV-01512;2024-12-26;2024-12;2024-2025;TEC-09;Mehdi Ouali;Toulouse;Dépannage;1.8;2.2;28.0;61.6;221.24;Terminée
INT-00632;DEV-01516;2024-12-27;2024-12;2024-2025;TEC-05;Sonia Mercier;Bordeaux;Dépannage;2.3;2.2;31.0;68.2;238.41;Terminée
INT-00633;DEV-01517;2025-01-06;2025-01;2024-2025;TEC-04;Lucas Bertin;Bordeaux;Dépannage;4.2;4.9;27.0;132.3;376.13;Terminée
INT-00634;DEV-01518;2025-01-06;2025-01;2024-2025;TEC-02;Ahmed Zahiri;Bordeaux;Chauffage;3.4;2.9;35.0;101.5;332.28;Terminée
INT-00635;DEV-01521;2025-01-17;2025-01;2024-2025;TEC-09;Mehdi Ouali;Toulouse;Dépannage;1.0;1.0;28.0;28.0;100.12;Terminée
INT-00636;DEV-01524;2025-02-10;2025-02;2024-2025;TEC-04;Lucas Bertin;Bordeaux;Dépannage;4.9;5.3;27.0;143.1;328.57;Terminée
INT-00637;DEV-01527;2024-12-30;2024-12;2024-2025;TEC-02;Ahmed Zahiri;Bordeaux;Dépannage;1.0;1.0;35.0;35.0;167.86;Terminée
INT-00638;DEV-01528;2025-02-14;2025-02;2024-2025;TEC-05;Sonia Mercier;Bordeaux;Salle de bain;5.5;5.7;31.0;176.7;1237.6;Terminée
INT-00639;DEV-01529;2025-01-24;2025-01;2024-2025;TEC-02;Ahmed Zahiri;Bordeaux;Chauffage;30.1;28.9;35.0;1011.5;15831.82;Terminée
INT-00640;DEV-01531;2025-01-24;2025-01;2024-2025;TEC-02;Ahmed Zahiri;Bordeaux;Chauffage;12.9;11.8;35.0;413.0;6330.58;Terminée
INT-00641;DEV-01536;2025-01-06;2025-01;2024-2025;TEC-11;Damien Roche;Montpellier;Salle de bain;5.6;7.3;34.0;248.2;1341.99;Terminée
INT-00642;DEV-01537;2025-02-10;2025-02;2024-2025;TEC-09;Mehdi Ouali;Toulouse;Dépannage;3.3;4.1;28.0;114.8;409.97;Terminée
INT-00643;DEV-01541;2025-01-17;2025-01;2024-2025;TEC-05;Sonia Mercier;Bordeaux;Salle de bain;45.1;49.2;31.0;1525.2;6039.95;Terminée
INT-00644;DEV-01542;2025-01-27;2025-01;2024-2025;TEC-02;Ahmed Zahiri;Bordeaux;Dépannage;1.7;1.5;35.0;52.5;154.24;Terminée
INT-00645;DEV-01544;2025-02-03;2025-02;2024-2025;TEC-08;Elodie Ravel;Toulouse;Électricité;7.8;7.7;32.0;246.4;948.16;Terminée
INT-00646;DEV-01551;2025-02-17;2025-02;2024-2025;TEC-05;Sonia Mercier;Bordeaux;Dépannage;1.1;1.1;31.0;34.1;99.87;Terminée
INT-00647;DEV-01553;2025-02-17;2025-02;2024-2025;TEC-02;Ahmed Zahiri;Bordeaux;Chauffage;30.3;30.7;35.0;1074.5;18362.38;Terminée
INT-00648;DEV-01554;2025-02-14;2025-02;2024-2025;TEC-09;Mehdi Ouali;Toulouse;Dépannage;1.5;1.6;28.0;44.8;128.86;Terminée
INT-00649;DEV-01556;2025-02-27;2025-02;2024-2025;TEC-01;Marc Delaunay;Bordeaux;Plomberie;28.0;26.0;32.0;832.0;3382.56;Terminée
INT-00650;DEV-01558;2025-03-03;2025-03;2024-2025;TEC-02;Ahmed Zahiri;Bordeaux;Dépannage;2.7;2.7;35.0;94.5;232.51;Terminée
INT-00651;DEV-01559;2025-01-22;2025-01;2024-2025;TEC-02;Ahmed Zahiri;Bordeaux;Chauffage;12.2;10.8;35.0;378.0;3419.17;Terminée
INT-00652;DEV-01563;2025-02-11;2025-02;2024-2025;TEC-02;Ahmed Zahiri;Bordeaux;Chauffage;3.6;3.5;35.0;122.5;578.78;Terminée
INT-00653;DEV-01564;2025-01-31;2025-01;2024-2025;TEC-03;Fabien Ortiz;Bordeaux;Électricité;4.9;4.5;33.0;148.5;665.94;Terminée
INT-00654;DEV-01568;2025-02-25;2025-02;2024-2025;TEC-09;Mehdi Ouali;Toulouse;Dépannage;1.4;1.7;28.0;47.6;91.14;Terminée
INT-00655;DEV-01570;2025-03-05;2025-03;2024-2025;TEC-02;Ahmed Zahiri;Bordeaux;Chauffage;32.8;27.8;35.0;973.0;10790.23;Terminée
INT-00656;DEV-01574;2025-02-21;2025-02;2024-2025;TEC-05;Sonia Mercier;Bordeaux;Salle de bain;5.5;5.2;31.0;161.2;585.56;Terminée
INT-00657;DEV-01576;2025-02-17;2025-02;2024-2025;TEC-03;Fabien Ortiz;Bordeaux;Électricité;38.8;42.8;33.0;1412.4;5277.89;Terminée
INT-00658;DEV-01578;2025-03-03;2025-03;2024-2025;TEC-08;Elodie Ravel;Toulouse;Électricité;6.9;6.8;32.0;217.6;1131.91;Terminée
INT-00659;DEV-01580;2025-01-28;2025-01;2024-2025;TEC-09;Mehdi Ouali;Toulouse;Dépannage;1.6;1.8;28.0;50.4;133.58;Terminée
INT-00660;DEV-01587;2025-02-20;2025-02;2024-2025;TEC-07;Yannick Dubreuil;Toulouse;Plomberie;15.4;16.5;30.0;495.0;1704.67;Terminée
INT-00661;DEV-01589;2025-02-10;2025-02;2024-2025;TEC-06;Pierre Vasseur;Toulouse;Salle de bain;10.2;9.8;36.0;352.8;2489.44;Terminée
INT-00662;DEV-01590;2025-02-28;2025-02;2024-2025;TEC-08;Elodie Ravel;Toulouse;Salle de bain;16.4;15.4;32.0;492.8;2107.85;Terminée
INT-00663;DEV-01592;2025-02-17;2025-02;2024-2025;TEC-05;Sonia Mercier;Bordeaux;Dépannage;2.3;2.2;31.0;68.2;121.9;Terminée
INT-00664;DEV-01594;2025-02-24;2025-02;2024-2025;TEC-03;Fabien Ortiz;Bordeaux;Dépannage;2.1;2.1;33.0;69.3;133.83;Terminée
INT-00665;DEV-01596;2025-02-03;2025-02;2024-2025;TEC-07;Yannick Dubreuil;Toulouse;Plomberie;2.1;2.1;30.0;63.0;249.73;Terminée
INT-00666;DEV-01599;2025-02-26;2025-02;2024-2025;TEC-01;Marc Delaunay;Bordeaux;Plomberie;1.9;2.0;32.0;64.0;349.82;Terminée
INT-00667;DEV-01601;2025-02-03;2025-02;2024-2025;TEC-02;Ahmed Zahiri;Bordeaux;Chauffage;3.7;3.3;35.0;115.5;230.94;Terminée
INT-00668;DEV-01602;2025-02-21;2025-02;2024-2025;TEC-04;Lucas Bertin;Bordeaux;Plomberie;23.6;27.3;27.0;737.1;4078.84;Terminée
INT-00669;DEV-01605;2025-02-24;2025-02;2024-2025;TEC-04;Lucas Bertin;Bordeaux;Plomberie;26.0;33.2;27.0;896.4;3733.63;Terminée
INT-00670;DEV-01618;2025-03-10;2025-03;2024-2025;TEC-08;Elodie Ravel;Toulouse;Électricité;5.5;5.3;32.0;169.6;748.66;Terminée
INT-00671;DEV-01620;2025-02-19;2025-02;2024-2025;TEC-04;Lucas Bertin;Bordeaux;Dépannage;1.6;1.8;27.0;48.6;196.85;Terminée
INT-00672;DEV-01621;2025-02-24;2025-02;2024-2025;TEC-07;Yannick Dubreuil;Toulouse;Plomberie;2.0;2.3;30.0;69.0;190.53;Terminée
INT-00673;DEV-01623;2025-02-14;2025-02;2024-2025;TEC-06;Pierre Vasseur;Toulouse;Chauffage;11.0;10.7;36.0;385.2;2666.89;Terminée
INT-00674;DEV-01624;2025-03-10;2025-03;2024-2025;TEC-01;Marc Delaunay;Bordeaux;Dépannage;1.4;1.2;32.0;38.4;240.02;Terminée
INT-00675;DEV-01629;2025-03-04;2025-03;2024-2025;TEC-09;Mehdi Ouali;Toulouse;Salle de bain;5.4;6.1;28.0;170.8;649.95;Terminée
INT-00676;DEV-01630;2025-02-24;2025-02;2024-2025;TEC-01;Marc Delaunay;Bordeaux;Dépannage;1.0;1.0;32.0;32.0;86.34;Terminée
INT-00677;DEV-01633;2025-03-03;2025-03;2024-2025;TEC-03;Fabien Ortiz;Bordeaux;Électricité;7.9;8.6;33.0;283.8;905.33;Terminée
INT-00678;DEV-01638;2025-02-25;2025-02;2024-2025;TEC-05;Sonia Mercier;Bordeaux;Dépannage;1.0;1.0;31.0;31.0;88.51;Terminée
INT-00679;DEV-01639;2025-03-03;2025-03;2024-2025;TEC-06;Pierre Vasseur;Toulouse;Salle de bain;47.8;41.3;36.0;1486.8;7951.86;Terminée
INT-00680;DEV-01641;2025-03-04;2025-03;2024-2025;TEC-09;Mehdi Ouali;Toulouse;Dépannage;2.1;2.5;28.0;70.0;319.47;Terminée
INT-00681;DEV-01645;2025-03-03;2025-03;2024-2025;TEC-02;Ahmed Zahiri;Bordeaux;Dépannage;4.5;4.0;35.0;140.0;314.8;Terminée
INT-00682;DEV-01647;2025-02-27;2025-02;2024-2025;TEC-04;Lucas Bertin;Bordeaux;Plomberie;1.9;2.3;27.0;62.1;227.48;Terminée
INT-00683;DEV-01649;2025-03-20;2025-03;2024-2025;TEC-09;Mehdi Ouali;Toulouse;Dépannage;2.3;2.7;28.0;75.6;238.05;Terminée
INT-00684;DEV-01651;2025-02-24;2025-02;2024-2025;TEC-03;Fabien Ortiz;Bordeaux;Électricité;38.4;36.2;33.0;1194.6;5116.67;Terminée
INT-00685;DEV-01661;2025-03-20;2025-03;2024-2025;TEC-01;Marc Delaunay;Bordeaux;Plomberie;56.7;49.4;32.0;1580.8;7619.54;Terminée
INT-00686;DEV-01662;2025-04-18;2025-04;2024-2025;TEC-08;Elodie Ravel;Toulouse;Électricité;45.3;49.8;32.0;1593.6;11124.6;Terminée
INT-00687;DEV-01664;2025-02-27;2025-02;2024-2025;TEC-02;Ahmed Zahiri;Bordeaux;Dépannage;2.1;2.1;35.0;73.5;306.37;Terminée
INT-00688;DEV-01667;2025-04-14;2025-04;2024-2025;TEC-02;Ahmed Zahiri;Bordeaux;Chauffage;13.3;12.2;35.0;427.0;2976.66;Terminée
INT-00689;DEV-01671;2025-03-03;2025-03;2024-2025;TEC-06;Pierre Vasseur;Toulouse;Chauffage;1.1;0.9;36.0;32.4;53.05;Terminée
INT-00690;DEV-01673;2025-03-25;2025-03;2024-2025;TEC-02;Ahmed Zahiri;Bordeaux;Dépannage;3.4;3.0;35.0;105.0;206.66;Terminée
INT-00691;DEV-01679;2025-04-07;2025-04;2024-2025;TEC-05;Sonia Mercier;Bordeaux;Salle de bain;51.5;46.2;31.0;1432.2;5734.32;Terminée
INT-00692;DEV-01683;2025-03-27;2025-03;2024-2025;TEC-03;Fabien Ortiz;Bordeaux;Électricité;7.9;7.9;33.0;260.7;859.67;Terminée
INT-00693;DEV-01686;2025-04-30;2025-04;2024-2025;TEC-07;Yannick Dubreuil;Toulouse;Plomberie;5.1;5.4;30.0;162.0;1214.37;Terminée
INT-00694;DEV-01689;2025-03-07;2025-03;2024-2025;TEC-03;Fabien Ortiz;Bordeaux;Électricité;6.6;6.6;33.0;217.8;2399.57;Terminée
INT-00695;DEV-01695;2025-03-24;2025-03;2024-2025;TEC-04;Lucas Bertin;Bordeaux;Plomberie;4.1;5.2;27.0;140.4;1424.08;Terminée
INT-00696;DEV-01696;2025-04-21;2025-04;2024-2025;TEC-05;Sonia Mercier;Bordeaux;Dépannage;3.1;3.1;31.0;96.1;169.89;Terminée
INT-00697;DEV-01701;2025-04-09;2025-04;2024-2025;TEC-05;Sonia Mercier;Bordeaux;Salle de bain;16.8;17.1;31.0;530.1;2305.15;Terminée
INT-00698;DEV-01704;2025-03-24;2025-03;2024-2025;TEC-02;Ahmed Zahiri;Bordeaux;Dépannage;1.4;1.3;35.0;45.5;200.58;Terminée
INT-00699;DEV-01707;2025-04-03;2025-04;2024-2025;TEC-01;Marc Delaunay;Bordeaux;Plomberie;6.0;6.0;32.0;192.0;1118.3;Terminée
INT-00700;DEV-01709;2025-05-05;2025-05;2024-2025;TEC-09;Mehdi Ouali;Toulouse;Salle de bain;48.2;50.8;28.0;1422.4;7839.11;Terminée
INT-00701;DEV-01710;2025-04-07;2025-04;2024-2025;TEC-04;Lucas Bertin;Bordeaux;Dépannage;1.5;1.8;27.0;48.6;111.61;Terminée
INT-00702;DEV-01718;2025-04-15;2025-04;2024-2025;TEC-05;Sonia Mercier;Bordeaux;Salle de bain;46.5;42.7;31.0;1323.7;5991.59;Terminée
INT-00703;DEV-01719;2025-04-01;2025-04;2024-2025;TEC-06;Pierre Vasseur;Toulouse;Salle de bain;16.7;15.8;36.0;568.8;4679.94;Terminée
INT-00704;DEV-01720;2025-04-10;2025-04;2024-2025;TEC-12;Inès Bonnaud;Montpellier;Dépannage;1.7;2.2;29.0;63.8;135.08;Terminée
INT-00705;DEV-01721;2025-05-15;2025-05;2024-2025;TEC-02;Ahmed Zahiri;Bordeaux;Chauffage;1.0;1.0;35.0;35.0;92.66;Terminée
INT-00706;DEV-01722;2025-04-03;2025-04;2024-2025;TEC-02;Ahmed Zahiri;Bordeaux;Chauffage;0.9;0.8;35.0;28.0;110.91;Terminée
INT-00707;DEV-01723;2025-04-18;2025-04;2024-2025;TEC-04;Lucas Bertin;Bordeaux;Plomberie;13.1;15.4;27.0;415.8;2030.61;Terminée
INT-00708;DEV-01724;2025-04-21;2025-04;2024-2025;TEC-07;Yannick Dubreuil;Toulouse;Plomberie;2.1;2.4;30.0;72.0;200.01;Terminée
INT-00709;DEV-01729;2025-04-28;2025-04;2024-2025;TEC-04;Lucas Bertin;Bordeaux;Dépannage;1.4;1.8;27.0;48.6;137.24;Terminée
INT-00710;DEV-01733;2025-04-16;2025-04;2024-2025;TEC-09;Mehdi Ouali;Toulouse;Dépannage;1.1;1.2;28.0;33.6;185.69;Terminée
INT-00711;DEV-01736;2025-04-07;2025-04;2024-2025;TEC-04;Lucas Bertin;Bordeaux;Plomberie;2.0;2.3;27.0;62.1;244.32;Terminée
INT-00712;DEV-01738;2025-04-04;2025-04;2024-2025;TEC-02;Ahmed Zahiri;Bordeaux;Chauffage;8.1;8.2;35.0;287.0;1229.37;Terminée
INT-00713;DEV-01743;2025-05-22;2025-05;2024-2025;TEC-03;Fabien Ortiz;Bordeaux;Électricité;5.6;5.6;33.0;184.8;1638.19;Terminée
INT-00714;DEV-01747;2025-04-24;2025-04;2024-2025;TEC-05;Sonia Mercier;Bordeaux;Salle de bain;17.5;17.9;31.0;554.9;2423.53;Terminée
INT-00715;DEV-01750;2025-04-14;2025-04;2024-2025;TEC-06;Pierre Vasseur;Toulouse;Chauffage;9.3;9.2;36.0;331.2;2876.63;Terminée
INT-00716;DEV-01758;2025-05-05;2025-05;2024-2025;TEC-12;Inès Bonnaud;Montpellier;Électricité;7.4;9.9;29.0;287.1;884.7;Terminée
INT-00717;DEV-01760;2025-05-19;2025-05;2024-2025;TEC-08;Elodie Ravel;Toulouse;Électricité;7.9;8.0;32.0;256.0;858.15;Terminée
INT-00718;DEV-01761;2025-05-01;2025-05;2024-2025;TEC-04;Lucas Bertin;Bordeaux;Dépannage;1.6;1.9;27.0;51.3;271.61;Terminée
INT-00719;DEV-01762;2025-05-05;2025-05;2024-2025;TEC-02;Ahmed Zahiri;Bordeaux;Dépannage;2.0;1.7;35.0;59.5;148.12;Terminée
INT-00720;DEV-01764;2025-05-21;2025-05;2024-2025;TEC-02;Ahmed Zahiri;Bordeaux;Dépannage;1.0;1.0;35.0;35.0;95.94;Terminée
INT-00721;DEV-01767;2025-04-21;2025-04;2024-2025;TEC-02;Ahmed Zahiri;Bordeaux;Chauffage;30.2;30.7;35.0;1074.5;8557.17;Terminée
INT-00722;DEV-01769;2025-05-05;2025-05;2024-2025;TEC-09;Mehdi Ouali;Toulouse;Dépannage;1.7;2.0;28.0;56.0;267.21;Terminée
INT-00723;DEV-01770;2025-05-14;2025-05;2024-2025;TEC-02;Ahmed Zahiri;Bordeaux;Chauffage;11.2;10.6;35.0;371.0;2886.71;Terminée
INT-00724;DEV-01771;2025-04-21;2025-04;2024-2025;TEC-09;Mehdi Ouali;Toulouse;Dépannage;1.1;1.2;28.0;33.6;144.72;Terminée
INT-00725;DEV-01775;2025-04-21;2025-04;2024-2025;TEC-02;Ahmed Zahiri;Bordeaux;Dépannage;2.1;2.0;35.0;70.0;151.96;Terminée
INT-00726;DEV-01777;2025-05-05;2025-05;2024-2025;TEC-05;Sonia Mercier;Bordeaux;Salle de bain;5.8;5.5;31.0;170.5;599.26;Terminée
INT-00727;DEV-01780;2025-05-12;2025-05;2024-2025;TEC-10;Bruno Castel;Montpellier;Salle de bain;15.6;20.6;31.0;638.6;2329.5;Terminée
INT-00728;DEV-01788;2025-06-17;2025-06;2024-2025;TEC-06;Pierre Vasseur;Toulouse;Chauffage;3.2;3.1;36.0;111.6;302.57;Terminée
INT-00729;DEV-01793;2025-05-05;2025-05;2024-2025;TEC-07;Yannick Dubreuil;Toulouse;Salle de bain;10.6;12.2;30.0;366.0;1123.01;Terminée
INT-00730;DEV-01795;2025-05-15;2025-05;2024-2025;TEC-07;Yannick Dubreuil;Toulouse;Plomberie;1.8;1.8;30.0;54.0;213.31;Terminée
INT-00731;DEV-01796;2025-05-19;2025-05;2024-2025;TEC-08;Elodie Ravel;Toulouse;Électricité;27.1;26.4;32.0;844.8;7600.87;Terminée
INT-00732;DEV-01801;2025-05-22;2025-05;2024-2025;TEC-01;Marc Delaunay;Bordeaux;Dépannage;1.9;1.7;32.0;54.4;116.12;Terminée
INT-00733;DEV-01810;2025-05-28;2025-05;2024-2025;TEC-09;Mehdi Ouali;Toulouse;Dépannage;1.5;1.6;28.0;44.8;118.11;Terminée
INT-00734;DEV-01812;2025-05-19;2025-05;2024-2025;TEC-04;Lucas Bertin;Bordeaux;Plomberie;28.7;33.4;27.0;901.8;6148.65;Terminée
INT-00735;DEV-01814;2025-05-13;2025-05;2024-2025;TEC-11;Damien Roche;Montpellier;Chauffage;8.9;10.3;34.0;350.2;2739.05;Terminée
INT-00736;DEV-01816;2025-06-23;2025-06;2024-2025;TEC-02;Ahmed Zahiri;Bordeaux;Dépannage;0.9;0.8;35.0;28.0;80.75;Terminée
INT-00737;DEV-01822;2025-06-02;2025-06;2024-2025;TEC-01;Marc Delaunay;Bordeaux;Plomberie;4.3;4.3;32.0;137.6;688.29;Terminée
INT-00738;DEV-01825;2025-06-10;2025-06;2024-2025;TEC-08;Elodie Ravel;Toulouse;Électricité;13.8;12.8;32.0;409.6;1575.6;Terminée
INT-00739;DEV-01826;2025-05-05;2025-05;2024-2025;TEC-12;Inès Bonnaud;Montpellier;Salle de bain;5.7;7.8;29.0;226.2;828.59;Terminée
INT-00740;DEV-01829;2025-05-23;2025-05;2024-2025;TEC-04;Lucas Bertin;Bordeaux;Plomberie;4.9;6.1;27.0;164.7;569.38;Terminée
INT-00741;DEV-01835;2025-06-05;2025-06;2024-2025;TEC-05;Sonia Mercier;Bordeaux;Salle de bain;46.0;43.1;31.0;1336.1;4866.6;Terminée
INT-00742;DEV-01837;2025-05-26;2025-05;2024-2025;TEC-05;Sonia Mercier;Bordeaux;Salle de bain;43.3;44.0;31.0;1364.0;6529.35;Terminée
INT-00743;DEV-01839;2025-05-09;2025-05;2024-2025;TEC-12;Inès Bonnaud;Montpellier;Électricité;5.3;7.4;29.0;214.6;1823.39;Terminée
INT-00744;DEV-01842;2025-05-23;2025-05;2024-2025;TEC-09;Mehdi Ouali;Toulouse;Dépannage;1.1;1.3;28.0;36.4;184.13;Terminée
INT-00745;DEV-01852;2025-05-23;2025-05;2024-2025;TEC-09;Mehdi Ouali;Toulouse;Dépannage;1.6;1.7;28.0;47.6;287.4;Terminée
INT-00746;DEV-01859;2025-05-30;2025-05;2024-2025;TEC-03;Fabien Ortiz;Bordeaux;Dépannage;1.1;1.2;33.0;39.6;141.7;Terminée
INT-00747;DEV-01860;2025-05-30;2025-05;2024-2025;TEC-07;Yannick Dubreuil;Toulouse;Plomberie;4.3;4.4;30.0;132.0;860.92;Terminée
INT-00748;DEV-01861;2025-06-27;2025-06;2024-2025;TEC-12;Inès Bonnaud;Montpellier;Salle de bain;43.9;60.2;29.0;1745.8;5733.56;Terminée
INT-00749;DEV-01862;2025-05-28;2025-05;2024-2025;TEC-03;Fabien Ortiz;Bordeaux;Électricité;14.1;15.0;33.0;495.0;2065.49;Terminée
INT-00750;DEV-01875;2025-07-03;2025-07;2025-2026;TEC-03;Fabien Ortiz;Bordeaux;Électricité;16.2;16.1;33.0;531.3;1595.57;Terminée
INT-00751;DEV-01878;2025-06-18;2025-06;2024-2025;TEC-03;Fabien Ortiz;Bordeaux;Électricité;15.2;16.0;33.0;528.0;2895.47;Terminée
INT-00752;DEV-01882;2025-05-20;2025-05;2024-2025;TEC-11;Damien Roche;Montpellier;Dépannage;1.4;1.5;34.0;51.0;209.78;Terminée
INT-00753;DEV-01883;2025-06-13;2025-06;2024-2025;TEC-01;Marc Delaunay;Bordeaux;Dépannage;1.0;0.9;32.0;28.8;93.86;Terminée
INT-00754;DEV-01886;2025-06-16;2025-06;2024-2025;TEC-05;Sonia Mercier;Bordeaux;Dépannage;1.9;1.7;31.0;52.7;355.39;Terminée
INT-00755;DEV-01887;2025-06-16;2025-06;2024-2025;TEC-06;Pierre Vasseur;Toulouse;Chauffage;3.2;2.9;36.0;104.4;171.92;Terminée
INT-00756;DEV-01888;2025-06-09;2025-06;2024-2025;TEC-03;Fabien Ortiz;Bordeaux;Dépannage;1.7;1.6;33.0;52.8;240.02;Terminée
INT-00757;DEV-01893;2025-06-11;2025-06;2024-2025;TEC-03;Fabien Ortiz;Bordeaux;Électricité;16.3;15.9;33.0;524.7;1852.39;Terminée
INT-00758;DEV-01895;2025-06-23;2025-06;2024-2025;TEC-05;Sonia Mercier;Bordeaux;Salle de bain;6.0;6.5;31.0;201.5;589.02;Terminée
INT-00759;DEV-01897;2025-06-09;2025-06;2024-2025;TEC-03;Fabien Ortiz;Bordeaux;Électricité;16.4;16.8;33.0;554.4;2285.32;Terminée
INT-00760;DEV-01899;2025-05-23;2025-05;2024-2025;TEC-05;Sonia Mercier;Bordeaux;Salle de bain;5.6;5.6;31.0;173.6;1590.7;Terminée
INT-00761;DEV-01901;2025-06-30;2025-06;2024-2025;TEC-03;Fabien Ortiz;Bordeaux;Électricité;14.4;13.0;33.0;429.0;3090.72;Terminée
INT-00762;DEV-01904;2025-07-07;2025-07;2025-2026;TEC-07;Yannick Dubreuil;Toulouse;Plomberie;8.5;8.5;30.0;255.0;1242.6;Terminée
INT-00763;DEV-01916;2025-07-14;2025-07;2025-2026;TEC-08;Elodie Ravel;Toulouse;Électricité;5.7;5.9;32.0;188.8;940.9;Terminée
INT-00764;DEV-01918;2025-07-14;2025-07;2025-2026;TEC-09;Mehdi Ouali;Toulouse;Dépannage;1.1;1.3;28.0;36.4;81.87;Terminée
INT-00765;DEV-01920;2025-06-11;2025-06;2024-2025;TEC-03;Fabien Ortiz;Bordeaux;Dépannage;1.1;1.1;33.0;36.3;199.3;Terminée
INT-00766;DEV-01922;2025-06-23;2025-06;2024-2025;TEC-09;Mehdi Ouali;Toulouse;Dépannage;1.5;1.6;28.0;44.8;109.11;Terminée
INT-00767;DEV-01928;2025-06-19;2025-06;2024-2025;TEC-09;Mehdi Ouali;Toulouse;Dépannage;1.0;1.1;28.0;30.8;73.89;Terminée
INT-00768;DEV-01930;2025-06-30;2025-06;2024-2025;TEC-03;Fabien Ortiz;Bordeaux;Dépannage;4.2;3.9;33.0;128.7;604.59;Terminée
INT-00769;DEV-01932;2025-06-23;2025-06;2024-2025;TEC-04;Lucas Bertin;Bordeaux;Plomberie;4.4;4.8;27.0;129.6;1754.14;Terminée
INT-00770;DEV-01933;2025-06-16;2025-06;2024-2025;TEC-03;Fabien Ortiz;Bordeaux;Électricité;4.7;5.2;33.0;171.6;1704.87;Terminée
INT-00771;DEV-01934;2025-06-06;2025-06;2024-2025;TEC-08;Elodie Ravel;Toulouse;Électricité;14.3;15.4;32.0;492.8;1527.24;Terminée
INT-00772;DEV-01937;2025-06-26;2025-06;2024-2025;TEC-05;Sonia Mercier;Bordeaux;Salle de bain;17.8;16.3;31.0;505.3;2815.29;Terminée
INT-00773;DEV-01938;2025-06-25;2025-06;2024-2025;TEC-04;Lucas Bertin;Bordeaux;Plomberie;55.6;62.9;27.0;1698.3;8630.94;Terminée
INT-00774;DEV-01941;2025-07-07;2025-07;2025-2026;TEC-09;Mehdi Ouali;Toulouse;Dépannage;1.5;1.7;28.0;47.6;131.5;Terminée
INT-00775;DEV-01942;2025-07-22;2025-07;2025-2026;TEC-01;Marc Delaunay;Bordeaux;Plomberie;25.2;24.8;32.0;793.6;4046.31;Terminée
INT-00776;DEV-01944;2025-06-25;2025-06;2024-2025;TEC-09;Mehdi Ouali;Toulouse;Dépannage;1.5;1.5;28.0;42.0;118.17;Terminée
INT-00777;DEV-01948;2025-07-07;2025-07;2025-2026;TEC-04;Lucas Bertin;Bordeaux;Plomberie;15.4;19.6;27.0;529.2;1712.33;Terminée
INT-00778;DEV-01952;2025-07-09;2025-07;2025-2026;TEC-04;Lucas Bertin;Bordeaux;Plomberie;47.6;54.1;27.0;1460.7;14096.89;Terminée
INT-00779;DEV-01954;2025-07-28;2025-07;2025-2026;TEC-09;Mehdi Ouali;Toulouse;Dépannage;1.6;1.7;28.0;47.6;132.95;Terminée
INT-00780;DEV-01955;2025-07-15;2025-07;2025-2026;TEC-03;Fabien Ortiz;Bordeaux;Électricité;4.9;4.8;33.0;158.4;773.13;Terminée
INT-00781;DEV-01957;2025-06-27;2025-06;2024-2025;TEC-01;Marc Delaunay;Bordeaux;Plomberie;4.9;5.1;32.0;163.2;827.47;Terminée
INT-00782;DEV-01958;2025-07-14;2025-07;2025-2026;TEC-03;Fabien Ortiz;Bordeaux;Électricité;40.7;39.3;33.0;1296.9;14420.61;Terminée
INT-00783;DEV-01961;2025-07-16;2025-07;2025-2026;TEC-12;Inès Bonnaud;Montpellier;Électricité;6.4;9.0;29.0;261.0;1789.28;Terminée
INT-00784;DEV-01962;2025-07-28;2025-07;2025-2026;TEC-03;Fabien Ortiz;Bordeaux;Électricité;5.1;4.8;33.0;158.4;849.44;Terminée
INT-00785;DEV-01963;2025-07-14;2025-07;2025-2026;TEC-04;Lucas Bertin;Bordeaux;Plomberie;28.3;36.4;27.0;982.8;3526.43;Terminée
INT-00786;DEV-01965;2025-07-30;2025-07;2025-2026;TEC-05;Sonia Mercier;Bordeaux;Salle de bain;17.6;18.0;31.0;558.0;2725.69;Terminée
INT-00787;DEV-01969;2025-07-28;2025-07;2025-2026;TEC-02;Ahmed Zahiri;Bordeaux;Dépannage;2.2;2.2;35.0;77.0;116.71;Terminée
INT-00788;DEV-01970;2025-07-28;2025-07;2025-2026;TEC-03;Fabien Ortiz;Bordeaux;Électricité;39.4;38.0;33.0;1254.0;6769.3;Terminée
INT-00789;DEV-01972;2025-07-25;2025-07;2025-2026;TEC-09;Mehdi Ouali;Toulouse;Dépannage;1.4;1.7;28.0;47.6;134.56;Terminée
INT-00790;DEV-01983;2025-07-28;2025-07;2025-2026;TEC-07;Yannick Dubreuil;Toulouse;Plomberie;1.8;1.9;30.0;57.0;327.11;Terminée
INT-00791;DEV-01984;2025-07-08;2025-07;2025-2026;TEC-03;Fabien Ortiz;Bordeaux;Électricité;37.1;36.1;33.0;1191.3;6704.06;Terminée
INT-00792;DEV-01990;2025-08-07;2025-08;2025-2026;TEC-03;Fabien Ortiz;Bordeaux;Électricité;6.9;6.2;33.0;204.6;2041.01;Terminée
INT-00793;DEV-01993;2025-07-14;2025-07;2025-2026;TEC-07;Yannick Dubreuil;Toulouse;Plomberie;15.5;17.4;30.0;522.0;1810.78;Terminée
INT-00794;DEV-01996;2025-07-30;2025-07;2025-2026;TEC-01;Marc Delaunay;Bordeaux;Dépannage;2.0;2.0;32.0;64.0;165.03;Terminée
INT-00795;DEV-01997;2025-07-16;2025-07;2025-2026;TEC-09;Mehdi Ouali;Toulouse;Dépannage;1.0;1.3;28.0;36.4;100.19;Terminée
INT-00796;DEV-01998;2025-07-07;2025-07;2025-2026;TEC-10;Bruno Castel;Montpellier;Plomberie;5.0;6.3;31.0;195.3;629.24;Terminée
INT-00797;DEV-01999;2025-07-08;2025-07;2025-2026;TEC-04;Lucas Bertin;Bordeaux;Plomberie;4.1;5.3;27.0;143.1;429.09;Terminée
INT-00798;DEV-02001;2025-08-04;2025-08;2025-2026;TEC-07;Yannick Dubreuil;Toulouse;Plomberie;27.8;27.6;30.0;828.0;4192.36;Terminée
INT-00799;DEV-02005;2025-07-09;2025-07;2025-2026;TEC-03;Fabien Ortiz;Bordeaux;Électricité;44.9;42.3;33.0;1395.9;6212.58;Terminée
INT-00800;DEV-02006;2025-08-12;2025-08;2025-2026;TEC-04;Lucas Bertin;Bordeaux;Dépannage;1.6;2.1;27.0;56.7;206.5;Terminée
INT-00801;DEV-02007;2025-07-15;2025-07;2025-2026;TEC-08;Elodie Ravel;Toulouse;Électricité;7.8;8.7;32.0;278.4;1036.37;Terminée
INT-00802;DEV-02009;2025-07-22;2025-07;2025-2026;TEC-04;Lucas Bertin;Bordeaux;Plomberie;4.7;5.5;27.0;148.5;697.57;Terminée
INT-00803;DEV-02010;2025-07-18;2025-07;2025-2026;TEC-04;Lucas Bertin;Bordeaux;Dépannage;1.5;1.9;27.0;51.3;113.44;Terminée
INT-00804;DEV-02011;2025-07-16;2025-07;2025-2026;TEC-08;Elodie Ravel;Toulouse;Électricité;43.8;42.2;32.0;1350.4;13098.49;Terminée
INT-00805;DEV-02014;2025-08-11;2025-08;2025-2026;TEC-05;Sonia Mercier;Bordeaux;Salle de bain;6.2;5.5;31.0;170.5;619.32;Terminée
INT-00806;DEV-02015;2025-08-18;2025-08;2025-2026;TEC-08;Elodie Ravel;Toulouse;Salle de bain;17.5;19.0;32.0;608.0;2051.91;Terminée
INT-00807;DEV-02016;2025-07-28;2025-07;2025-2026;TEC-09;Mehdi Ouali;Toulouse;Dépannage;1.1;1.3;28.0;36.4;138.75;Terminée
INT-00808;DEV-02019;2025-08-01;2025-08;2025-2026;TEC-07;Yannick Dubreuil;Toulouse;Plomberie;14.3;13.8;30.0;414.0;2093.62;Terminée
INT-00809;DEV-02021;2025-08-18;2025-08;2025-2026;TEC-03;Fabien Ortiz;Bordeaux;Électricité;39.8;43.7;33.0;1442.1;6917.75;Terminée
INT-00810;DEV-02025;2025-08-27;2025-08;2025-2026;TEC-08;Elodie Ravel;Toulouse;Électricité;5.1;5.5;32.0;176.0;794.41;Terminée
INT-00811;DEV-02028;2025-08-04;2025-08;2025-2026;TEC-05;Sonia Mercier;Bordeaux;Salle de bain;15.6;16.0;31.0;496.0;5593.79;Terminée
INT-00812;DEV-02032;2025-08-04;2025-08;2025-2026;TEC-03;Fabien Ortiz;Bordeaux;Électricité;14.1;12.9;33.0;425.7;2021.36;Terminée
INT-00813;DEV-02038;2025-08-19;2025-08;2025-2026;TEC-08;Elodie Ravel;Toulouse;Salle de bain;48.8;46.6;32.0;1491.2;7147.42;Terminée
INT-00814;DEV-02041;2025-07-25;2025-07;2025-2026;TEC-07;Yannick Dubreuil;Toulouse;Plomberie;4.5;4.3;30.0;129.0;766.83;Terminée
INT-00815;DEV-02042;2025-08-08;2025-08;2025-2026;TEC-01;Marc Delaunay;Bordeaux;Dépannage;1.6;1.4;32.0;44.8;211.99;Terminée
INT-00816;DEV-02046;2025-09-03;2025-09;2025-2026;TEC-05;Sonia Mercier;Bordeaux;Salle de bain;5.5;5.2;31.0;161.2;1140.23;Terminée
INT-00817;DEV-02047;2025-08-28;2025-08;2025-2026;TEC-07;Yannick Dubreuil;Toulouse;Plomberie;14.4;13.6;30.0;408.0;4305.55;Terminée
INT-00818;DEV-02049;2025-08-15;2025-08;2025-2026;TEC-09;Mehdi Ouali;Toulouse;Dépannage;2.2;2.7;28.0;75.6;130.84;Terminée
INT-00819;DEV-02050;2025-08-08;2025-08;2025-2026;TEC-02;Ahmed Zahiri;Bordeaux;Chauffage;3.4;3.2;35.0;112.0;649.11;Terminée
INT-00820;DEV-02055;2025-09-05;2025-09;2025-2026;TEC-03;Fabien Ortiz;Bordeaux;Électricité;6.7;7.3;33.0;240.9;1770.2;Terminée
INT-00821;DEV-02056;2025-07-30;2025-07;2025-2026;TEC-09;Mehdi Ouali;Toulouse;Dépannage;1.6;2.0;28.0;56.0;127.46;Terminée
INT-00822;DEV-02059;2025-08-25;2025-08;2025-2026;TEC-03;Fabien Ortiz;Bordeaux;Dépannage;1.0;1.1;33.0;36.3;87.97;Terminée
INT-00823;DEV-02063;2025-09-03;2025-09;2025-2026;TEC-01;Marc Delaunay;Bordeaux;Plomberie;5.0;5.0;32.0;160.0;863.47;Terminée
INT-00824;DEV-02071;2025-08-21;2025-08;2025-2026;TEC-09;Mehdi Ouali;Toulouse;Dépannage;1.5;1.7;28.0;47.6;106.08;Terminée
INT-00825;DEV-02077;2025-08-04;2025-08;2025-2026;TEC-03;Fabien Ortiz;Bordeaux;Électricité;31.3;31.4;33.0;1036.2;3460.06;Terminée
INT-00826;DEV-02085;2025-09-23;2025-09;2025-2026;TEC-08;Elodie Ravel;Toulouse;Électricité;8.0;8.8;32.0;281.6;904.9;Terminée
INT-00827;DEV-02090;2025-08-07;2025-08;2025-2026;TEC-02;Ahmed Zahiri;Bordeaux;Chauffage;1.0;0.9;35.0;31.5;76.63;Terminée
INT-00828;DEV-02091;2025-09-04;2025-09;2025-2026;TEC-03;Fabien Ortiz;Bordeaux;Électricité;13.7;14.3;33.0;471.9;2068.24;Terminée
INT-00829;DEV-02097;2025-08-15;2025-08;2025-2026;TEC-09;Mehdi Ouali;Toulouse;Dépannage;1.6;1.7;28.0;47.6;136.17;Terminée
INT-00830;DEV-02101;2025-08-19;2025-08;2025-2026;TEC-01;Marc Delaunay;Bordeaux;Plomberie;29.0;27.4;32.0;876.8;3493.19;Terminée
INT-00831;DEV-02106;2025-09-15;2025-09;2025-2026;TEC-07;Yannick Dubreuil;Toulouse;Plomberie;4.7;5.3;30.0;159.0;654.02;Terminée
INT-00832;DEV-02109;2025-08-19;2025-08;2025-2026;TEC-09;Mehdi Ouali;Toulouse;Dépannage;1.5;1.6;28.0;44.8;213.74;Terminée
INT-00833;DEV-02111;2025-08-29;2025-08;2025-2026;TEC-04;Lucas Bertin;Bordeaux;Plomberie;4.8;5.3;27.0;143.1;1333.42;Terminée
INT-00834;DEV-02112;2025-08-25;2025-08;2025-2026;TEC-08;Elodie Ravel;Toulouse;Électricité;10.6;10.4;32.0;332.8;1658.35;Terminée
INT-00835;DEV-02117;2025-09-01;2025-09;2025-2026;TEC-10;Bruno Castel;Montpellier;Dépannage;1.7;2.0;31.0;62.0;147.6;Terminée
INT-00836;DEV-02119;2025-09-15;2025-09;2025-2026;TEC-02;Ahmed Zahiri;Bordeaux;Chauffage;1.0;0.9;35.0;31.5;52.46;Terminée
INT-00837;DEV-02122;2025-09-29;2025-09;2025-2026;TEC-05;Sonia Mercier;Bordeaux;Salle de bain;6.0;6.5;31.0;201.5;654.02;Terminée
INT-00838;DEV-02123;2025-09-19;2025-09;2025-2026;TEC-05;Sonia Mercier;Bordeaux;Dépannage;0.9;0.9;31.0;27.9;203.68;Terminée
INT-00839;DEV-02129;2025-09-16;2025-09;2025-2026;TEC-03;Fabien Ortiz;Bordeaux;Dépannage;1.0;1.1;33.0;36.3;88.53;Terminée
INT-00840;DEV-02134;2025-09-16;2025-09;2025-2026;TEC-05;Sonia Mercier;Bordeaux;Salle de bain;5.0;5.0;31.0;155.0;746.79;Terminée
INT-00841;DEV-02135;2025-09-11;2025-09;2025-2026;TEC-05;Sonia Mercier;Bordeaux;Salle de bain;48.1;52.2;31.0;1618.2;6214.6;Terminée
INT-00842;DEV-02139;2025-08-26;2025-08;2025-2026;TEC-02;Ahmed Zahiri;Bordeaux;Dépannage;1.9;1.7;35.0;59.5;273.34;Terminée
INT-00843;DEV-02142;2025-09-22;2025-09;2025-2026;TEC-11;Damien Roche;Montpellier;Dépannage;2.1;2.3;34.0;78.2;143.58;Terminée
INT-00844;DEV-02145;2025-09-08;2025-09;2025-2026;TEC-03;Fabien Ortiz;Bordeaux;Électricité;15.0;15.6;33.0;514.8;1767.88;Terminée
INT-00845;DEV-02167;2025-09-29;2025-09;2025-2026;TEC-03;Fabien Ortiz;Bordeaux;Électricité;5.7;5.7;33.0;188.1;1089.76;Terminée
INT-00846;DEV-02174;2025-09-19;2025-09;2025-2026;TEC-07;Yannick Dubreuil;Toulouse;Plomberie;1.9;2.0;30.0;60.0;426.01;Terminée
INT-00847;DEV-02178;2025-10-31;2025-10;2025-2026;TEC-05;Sonia Mercier;Bordeaux;Dépannage;1.5;1.6;31.0;49.6;283.12;Terminée
INT-00848;DEV-02181;2025-10-13;2025-10;2025-2026;TEC-01;Marc Delaunay;Bordeaux;Plomberie;25.5;23.6;32.0;755.2;4141.51;Terminée
INT-00849;DEV-02182;2025-10-06;2025-10;2025-2026;TEC-04;Lucas Bertin;Bordeaux;Plomberie;28.6;34.3;27.0;926.1;6496.34;Terminée
INT-00850;DEV-02188;2025-09-16;2025-09;2025-2026;TEC-08;Elodie Ravel;Toulouse;Électricité;13.9;15.2;32.0;486.4;3021.79;Terminée
INT-00851;DEV-02189;2025-10-24;2025-10;2025-2026;TEC-02;Ahmed Zahiri;Bordeaux;Dépannage;3.4;2.9;35.0;101.5;768.2;Terminée
INT-00852;DEV-02190;2025-10-17;2025-10;2025-2026;TEC-03;Fabien Ortiz;Bordeaux;Électricité;38.7;41.5;33.0;1369.5;5186.16;Terminée
INT-00853;DEV-02194;2025-11-05;2025-11;2025-2026;TEC-02;Ahmed Zahiri;Bordeaux;Dépannage;1.4;1.2;35.0;42.0;98.51;Terminée
INT-00854;DEV-02195;2025-09-29;2025-09;2025-2026;TEC-09;Mehdi Ouali;Toulouse;Dépannage;1.9;2.2;28.0;61.6;234.87;Terminée
INT-00855;DEV-02199;2025-11-10;2025-11;2025-2026;TEC-07;Yannick Dubreuil;Toulouse;Plomberie;14.3;14.9;30.0;447.0;1695.35;Terminée
INT-00856;DEV-02202;2025-10-03;2025-10;2025-2026;TEC-03;Fabien Ortiz;Bordeaux;Électricité;40.0;39.4;33.0;1300.2;5595.8;Terminée
INT-00857;DEV-02204;2025-11-03;2025-11;2025-2026;TEC-11;Damien Roche;Montpellier;Dépannage;1.7;1.9;34.0;64.6;203.16;Terminée
INT-00858;DEV-02207;2025-10-06;2025-10;2025-2026;TEC-04;Lucas Bertin;Bordeaux;Plomberie;39.7;44.6;27.0;1204.2;4521.76;Terminée
INT-00859;DEV-02208;2025-11-03;2025-11;2025-2026;TEC-06;Pierre Vasseur;Toulouse;Chauffage;3.6;3.2;36.0;115.2;319.13;Terminée
INT-00860;DEV-02211;2025-10-29;2025-10;2025-2026;TEC-08;Elodie Ravel;Toulouse;Électricité;30.1;28.3;32.0;905.6;3791.96;Terminée
INT-00861;DEV-02212;2025-10-17;2025-10;2025-2026;TEC-11;Damien Roche;Montpellier;Chauffage;27.9;27.8;34.0;945.2;16154.08;Terminée
INT-00862;DEV-02214;2025-10-02;2025-10;2025-2026;TEC-08;Elodie Ravel;Toulouse;Électricité;16.4;15.7;32.0;502.4;2223.22;Terminée
INT-00863;DEV-02217;2025-10-13;2025-10;2025-2026;TEC-11;Damien Roche;Montpellier;Dépannage;2.2;2.3;34.0;78.2;319.64;Terminée
INT-00864;DEV-02223;2025-10-10;2025-10;2025-2026;TEC-08;Elodie Ravel;Toulouse;Électricité;15.2;14.2;32.0;454.4;2110.15;Terminée
INT-00865;DEV-02232;2025-10-20;2025-10;2025-2026;TEC-02;Ahmed Zahiri;Bordeaux;Dépannage;1.7;1.7;35.0;59.5;277.73;Terminée
INT-00866;DEV-02233;2025-10-20;2025-10;2025-2026;TEC-03;Fabien Ortiz;Bordeaux;Électricité;34.3;34.0;33.0;1122.0;3840.59;Terminée
INT-00867;DEV-02235;2025-11-03;2025-11;2025-2026;TEC-09;Mehdi Ouali;Toulouse;Dépannage;1.0;1.0;28.0;28.0;104.22;Terminée
INT-00868;DEV-02239;2025-11-17;2025-11;2025-2026;TEC-09;Mehdi Ouali;Toulouse;Dépannage;1.8;1.7;28.0;47.6;135.26;Terminée
INT-00869;DEV-02242;2025-11-03;2025-11;2025-2026;TEC-02;Ahmed Zahiri;Bordeaux;Chauffage;8.1;7.5;35.0;262.5;2429.96;Terminée
INT-00870;DEV-02250;2025-11-10;2025-11;2025-2026;TEC-04;Lucas Bertin;Bordeaux;Dépannage;1.1;1.2;27.0;32.4;196.4;Terminée
INT-00871;DEV-02254;2025-11-04;2025-11;2025-2026;TEC-06;Pierre Vasseur;Toulouse;Chauffage;0.9;0.9;36.0;32.4;67.6;Terminée
INT-00872;DEV-02269;2025-11-14;2025-11;2025-2026;TEC-10;Bruno Castel;Montpellier;Salle de bain;15.5;17.4;31.0;539.4;4443.74;Terminée
INT-00873;DEV-02270;2025-11-21;2025-11;2025-2026;TEC-06;Pierre Vasseur;Toulouse;Chauffage;3.2;3.2;36.0;115.2;330.99;Terminée
INT-00874;DEV-02271;2025-11-19;2025-11;2025-2026;TEC-09;Mehdi Ouali;Toulouse;Dépannage;3.4;3.7;28.0;103.6;485.68;Terminée
INT-00875;DEV-02272;2025-10-22;2025-10;2025-2026;TEC-05;Sonia Mercier;Bordeaux;Salle de bain;50.1;49.0;31.0;1519.0;6722.59;Terminée
INT-00876;DEV-02274;2025-11-10;2025-11;2025-2026;TEC-09;Mehdi Ouali;Toulouse;Dépannage;1.0;1.1;28.0;30.8;81.73;Terminée
INT-00877;DEV-02276;2025-11-17;2025-11;2025-2026;TEC-08;Elodie Ravel;Toulouse;Électricité;30.4;29.8;32.0;953.6;6455.59;Terminée
INT-00878;DEV-02278;2025-11-03;2025-11;2025-2026;TEC-09;Mehdi Ouali;Toulouse;Dépannage;1.0;1.1;28.0;30.8;230.77;Terminée
INT-00879;DEV-02283;2025-11-10;2025-11;2025-2026;TEC-01;Marc Delaunay;Bordeaux;Plomberie;24.0;21.1;32.0;675.2;6877.28;Terminée
INT-00880;DEV-02289;2025-11-14;2025-11;2025-2026;TEC-08;Elodie Ravel;Toulouse;Électricité;17.2;16.2;32.0;518.4;2091.28;Terminée
INT-00881;DEV-02290;2025-11-17;2025-11;2025-2026;TEC-02;Ahmed Zahiri;Bordeaux;Chauffage;12.6;11.9;35.0;416.5;6494.57;Terminée
INT-00882;DEV-02292;2025-11-17;2025-11;2025-2026;TEC-02;Ahmed Zahiri;Bordeaux;Chauffage;3.5;3.1;35.0;108.5;563.84;Terminée
INT-00883;DEV-02293;2025-11-27;2025-11;2025-2026;TEC-03;Fabien Ortiz;Bordeaux;Électricité;5.6;6.1;33.0;201.3;958.2;Terminée
INT-00884;DEV-02313;2025-11-03;2025-11;2025-2026;TEC-06;Pierre Vasseur;Toulouse;Chauffage;2.7;2.2;36.0;79.2;163.76;Terminée
INT-00885;DEV-02317;2025-11-27;2025-11;2025-2026;TEC-07;Yannick Dubreuil;Toulouse;Plomberie;2.1;2.2;30.0;66.0;190.56;Terminée
INT-00886;DEV-02326;2025-12-10;2025-12;2025-2026;TEC-03;Fabien Ortiz;Bordeaux;Électricité;7.2;6.7;33.0;221.1;1079.42;Terminée
INT-00887;DEV-02329;2025-12-05;2025-12;2025-2026;TEC-08;Elodie Ravel;Toulouse;Salle de bain;6.0;6.2;32.0;198.4;1261.38;Terminée
INT-00888;DEV-02333;2025-11-26;2025-11;2025-2026;TEC-10;Bruno Castel;Montpellier;Salle de bain;16.9;17.4;31.0;539.4;1935.24;Terminée
INT-00889;DEV-02338;2025-11-10;2025-11;2025-2026;TEC-02;Ahmed Zahiri;Bordeaux;Chauffage;3.8;3.9;35.0;136.5;563.2;Terminée
INT-00890;DEV-02341;2025-11-28;2025-11;2025-2026;TEC-07;Yannick Dubreuil;Toulouse;Plomberie;27.3;30.8;30.0;924.0;4141.31;Terminée
INT-00891;DEV-02343;2025-12-22;2025-12;2025-2026;TEC-05;Sonia Mercier;Bordeaux;Salle de bain;48.9;53.1;31.0;1646.1;12477.35;Terminée
INT-00892;DEV-02345;2025-11-06;2025-11;2025-2026;TEC-02;Ahmed Zahiri;Bordeaux;Chauffage;30.8;31.8;35.0;1113.0;18665.52;Terminée
INT-00893;DEV-02348;2025-11-25;2025-11;2025-2026;TEC-02;Ahmed Zahiri;Bordeaux;Chauffage;8.7;7.4;35.0;259.0;1394.69;Terminée
INT-00894;DEV-02352;2025-11-26;2025-11;2025-2026;TEC-02;Ahmed Zahiri;Bordeaux;Chauffage;3.6;3.5;35.0;122.5;357.16;Terminée
INT-00895;DEV-02354;2025-11-18;2025-11;2025-2026;TEC-05;Sonia Mercier;Bordeaux;Salle de bain;45.7;46.1;31.0;1429.1;5680.16;Terminée
INT-00896;DEV-02357;2025-12-08;2025-12;2025-2026;TEC-05;Sonia Mercier;Bordeaux;Salle de bain;18.0;18.9;31.0;585.9;2868.33;Terminée
INT-00897;DEV-02361;2025-12-01;2025-12;2025-2026;TEC-06;Pierre Vasseur;Toulouse;Chauffage;8.6;8.4;36.0;302.4;2626.56;Terminée
INT-00898;DEV-02364;2025-12-15;2025-12;2025-2026;TEC-01;Marc Delaunay;Bordeaux;Dépannage;1.0;0.9;32.0;28.8;110.22;Terminée
INT-00899;DEV-02367;2025-11-17;2025-11;2025-2026;TEC-08;Elodie Ravel;Toulouse;Électricité;13.9;13.8;32.0;441.6;1905.7;Terminée
INT-00900;DEV-02369;2025-12-09;2025-12;2025-2026;TEC-07;Yannick Dubreuil;Toulouse;Salle de bain;18.3;20.4;30.0;612.0;5633.53;Terminée
INT-00901;DEV-02373;2026-01-21;2026-01;2025-2026;TEC-03;Fabien Ortiz;Bordeaux;Électricité;5.6;5.7;33.0;188.1;1818.97;Terminée
INT-00902;DEV-02374;2025-12-05;2025-12;2025-2026;TEC-02;Ahmed Zahiri;Bordeaux;Chauffage;3.6;3.2;35.0;112.0;427.84;Terminée
INT-00903;DEV-02376;2025-12-12;2025-12;2025-2026;TEC-11;Damien Roche;Montpellier;Dépannage;1.4;1.5;34.0;51.0;198.88;Terminée
INT-00904;DEV-02378;2025-11-19;2025-11;2025-2026;TEC-02;Ahmed Zahiri;Bordeaux;Chauffage;12.9;13.3;35.0;465.5;3420.13;Terminée
INT-00905;DEV-02379;2025-12-08;2025-12;2025-2026;TEC-03;Fabien Ortiz;Bordeaux;Électricité;4.6;4.6;33.0;151.8;820.18;Terminée
INT-00906;DEV-02382;2025-12-25;2025-12;2025-2026;TEC-05;Sonia Mercier;Bordeaux;Salle de bain;5.5;5.5;31.0;170.5;1580.2;Terminée
INT-00907;DEV-02383;2025-12-24;2025-12;2025-2026;TEC-09;Mehdi Ouali;Toulouse;Dépannage;4.4;4.8;28.0;134.4;673.51;Terminée
INT-00908;DEV-02384;2026-01-02;2026-01;2025-2026;TEC-02;Ahmed Zahiri;Bordeaux;Chauffage;25.6;25.5;35.0;892.5;9353.69;Terminée
INT-00909;DEV-02385;2025-12-10;2025-12;2025-2026;TEC-11;Damien Roche;Montpellier;Chauffage;1.0;1.1;34.0;37.4;55.36;Terminée
INT-00910;DEV-02392;2025-12-19;2025-12;2025-2026;TEC-05;Sonia Mercier;Bordeaux;Dépannage;1.6;1.6;31.0;49.6;126.25;Terminée
INT-00911;DEV-02393;2025-11-24;2025-11;2025-2026;TEC-01;Marc Delaunay;Bordeaux;Dépannage;4.5;4.4;32.0;140.8;482.71;Terminée
INT-00912;DEV-02394;2026-01-15;2026-01;2025-2026;TEC-08;Elodie Ravel;Toulouse;Salle de bain;41.1;40.4;32.0;1292.8;6986.75;Terminée
INT-00913;DEV-02395;2025-12-15;2025-12;2025-2026;TEC-03;Fabien Ortiz;Bordeaux;Électricité;15.0;14.0;33.0;462.0;1942.21;Terminée
INT-00914;DEV-02400;2025-12-25;2025-12;2025-2026;TEC-02;Ahmed Zahiri;Bordeaux;Chauffage;0.9;0.9;35.0;31.5;63.06;Terminée
INT-00915;DEV-02407;2025-12-22;2025-12;2025-2026;TEC-10;Bruno Castel;Montpellier;Dépannage;1.6;1.9;31.0;58.9;135.44;Terminée
INT-00916;DEV-02409;2026-01-20;2026-01;2025-2026;TEC-02;Ahmed Zahiri;Bordeaux;Chauffage;3.9;4.0;35.0;140.0;368.07;Terminée
INT-00917;DEV-02410;2025-12-31;2025-12;2025-2026;TEC-05;Sonia Mercier;Bordeaux;Salle de bain;5.2;5.0;31.0;155.0;1374.11;Terminée
INT-00918;DEV-02411;2025-12-19;2025-12;2025-2026;TEC-03;Fabien Ortiz;Bordeaux;Électricité;40.6;42.4;33.0;1399.2;6843.58;Terminée
INT-00919;DEV-02414;2025-12-01;2025-12;2025-2026;TEC-09;Mehdi Ouali;Toulouse;Dépannage;1.7;1.6;28.0;44.8;140.57;Terminée
INT-00920;DEV-02417;2026-01-05;2026-01;2025-2026;TEC-09;Mehdi Ouali;Toulouse;Dépannage;6.9;8.1;28.0;226.8;346.27;Terminée
INT-00921;DEV-02418;2025-12-31;2025-12;2025-2026;TEC-10;Bruno Castel;Montpellier;Plomberie;1.9;2.2;31.0;68.2;307.42;Terminée
INT-00922;DEV-02421;2025-12-30;2025-12;2025-2026;TEC-05;Sonia Mercier;Bordeaux;Salle de bain;17.7;16.7;31.0;517.7;5637.64;Terminée
INT-00923;DEV-02423;2026-01-01;2026-01;2025-2026;TEC-05;Sonia Mercier;Bordeaux;Dépannage;1.6;1.5;31.0;46.5;132.54;Terminée
INT-00924;DEV-02425;2026-01-07;2026-01;2025-2026;TEC-10;Bruno Castel;Montpellier;Plomberie;9.1;10.8;31.0;334.8;1418.61;Terminée
INT-00925;DEV-02428;2026-01-26;2026-01;2025-2026;TEC-04;Lucas Bertin;Bordeaux;Dépannage;2.0;2.3;27.0;62.1;157.83;Terminée
INT-00926;DEV-02436;2025-12-29;2025-12;2025-2026;TEC-09;Mehdi Ouali;Toulouse;Salle de bain;5.7;6.3;28.0;176.4;562.45;Terminée
INT-00927;DEV-02437;2026-01-02;2026-01;2025-2026;TEC-12;Inès Bonnaud;Montpellier;Électricité;14.1;17.3;29.0;501.7;2136.58;Terminée
INT-00928;DEV-02438;2025-12-29;2025-12;2025-2026;TEC-06;Pierre Vasseur;Toulouse;Chauffage;0.9;0.7;36.0;25.2;124.31;Terminée
INT-00929;DEV-02439;2026-01-08;2026-01;2025-2026;TEC-01;Marc Delaunay;Bordeaux;Dépannage;1.1;1.0;32.0;32.0;79.0;Terminée
INT-00930;DEV-02440;2026-01-07;2026-01;2025-2026;TEC-02;Ahmed Zahiri;Bordeaux;Chauffage;12.4;10.7;35.0;374.5;2546.45;Terminée
INT-00931;DEV-02441;2025-12-11;2025-12;2025-2026;TEC-04;Lucas Bertin;Bordeaux;Plomberie;24.6;27.8;27.0;750.6;4042.45;Terminée
INT-00932;DEV-02442;2025-12-11;2025-12;2025-2026;TEC-03;Fabien Ortiz;Bordeaux;Électricité;4.9;5.4;33.0;178.2;787.74;Terminée
INT-00933;DEV-02445;2026-01-12;2026-01;2025-2026;TEC-09;Mehdi Ouali;Toulouse;Dépannage;2.1;2.3;28.0;64.4;166.71;Terminée
INT-00934;DEV-02446;2026-01-13;2026-01;2025-2026;TEC-02;Ahmed Zahiri;Bordeaux;Chauffage;17.0;16.4;35.0;574.0;4305.41;Terminée
INT-00935;DEV-02452;2025-12-23;2025-12;2025-2026;TEC-06;Pierre Vasseur;Toulouse;Chauffage;1.0;0.9;36.0;32.4;56.36;Terminée
INT-00936;DEV-02453;2026-01-28;2026-01;2025-2026;TEC-08;Elodie Ravel;Toulouse;Électricité;7.1;7.7;32.0;246.4;940.26;Terminée
INT-00937;DEV-02458;2026-01-05;2026-01;2025-2026;TEC-09;Mehdi Ouali;Toulouse;Dépannage;1.1;1.2;28.0;33.6;79.31;Terminée
INT-00938;DEV-02460;2025-12-29;2025-12;2025-2026;TEC-08;Elodie Ravel;Toulouse;Électricité;7.4;7.2;32.0;230.4;1014.71;Terminée
INT-00939;DEV-02472;2026-01-05;2026-01;2025-2026;TEC-05;Sonia Mercier;Bordeaux;Dépannage;1.4;1.3;31.0;40.3;117.07;Terminée
INT-00940;DEV-02475;2025-12-30;2025-12;2025-2026;TEC-06;Pierre Vasseur;Toulouse;Chauffage;1.0;0.9;36.0;32.4;62.58;Terminée
INT-00941;DEV-02476;2026-01-05;2026-01;2025-2026;TEC-11;Damien Roche;Montpellier;Dépannage;3.4;3.8;34.0;129.2;236.78;Terminée
INT-00942;DEV-02477;2026-01-16;2026-01;2025-2026;TEC-03;Fabien Ortiz;Bordeaux;Électricité;7.6;7.5;33.0;247.5;2037.86;Terminée
INT-00943;DEV-02480;2026-01-08;2026-01;2025-2026;TEC-03;Fabien Ortiz;Bordeaux;Électricité;6.4;6.4;33.0;211.2;928.24;Terminée
INT-00944;DEV-02482;2026-01-26;2026-01;2025-2026;TEC-05;Sonia Mercier;Bordeaux;Dépannage;1.1;1.0;31.0;31.0;154.99;Terminée
INT-00945;DEV-02483;2025-12-29;2025-12;2025-2026;TEC-05;Sonia Mercier;Bordeaux;Salle de bain;16.9;17.5;31.0;542.5;3218.42;Terminée
INT-00946;DEV-02485;2026-01-01;2026-01;2025-2026;TEC-11;Damien Roche;Montpellier;Chauffage;3.8;4.5;34.0;153.0;487.66;Terminée
INT-00947;DEV-02491;2026-01-19;2026-01;2025-2026;TEC-07;Yannick Dubreuil;Toulouse;Salle de bain;5.8;6.0;30.0;180.0;551.28;Terminée
INT-00948;DEV-02495;2026-01-26;2026-01;2025-2026;TEC-03;Fabien Ortiz;Bordeaux;Électricité;7.8;8.5;33.0;280.5;1637.08;Terminée
INT-00949;DEV-02497;2026-02-16;2026-02;2025-2026;TEC-06;Pierre Vasseur;Toulouse;Chauffage;0.9;0.8;36.0;28.8;53.63;Terminée
INT-00950;DEV-02498;2026-01-22;2026-01;2025-2026;TEC-09;Mehdi Ouali;Toulouse;Dépannage;1.8;2.1;28.0;58.8;172.5;Terminée
INT-00951;DEV-02504;2025-12-26;2025-12;2025-2026;TEC-05;Sonia Mercier;Bordeaux;Dépannage;1.1;1.0;31.0;31.0;106.59;Terminée
INT-00952;DEV-02510;2026-02-16;2026-02;2025-2026;TEC-09;Mehdi Ouali;Toulouse;Dépannage;2.0;2.2;28.0;61.6;140.82;Terminée
INT-00953;DEV-02511;2026-01-13;2026-01;2025-2026;TEC-08;Elodie Ravel;Toulouse;Électricité;4.5;4.3;32.0;137.6;1295.03;Terminée
INT-00954;DEV-02513;2026-01-30;2026-01;2025-2026;TEC-04;Lucas Bertin;Bordeaux;Plomberie;2.2;2.4;27.0;64.8;180.78;Terminée
INT-00955;DEV-02519;2026-03-09;2026-03;2025-2026;TEC-02;Ahmed Zahiri;Bordeaux;Chauffage;26.9;23.6;35.0;826.0;8162.09;Terminée
INT-00956;DEV-02525;2026-01-22;2026-01;2025-2026;TEC-10;Bruno Castel;Montpellier;Dépannage;1.4;1.5;31.0;46.5;157.53;Terminée
INT-00957;DEV-02527;2026-02-17;2026-02;2025-2026;TEC-06;Pierre Vasseur;Toulouse;Chauffage;41.0;34.3;36.0;1234.8;9978.47;Terminée
INT-00958;DEV-02528;2026-02-02;2026-02;2025-2026;TEC-05;Sonia Mercier;Bordeaux;Salle de bain;44.7;42.6;31.0;1320.6;7203.43;Terminée
INT-00959;DEV-02535;2026-02-02;2026-02;2025-2026;TEC-04;Lucas Bertin;Bordeaux;Plomberie;14.9;17.1;27.0;461.7;2580.87;Terminée
INT-00960;DEV-02537;2026-01-12;2026-01;2025-2026;TEC-02;Ahmed Zahiri;Bordeaux;Chauffage;1.0;0.9;35.0;31.5;48.97;Terminée
INT-00961;DEV-02540;2026-02-04;2026-02;2025-2026;TEC-05;Sonia Mercier;Bordeaux;Salle de bain;6.2;5.6;31.0;173.6;647.75;Terminée
INT-00962;DEV-02546;2026-02-03;2026-02;2025-2026;TEC-03;Fabien Ortiz;Bordeaux;Électricité;5.2;5.3;33.0;174.9;767.74;Terminée
INT-00963;DEV-02558;2026-02-05;2026-02;2025-2026;TEC-05;Sonia Mercier;Bordeaux;Salle de bain;16.2;15.8;31.0;489.8;4932.44;Terminée
INT-00964;DEV-02560;2026-02-16;2026-02;2025-2026;TEC-03;Fabien Ortiz;Bordeaux;Électricité;16.3;15.3;33.0;504.9;5927.36;Terminée
INT-00965;DEV-02564;2026-02-16;2026-02;2025-2026;TEC-09;Mehdi Ouali;Toulouse;Dépannage;1.0;1.0;28.0;28.0;107.78;Terminée
INT-00966;DEV-02569;2026-02-24;2026-02;2025-2026;TEC-12;Inès Bonnaud;Montpellier;Électricité;15.4;20.0;29.0;580.0;1655.11;Terminée
INT-00967;DEV-02570;2026-02-16;2026-02;2025-2026;TEC-02;Ahmed Zahiri;Bordeaux;Chauffage;26.8;23.8;35.0;833.0;6551.91;Terminée
INT-00968;DEV-02578;2026-02-24;2026-02;2025-2026;TEC-03;Fabien Ortiz;Bordeaux;Dépannage;1.5;1.6;33.0;52.8;267.09;Terminée
INT-00969;DEV-02587;2026-03-04;2026-03;2025-2026;TEC-03;Fabien Ortiz;Bordeaux;Électricité;37.0;36.5;33.0;1204.5;6020.02;Terminée
INT-00970;DEV-02592;2026-03-10;2026-03;2025-2026;TEC-09;Mehdi Ouali;Toulouse;Dépannage;1.0;1.1;28.0;30.8;83.5;Terminée
INT-00971;DEV-02593;2026-02-23;2026-02;2025-2026;TEC-09;Mehdi Ouali;Toulouse;Dépannage;3.3;3.5;28.0;98.0;295.45;Terminée
INT-00972;DEV-02594;2026-02-05;2026-02;2025-2026;TEC-05;Sonia Mercier;Bordeaux;Dépannage;1.1;1.0;31.0;31.0;110.84;Terminée
INT-00973;DEV-02601;2026-02-16;2026-02;2025-2026;TEC-05;Sonia Mercier;Bordeaux;Dépannage;2.3;2.1;31.0;65.1;112.95;Terminée
INT-00974;DEV-02614;2026-03-12;2026-03;2025-2026;TEC-02;Ahmed Zahiri;Bordeaux;Chauffage;9.3;9.5;35.0;332.5;1359.14;Terminée
INT-00975;DEV-02615;2026-02-23;2026-02;2025-2026;TEC-03;Fabien Ortiz;Bordeaux;Électricité;14.3;15.0;33.0;495.0;1772.35;Terminée
INT-00976;DEV-02616;2026-02-13;2026-02;2025-2026;TEC-01;Marc Delaunay;Bordeaux;Dépannage;1.7;1.6;32.0;51.2;133.07;Terminée
INT-00977;DEV-02618;2026-02-27;2026-02;2025-2026;TEC-05;Sonia Mercier;Bordeaux;Salle de bain;5.5;5.6;31.0;173.6;604.21;Terminée
INT-00978;DEV-02619;2026-02-27;2026-02;2025-2026;TEC-08;Elodie Ravel;Toulouse;Électricité;38.2;38.8;32.0;1241.6;5794.34;Terminée
INT-00979;DEV-02624;2026-02-20;2026-02;2025-2026;TEC-09;Mehdi Ouali;Toulouse;Dépannage;2.2;2.4;28.0;67.2;189.46;Terminée
INT-00980;DEV-02631;2026-03-23;2026-03;2025-2026;TEC-06;Pierre Vasseur;Toulouse;Chauffage;10.9;9.8;36.0;352.8;3466.08;Terminée
INT-00981;DEV-02639;2026-03-03;2026-03;2025-2026;TEC-09;Mehdi Ouali;Toulouse;Dépannage;2.1;2.2;28.0;61.6;153.95;Terminée
INT-00982;DEV-02641;2026-03-05;2026-03;2025-2026;TEC-08;Elodie Ravel;Toulouse;Salle de bain;45.9;49.1;32.0;1571.2;6302.04;Terminée
INT-00983;DEV-02645;2026-03-16;2026-03;2025-2026;TEC-08;Elodie Ravel;Toulouse;Électricité;14.6;15.2;32.0;486.4;3135.82;Terminée
INT-00984;DEV-02646;2026-03-13;2026-03;2025-2026;TEC-03;Fabien Ortiz;Bordeaux;Électricité;41.6;42.2;33.0;1392.6;7030.77;Terminée
INT-00985;DEV-02650;2026-02-16;2026-02;2025-2026;TEC-01;Marc Delaunay;Bordeaux;Plomberie;27.1;23.5;32.0;752.0;3805.61;Terminée
INT-00986;DEV-02657;2026-03-06;2026-03;2025-2026;TEC-05;Sonia Mercier;Bordeaux;Salle de bain;45.7;41.0;31.0;1271.0;17650.65;Terminée
INT-00987;DEV-02658;2026-04-07;2026-04;2025-2026;TEC-07;Yannick Dubreuil;Toulouse;Plomberie;13.1;14.7;30.0;441.0;2049.15;Terminée
INT-00988;DEV-02661;2026-03-17;2026-03;2025-2026;TEC-08;Elodie Ravel;Toulouse;Électricité;5.1;4.8;32.0;153.6;1453.49;Terminée
INT-00989;DEV-02663;2026-03-26;2026-03;2025-2026;TEC-05;Sonia Mercier;Bordeaux;Salle de bain;6.0;6.0;31.0;186.0;930.76;Terminée
INT-00990;DEV-02664;2026-03-16;2026-03;2025-2026;TEC-04;Lucas Bertin;Bordeaux;Dépannage;1.4;1.5;27.0;40.5;115.84;Terminée
INT-00991;DEV-02666;2026-03-26;2026-03;2025-2026;TEC-02;Ahmed Zahiri;Bordeaux;Chauffage;8.3;7.0;35.0;245.0;1579.25;Terminée
INT-00992;DEV-02672;2026-03-26;2026-03;2025-2026;TEC-09;Mehdi Ouali;Toulouse;Dépannage;1.7;2.0;28.0;56.0;202.42;Terminée
INT-00993;DEV-02673;2026-03-23;2026-03;2025-2026;TEC-03;Fabien Ortiz;Bordeaux;Électricité;6.8;6.2;33.0;204.6;1664.94;Terminée
INT-00994;DEV-02676;2026-03-17;2026-03;2025-2026;TEC-07;Yannick Dubreuil;Toulouse;Salle de bain;16.1;18.0;30.0;540.0;2569.11;Terminée
INT-00995;DEV-02688;2026-04-06;2026-04;2025-2026;TEC-02;Ahmed Zahiri;Bordeaux;Chauffage;1.1;1.1;35.0;38.5;54.63;Terminée
INT-00996;DEV-02689;2026-05-11;2026-05;2025-2026;TEC-10;Bruno Castel;Montpellier;Plomberie;4.4;5.4;31.0;167.4;877.81;Terminée
INT-00997;DEV-02692;2026-03-25;2026-03;2025-2026;TEC-04;Lucas Bertin;Bordeaux;Plomberie;13.0;13.3;27.0;359.1;3369.99;Terminée
INT-00998;DEV-02694;2026-04-08;2026-04;2025-2026;TEC-12;Inès Bonnaud;Montpellier;Électricité;16.2;20.0;29.0;580.0;2330.8;Terminée
INT-00999;DEV-02699;2026-04-13;2026-04;2025-2026;TEC-09;Mehdi Ouali;Toulouse;Dépannage;4.9;5.0;28.0;140.0;381.06;Terminée
INT-01000;DEV-02700;2026-03-20;2026-03;2025-2026;TEC-02;Ahmed Zahiri;Bordeaux;Chauffage;9.7;8.2;35.0;287.0;2589.75;Terminée
INT-01001;DEV-02701;2026-03-20;2026-03;2025-2026;TEC-04;Lucas Bertin;Bordeaux;Plomberie;1.8;2.2;27.0;59.4;519.66;Terminée
INT-01002;DEV-02702;2026-03-19;2026-03;2025-2026;TEC-08;Elodie Ravel;Toulouse;Électricité;7.3;7.6;32.0;243.2;1729.62;Terminée
INT-01003;DEV-02704;2026-04-21;2026-04;2025-2026;TEC-10;Bruno Castel;Montpellier;Plomberie;2.3;2.5;31.0;77.5;374.96;Terminée
INT-01004;DEV-02705;2026-04-16;2026-04;2025-2026;TEC-02;Ahmed Zahiri;Bordeaux;Chauffage;11.9;12.3;35.0;430.5;3058.8;Terminée
INT-01005;DEV-02709;2026-03-26;2026-03;2025-2026;TEC-09;Mehdi Ouali;Toulouse;Dépannage;1.7;1.9;28.0;53.2;118.93;Terminée
INT-01006;DEV-02716;2026-03-31;2026-03;2025-2026;TEC-05;Sonia Mercier;Bordeaux;Salle de bain;5.9;5.6;31.0;173.6;1002.98;Terminée
INT-01007;DEV-02719;2026-04-06;2026-04;2025-2026;TEC-04;Lucas Bertin;Bordeaux;Plomberie;31.9;37.6;27.0;1015.2;3566.01;Terminée
INT-01008;DEV-02723;2026-04-10;2026-04;2025-2026;TEC-12;Inès Bonnaud;Montpellier;Dépannage;2.0;2.5;29.0;72.5;144.15;Terminée
INT-01009;DEV-02725;2026-04-01;2026-04;2025-2026;TEC-04;Lucas Bertin;Bordeaux;Dépannage;0.9;1.1;27.0;29.7;210.81;Terminée
INT-01010;DEV-02729;2026-04-23;2026-04;2025-2026;TEC-07;Yannick Dubreuil;Toulouse;Plomberie;14.2;15.7;30.0;471.0;2258.14;Terminée
INT-01011;DEV-02730;2026-04-13;2026-04;2025-2026;TEC-03;Fabien Ortiz;Bordeaux;Électricité;4.7;4.6;33.0;151.8;1864.88;Terminée
INT-01012;DEV-02734;2026-04-08;2026-04;2025-2026;TEC-01;Marc Delaunay;Bordeaux;Plomberie;47.4;44.7;32.0;1430.4;6893.13;Terminée
INT-01013;DEV-02736;2026-04-07;2026-04;2025-2026;TEC-12;Inès Bonnaud;Montpellier;Électricité;16.3;21.4;29.0;620.6;3112.29;Terminée
INT-01014;DEV-02738;2026-04-22;2026-04;2025-2026;TEC-05;Sonia Mercier;Bordeaux;Dépannage;1.0;0.9;31.0;27.9;160.44;Terminée
INT-01015;DEV-02740;2026-04-23;2026-04;2025-2026;TEC-05;Sonia Mercier;Bordeaux;Salle de bain;30.9;31.0;31.0;961.0;4784.16;Terminée
INT-01016;DEV-02746;2026-04-27;2026-04;2025-2026;TEC-09;Mehdi Ouali;Toulouse;Dépannage;2.2;2.4;28.0;67.2;140.65;Terminée
INT-01017;DEV-02748;2026-05-12;2026-05;2025-2026;TEC-07;Yannick Dubreuil;Toulouse;Plomberie;14.7;16.7;30.0;501.0;1732.04;Terminée
INT-01018;DEV-02749;2026-04-03;2026-04;2025-2026;TEC-02;Ahmed Zahiri;Bordeaux;Dépannage;1.6;1.3;35.0;45.5;154.92;Terminée
INT-01019;DEV-02750;2026-04-06;2026-04;2025-2026;TEC-04;Lucas Bertin;Bordeaux;Plomberie;13.2;13.7;27.0;369.9;1874.53;Terminée
INT-01020;DEV-02752;2026-04-22;2026-04;2025-2026;TEC-07;Yannick Dubreuil;Toulouse;Plomberie;25.1;26.8;30.0;804.0;3551.33;Terminée
INT-01021;DEV-02757;2026-04-24;2026-04;2025-2026;TEC-05;Sonia Mercier;Bordeaux;Dépannage;1.4;1.5;31.0;46.5;167.41;Terminée
INT-01022;DEV-02758;2026-05-18;2026-05;2025-2026;TEC-01;Marc Delaunay;Bordeaux;Dépannage;1.1;1.1;32.0;35.2;123.76;Terminée
INT-01023;DEV-02764;2026-04-27;2026-04;2025-2026;TEC-05;Sonia Mercier;Bordeaux;Salle de bain;44.9;41.4;31.0;1283.4;13052.37;Terminée
INT-01024;DEV-02765;2026-05-07;2026-05;2025-2026;TEC-02;Ahmed Zahiri;Bordeaux;Chauffage;9.9;9.0;35.0;315.0;3825.89;Terminée
INT-01025;DEV-02769;2026-04-22;2026-04;2025-2026;TEC-03;Fabien Ortiz;Bordeaux;Électricité;16.2;16.8;33.0;554.4;2085.6;Terminée
INT-01026;DEV-02771;2026-05-05;2026-05;2025-2026;TEC-08;Elodie Ravel;Toulouse;Électricité;15.7;15.9;32.0;508.8;3775.33;Terminée
INT-01027;DEV-02777;2026-04-06;2026-04;2025-2026;TEC-09;Mehdi Ouali;Toulouse;Dépannage;2.1;2.3;28.0;64.4;125.64;Terminée
INT-01028;DEV-02778;2026-05-04;2026-05;2025-2026;TEC-09;Mehdi Ouali;Toulouse;Dépannage;1.9;1.8;28.0;50.4;181.51;Terminée
INT-01029;DEV-02780;2026-04-20;2026-04;2025-2026;TEC-12;Inès Bonnaud;Montpellier;Électricité;48.8;61.2;29.0;1774.8;5362.82;Terminée
INT-01030;DEV-02782;2026-04-16;2026-04;2025-2026;TEC-09;Mehdi Ouali;Toulouse;Dépannage;1.1;1.1;28.0;30.8;122.01;Terminée
INT-01031;DEV-02783;2026-04-30;2026-04;2025-2026;TEC-03;Fabien Ortiz;Bordeaux;Dépannage;1.5;1.4;33.0;46.2;204.14;Terminée
INT-01032;DEV-02785;2026-04-17;2026-04;2025-2026;TEC-09;Mehdi Ouali;Toulouse;Dépannage;1.0;1.2;28.0;33.6;185.86;Terminée
INT-01033;DEV-02786;2026-05-04;2026-05;2025-2026;TEC-12;Inès Bonnaud;Montpellier;Électricité;16.1;17.7;29.0;513.3;2526.08;Terminée
INT-01034;DEV-02789;2026-04-20;2026-04;2025-2026;TEC-05;Sonia Mercier;Bordeaux;Dépannage;1.1;1.1;31.0;34.1;92.24;Terminée
INT-01035;DEV-02792;2026-05-05;2026-05;2025-2026;TEC-05;Sonia Mercier;Bordeaux;Salle de bain;15.1;14.6;31.0;452.6;2680.78;Terminée
INT-01036;DEV-02794;2026-05-14;2026-05;2025-2026;TEC-09;Mehdi Ouali;Toulouse;Dépannage;1.0;1.1;28.0;30.8;91.83;Terminée
INT-01037;DEV-02795;2026-05-14;2026-05;2025-2026;TEC-05;Sonia Mercier;Bordeaux;Salle de bain;5.4;5.1;31.0;158.1;1556.53;Terminée
INT-01038;DEV-02796;2026-04-30;2026-04;2025-2026;TEC-02;Ahmed Zahiri;Bordeaux;Dépannage;1.6;1.4;35.0;49.0;121.17;Terminée
INT-01039;DEV-02800;2026-04-21;2026-04;2025-2026;TEC-08;Elodie Ravel;Toulouse;Salle de bain;5.3;6.0;32.0;192.0;665.07;Terminée
INT-01040;DEV-02806;2026-05-11;2026-05;2025-2026;TEC-10;Bruno Castel;Montpellier;Plomberie;29.8;35.2;31.0;1091.2;9296.66;Terminée
INT-01041;DEV-02807;2026-05-22;2026-05;2025-2026;TEC-05;Sonia Mercier;Bordeaux;Salle de bain;5.9;6.0;31.0;186.0;561.65;Terminée
INT-01042;DEV-02811;2026-04-23;2026-04;2025-2026;TEC-08;Elodie Ravel;Toulouse;Électricité;5.3;5.3;32.0;169.6;920.82;Terminée
INT-01043;DEV-02817;2026-05-07;2026-05;2025-2026;TEC-05;Sonia Mercier;Bordeaux;Salle de bain;47.9;48.0;31.0;1488.0;5712.62;Terminée
INT-01044;DEV-02821;2026-05-14;2026-05;2025-2026;TEC-06;Pierre Vasseur;Toulouse;Salle de bain;48.4;39.7;36.0;1429.2;5295.12;Terminée
INT-01045;DEV-02825;2026-05-11;2026-05;2025-2026;TEC-08;Elodie Ravel;Toulouse;Électricité;5.4;5.6;32.0;179.2;1281.21;Terminée
INT-01046;DEV-02829;2026-05-07;2026-05;2025-2026;TEC-03;Fabien Ortiz;Bordeaux;Électricité;7.9;8.4;33.0;277.2;1010.25;Terminée
INT-01047;DEV-02830;2026-05-18;2026-05;2025-2026;TEC-05;Sonia Mercier;Bordeaux;Salle de bain;5.0;4.7;31.0;145.7;1252.97;Terminée
INT-01048;DEV-02831;2026-05-21;2026-05;2025-2026;TEC-03;Fabien Ortiz;Bordeaux;Électricité;43.5;44.4;33.0;1465.2;5510.61;Terminée
INT-01049;DEV-02833;2026-05-18;2026-05;2025-2026;TEC-05;Sonia Mercier;Bordeaux;Salle de bain;5.2;4.7;31.0;145.7;554.98;Terminée
INT-01050;DEV-02838;2026-06-19;2026-06;2025-2026;TEC-07;Yannick Dubreuil;Toulouse;Plomberie;1.9;2.1;30.0;63.0;372.31;Terminée
INT-01051;DEV-02840;2026-05-15;2026-05;2025-2026;TEC-02;Ahmed Zahiri;Bordeaux;Dépannage;2.1;1.8;35.0;63.0;323.14;Terminée
INT-01052;DEV-02841;2026-06-11;2026-06;2025-2026;TEC-08;Elodie Ravel;Toulouse;Électricité;7.3;7.2;32.0;230.4;2471.91;Terminée
INT-01053;DEV-02842;2026-05-04;2026-05;2025-2026;TEC-03;Fabien Ortiz;Bordeaux;Électricité;11.3;12.3;33.0;405.9;1999.28;Terminée
INT-01054;DEV-02843;2026-05-22;2026-05;2025-2026;TEC-03;Fabien Ortiz;Bordeaux;Électricité;40.2;37.1;33.0;1224.3;7313.01;Terminée
INT-01055;DEV-02848;2026-06-08;2026-06;2025-2026;TEC-12;Inès Bonnaud;Montpellier;Dépannage;1.6;2.0;29.0;58.0;202.45;Terminée
INT-01056;DEV-02850;2026-05-20;2026-05;2025-2026;TEC-08;Elodie Ravel;Toulouse;Électricité;5.6;5.2;32.0;166.4;2072.33;Terminée
INT-01057;DEV-02851;2026-06-16;2026-06;2025-2026;TEC-08;Elodie Ravel;Toulouse;Électricité;41.1;45.1;32.0;1443.2;5902.57;Terminée
INT-01058;DEV-02852;2026-05-25;2026-05;2025-2026;TEC-03;Fabien Ortiz;Bordeaux;Dépannage;3.3;3.0;33.0;99.0;276.01;Terminée
INT-01059;DEV-02853;2026-05-29;2026-05;2025-2026;TEC-09;Mehdi Ouali;Toulouse;Dépannage;1.4;1.4;28.0;39.2;131.79;Terminée
INT-01060;DEV-02854;2026-05-26;2026-05;2025-2026;TEC-04;Lucas Bertin;Bordeaux;Plomberie;4.0;4.8;27.0;129.6;431.7;Terminée
INT-01061;DEV-02856;2026-06-01;2026-06;2025-2026;TEC-11;Damien Roche;Montpellier;Dépannage;1.0;1.1;34.0;37.4;153.77;Terminée
INT-01062;DEV-02857;2026-06-01;2026-06;2025-2026;TEC-01;Marc Delaunay;Bordeaux;Dépannage;0.9;0.9;32.0;28.8;211.47;Terminée
INT-01063;DEV-02858;2026-05-20;2026-05;2025-2026;TEC-04;Lucas Bertin;Bordeaux;Dépannage;2.2;2.7;27.0;72.9;266.82;Terminée
INT-01064;DEV-02859;2026-06-15;2026-06;2025-2026;TEC-03;Fabien Ortiz;Bordeaux;Électricité;41.9;42.3;33.0;1395.9;10440.88;Terminée
INT-01065;DEV-02861;2026-05-12;2026-05;2025-2026;TEC-04;Lucas Bertin;Bordeaux;Plomberie;4.4;5.1;27.0;137.7;762.14;Terminée
INT-01066;DEV-02865;2026-06-08;2026-06;2025-2026;TEC-02;Ahmed Zahiri;Bordeaux;Chauffage;27.8;28.8;35.0;1008.0;10068.95;Terminée
INT-01067;DEV-02867;2026-06-22;2026-06;2025-2026;TEC-08;Elodie Ravel;Toulouse;Électricité;17.1;17.6;32.0;563.2;2068.5;Terminée
INT-01068;DEV-02869;2026-06-09;2026-06;2025-2026;TEC-02;Ahmed Zahiri;Bordeaux;Chauffage;1.1;1.0;35.0;35.0;51.27;Terminée
INT-01069;DEV-02881;2026-06-23;2026-06;2025-2026;TEC-07;Yannick Dubreuil;Toulouse;Salle de bain;41.5;46.8;30.0;1404.0;8135.94;Terminée
INT-01070;DEV-02883;2026-06-10;2026-06;2025-2026;TEC-06;Pierre Vasseur;Toulouse;Salle de bain;14.8;14.2;36.0;511.2;2046.63;Terminée
INT-01071;DEV-02888;2026-06-23;2026-06;2025-2026;TEC-08;Elodie Ravel;Toulouse;Électricité;14.9;16.0;32.0;512.0;1838.66;Terminée
INT-01072;DEV-02889;2026-05-25;2026-05;2025-2026;TEC-09;Mehdi Ouali;Toulouse;Dépannage;2.1;2.2;28.0;61.6;281.74;Terminée
INT-01073;DEV-02891;2026-06-29;2026-06;2025-2026;TEC-03;Fabien Ortiz;Bordeaux;Électricité;5.1;5.7;33.0;188.1;1516.88;En cours
INT-01074;DEV-02900;2026-06-29;2026-06;2025-2026;TEC-03;Fabien Ortiz;Bordeaux;Électricité;4.5;4.5;33.0;148.5;1100.4;En cours
INT-01075;DEV-02901;2026-06-29;2026-06;2025-2026;TEC-05;Sonia Mercier;Bordeaux;Salle de bain;5.2;5.0;31.0;155.0;647.79;En cours
INT-01076;DEV-02904;2026-06-15;2026-06;2025-2026;TEC-02;Ahmed Zahiri;Bordeaux;Chauffage;13.0;10.9;35.0;381.5;3016.74;Terminée
INT-01077;DEV-02910;2026-06-03;2026-06;2025-2026;TEC-03;Fabien Ortiz;Bordeaux;Électricité;6.4;6.4;33.0;211.2;1054.51;Terminée
INT-01078;DEV-02913;2026-06-18;2026-06;2025-2026;TEC-05;Sonia Mercier;Bordeaux;Salle de bain;6.0;6.5;31.0;201.5;730.81;Terminée
INT-01079;DEV-02919;2026-06-25;2026-06;2025-2026;TEC-07;Yannick Dubreuil;Toulouse;Plomberie;4.8;5.0;30.0;150.0;839.95;Terminée
INT-01080;DEV-02926;2026-06-22;2026-06;2025-2026;TEC-02;Ahmed Zahiri;Bordeaux;Chauffage;13.8;13.8;35.0;483.0;4797.68;Terminée
INT-01081;DEV-02928;2026-06-10;2026-06;2025-2026;TEC-05;Sonia Mercier;Bordeaux;Salle de bain;50.1;51.9;31.0;1608.9;10791.89;Terminée
INT-01082;DEV-02930;2026-06-29;2026-06;2025-2026;TEC-06;Pierre Vasseur;Toulouse;Chauffage;3.4;2.9;36.0;104.4;341.59;En cours
INT-01083;DEV-02931;2026-06-29;2026-06;2025-2026;TEC-06;Pierre Vasseur;Toulouse;Chauffage;29.2;28.8;36.0;1036.8;9688.05;En cours
INT-01084;DEV-02932;2026-06-16;2026-06;2025-2026;TEC-08;Elodie Ravel;Toulouse;Salle de bain;5.3;5.5;32.0;176.0;1325.54;Terminée
INT-01085;DEV-02938;2026-06-29;2026-06;2025-2026;TEC-09;Mehdi Ouali;Toulouse;Dépannage;1.0;1.0;28.0;28.0;97.78;En cours
INT-01086;DEV-02945;2026-06-23;2026-06;2025-2026;TEC-03;Fabien Ortiz;Bordeaux;Dépannage;2.1;1.9;33.0;62.7;147.91;Terminée
INT-01087;DEV-02946;2026-06-29;2026-06;2025-2026;TEC-12;Inès Bonnaud;Montpellier;Dépannage;1.6;1.9;29.0;55.1;121.35;En cours
INT-01088;DEV-02950;2026-06-29;2026-06;2025-2026;TEC-02;Ahmed Zahiri;Bordeaux;Chauffage;8.2;7.5;35.0;262.5;3064.49;En cours
INT-01089;DEV-02956;2026-06-29;2026-06;2025-2026;TEC-09;Mehdi Ouali;Toulouse;Salle de bain;6.0;6.8;28.0;190.4;723.04;En cours
INT-01090;DEV-02970;2026-06-29;2026-06;2025-2026;TEC-09;Mehdi Ouali;Toulouse;Dépannage;1.6;1.9;28.0;53.2;118.21;En cours
INT-01091;DEV-02973;2026-06-29;2026-06;2025-2026;TEC-12;Inès Bonnaud;Montpellier;Électricité;15.1;18.1;29.0;524.9;1938.93;En cours
INT-01092;DEV-02974;2026-06-29;2026-06;2025-2026;TEC-04;Lucas Bertin;Bordeaux;Plomberie;2.0;2.5;27.0;67.5;255.43;En cours
INT-01093;DEV-02975;2026-06-29;2026-06;2025-2026;TEC-04;Lucas Bertin;Bordeaux;Plomberie;26.6;27.7;27.0;747.9;4714.87;En cours
INT-01094;DEV-02976;2026-06-23;2026-06;2025-2026;TEC-05;Sonia Mercier;Bordeaux;Dépannage;1.5;1.6;31.0;49.6;124.81;Terminée
INT-01095;DEV-02980;2026-06-29;2026-06;2025-2026;TEC-01;Marc Delaunay;Bordeaux;Plomberie;15.3;15.5;32.0;496.0;4589.99;En cours
INT-01096;DEV-02981;2026-06-29;2026-06;2025-2026;TEC-09;Mehdi Ouali;Toulouse;Dépannage;2.2;2.3;28.0;64.4;131.64;En cours
INT-01097;DEV-02999;2026-06-29;2026-06;2025-2026;TEC-08;Elodie Ravel;Toulouse;Électricité;14.4;14.4;32.0;460.8;1967.21;En cours
INT-01098;DEV-03004;2026-06-29;2026-06;2025-2026;TEC-04;Lucas Bertin;Bordeaux;Plomberie;6.2;7.2;27.0;194.4;814.91;En cours
INT-01099;DEV-03011;2026-06-29;2026-06;2025-2026;TEC-03;Fabien Ortiz;Bordeaux;Électricité;37.0;35.2;33.0;1161.6;6055.98;En cours
INT-01100;DEV-03018;2026-06-29;2026-06;2025-2026;TEC-11;Damien Roche;Montpellier;Salle de bain;17.4;17.0;34.0;578.0;2591.46;En cours
INT-01101;DEV-03023;2026-06-29;2026-06;2025-2026;TEC-05;Sonia Mercier;Bordeaux;Salle de bain;48.5;48.1;31.0;1491.1;14342.03;En cours
INT-01102;DEV-03024;2026-06-29;2026-06;2025-2026;TEC-09;Mehdi Ouali;Toulouse;Dépannage;1.4;1.6;28.0;44.8;210.14;En cours
INT-01103;DEV-03030;2026-06-29;2026-06;2025-2026;TEC-03;Fabien Ortiz;Bordeaux;Électricité;16.2;17.9;33.0;590.7;2628.75;En cours
INT-01104;DEV-03033;2026-06-29;2026-06;2025-2026;TEC-09;Mehdi Ouali;Toulouse;Dépannage;3.0;3.4;28.0;95.2;421.98;En cours
INT-01105;DEV-03041;2026-06-29;2026-06;2025-2026;TEC-09;Mehdi Ouali;Toulouse;Dépannage;1.1;1.2;28.0;33.6;106.12;En cours
