relance_id;devis_id;date_relance;mois;exercice;rang;canal;agence;commercial;issue;duree_min
REL-00001;DEV-00001;2022-07-05;2022-07;2022-2023;1;Email;Toulouse;Julien Fabre;Rappel demandé;4.3
REL-00002;DEV-00001;2022-07-14;2022-07;2022-2023;2;Téléphone;Toulouse;Julien Fabre;Injoignable;10.9
REL-00003;DEV-00002;2022-07-02;2022-07;2022-2023;1;Email;Bordeaux;Sophie Marchand;Refus signifié;1.4
REL-00004;DEV-00004;2022-07-14;2022-07;2022-2023;1;Email;Toulouse;Julien Fabre;Sans réponse;1.5
REL-00005;DEV-00004;2022-07-25;2022-07;2022-2023;2;SMS;Toulouse;Julien Fabre;Refus signifié;1.7
REL-00006;DEV-00006;2022-07-06;2022-07;2022-2023;1;SMS;Bordeaux;Sophie Marchand;Sans réponse;4.0
REL-00007;DEV-00006;2022-07-15;2022-07;2022-2023;2;Email;Bordeaux;Sophie Marchand;Accord obtenu;2.2
REL-00008;DEV-00007;2022-07-07;2022-07;2022-2023;1;Téléphone;Bordeaux;Karim Belkacem;Refus signifié;7.8
REL-00009;DEV-00008;2022-07-09;2022-07;2022-2023;1;Email;Bordeaux;Karim Belkacem;Accord obtenu;4.4
REL-00010;DEV-00009;2022-07-14;2022-07;2022-2023;1;Téléphone;Toulouse;Julien Fabre;Sans réponse;8.6
REL-00011;DEV-00009;2022-07-19;2022-07;2022-2023;2;Téléphone;Toulouse;Julien Fabre;Refus signifié;4.2
REL-00012;DEV-00010;2022-07-09;2022-07;2022-2023;1;Email;Bordeaux;Karim Belkacem;Sans réponse;4.4
REL-00013;DEV-00010;2022-07-23;2022-07;2022-2023;2;Email;Bordeaux;Karim Belkacem;Négociation en cours;4.7
REL-00014;DEV-00010;2022-08-03;2022-08;2022-2023;3;Email;Bordeaux;Karim Belkacem;Accord obtenu;3.1
REL-00015;DEV-00013;2022-07-12;2022-07;2022-2023;1;Email;Toulouse;Julien Fabre;Refus signifié;2.6
REL-00016;DEV-00014;2022-07-13;2022-07;2022-2023;1;Téléphone;Bordeaux;Karim Belkacem;Accord obtenu;13.7
REL-00017;DEV-00015;2022-07-15;2022-07;2022-2023;1;Email;Bordeaux;Sophie Marchand;Négociation en cours;2.9
REL-00018;DEV-00016;2022-07-18;2022-07;2022-2023;1;Email;Bordeaux;Karim Belkacem;Injoignable;4.5
REL-00019;DEV-00017;2022-07-22;2022-07;2022-2023;1;Email;Toulouse;Julien Fabre;Injoignable;4.6
REL-00020;DEV-00018;2022-07-20;2022-07;2022-2023;1;Email;Bordeaux;Karim Belkacem;Sans réponse;2.0
REL-00021;DEV-00018;2022-08-01;2022-08;2022-2023;2;Email;Bordeaux;Karim Belkacem;Refus signifié;1.3
REL-00022;DEV-00020;2022-07-23;2022-07;2022-2023;1;Téléphone;Bordeaux;Sophie Marchand;Rappel demandé;10.9
REL-00023;DEV-00020;2022-07-28;2022-07;2022-2023;2;Téléphone;Bordeaux;Sophie Marchand;Refus signifié;8.9
REL-00024;DEV-00022;2022-07-19;2022-07;2022-2023;1;SMS;Bordeaux;Karim Belkacem;Injoignable;3.0
REL-00025;DEV-00022;2022-07-27;2022-07;2022-2023;2;SMS;Bordeaux;Karim Belkacem;Rappel demandé;1.8
REL-00026;DEV-00023;2022-07-21;2022-07;2022-2023;1;Email;Toulouse;Julien Fabre;Négociation en cours;3.0
REL-00027;DEV-00023;2022-08-04;2022-08;2022-2023;2;SMS;Toulouse;Julien Fabre;Négociation en cours;2.7
REL-00028;DEV-00023;2022-08-11;2022-08;2022-2023;3;Email;Toulouse;Julien Fabre;Sans réponse;3.8
REL-00029;DEV-00024;2022-08-01;2022-08;2022-2023;1;Email;Bordeaux;Sophie Marchand;Injoignable;3.2
REL-00030;DEV-00026;2022-07-22;2022-07;2022-2023;1;Email;Bordeaux;Karim Belkacem;Accord obtenu;2.0
REL-00031;DEV-00027;2022-07-27;2022-07;2022-2023;1;Téléphone;Toulouse;Julien Fabre;Rappel demandé;11.9
REL-00032;DEV-00027;2022-08-04;2022-08;2022-2023;2;Email;Toulouse;Julien Fabre;Sans réponse;2.7
REL-00033;DEV-00027;2022-08-10;2022-08;2022-2023;3;Téléphone;Toulouse;Julien Fabre;Sans réponse;8.3
REL-00034;DEV-00028;2022-07-23;2022-07;2022-2023;1;Téléphone;Bordeaux;Sophie Marchand;Sans réponse;13.1
REL-00035;DEV-00029;2022-07-23;2022-07;2022-2023;1;Téléphone;Bordeaux;Karim Belkacem;Négociation en cours;2.1
REL-00036;DEV-00029;2022-07-28;2022-07;2022-2023;2;Email;Bordeaux;Karim Belkacem;Injoignable;2.7
REL-00037;DEV-00029;2022-08-02;2022-08;2022-2023;3;SMS;Bordeaux;Karim Belkacem;Rappel demandé;4.8
REL-00038;DEV-00030;2022-07-27;2022-07;2022-2023;1;Email;Bordeaux;Karim Belkacem;Injoignable;4.2
REL-00039;DEV-00030;2022-08-07;2022-08;2022-2023;2;Email;Bordeaux;Karim Belkacem;Sans réponse;3.2
REL-00040;DEV-00030;2022-08-21;2022-08;2022-2023;3;Téléphone;Bordeaux;Karim Belkacem;Rappel demandé;10.8
REL-00041;DEV-00030;2022-08-31;2022-08;2022-2023;4;Email;Bordeaux;Karim Belkacem;Sans réponse;1.4
REL-00042;DEV-00031;2022-07-26;2022-07;2022-2023;1;Email;Bordeaux;Karim Belkacem;Rappel demandé;1.3
REL-00043;DEV-00031;2022-08-05;2022-08;2022-2023;2;Téléphone;Bordeaux;Karim Belkacem;Négociation en cours;9.1
REL-00044;DEV-00031;2022-08-11;2022-08;2022-2023;3;Email;Bordeaux;Karim Belkacem;Rappel demandé;4.4
REL-00045;DEV-00031;2022-08-19;2022-08;2022-2023;4;Téléphone;Bordeaux;Karim Belkacem;Accord obtenu;10.1
REL-00046;DEV-00032;2022-07-31;2022-07;2022-2023;1;Email;Bordeaux;Sophie Marchand;Rappel demandé;3.8
REL-00047;DEV-00034;2022-07-29;2022-07;2022-2023;1;Téléphone;Bordeaux;Karim Belkacem;Injoignable;6.9
REL-00048;DEV-00034;2022-08-08;2022-08;2022-2023;2;Email;Bordeaux;Karim Belkacem;Accord obtenu;4.3
REL-00049;DEV-00035;2022-08-02;2022-08;2022-2023;1;Email;Toulouse;Julien Fabre;Rappel demandé;1.2
REL-00050;DEV-00035;2022-08-09;2022-08;2022-2023;2;Email;Toulouse;Julien Fabre;Sans réponse;2.0
REL-00051;DEV-00036;2022-07-28;2022-07;2022-2023;1;Email;Toulouse;Julien Fabre;Accord obtenu;4.2
REL-00052;DEV-00037;2022-07-29;2022-07;2022-2023;1;SMS;Toulouse;Julien Fabre;Injoignable;2.5
REL-00053;DEV-00037;2022-08-10;2022-08;2022-2023;2;Email;Toulouse;Julien Fabre;Accord obtenu;2.9
REL-00054;DEV-00038;2022-07-29;2022-07;2022-2023;1;Email;Bordeaux;Karim Belkacem;Injoignable;3.0
REL-00055;DEV-00040;2022-08-08;2022-08;2022-2023;1;Téléphone;Toulouse;Julien Fabre;Négociation en cours;10.3
REL-00056;DEV-00040;2022-08-17;2022-08;2022-2023;2;Téléphone;Toulouse;Julien Fabre;Sans réponse;8.9
REL-00057;DEV-00040;2022-08-26;2022-08;2022-2023;3;Téléphone;Toulouse;Julien Fabre;Sans réponse;5.6
REL-00058;DEV-00042;2022-08-09;2022-08;2022-2023;1;Email;Toulouse;Julien Fabre;Rappel demandé;2.8
REL-00059;DEV-00043;2022-08-05;2022-08;2022-2023;1;Email;Toulouse;Julien Fabre;Accord obtenu;2.4
REL-00060;DEV-00044;2022-08-04;2022-08;2022-2023;1;Email;Toulouse;Julien Fabre;Sans réponse;2.4
REL-00061;DEV-00044;2022-08-10;2022-08;2022-2023;2;Email;Toulouse;Julien Fabre;Sans réponse;1.9
REL-00062;DEV-00045;2022-08-03;2022-08;2022-2023;1;Téléphone;Bordeaux;Karim Belkacem;Rappel demandé;13.1
REL-00063;DEV-00045;2022-08-09;2022-08;2022-2023;2;Téléphone;Bordeaux;Karim Belkacem;Négociation en cours;6.3
REL-00064;DEV-00046;2022-08-03;2022-08;2022-2023;1;Email;Bordeaux;Karim Belkacem;Rappel demandé;2.0
REL-00065;DEV-00046;2022-08-12;2022-08;2022-2023;2;Email;Bordeaux;Karim Belkacem;Refus signifié;4.0
REL-00066;DEV-00047;2022-08-06;2022-08;2022-2023;1;Email;Bordeaux;Karim Belkacem;Accord obtenu;1.0
REL-00067;DEV-00048;2022-08-09;2022-08;2022-2023;1;SMS;Bordeaux;Sophie Marchand;Accord obtenu;3.2
REL-00068;DEV-00049;2022-08-06;2022-08;2022-2023;1;Email;Toulouse;Julien Fabre;Sans réponse;2.8
REL-00069;DEV-00049;2022-08-16;2022-08;2022-2023;2;SMS;Toulouse;Julien Fabre;Refus signifié;1.7
REL-00070;DEV-00050;2022-08-15;2022-08;2022-2023;1;Email;Toulouse;Julien Fabre;Négociation en cours;3.6
REL-00071;DEV-00050;2022-08-21;2022-08;2022-2023;2;Email;Toulouse;Julien Fabre;Refus signifié;3.9
REL-00072;DEV-00051;2022-08-13;2022-08;2022-2023;1;Téléphone;Bordeaux;Karim Belkacem;Sans réponse;11.0
REL-00073;DEV-00052;2022-08-10;2022-08;2022-2023;1;Téléphone;Bordeaux;Karim Belkacem;Sans réponse;7.6
REL-00074;DEV-00052;2022-08-20;2022-08;2022-2023;2;Email;Bordeaux;Karim Belkacem;Accord obtenu;1.2
REL-00075;DEV-00053;2022-08-14;2022-08;2022-2023;1;Email;Bordeaux;Sophie Marchand;Négociation en cours;5.0
REL-00076;DEV-00053;2022-08-26;2022-08;2022-2023;2;Téléphone;Bordeaux;Sophie Marchand;Sans réponse;11.0
REL-00077;DEV-00053;2022-09-09;2022-09;2022-2023;3;Email;Bordeaux;Sophie Marchand;Rappel demandé;1.1
REL-00078;DEV-00054;2022-08-13;2022-08;2022-2023;1;SMS;Bordeaux;Karim Belkacem;Injoignable;4.8
REL-00079;DEV-00054;2022-08-18;2022-08;2022-2023;2;Téléphone;Bordeaux;Karim Belkacem;Accord obtenu;11.1
REL-00080;DEV-00056;2022-08-17;2022-08;2022-2023;1;SMS;Toulouse;Julien Fabre;Refus signifié;1.0
REL-00081;DEV-00058;2022-08-17;2022-08;2022-2023;1;Email;Toulouse;Julien Fabre;Injoignable;2.3
REL-00082;DEV-00058;2022-08-26;2022-08;2022-2023;2;Email;Toulouse;Julien Fabre;Rappel demandé;1.6
REL-00083;DEV-00058;2022-09-06;2022-09;2022-2023;3;Email;Toulouse;Julien Fabre;Injoignable;4.9
REL-00084;DEV-00059;2022-08-17;2022-08;2022-2023;1;Téléphone;Toulouse;Julien Fabre;Accord obtenu;3.6
REL-00085;DEV-00060;2022-08-19;2022-08;2022-2023;1;Email;Bordeaux;Karim Belkacem;Accord obtenu;2.3
REL-00086;DEV-00061;2022-08-23;2022-08;2022-2023;1;Téléphone;Toulouse;Julien Fabre;Injoignable;11.5
REL-00087;DEV-00061;2022-08-31;2022-08;2022-2023;2;Email;Toulouse;Julien Fabre;Accord obtenu;2.9
REL-00088;DEV-00062;2022-08-18;2022-08;2022-2023;1;Email;Toulouse;Julien Fabre;Injoignable;4.4
REL-00089;DEV-00064;2022-08-24;2022-08;2022-2023;1;Email;Toulouse;Julien Fabre;Accord obtenu;4.2
REL-00090;DEV-00067;2022-09-02;2022-09;2022-2023;1;Email;Toulouse;Julien Fabre;Négociation en cours;1.8
REL-00091;DEV-00067;2022-09-13;2022-09;2022-2023;2;Téléphone;Toulouse;Julien Fabre;Sans réponse;13.0
REL-00092;DEV-00068;2022-08-25;2022-08;2022-2023;1;Téléphone;Toulouse;Julien Fabre;Rappel demandé;12.9
REL-00093;DEV-00069;2022-08-25;2022-08;2022-2023;1;Téléphone;Bordeaux;Karim Belkacem;Refus signifié;5.5
REL-00094;DEV-00071;2022-08-30;2022-08;2022-2023;1;Email;Toulouse;Julien Fabre;Refus signifié;4.6
REL-00095;DEV-00072;2022-08-30;2022-08;2022-2023;1;Email;Toulouse;Julien Fabre;Sans réponse;4.5
REL-00096;DEV-00073;2022-08-30;2022-08;2022-2023;1;Email;Toulouse;Julien Fabre;Accord obtenu;4.0
REL-00097;DEV-00074;2022-08-31;2022-08;2022-2023;1;Téléphone;Bordeaux;Karim Belkacem;Rappel demandé;11.8
REL-00098;DEV-00075;2022-08-30;2022-08;2022-2023;1;Email;Bordeaux;Karim Belkacem;Injoignable;3.7
REL-00099;DEV-00075;2022-09-11;2022-09;2022-2023;2;Téléphone;Bordeaux;Karim Belkacem;Sans réponse;8.6
REL-00100;DEV-00076;2022-09-05;2022-09;2022-2023;1;Téléphone;Toulouse;Julien Fabre;Négociation en cours;3.9
REL-00101;DEV-00077;2022-09-06;2022-09;2022-2023;1;Email;Toulouse;Julien Fabre;Négociation en cours;4.7
REL-00102;DEV-00077;2022-09-11;2022-09;2022-2023;2;Téléphone;Toulouse;Julien Fabre;Injoignable;5.1
REL-00103;DEV-00077;2022-09-18;2022-09;2022-2023;3;SMS;Toulouse;Julien Fabre;Accord obtenu;1.1
REL-00104;DEV-00078;2022-09-13;2022-09;2022-2023;1;Email;Bordeaux;Karim Belkacem;Sans réponse;2.9
REL-00105;DEV-00079;2022-09-07;2022-09;2022-2023;1;Email;Bordeaux;Sophie Marchand;Accord obtenu;3.0
REL-00106;DEV-00080;2022-09-06;2022-09;2022-2023;1;Téléphone;Bordeaux;Karim Belkacem;Sans réponse;10.6
REL-00107;DEV-00080;2022-09-12;2022-09;2022-2023;2;SMS;Bordeaux;Karim Belkacem;Injoignable;3.3
REL-00108;DEV-00080;2022-09-24;2022-09;2022-2023;3;Téléphone;Bordeaux;Karim Belkacem;Accord obtenu;4.2
REL-00109;DEV-00081;2022-09-10;2022-09;2022-2023;1;Email;Bordeaux;Sophie Marchand;Sans réponse;1.1
REL-00110;DEV-00081;2022-09-16;2022-09;2022-2023;2;Email;Bordeaux;Sophie Marchand;Sans réponse;3.8
REL-00111;DEV-00084;2022-09-08;2022-09;2022-2023;1;Téléphone;Toulouse;Julien Fabre;Accord obtenu;11.0
REL-00112;DEV-00085;2022-09-11;2022-09;2022-2023;1;SMS;Toulouse;Julien Fabre;Sans réponse;2.5
REL-00113;DEV-00085;2022-09-22;2022-09;2022-2023;2;Email;Toulouse;Julien Fabre;Accord obtenu;1.5
REL-00114;DEV-00086;2022-09-08;2022-09;2022-2023;1;Téléphone;Toulouse;Julien Fabre;Sans réponse;7.5
REL-00115;DEV-00086;2022-09-16;2022-09;2022-2023;2;Téléphone;Toulouse;Julien Fabre;Accord obtenu;3.0
REL-00116;DEV-00087;2022-09-11;2022-09;2022-2023;1;Téléphone;Bordeaux;Karim Belkacem;Sans réponse;5.0
REL-00117;DEV-00088;2022-09-09;2022-09;2022-2023;1;Email;Bordeaux;Sophie Marchand;Sans réponse;3.9
REL-00118;DEV-00088;2022-09-19;2022-09;2022-2023;2;Email;Bordeaux;Sophie Marchand;Refus signifié;1.9
REL-00119;DEV-00092;2022-09-16;2022-09;2022-2023;1;Téléphone;Toulouse;Julien Fabre;Négociation en cours;12.2
REL-00120;DEV-00093;2022-09-18;2022-09;2022-2023;1;SMS;Bordeaux;Sophie Marchand;Rappel demandé;1.2
REL-00121;DEV-00093;2022-10-02;2022-10;2022-2023;2;Email;Bordeaux;Sophie Marchand;Rappel demandé;3.6
REL-00122;DEV-00093;2022-10-09;2022-10;2022-2023;3;Téléphone;Bordeaux;Sophie Marchand;Rappel demandé;8.8
REL-00123;DEV-00094;2022-09-26;2022-09;2022-2023;1;Email;Bordeaux;Sophie Marchand;Sans réponse;4.6
REL-00124;DEV-00095;2022-09-15;2022-09;2022-2023;1;SMS;Bordeaux;Karim Belkacem;Sans réponse;3.8
REL-00125;DEV-00095;2022-09-25;2022-09;2022-2023;2;Téléphone;Bordeaux;Karim Belkacem;Accord obtenu;3.5
REL-00126;DEV-00097;2022-09-20;2022-09;2022-2023;1;Email;Toulouse;Julien Fabre;Injoignable;1.4
REL-00127;DEV-00098;2022-09-19;2022-09;2022-2023;1;Email;Toulouse;Julien Fabre;Sans réponse;2.6
REL-00128;DEV-00099;2022-09-23;2022-09;2022-2023;1;Email;Bordeaux;Karim Belkacem;Négociation en cours;4.7
REL-00129;DEV-00100;2022-09-16;2022-09;2022-2023;1;Téléphone;Toulouse;Julien Fabre;Sans réponse;7.7
REL-00130;DEV-00101;2022-09-17;2022-09;2022-2023;1;Téléphone;Toulouse;Julien Fabre;Sans réponse;6.1
REL-00131;DEV-00101;2022-09-22;2022-09;2022-2023;2;Email;Toulouse;Julien Fabre;Injoignable;1.1
REL-00132;DEV-00102;2022-09-27;2022-09;2022-2023;1;Email;Toulouse;Julien Fabre;Sans réponse;1.1
REL-00133;DEV-00103;2022-09-27;2022-09;2022-2023;1;Téléphone;Bordeaux;Karim Belkacem;Accord obtenu;9.9
REL-00134;DEV-00104;2022-09-20;2022-09;2022-2023;1;Email;Bordeaux;Karim Belkacem;Sans réponse;2.3
REL-00135;DEV-00104;2022-09-29;2022-09;2022-2023;2;Téléphone;Bordeaux;Karim Belkacem;Rappel demandé;10.3
REL-00136;DEV-00106;2022-09-23;2022-09;2022-2023;1;Téléphone;Bordeaux;Karim Belkacem;Accord obtenu;4.2
REL-00137;DEV-00107;2022-09-27;2022-09;2022-2023;1;Email;Toulouse;Julien Fabre;Injoignable;1.1
REL-00138;DEV-00107;2022-10-04;2022-10;2022-2023;2;SMS;Toulouse;Julien Fabre;Sans réponse;2.9
REL-00139;DEV-00107;2022-10-13;2022-10;2022-2023;3;Email;Toulouse;Julien Fabre;Accord obtenu;2.6
REL-00140;DEV-00108;2022-09-24;2022-09;2022-2023;1;Email;Toulouse;Julien Fabre;Sans réponse;2.9
REL-00141;DEV-00108;2022-10-07;2022-10;2022-2023;2;Email;Toulouse;Julien Fabre;Rappel demandé;2.7
REL-00142;DEV-00109;2022-09-22;2022-09;2022-2023;1;Email;Bordeaux;Karim Belkacem;Injoignable;4.7
REL-00143;DEV-00109;2022-10-02;2022-10;2022-2023;2;Email;Bordeaux;Karim Belkacem;Injoignable;4.8
REL-00144;DEV-00110;2022-09-26;2022-09;2022-2023;1;Email;Bordeaux;Sophie Marchand;Refus signifié;3.3
REL-00145;DEV-00111;2022-09-28;2022-09;2022-2023;1;Téléphone;Toulouse;Julien Fabre;Sans réponse;11.5
REL-00146;DEV-00113;2022-09-30;2022-09;2022-2023;1;Email;Toulouse;Julien Fabre;Sans réponse;3.6
REL-00147;DEV-00114;2022-10-04;2022-10;2022-2023;1;Email;Toulouse;Julien Fabre;Négociation en cours;4.3
REL-00148;DEV-00114;2022-10-16;2022-10;2022-2023;2;Email;Toulouse;Julien Fabre;Accord obtenu;4.3
REL-00149;DEV-00115;2022-09-29;2022-09;2022-2023;1;Email;Bordeaux;Karim Belkacem;Rappel demandé;2.9
REL-00150;DEV-00115;2022-10-08;2022-10;2022-2023;2;Email;Bordeaux;Karim Belkacem;Accord obtenu;2.1
REL-00151;DEV-00116;2022-10-06;2022-10;2022-2023;1;Email;Toulouse;Julien Fabre;Accord obtenu;3.9
REL-00152;DEV-00118;2022-10-02;2022-10;2022-2023;1;Téléphone;Bordeaux;Sophie Marchand;Accord obtenu;7.2
REL-00153;DEV-00122;2022-10-14;2022-10;2022-2023;1;Email;Bordeaux;Sophie Marchand;Rappel demandé;1.5
REL-00154;DEV-00123;2022-10-07;2022-10;2022-2023;1;Téléphone;Bordeaux;Karim Belkacem;Négociation en cours;6.6
REL-00155;DEV-00123;2022-10-19;2022-10;2022-2023;2;Email;Bordeaux;Karim Belkacem;Sans réponse;3.7
REL-00156;DEV-00123;2022-10-25;2022-10;2022-2023;3;SMS;Bordeaux;Karim Belkacem;Accord obtenu;1.5
REL-00157;DEV-00124;2022-10-07;2022-10;2022-2023;1;SMS;Toulouse;Julien Fabre;Rappel demandé;3.1
REL-00158;DEV-00125;2022-10-14;2022-10;2022-2023;1;SMS;Bordeaux;Sophie Marchand;Sans réponse;2.1
REL-00159;DEV-00126;2022-10-08;2022-10;2022-2023;1;Email;Bordeaux;Karim Belkacem;Rappel demandé;2.9
REL-00160;DEV-00126;2022-10-14;2022-10;2022-2023;2;SMS;Bordeaux;Karim Belkacem;Sans réponse;2.1
REL-00161;DEV-00128;2022-10-15;2022-10;2022-2023;1;Téléphone;Bordeaux;Sophie Marchand;Injoignable;7.2
REL-00162;DEV-00128;2022-10-24;2022-10;2022-2023;2;Email;Bordeaux;Sophie Marchand;Rappel demandé;2.6
REL-00163;DEV-00129;2022-10-16;2022-10;2022-2023;1;Téléphone;Toulouse;Julien Fabre;Rappel demandé;11.4
REL-00164;DEV-00129;2022-10-26;2022-10;2022-2023;2;Téléphone;Toulouse;Julien Fabre;Refus signifié;4.6
REL-00165;DEV-00130;2022-10-13;2022-10;2022-2023;1;Téléphone;Bordeaux;Karim Belkacem;Sans réponse;6.8
REL-00166;DEV-00130;2022-10-24;2022-10;2022-2023;2;Email;Bordeaux;Karim Belkacem;Sans réponse;1.3
REL-00167;DEV-00131;2022-10-14;2022-10;2022-2023;1;SMS;Bordeaux;Karim Belkacem;Injoignable;1.8
REL-00168;DEV-00131;2022-10-27;2022-10;2022-2023;2;Email;Bordeaux;Karim Belkacem;Rappel demandé;2.7
REL-00169;DEV-00132;2022-10-16;2022-10;2022-2023;1;Téléphone;Toulouse;Julien Fabre;Négociation en cours;13.5
REL-00170;DEV-00132;2022-10-30;2022-10;2022-2023;2;Téléphone;Toulouse;Julien Fabre;Sans réponse;2.8
REL-00171;DEV-00134;2022-10-15;2022-10;2022-2023;1;Email;Bordeaux;Karim Belkacem;Accord obtenu;4.8
REL-00172;DEV-00135;2022-10-17;2022-10;2022-2023;1;Email;Toulouse;Julien Fabre;Accord obtenu;1.2
REL-00173;DEV-00136;2022-10-28;2022-10;2022-2023;1;Téléphone;Bordeaux;Sophie Marchand;Refus signifié;6.1
REL-00174;DEV-00137;2022-10-19;2022-10;2022-2023;1;Téléphone;Bordeaux;Karim Belkacem;Refus signifié;2.9
REL-00175;DEV-00138;2022-10-18;2022-10;2022-2023;1;Téléphone;Toulouse;Julien Fabre;Rappel demandé;10.0
REL-00176;DEV-00140;2022-10-19;2022-10;2022-2023;1;Téléphone;Bordeaux;Sophie Marchand;Rappel demandé;3.5
REL-00177;DEV-00140;2022-11-01;2022-11;2022-2023;2;Téléphone;Bordeaux;Sophie Marchand;Accord obtenu;4.5
REL-00178;DEV-00141;2022-10-25;2022-10;2022-2023;1;Email;Toulouse;Julien Fabre;Rappel demandé;2.9
REL-00179;DEV-00141;2022-11-05;2022-11;2022-2023;2;Téléphone;Toulouse;Julien Fabre;Injoignable;4.5
REL-00180;DEV-00143;2022-10-25;2022-10;2022-2023;1;Email;Bordeaux;Karim Belkacem;Sans réponse;4.1
REL-00181;DEV-00143;2022-10-30;2022-10;2022-2023;2;Email;Bordeaux;Karim Belkacem;Sans réponse;2.7
REL-00182;DEV-00143;2022-11-06;2022-11;2022-2023;3;Email;Bordeaux;Karim Belkacem;Rappel demandé;2.4
REL-00183;DEV-00144;2022-10-28;2022-10;2022-2023;1;Téléphone;Toulouse;Julien Fabre;Sans réponse;11.6
REL-00184;DEV-00144;2022-11-08;2022-11;2022-2023;2;Email;Toulouse;Julien Fabre;Rappel demandé;2.2
REL-00185;DEV-00145;2022-10-22;2022-10;2022-2023;1;Téléphone;Bordeaux;Karim Belkacem;Accord obtenu;13.0
REL-00186;DEV-00146;2022-10-31;2022-10;2022-2023;1;Téléphone;Toulouse;Julien Fabre;Injoignable;2.7
REL-00187;DEV-00146;2022-11-05;2022-11;2022-2023;2;Email;Toulouse;Julien Fabre;Refus signifié;4.7
REL-00188;DEV-00147;2022-10-25;2022-10;2022-2023;1;Téléphone;Bordeaux;Karim Belkacem;Rappel demandé;7.7
REL-00189;DEV-00147;2022-11-01;2022-11;2022-2023;2;Téléphone;Bordeaux;Karim Belkacem;Rappel demandé;3.6
REL-00190;DEV-00147;2022-11-08;2022-11;2022-2023;3;Email;Bordeaux;Karim Belkacem;Accord obtenu;3.2
REL-00191;DEV-00148;2022-10-27;2022-10;2022-2023;1;Email;Bordeaux;Sophie Marchand;Accord obtenu;2.7
REL-00192;DEV-00149;2022-10-30;2022-10;2022-2023;1;Email;Bordeaux;Sophie Marchand;Accord obtenu;2.1
REL-00193;DEV-00151;2022-10-30;2022-10;2022-2023;1;Email;Bordeaux;Karim Belkacem;Accord obtenu;3.4
REL-00194;DEV-00153;2022-10-29;2022-10;2022-2023;1;Email;Bordeaux;Karim Belkacem;Négociation en cours;1.1
REL-00195;DEV-00154;2022-10-29;2022-10;2022-2023;1;Email;Bordeaux;Karim Belkacem;Sans réponse;3.7
REL-00196;DEV-00154;2022-11-05;2022-11;2022-2023;2;Email;Bordeaux;Karim Belkacem;Accord obtenu;1.5
REL-00197;DEV-00156;2022-11-05;2022-11;2022-2023;1;Email;Toulouse;Julien Fabre;Rappel demandé;3.1
REL-00198;DEV-00156;2022-11-14;2022-11;2022-2023;2;Téléphone;Toulouse;Julien Fabre;Rappel demandé;11.1
REL-00199;DEV-00156;2022-11-22;2022-11;2022-2023;3;Email;Toulouse;Julien Fabre;Sans réponse;3.5
REL-00200;DEV-00156;2022-11-30;2022-11;2022-2023;4;Téléphone;Toulouse;Julien Fabre;Accord obtenu;12.1
REL-00201;DEV-00157;2022-11-02;2022-11;2022-2023;1;Téléphone;Toulouse;Julien Fabre;Sans réponse;8.0
REL-00202;DEV-00158;2022-11-10;2022-11;2022-2023;1;Email;Bordeaux;Sophie Marchand;Sans réponse;2.7
REL-00203;DEV-00160;2022-11-03;2022-11;2022-2023;1;Téléphone;Bordeaux;Karim Belkacem;Accord obtenu;3.3
REL-00204;DEV-00161;2022-11-04;2022-11;2022-2023;1;Email;Bordeaux;Sophie Marchand;Sans réponse;2.1
REL-00205;DEV-00162;2022-11-05;2022-11;2022-2023;1;Email;Bordeaux;Karim Belkacem;Refus signifié;2.0
REL-00206;DEV-00164;2022-11-08;2022-11;2022-2023;1;Email;Toulouse;Julien Fabre;Accord obtenu;2.7
REL-00207;DEV-00165;2022-11-12;2022-11;2022-2023;1;Email;Toulouse;Julien Fabre;Sans réponse;2.2
REL-00208;DEV-00166;2022-11-18;2022-11;2022-2023;1;Téléphone;Toulouse;Julien Fabre;Refus signifié;11.1
REL-00209;DEV-00167;2022-11-10;2022-11;2022-2023;1;Téléphone;Bordeaux;Karim Belkacem;Sans réponse;9.9
REL-00210;DEV-00167;2022-11-23;2022-11;2022-2023;2;Téléphone;Bordeaux;Karim Belkacem;Accord obtenu;6.8
REL-00211;DEV-00168;2022-11-13;2022-11;2022-2023;1;Email;Bordeaux;Karim Belkacem;Rappel demandé;1.0
REL-00212;DEV-00170;2022-11-14;2022-11;2022-2023;1;SMS;Bordeaux;Karim Belkacem;Injoignable;3.1
REL-00213;DEV-00170;2022-11-20;2022-11;2022-2023;2;Email;Bordeaux;Karim Belkacem;Sans réponse;3.4
REL-00214;DEV-00171;2022-11-19;2022-11;2022-2023;1;SMS;Toulouse;Julien Fabre;Rappel demandé;1.7
REL-00215;DEV-00172;2022-11-19;2022-11;2022-2023;1;Téléphone;Toulouse;Julien Fabre;Injoignable;11.4
REL-00216;DEV-00172;2022-11-30;2022-11;2022-2023;2;Email;Toulouse;Julien Fabre;Accord obtenu;4.6
REL-00217;DEV-00174;2022-11-21;2022-11;2022-2023;1;Email;Toulouse;Julien Fabre;Accord obtenu;2.7
REL-00218;DEV-00175;2022-11-21;2022-11;2022-2023;1;Téléphone;Toulouse;Julien Fabre;Injoignable;10.4
REL-00219;DEV-00176;2022-11-19;2022-11;2022-2023;1;Email;Bordeaux;Sophie Marchand;Rappel demandé;1.7
REL-00220;DEV-00176;2022-11-29;2022-11;2022-2023;2;SMS;Bordeaux;Sophie Marchand;Rappel demandé;3.2
REL-00221;DEV-00177;2022-11-21;2022-11;2022-2023;1;Email;Bordeaux;Karim Belkacem;Refus signifié;3.8
REL-00222;DEV-00178;2022-11-18;2022-11;2022-2023;1;Email;Bordeaux;Sophie Marchand;Accord obtenu;4.8
REL-00223;DEV-00179;2022-11-27;2022-11;2022-2023;1;Email;Bordeaux;Karim Belkacem;Accord obtenu;4.7
REL-00224;DEV-00180;2022-11-27;2022-11;2022-2023;1;Email;Bordeaux;Karim Belkacem;Sans réponse;3.9
REL-00225;DEV-00180;2022-12-05;2022-12;2022-2023;2;Téléphone;Bordeaux;Karim Belkacem;Négociation en cours;5.8
REL-00226;DEV-00180;2022-12-15;2022-12;2022-2023;3;Email;Bordeaux;Karim Belkacem;Accord obtenu;2.8
REL-00227;DEV-00181;2022-11-26;2022-11;2022-2023;1;Email;Toulouse;Julien Fabre;Sans réponse;2.1
REL-00228;DEV-00181;2022-12-07;2022-12;2022-2023;2;Téléphone;Toulouse;Julien Fabre;Sans réponse;13.7
REL-00229;DEV-00183;2022-11-24;2022-11;2022-2023;1;Email;Bordeaux;Karim Belkacem;Injoignable;2.8
REL-00230;DEV-00184;2022-12-01;2022-12;2022-2023;1;Email;Bordeaux;Sophie Marchand;Rappel demandé;4.1
REL-00231;DEV-00184;2022-12-15;2022-12;2022-2023;2;Email;Bordeaux;Sophie Marchand;Injoignable;2.4
REL-00232;DEV-00184;2022-12-20;2022-12;2022-2023;3;Téléphone;Bordeaux;Sophie Marchand;Sans réponse;9.6
REL-00233;DEV-00185;2022-11-26;2022-11;2022-2023;1;Email;Toulouse;Julien Fabre;Rappel demandé;2.3
REL-00234;DEV-00185;2022-12-01;2022-12;2022-2023;2;Téléphone;Toulouse;Julien Fabre;Accord obtenu;10.3
REL-00235;DEV-00186;2022-12-03;2022-12;2022-2023;1;Email;Toulouse;Julien Fabre;Rappel demandé;2.4
REL-00236;DEV-00187;2022-12-07;2022-12;2022-2023;1;Email;Toulouse;Julien Fabre;Sans réponse;4.6
REL-00237;DEV-00188;2022-12-08;2022-12;2022-2023;1;Email;Toulouse;Julien Fabre;Injoignable;3.3
REL-00238;DEV-00188;2022-12-13;2022-12;2022-2023;2;Téléphone;Toulouse;Julien Fabre;Rappel demandé;4.1
REL-00239;DEV-00188;2022-12-26;2022-12;2022-2023;3;Email;Toulouse;Julien Fabre;Rappel demandé;2.8
REL-00240;DEV-00189;2022-12-02;2022-12;2022-2023;1;Téléphone;Bordeaux;Sophie Marchand;Sans réponse;8.4
REL-00241;DEV-00189;2022-12-09;2022-12;2022-2023;2;Téléphone;Bordeaux;Sophie Marchand;Sans réponse;4.5
REL-00242;DEV-00190;2022-12-06;2022-12;2022-2023;1;Email;Bordeaux;Sophie Marchand;Sans réponse;3.6
REL-00243;DEV-00190;2022-12-14;2022-12;2022-2023;2;SMS;Bordeaux;Sophie Marchand;Sans réponse;4.2
REL-00244;DEV-00190;2022-12-20;2022-12;2022-2023;3;SMS;Bordeaux;Sophie Marchand;Négociation en cours;2.5
REL-00245;DEV-00191;2022-12-02;2022-12;2022-2023;1;Email;Bordeaux;Karim Belkacem;Refus signifié;1.8
REL-00246;DEV-00194;2022-12-04;2022-12;2022-2023;1;Email;Bordeaux;Sophie Marchand;Sans réponse;4.0
REL-00247;DEV-00195;2022-12-03;2022-12;2022-2023;1;Téléphone;Toulouse;Julien Fabre;Rappel demandé;9.2
REL-00248;DEV-00195;2022-12-11;2022-12;2022-2023;2;Téléphone;Toulouse;Julien Fabre;Accord obtenu;12.5
REL-00249;DEV-00196;2022-12-17;2022-12;2022-2023;1;Email;Bordeaux;Sophie Marchand;Sans réponse;1.0
REL-00250;DEV-00196;2022-12-23;2022-12;2022-2023;2;Téléphone;Bordeaux;Sophie Marchand;Rappel demandé;5.9
REL-00251;DEV-00197;2022-12-08;2022-12;2022-2023;1;Email;Bordeaux;Sophie Marchand;Négociation en cours;4.4
REL-00252;DEV-00197;2022-12-22;2022-12;2022-2023;2;Email;Bordeaux;Sophie Marchand;Sans réponse;4.9
REL-00253;DEV-00197;2023-01-01;2023-01;2022-2023;3;Email;Bordeaux;Sophie Marchand;Refus signifié;2.4
REL-00254;DEV-00198;2022-12-09;2022-12;2022-2023;1;Email;Toulouse;Julien Fabre;Sans réponse;4.4
REL-00255;DEV-00198;2022-12-14;2022-12;2022-2023;2;Téléphone;Toulouse;Julien Fabre;Refus signifié;12.5
REL-00256;DEV-00199;2022-12-20;2022-12;2022-2023;1;Email;Toulouse;Julien Fabre;Sans réponse;3.4
REL-00257;DEV-00199;2022-12-26;2022-12;2022-2023;2;Téléphone;Toulouse;Julien Fabre;Sans réponse;11.6
REL-00258;DEV-00201;2022-12-13;2022-12;2022-2023;1;Email;Toulouse;Julien Fabre;Sans réponse;2.9
REL-00259;DEV-00202;2022-12-20;2022-12;2022-2023;1;Téléphone;Bordeaux;Sophie Marchand;Rappel demandé;12.2
REL-00260;DEV-00202;2022-12-31;2022-12;2022-2023;2;Email;Bordeaux;Sophie Marchand;Sans réponse;4.2
REL-00261;DEV-00202;2023-01-06;2023-01;2022-2023;3;Email;Bordeaux;Sophie Marchand;Injoignable;3.9
REL-00262;DEV-00203;2022-12-17;2022-12;2022-2023;1;Téléphone;Bordeaux;Sophie Marchand;Refus signifié;9.7
REL-00263;DEV-00205;2022-12-19;2022-12;2022-2023;1;Téléphone;Toulouse;Julien Fabre;Refus signifié;4.5
REL-00264;DEV-00206;2022-12-23;2022-12;2022-2023;1;Téléphone;Toulouse;Julien Fabre;Sans réponse;13.5
REL-00265;DEV-00206;2023-01-04;2023-01;2022-2023;2;Email;Toulouse;Julien Fabre;Négociation en cours;3.2
REL-00266;DEV-00206;2023-01-15;2023-01;2022-2023;3;Téléphone;Toulouse;Julien Fabre;Accord obtenu;11.8
REL-00267;DEV-00207;2022-12-16;2022-12;2022-2023;1;SMS;Bordeaux;Sophie Marchand;Négociation en cours;2.6
REL-00268;DEV-00208;2022-12-23;2022-12;2022-2023;1;Email;Bordeaux;Karim Belkacem;Négociation en cours;3.4
REL-00269;DEV-00208;2022-12-30;2022-12;2022-2023;2;SMS;Bordeaux;Karim Belkacem;Rappel demandé;3.7
REL-00270;DEV-00210;2022-12-23;2022-12;2022-2023;1;Email;Bordeaux;Sophie Marchand;Rappel demandé;4.9
REL-00271;DEV-00210;2023-01-02;2023-01;2022-2023;2;Email;Bordeaux;Sophie Marchand;Injoignable;2.3
REL-00272;DEV-00211;2022-12-18;2022-12;2022-2023;1;Email;Toulouse;Julien Fabre;Accord obtenu;3.1
REL-00273;DEV-00212;2022-12-30;2022-12;2022-2023;1;Téléphone;Bordeaux;Karim Belkacem;Sans réponse;8.7
REL-00274;DEV-00214;2022-12-21;2022-12;2022-2023;1;Téléphone;Bordeaux;Karim Belkacem;Sans réponse;5.3
REL-00275;DEV-00214;2023-01-04;2023-01;2022-2023;2;Email;Bordeaux;Karim Belkacem;Sans réponse;3.1
REL-00276;DEV-00215;2022-12-24;2022-12;2022-2023;1;Téléphone;Toulouse;Julien Fabre;Sans réponse;8.1
REL-00277;DEV-00216;2022-12-27;2022-12;2022-2023;1;SMS;Bordeaux;Sophie Marchand;Rappel demandé;2.8
REL-00278;DEV-00216;2023-01-07;2023-01;2022-2023;2;Email;Bordeaux;Sophie Marchand;Accord obtenu;3.0
REL-00279;DEV-00217;2022-12-24;2022-12;2022-2023;1;Téléphone;Toulouse;Julien Fabre;Accord obtenu;5.4
REL-00280;DEV-00218;2022-12-30;2022-12;2022-2023;1;Email;Bordeaux;Sophie Marchand;Sans réponse;3.8
REL-00281;DEV-00219;2022-12-29;2022-12;2022-2023;1;Téléphone;Bordeaux;Sophie Marchand;Refus signifié;3.4
REL-00282;DEV-00220;2022-12-24;2022-12;2022-2023;1;Email;Bordeaux;Sophie Marchand;Accord obtenu;4.8
REL-00283;DEV-00221;2022-12-24;2022-12;2022-2023;1;Téléphone;Bordeaux;Karim Belkacem;Rappel demandé;8.4
REL-00284;DEV-00222;2022-12-31;2022-12;2022-2023;1;Email;Bordeaux;Karim Belkacem;Négociation en cours;1.1
REL-00285;DEV-00222;2023-01-08;2023-01;2022-2023;2;Email;Bordeaux;Karim Belkacem;Sans réponse;1.6
REL-00286;DEV-00226;2023-01-03;2023-01;2022-2023;1;Téléphone;Bordeaux;Karim Belkacem;Sans réponse;8.6
REL-00287;DEV-00226;2023-01-09;2023-01;2022-2023;2;Téléphone;Bordeaux;Karim Belkacem;Accord obtenu;7.2
REL-00288;DEV-00227;2023-01-10;2023-01;2022-2023;1;Email;Toulouse;Julien Fabre;Refus signifié;1.4
REL-00289;DEV-00228;2023-01-03;2023-01;2022-2023;1;Email;Bordeaux;Sophie Marchand;Injoignable;3.5
REL-00290;DEV-00228;2023-01-08;2023-01;2022-2023;2;Téléphone;Bordeaux;Sophie Marchand;Refus signifié;4.4
REL-00291;DEV-00229;2023-01-04;2023-01;2022-2023;1;Téléphone;Bordeaux;Karim Belkacem;Sans réponse;13.9
REL-00292;DEV-00229;2023-01-14;2023-01;2022-2023;2;Téléphone;Bordeaux;Karim Belkacem;Accord obtenu;10.0
REL-00293;DEV-00230;2023-01-07;2023-01;2022-2023;1;Email;Bordeaux;Sophie Marchand;Sans réponse;1.6
REL-00294;DEV-00231;2022-12-30;2022-12;2022-2023;1;Email;Toulouse;Julien Fabre;Sans réponse;4.0
REL-00295;DEV-00231;2023-01-11;2023-01;2022-2023;2;Email;Toulouse;Julien Fabre;Négociation en cours;3.0
REL-00296;DEV-00232;2022-12-30;2022-12;2022-2023;1;Téléphone;Bordeaux;Karim Belkacem;Accord obtenu;8.1
REL-00297;DEV-00233;2022-12-31;2022-12;2022-2023;1;Téléphone;Bordeaux;Sophie Marchand;Sans réponse;3.6
REL-00298;DEV-00233;2023-01-09;2023-01;2022-2023;2;Téléphone;Bordeaux;Sophie Marchand;Rappel demandé;8.8
REL-00299;DEV-00233;2023-01-18;2023-01;2022-2023;3;Téléphone;Bordeaux;Sophie Marchand;Accord obtenu;7.5
REL-00300;DEV-00235;2023-01-03;2023-01;2022-2023;1;Email;Bordeaux;Sophie Marchand;Refus signifié;2.3
REL-00301;DEV-00236;2023-01-02;2023-01;2022-2023;1;Email;Toulouse;Julien Fabre;Négociation en cours;1.0
REL-00302;DEV-00236;2023-01-08;2023-01;2022-2023;2;Email;Toulouse;Julien Fabre;Rappel demandé;2.7
REL-00303;DEV-00236;2023-01-22;2023-01;2022-2023;3;Email;Toulouse;Julien Fabre;Accord obtenu;4.8
REL-00304;DEV-00237;2023-01-10;2023-01;2022-2023;1;Email;Toulouse;Julien Fabre;Rappel demandé;2.4
REL-00305;DEV-00237;2023-01-20;2023-01;2022-2023;2;Email;Toulouse;Julien Fabre;Négociation en cours;1.0
REL-00306;DEV-00238;2023-01-09;2023-01;2022-2023;1;Email;Toulouse;Julien Fabre;Sans réponse;2.6
REL-00307;DEV-00239;2023-01-06;2023-01;2022-2023;1;Email;Toulouse;Julien Fabre;Négociation en cours;5.0
REL-00308;DEV-00239;2023-01-14;2023-01;2022-2023;2;Email;Toulouse;Julien Fabre;Rappel demandé;4.0
REL-00309;DEV-00240;2023-01-11;2023-01;2022-2023;1;Email;Bordeaux;Sophie Marchand;Refus signifié;4.8
REL-00310;DEV-00241;2023-01-07;2023-01;2022-2023;1;Téléphone;Toulouse;Julien Fabre;Rappel demandé;8.9
REL-00311;DEV-00241;2023-01-15;2023-01;2022-2023;2;Téléphone;Toulouse;Julien Fabre;Rappel demandé;2.7
REL-00312;DEV-00241;2023-01-21;2023-01;2022-2023;3;Email;Toulouse;Julien Fabre;Accord obtenu;3.0
REL-00313;DEV-00242;2023-01-11;2023-01;2022-2023;1;Téléphone;Bordeaux;Karim Belkacem;Sans réponse;9.1
REL-00314;DEV-00242;2023-01-24;2023-01;2022-2023;2;Téléphone;Bordeaux;Karim Belkacem;Sans réponse;11.7
REL-00315;DEV-00243;2023-01-10;2023-01;2022-2023;1;Email;Bordeaux;Karim Belkacem;Injoignable;1.6
REL-00316;DEV-00243;2023-01-15;2023-01;2022-2023;2;Email;Bordeaux;Karim Belkacem;Refus signifié;3.4
REL-00317;DEV-00244;2023-01-09;2023-01;2022-2023;1;Email;Toulouse;Julien Fabre;Sans réponse;3.7
REL-00318;DEV-00247;2023-01-12;2023-01;2022-2023;1;Email;Bordeaux;Karim Belkacem;Rappel demandé;2.8
REL-00319;DEV-00247;2023-01-19;2023-01;2022-2023;2;Email;Bordeaux;Karim Belkacem;Accord obtenu;1.3
REL-00320;DEV-00248;2023-01-10;2023-01;2022-2023;1;Téléphone;Bordeaux;Sophie Marchand;Sans réponse;12.6
REL-00321;DEV-00248;2023-01-22;2023-01;2022-2023;2;SMS;Bordeaux;Sophie Marchand;Accord obtenu;1.1
REL-00322;DEV-00250;2023-01-12;2023-01;2022-2023;1;Email;Bordeaux;Sophie Marchand;Sans réponse;1.7
REL-00323;DEV-00250;2023-01-17;2023-01;2022-2023;2;Email;Bordeaux;Sophie Marchand;Sans réponse;3.9
REL-00324;DEV-00251;2023-01-20;2023-01;2022-2023;1;Email;Bordeaux;Karim Belkacem;Injoignable;4.5
REL-00325;DEV-00252;2023-01-13;2023-01;2022-2023;1;Téléphone;Bordeaux;Sophie Marchand;Négociation en cours;6.2
REL-00326;DEV-00252;2023-01-25;2023-01;2022-2023;2;Email;Bordeaux;Sophie Marchand;Rappel demandé;1.8
REL-00327;DEV-00253;2023-01-17;2023-01;2022-2023;1;Téléphone;Bordeaux;Karim Belkacem;Sans réponse;9.2
REL-00328;DEV-00253;2023-01-26;2023-01;2022-2023;2;SMS;Bordeaux;Karim Belkacem;Accord obtenu;3.7
REL-00329;DEV-00255;2023-01-22;2023-01;2022-2023;1;Email;Toulouse;Julien Fabre;Refus signifié;4.2
REL-00330;DEV-00256;2023-01-21;2023-01;2022-2023;1;Email;Toulouse;Julien Fabre;Injoignable;3.5
REL-00331;DEV-00256;2023-01-31;2023-01;2022-2023;2;Email;Toulouse;Julien Fabre;Accord obtenu;3.6
REL-00332;DEV-00257;2023-01-20;2023-01;2022-2023;1;Email;Toulouse;Julien Fabre;Rappel demandé;4.9
REL-00333;DEV-00257;2023-02-02;2023-02;2022-2023;2;Téléphone;Toulouse;Julien Fabre;Accord obtenu;9.5
REL-00334;DEV-00258;2023-01-19;2023-01;2022-2023;1;Email;Bordeaux;Karim Belkacem;Accord obtenu;3.8
REL-00335;DEV-00259;2023-01-24;2023-01;2022-2023;1;Email;Toulouse;Julien Fabre;Négociation en cours;3.6
REL-00336;DEV-00259;2023-01-30;2023-01;2022-2023;2;Email;Toulouse;Julien Fabre;Rappel demandé;4.4
REL-00337;DEV-00259;2023-02-09;2023-02;2022-2023;3;SMS;Toulouse;Julien Fabre;Sans réponse;3.5
REL-00338;DEV-00259;2023-02-15;2023-02;2022-2023;4;Téléphone;Toulouse;Julien Fabre;Négociation en cours;7.2
REL-00339;DEV-00260;2023-01-20;2023-01;2022-2023;1;Téléphone;Bordeaux;Karim Belkacem;Rappel demandé;9.8
REL-00340;DEV-00260;2023-02-02;2023-02;2022-2023;2;Email;Bordeaux;Karim Belkacem;Sans réponse;2.2
REL-00341;DEV-00261;2023-01-19;2023-01;2022-2023;1;Téléphone;Bordeaux;Karim Belkacem;Sans réponse;13.4
REL-00342;DEV-00261;2023-01-28;2023-01;2022-2023;2;Email;Bordeaux;Karim Belkacem;Négociation en cours;1.3
REL-00343;DEV-00263;2023-01-25;2023-01;2022-2023;1;Téléphone;Toulouse;Julien Fabre;Rappel demandé;7.1
REL-00344;DEV-00263;2023-02-01;2023-02;2022-2023;2;Email;Toulouse;Julien Fabre;Sans réponse;2.9
REL-00345;DEV-00265;2023-01-20;2023-01;2022-2023;1;Téléphone;Bordeaux;Karim Belkacem;Refus signifié;4.0
REL-00346;DEV-00266;2023-01-21;2023-01;2022-2023;1;SMS;Toulouse;Julien Fabre;Refus signifié;3.1
REL-00347;DEV-00267;2023-01-25;2023-01;2022-2023;1;Téléphone;Bordeaux;Sophie Marchand;Injoignable;11.8
REL-00348;DEV-00268;2023-01-24;2023-01;2022-2023;1;Email;Bordeaux;Karim Belkacem;Négociation en cours;3.3
REL-00349;DEV-00268;2023-02-06;2023-02;2022-2023;2;Email;Bordeaux;Karim Belkacem;Rappel demandé;4.3
REL-00350;DEV-00269;2023-02-06;2023-02;2022-2023;1;Email;Toulouse;Julien Fabre;Sans réponse;4.0
REL-00351;DEV-00270;2023-01-26;2023-01;2022-2023;1;Email;Bordeaux;Karim Belkacem;Accord obtenu;1.2
REL-00352;DEV-00271;2023-01-28;2023-01;2022-2023;1;Email;Bordeaux;Karim Belkacem;Accord obtenu;3.1
REL-00353;DEV-00272;2023-02-04;2023-02;2022-2023;1;Email;Bordeaux;Sophie Marchand;Rappel demandé;2.0
REL-00354;DEV-00272;2023-02-16;2023-02;2022-2023;2;Email;Bordeaux;Sophie Marchand;Rappel demandé;1.5
REL-00355;DEV-00272;2023-03-02;2023-03;2022-2023;3;Téléphone;Bordeaux;Sophie Marchand;Rappel demandé;12.5
REL-00356;DEV-00273;2023-02-05;2023-02;2022-2023;1;Téléphone;Toulouse;Julien Fabre;Rappel demandé;8.5
REL-00357;DEV-00274;2023-01-29;2023-01;2022-2023;1;Email;Toulouse;Julien Fabre;Négociation en cours;3.3
REL-00358;DEV-00276;2023-02-07;2023-02;2022-2023;1;Téléphone;Toulouse;Julien Fabre;Accord obtenu;7.1
REL-00359;DEV-00277;2023-02-07;2023-02;2022-2023;1;SMS;Bordeaux;Sophie Marchand;Injoignable;2.5
REL-00360;DEV-00277;2023-02-16;2023-02;2022-2023;2;Email;Bordeaux;Sophie Marchand;Accord obtenu;1.7
REL-00361;DEV-00278;2023-02-07;2023-02;2022-2023;1;Email;Bordeaux;Karim Belkacem;Refus signifié;4.1
REL-00362;DEV-00279;2023-02-10;2023-02;2022-2023;1;Email;Toulouse;Julien Fabre;Sans réponse;1.7
REL-00363;DEV-00279;2023-02-16;2023-02;2022-2023;2;Téléphone;Toulouse;Julien Fabre;Négociation en cours;4.5
REL-00364;DEV-00280;2023-02-09;2023-02;2022-2023;1;SMS;Toulouse;Julien Fabre;Accord obtenu;1.5
REL-00365;DEV-00281;2023-02-02;2023-02;2022-2023;1;Email;Bordeaux;Sophie Marchand;Accord obtenu;1.9
REL-00366;DEV-00282;2023-02-06;2023-02;2022-2023;1;Email;Toulouse;Julien Fabre;Injoignable;1.4
REL-00367;DEV-00283;2023-02-04;2023-02;2022-2023;1;Email;Toulouse;Julien Fabre;Rappel demandé;3.3
REL-00368;DEV-00283;2023-02-09;2023-02;2022-2023;2;Email;Toulouse;Julien Fabre;Accord obtenu;4.5
REL-00369;DEV-00284;2023-02-12;2023-02;2022-2023;1;Téléphone;Toulouse;Julien Fabre;Rappel demandé;12.6
REL-00370;DEV-00284;2023-02-24;2023-02;2022-2023;2;Téléphone;Toulouse;Julien Fabre;Injoignable;10.4
REL-00371;DEV-00286;2023-02-13;2023-02;2022-2023;1;Email;Toulouse;Julien Fabre;Négociation en cours;2.9
REL-00372;DEV-00286;2023-02-25;2023-02;2022-2023;2;Téléphone;Toulouse;Julien Fabre;Injoignable;5.0
REL-00373;DEV-00287;2023-02-10;2023-02;2022-2023;1;Email;Toulouse;Julien Fabre;Accord obtenu;4.6
REL-00374;DEV-00288;2023-02-12;2023-02;2022-2023;1;Téléphone;Toulouse;Julien Fabre;Négociation en cours;7.8
REL-00375;DEV-00288;2023-02-22;2023-02;2022-2023;2;Email;Toulouse;Julien Fabre;Injoignable;3.6
REL-00376;DEV-00289;2023-02-13;2023-02;2022-2023;1;SMS;Toulouse;Julien Fabre;Sans réponse;2.7
REL-00377;DEV-00289;2023-02-27;2023-02;2022-2023;2;Téléphone;Toulouse;Julien Fabre;Sans réponse;8.0
REL-00378;DEV-00290;2023-02-08;2023-02;2022-2023;1;Email;Toulouse;Julien Fabre;Sans réponse;1.2
REL-00379;DEV-00292;2023-02-12;2023-02;2022-2023;1;Téléphone;Bordeaux;Sophie Marchand;Sans réponse;5.7
REL-00380;DEV-00292;2023-02-25;2023-02;2022-2023;2;Email;Bordeaux;Sophie Marchand;Négociation en cours;1.7
REL-00381;DEV-00292;2023-03-08;2023-03;2022-2023;3;Téléphone;Bordeaux;Sophie Marchand;Accord obtenu;10.9
REL-00382;DEV-00293;2023-02-11;2023-02;2022-2023;1;Email;Toulouse;Julien Fabre;Sans réponse;2.8
REL-00383;DEV-00294;2023-02-12;2023-02;2022-2023;1;Email;Toulouse;Julien Fabre;Accord obtenu;3.2
REL-00384;DEV-00295;2023-02-18;2023-02;2022-2023;1;Téléphone;Toulouse;Julien Fabre;Sans réponse;9.1
REL-00385;DEV-00295;2023-02-28;2023-02;2022-2023;2;Téléphone;Toulouse;Julien Fabre;Négociation en cours;8.7
REL-00386;DEV-00296;2023-02-17;2023-02;2022-2023;1;Email;Bordeaux;Sophie Marchand;Négociation en cours;4.3
REL-00387;DEV-00296;2023-02-25;2023-02;2022-2023;2;Email;Bordeaux;Sophie Marchand;Rappel demandé;2.9
REL-00388;DEV-00296;2023-03-10;2023-03;2022-2023;3;Téléphone;Bordeaux;Sophie Marchand;Refus signifié;4.0
REL-00389;DEV-00297;2023-02-16;2023-02;2022-2023;1;Email;Toulouse;Julien Fabre;Injoignable;4.1
REL-00390;DEV-00297;2023-02-24;2023-02;2022-2023;2;Email;Toulouse;Julien Fabre;Sans réponse;2.8
REL-00391;DEV-00297;2023-03-05;2023-03;2022-2023;3;SMS;Toulouse;Julien Fabre;Refus signifié;3.7
REL-00392;DEV-00298;2023-02-11;2023-02;2022-2023;1;Téléphone;Bordeaux;Sophie Marchand;Négociation en cours;4.4
REL-00393;DEV-00300;2023-02-17;2023-02;2022-2023;1;Email;Bordeaux;Sophie Marchand;Refus signifié;2.7
REL-00394;DEV-00301;2023-02-23;2023-02;2022-2023;1;Email;Bordeaux;Sophie Marchand;Refus signifié;1.8
REL-00395;DEV-00304;2023-02-24;2023-02;2022-2023;1;Téléphone;Toulouse;Julien Fabre;Négociation en cours;13.6
REL-00396;DEV-00304;2023-03-08;2023-03;2022-2023;2;Email;Toulouse;Julien Fabre;Sans réponse;1.6
REL-00397;DEV-00305;2023-02-17;2023-02;2022-2023;1;Email;Bordeaux;Karim Belkacem;Sans réponse;4.5
REL-00398;DEV-00305;2023-02-27;2023-02;2022-2023;2;Email;Bordeaux;Karim Belkacem;Accord obtenu;4.5
REL-00399;DEV-00306;2023-02-23;2023-02;2022-2023;1;Téléphone;Bordeaux;Karim Belkacem;Refus signifié;13.5
REL-00400;DEV-00308;2023-02-26;2023-02;2022-2023;1;Email;Toulouse;Julien Fabre;Refus signifié;2.0
REL-00401;DEV-00309;2023-02-23;2023-02;2022-2023;1;Email;Toulouse;Julien Fabre;Refus signifié;1.7
REL-00402;DEV-00310;2023-02-24;2023-02;2022-2023;1;SMS;Toulouse;Julien Fabre;Refus signifié;2.2
REL-00403;DEV-00311;2023-02-23;2023-02;2022-2023;1;Email;Bordeaux;Karim Belkacem;Rappel demandé;1.2
REL-00404;DEV-00311;2023-02-28;2023-02;2022-2023;2;Email;Bordeaux;Karim Belkacem;Accord obtenu;4.3
REL-00405;DEV-00312;2023-02-21;2023-02;2022-2023;1;Téléphone;Bordeaux;Sophie Marchand;Accord obtenu;5.5
REL-00406;DEV-00313;2023-02-24;2023-02;2022-2023;1;Téléphone;Bordeaux;Karim Belkacem;Sans réponse;4.1
REL-00407;DEV-00313;2023-03-08;2023-03;2022-2023;2;SMS;Bordeaux;Karim Belkacem;Injoignable;3.2
REL-00408;DEV-00315;2023-02-23;2023-02;2022-2023;1;SMS;Bordeaux;Sophie Marchand;Sans réponse;3.7
REL-00409;DEV-00316;2023-03-04;2023-03;2022-2023;1;Téléphone;Toulouse;Julien Fabre;Sans réponse;10.4
REL-00410;DEV-00316;2023-03-16;2023-03;2022-2023;2;Email;Toulouse;Julien Fabre;Rappel demandé;3.3
REL-00411;DEV-00317;2023-02-26;2023-02;2022-2023;1;Email;Bordeaux;Karim Belkacem;Sans réponse;1.6
REL-00412;DEV-00317;2023-03-03;2023-03;2022-2023;2;Email;Bordeaux;Karim Belkacem;Négociation en cours;2.3
REL-00413;DEV-00317;2023-03-15;2023-03;2022-2023;3;Téléphone;Bordeaux;Karim Belkacem;Accord obtenu;3.9
REL-00414;DEV-00318;2023-02-25;2023-02;2022-2023;1;Téléphone;Toulouse;Julien Fabre;Négociation en cours;6.7
REL-00415;DEV-00318;2023-03-02;2023-03;2022-2023;2;Email;Toulouse;Julien Fabre;Rappel demandé;3.1
REL-00416;DEV-00318;2023-03-07;2023-03;2022-2023;3;Téléphone;Toulouse;Julien Fabre;Accord obtenu;4.5
REL-00417;DEV-00319;2023-03-12;2023-03;2022-2023;1;Email;Bordeaux;Karim Belkacem;Rappel demandé;3.0
REL-00418;DEV-00320;2023-02-24;2023-02;2022-2023;1;Email;Bordeaux;Sophie Marchand;Sans réponse;1.3
REL-00419;DEV-00320;2023-03-04;2023-03;2022-2023;2;Email;Bordeaux;Sophie Marchand;Accord obtenu;3.8
REL-00420;DEV-00321;2023-03-14;2023-03;2022-2023;1;Téléphone;Toulouse;Julien Fabre;Négociation en cours;4.7
REL-00421;DEV-00322;2023-03-01;2023-03;2022-2023;1;Email;Toulouse;Julien Fabre;Injoignable;3.8
REL-00422;DEV-00322;2023-03-13;2023-03;2022-2023;2;SMS;Toulouse;Julien Fabre;Négociation en cours;3.7
REL-00423;DEV-00322;2023-03-25;2023-03;2022-2023;3;Téléphone;Toulouse;Julien Fabre;Rappel demandé;11.5
REL-00424;DEV-00323;2023-02-28;2023-02;2022-2023;1;Email;Bordeaux;Sophie Marchand;Injoignable;3.5
REL-00425;DEV-00323;2023-03-13;2023-03;2022-2023;2;Téléphone;Bordeaux;Sophie Marchand;Rappel demandé;2.2
REL-00426;DEV-00324;2023-03-03;2023-03;2022-2023;1;Email;Toulouse;Julien Fabre;Rappel demandé;2.5
REL-00427;DEV-00324;2023-03-12;2023-03;2022-2023;2;Téléphone;Toulouse;Julien Fabre;Rappel demandé;3.8
REL-00428;DEV-00325;2023-03-07;2023-03;2022-2023;1;Téléphone;Toulouse;Julien Fabre;Négociation en cours;11.2
REL-00429;DEV-00325;2023-03-20;2023-03;2022-2023;2;Téléphone;Toulouse;Julien Fabre;Négociation en cours;4.6
REL-00430;DEV-00325;2023-03-27;2023-03;2022-2023;3;Téléphone;Toulouse;Julien Fabre;Refus signifié;5.1
REL-00431;DEV-00326;2023-03-03;2023-03;2022-2023;1;Email;Bordeaux;Karim Belkacem;Accord obtenu;3.9
REL-00432;DEV-00327;2023-03-09;2023-03;2022-2023;1;Email;Toulouse;Julien Fabre;Négociation en cours;3.3
REL-00433;DEV-00329;2023-03-05;2023-03;2022-2023;1;Email;Toulouse;Julien Fabre;Accord obtenu;4.3
REL-00434;DEV-00330;2023-03-07;2023-03;2022-2023;1;Email;Toulouse;Julien Fabre;Refus signifié;2.0
REL-00435;DEV-00332;2023-03-12;2023-03;2022-2023;1;SMS;Bordeaux;Sophie Marchand;Rappel demandé;2.5
REL-00436;DEV-00332;2023-03-21;2023-03;2022-2023;2;Téléphone;Bordeaux;Sophie Marchand;Refus signifié;3.7
REL-00437;DEV-00333;2023-03-09;2023-03;2022-2023;1;Téléphone;Bordeaux;Sophie Marchand;Rappel demandé;11.4
REL-00438;DEV-00333;2023-03-19;2023-03;2022-2023;2;Email;Bordeaux;Sophie Marchand;Accord obtenu;4.7
REL-00439;DEV-00334;2023-03-11;2023-03;2022-2023;1;Téléphone;Bordeaux;Karim Belkacem;Injoignable;12.6
REL-00440;DEV-00335;2023-03-08;2023-03;2022-2023;1;Email;Toulouse;Julien Fabre;Négociation en cours;2.0
REL-00441;DEV-00335;2023-03-15;2023-03;2022-2023;2;Email;Toulouse;Julien Fabre;Négociation en cours;4.8
REL-00442;DEV-00335;2023-03-25;2023-03;2022-2023;3;Téléphone;Toulouse;Julien Fabre;Négociation en cours;3.4
REL-00443;DEV-00335;2023-04-06;2023-04;2022-2023;4;SMS;Toulouse;Julien Fabre;Accord obtenu;1.3
REL-00444;DEV-00336;2023-03-11;2023-03;2022-2023;1;Email;Bordeaux;Karim Belkacem;Injoignable;2.2
REL-00445;DEV-00336;2023-03-24;2023-03;2022-2023;2;Email;Bordeaux;Karim Belkacem;Injoignable;3.7
REL-00446;DEV-00336;2023-03-30;2023-03;2022-2023;3;Téléphone;Bordeaux;Karim Belkacem;Sans réponse;9.4
REL-00447;DEV-00336;2023-04-10;2023-04;2022-2023;4;Email;Bordeaux;Karim Belkacem;Accord obtenu;3.0
REL-00448;DEV-00337;2023-03-08;2023-03;2022-2023;1;SMS;Bordeaux;Karim Belkacem;Rappel demandé;1.2
REL-00449;DEV-00337;2023-03-17;2023-03;2022-2023;2;Email;Bordeaux;Karim Belkacem;Accord obtenu;2.4
REL-00450;DEV-00338;2023-03-14;2023-03;2022-2023;1;Email;Toulouse;Julien Fabre;Rappel demandé;1.4
REL-00451;DEV-00339;2023-03-11;2023-03;2022-2023;1;SMS;Toulouse;Julien Fabre;Sans réponse;1.5
REL-00452;DEV-00339;2023-03-25;2023-03;2022-2023;2;Téléphone;Toulouse;Julien Fabre;Sans réponse;2.3
REL-00453;DEV-00340;2023-03-09;2023-03;2022-2023;1;Email;Bordeaux;Karim Belkacem;Refus signifié;2.6
REL-00454;DEV-00341;2023-03-15;2023-03;2022-2023;1;Téléphone;Toulouse;Julien Fabre;Accord obtenu;8.0
REL-00455;DEV-00342;2023-03-14;2023-03;2022-2023;1;Email;Bordeaux;Sophie Marchand;Accord obtenu;4.0
REL-00456;DEV-00344;2023-03-18;2023-03;2022-2023;1;Téléphone;Bordeaux;Sophie Marchand;Sans réponse;7.6
REL-00457;DEV-00344;2023-03-28;2023-03;2022-2023;2;Email;Bordeaux;Sophie Marchand;Sans réponse;2.2
REL-00458;DEV-00344;2023-04-07;2023-04;2022-2023;3;Email;Bordeaux;Sophie Marchand;Accord obtenu;4.5
REL-00459;DEV-00347;2023-03-21;2023-03;2022-2023;1;Téléphone;Bordeaux;Karim Belkacem;Rappel demandé;4.1
REL-00460;DEV-00347;2023-03-29;2023-03;2022-2023;2;Téléphone;Bordeaux;Karim Belkacem;Accord obtenu;9.6
REL-00461;DEV-00348;2023-03-18;2023-03;2022-2023;1;Email;Toulouse;Julien Fabre;Rappel demandé;1.6
REL-00462;DEV-00348;2023-03-24;2023-03;2022-2023;2;Email;Toulouse;Julien Fabre;Sans réponse;3.4
REL-00463;DEV-00349;2023-03-24;2023-03;2022-2023;1;Email;Toulouse;Julien Fabre;Sans réponse;1.8
REL-00464;DEV-00349;2023-03-31;2023-03;2022-2023;2;Téléphone;Toulouse;Julien Fabre;Accord obtenu;6.1
REL-00465;DEV-00350;2023-03-23;2023-03;2022-2023;1;Email;Toulouse;Julien Fabre;Sans réponse;2.3
REL-00466;DEV-00351;2023-03-22;2023-03;2022-2023;1;SMS;Bordeaux;Karim Belkacem;Accord obtenu;3.6
REL-00467;DEV-00352;2023-03-24;2023-03;2022-2023;1;Téléphone;Toulouse;Julien Fabre;Négociation en cours;4.0
REL-00468;DEV-00352;2023-03-29;2023-03;2022-2023;2;Email;Toulouse;Julien Fabre;Accord obtenu;4.5
REL-00469;DEV-00353;2023-03-23;2023-03;2022-2023;1;Téléphone;Bordeaux;Karim Belkacem;Sans réponse;4.0
REL-00470;DEV-00353;2023-03-30;2023-03;2022-2023;2;SMS;Bordeaux;Karim Belkacem;Accord obtenu;1.1
REL-00471;DEV-00354;2023-04-02;2023-04;2022-2023;1;SMS;Toulouse;Julien Fabre;Accord obtenu;2.8
REL-00472;DEV-00355;2023-03-24;2023-03;2022-2023;1;Téléphone;Bordeaux;Sophie Marchand;Accord obtenu;2.2
REL-00473;DEV-00357;2023-03-27;2023-03;2022-2023;1;Email;Bordeaux;Karim Belkacem;Sans réponse;4.6
REL-00474;DEV-00358;2023-04-03;2023-04;2022-2023;1;Email;Toulouse;Julien Fabre;Rappel demandé;4.8
REL-00475;DEV-00358;2023-04-16;2023-04;2022-2023;2;Email;Toulouse;Julien Fabre;Sans réponse;4.7
REL-00476;DEV-00358;2023-04-25;2023-04;2022-2023;3;Téléphone;Toulouse;Julien Fabre;Sans réponse;12.8
REL-00477;DEV-00359;2023-03-29;2023-03;2022-2023;1;Email;Toulouse;Julien Fabre;Sans réponse;3.9
REL-00478;DEV-00359;2023-04-08;2023-04;2022-2023;2;Email;Toulouse;Julien Fabre;Négociation en cours;2.4
REL-00479;DEV-00360;2023-03-28;2023-03;2022-2023;1;Téléphone;Bordeaux;Sophie Marchand;Sans réponse;9.5
REL-00480;DEV-00360;2023-04-09;2023-04;2022-2023;2;SMS;Bordeaux;Sophie Marchand;Accord obtenu;2.4
REL-00481;DEV-00361;2023-03-28;2023-03;2022-2023;1;Email;Bordeaux;Karim Belkacem;Négociation en cours;1.3
REL-00482;DEV-00361;2023-04-09;2023-04;2022-2023;2;Email;Bordeaux;Karim Belkacem;Accord obtenu;3.0
REL-00483;DEV-00363;2023-04-08;2023-04;2022-2023;1;Email;Bordeaux;Sophie Marchand;Refus signifié;2.1
REL-00484;DEV-00364;2023-04-01;2023-04;2022-2023;1;SMS;Bordeaux;Karim Belkacem;Rappel demandé;3.6
REL-00485;DEV-00366;2023-04-08;2023-04;2022-2023;1;Téléphone;Toulouse;Julien Fabre;Injoignable;4.6
REL-00486;DEV-00367;2023-04-11;2023-04;2022-2023;1;Email;Toulouse;Julien Fabre;Sans réponse;1.4
REL-00487;DEV-00367;2023-04-22;2023-04;2022-2023;2;Téléphone;Toulouse;Julien Fabre;Rappel demandé;11.3
REL-00488;DEV-00367;2023-04-30;2023-04;2022-2023;3;SMS;Toulouse;Julien Fabre;Sans réponse;4.4
REL-00489;DEV-00368;2023-04-01;2023-04;2022-2023;1;Email;Bordeaux;Karim Belkacem;Accord obtenu;1.6
REL-00490;DEV-00369;2023-04-01;2023-04;2022-2023;1;Email;Toulouse;Julien Fabre;Rappel demandé;2.0
REL-00491;DEV-00369;2023-04-07;2023-04;2022-2023;2;Email;Toulouse;Julien Fabre;Accord obtenu;2.6
REL-00492;DEV-00370;2023-04-04;2023-04;2022-2023;1;SMS;Bordeaux;Karim Belkacem;Accord obtenu;3.8
REL-00493;DEV-00371;2023-04-05;2023-04;2022-2023;1;Email;Bordeaux;Karim Belkacem;Rappel demandé;3.9
REL-00494;DEV-00371;2023-04-12;2023-04;2022-2023;2;Email;Bordeaux;Karim Belkacem;Injoignable;4.1
REL-00495;DEV-00371;2023-04-24;2023-04;2022-2023;3;Email;Bordeaux;Karim Belkacem;Refus signifié;1.1
REL-00496;DEV-00373;2023-04-12;2023-04;2022-2023;1;Email;Bordeaux;Karim Belkacem;Accord obtenu;4.7
REL-00497;DEV-00374;2023-04-08;2023-04;2022-2023;1;Email;Bordeaux;Sophie Marchand;Injoignable;4.8
REL-00498;DEV-00374;2023-04-16;2023-04;2022-2023;2;Email;Bordeaux;Sophie Marchand;Refus signifié;3.2
REL-00499;DEV-00375;2023-04-23;2023-04;2022-2023;1;Email;Toulouse;Julien Fabre;Injoignable;2.3
REL-00500;DEV-00376;2023-04-11;2023-04;2022-2023;1;SMS;Bordeaux;Karim Belkacem;Rappel demandé;3.3
REL-00501;DEV-00376;2023-04-23;2023-04;2022-2023;2;Email;Bordeaux;Karim Belkacem;Rappel demandé;2.9
REL-00502;DEV-00376;2023-05-06;2023-05;2022-2023;3;Email;Bordeaux;Karim Belkacem;Accord obtenu;3.9
REL-00503;DEV-00377;2023-04-17;2023-04;2022-2023;1;Téléphone;Bordeaux;Sophie Marchand;Injoignable;12.0
REL-00504;DEV-00377;2023-05-01;2023-05;2022-2023;2;Email;Bordeaux;Sophie Marchand;Sans réponse;3.2
REL-00505;DEV-00378;2023-04-16;2023-04;2022-2023;1;Téléphone;Bordeaux;Sophie Marchand;Sans réponse;6.4
REL-00506;DEV-00379;2023-04-21;2023-04;2022-2023;1;SMS;Bordeaux;Karim Belkacem;Injoignable;3.7
REL-00507;DEV-00379;2023-04-30;2023-04;2022-2023;2;Email;Bordeaux;Karim Belkacem;Sans réponse;2.1
REL-00508;DEV-00379;2023-05-13;2023-05;2022-2023;3;Email;Bordeaux;Karim Belkacem;Accord obtenu;1.3
REL-00509;DEV-00380;2023-04-19;2023-04;2022-2023;1;Email;Bordeaux;Sophie Marchand;Sans réponse;2.4
REL-00510;DEV-00380;2023-05-01;2023-05;2022-2023;2;Email;Bordeaux;Sophie Marchand;Sans réponse;4.6
REL-00511;DEV-00382;2023-04-19;2023-04;2022-2023;1;Email;Toulouse;Julien Fabre;Sans réponse;1.6
REL-00512;DEV-00382;2023-04-25;2023-04;2022-2023;2;SMS;Toulouse;Julien Fabre;Accord obtenu;2.4
REL-00513;DEV-00383;2023-04-22;2023-04;2022-2023;1;SMS;Toulouse;Julien Fabre;Négociation en cours;4.5
REL-00514;DEV-00383;2023-05-06;2023-05;2022-2023;2;Téléphone;Toulouse;Julien Fabre;Refus signifié;8.8
REL-00515;DEV-00384;2023-04-14;2023-04;2022-2023;1;Téléphone;Bordeaux;Karim Belkacem;Injoignable;8.7
REL-00516;DEV-00385;2023-04-15;2023-04;2022-2023;1;Email;Bordeaux;Karim Belkacem;Négociation en cours;4.9
REL-00517;DEV-00385;2023-04-29;2023-04;2022-2023;2;Email;Bordeaux;Karim Belkacem;Refus signifié;2.6
REL-00518;DEV-00386;2023-04-18;2023-04;2022-2023;1;SMS;Bordeaux;Karim Belkacem;Négociation en cours;3.1
REL-00519;DEV-00387;2023-04-19;2023-04;2022-2023;1;Email;Bordeaux;Sophie Marchand;Rappel demandé;2.1
REL-00520;DEV-00387;2023-04-30;2023-04;2022-2023;2;Email;Bordeaux;Sophie Marchand;Négociation en cours;1.9
REL-00521;DEV-00388;2023-04-16;2023-04;2022-2023;1;Email;Bordeaux;Karim Belkacem;Négociation en cours;4.4
REL-00522;DEV-00388;2023-04-29;2023-04;2022-2023;2;Email;Bordeaux;Karim Belkacem;Négociation en cours;2.9
REL-00523;DEV-00388;2023-05-06;2023-05;2022-2023;3;Email;Bordeaux;Karim Belkacem;Accord obtenu;3.5
REL-00524;DEV-00389;2023-04-22;2023-04;2022-2023;1;Téléphone;Toulouse;Julien Fabre;Accord obtenu;13.8
REL-00525;DEV-00391;2023-04-23;2023-04;2022-2023;1;Email;Toulouse;Julien Fabre;Accord obtenu;2.1
REL-00526;DEV-00392;2023-04-22;2023-04;2022-2023;1;Email;Bordeaux;Karim Belkacem;Rappel demandé;1.3
REL-00527;DEV-00393;2023-04-25;2023-04;2022-2023;1;Email;Bordeaux;Sophie Marchand;Accord obtenu;4.5
REL-00528;DEV-00394;2023-04-20;2023-04;2022-2023;1;Email;Toulouse;Julien Fabre;Sans réponse;1.9
REL-00529;DEV-00395;2023-04-20;2023-04;2022-2023;1;Téléphone;Bordeaux;Sophie Marchand;Négociation en cours;5.0
REL-00530;DEV-00396;2023-04-25;2023-04;2022-2023;1;Email;Bordeaux;Karim Belkacem;Injoignable;1.9
REL-00531;DEV-00396;2023-05-06;2023-05;2022-2023;2;Email;Bordeaux;Karim Belkacem;Négociation en cours;3.8
REL-00532;DEV-00397;2023-04-29;2023-04;2022-2023;1;SMS;Toulouse;Julien Fabre;Accord obtenu;1.5
REL-00533;DEV-00398;2023-04-25;2023-04;2022-2023;1;Téléphone;Toulouse;Julien Fabre;Sans réponse;13.4
REL-00534;DEV-00398;2023-05-04;2023-05;2022-2023;2;Email;Toulouse;Julien Fabre;Négociation en cours;2.4
REL-00535;DEV-00399;2023-04-21;2023-04;2022-2023;1;Email;Bordeaux;Karim Belkacem;Injoignable;1.9
REL-00536;DEV-00399;2023-05-04;2023-05;2022-2023;2;Email;Bordeaux;Karim Belkacem;Négociation en cours;3.2
REL-00537;DEV-00401;2023-04-28;2023-04;2022-2023;1;Téléphone;Toulouse;Julien Fabre;Refus signifié;10.4
REL-00538;DEV-00402;2023-04-27;2023-04;2022-2023;1;Téléphone;Toulouse;Julien Fabre;Sans réponse;2.8
REL-00539;DEV-00402;2023-05-07;2023-05;2022-2023;2;Email;Toulouse;Julien Fabre;Injoignable;1.1
REL-00540;DEV-00404;2023-05-02;2023-05;2022-2023;1;Email;Bordeaux;Sophie Marchand;Injoignable;4.5
REL-00541;DEV-00404;2023-05-11;2023-05;2022-2023;2;Email;Bordeaux;Sophie Marchand;Refus signifié;2.9
REL-00542;DEV-00405;2023-05-01;2023-05;2022-2023;1;Téléphone;Bordeaux;Sophie Marchand;Rappel demandé;8.6
REL-00543;DEV-00405;2023-05-13;2023-05;2022-2023;2;SMS;Bordeaux;Sophie Marchand;Sans réponse;4.3
REL-00544;DEV-00406;2023-05-05;2023-05;2022-2023;1;Email;Bordeaux;Sophie Marchand;Accord obtenu;3.2
REL-00545;DEV-00407;2023-05-01;2023-05;2022-2023;1;Email;Bordeaux;Karim Belkacem;Injoignable;4.9
REL-00546;DEV-00407;2023-05-07;2023-05;2022-2023;2;Téléphone;Bordeaux;Karim Belkacem;Accord obtenu;11.3
REL-00547;DEV-00408;2023-05-01;2023-05;2022-2023;1;Téléphone;Toulouse;Julien Fabre;Rappel demandé;9.8
REL-00548;DEV-00408;2023-05-12;2023-05;2022-2023;2;Téléphone;Toulouse;Julien Fabre;Sans réponse;6.6
REL-00549;DEV-00408;2023-05-19;2023-05;2022-2023;3;Email;Toulouse;Julien Fabre;Injoignable;4.9
REL-00550;DEV-00408;2023-06-01;2023-06;2022-2023;4;Email;Toulouse;Julien Fabre;Accord obtenu;1.2
REL-00551;DEV-00409;2023-05-08;2023-05;2022-2023;1;SMS;Toulouse;Julien Fabre;Rappel demandé;2.1
REL-00552;DEV-00410;2023-05-02;2023-05;2022-2023;1;Téléphone;Bordeaux;Karim Belkacem;Rappel demandé;2.4
REL-00553;DEV-00410;2023-05-16;2023-05;2022-2023;2;Téléphone;Bordeaux;Karim Belkacem;Sans réponse;10.2
REL-00554;DEV-00410;2023-05-30;2023-05;2022-2023;3;Téléphone;Bordeaux;Karim Belkacem;Accord obtenu;3.3
REL-00555;DEV-00411;2023-05-04;2023-05;2022-2023;1;Email;Toulouse;Julien Fabre;Rappel demandé;3.2
REL-00556;DEV-00412;2023-05-12;2023-05;2022-2023;1;Téléphone;Bordeaux;Sophie Marchand;Sans réponse;13.8
REL-00557;DEV-00412;2023-05-17;2023-05;2022-2023;2;SMS;Bordeaux;Sophie Marchand;Rappel demandé;2.6
REL-00558;DEV-00413;2023-05-04;2023-05;2022-2023;1;Téléphone;Toulouse;Julien Fabre;Refus signifié;4.9
REL-00559;DEV-00414;2023-05-04;2023-05;2022-2023;1;Email;Bordeaux;Karim Belkacem;Rappel demandé;3.0
REL-00560;DEV-00414;2023-05-12;2023-05;2022-2023;2;Téléphone;Bordeaux;Karim Belkacem;Rappel demandé;7.2
REL-00561;DEV-00414;2023-05-17;2023-05;2022-2023;3;Email;Bordeaux;Karim Belkacem;Injoignable;1.2
REL-00562;DEV-00415;2023-05-04;2023-05;2022-2023;1;SMS;Bordeaux;Karim Belkacem;Sans réponse;2.6
REL-00563;DEV-00415;2023-05-17;2023-05;2022-2023;2;Email;Bordeaux;Karim Belkacem;Accord obtenu;2.0
REL-00564;DEV-00416;2023-05-09;2023-05;2022-2023;1;Email;Bordeaux;Sophie Marchand;Refus signifié;1.6
REL-00565;DEV-00417;2023-05-05;2023-05;2022-2023;1;Email;Toulouse;Julien Fabre;Négociation en cours;3.5
REL-00566;DEV-00417;2023-05-14;2023-05;2022-2023;2;Téléphone;Toulouse;Julien Fabre;Négociation en cours;8.1
REL-00567;DEV-00418;2023-05-14;2023-05;2022-2023;1;Email;Toulouse;Julien Fabre;Rappel demandé;1.0
REL-00568;DEV-00418;2023-05-26;2023-05;2022-2023;2;Téléphone;Toulouse;Julien Fabre;Injoignable;11.4
REL-00569;DEV-00418;2023-06-08;2023-06;2022-2023;3;Téléphone;Toulouse;Julien Fabre;Rappel demandé;8.2
REL-00570;DEV-00419;2023-05-12;2023-05;2022-2023;1;Téléphone;Toulouse;Julien Fabre;Négociation en cours;3.0
REL-00571;DEV-00420;2023-05-12;2023-05;2022-2023;1;Téléphone;Toulouse;Julien Fabre;Accord obtenu;7.1
REL-00572;DEV-00421;2023-05-14;2023-05;2022-2023;1;Téléphone;Toulouse;Julien Fabre;Injoignable;14.0
REL-00573;DEV-00422;2023-05-20;2023-05;2022-2023;1;Email;Bordeaux;Sophie Marchand;Rappel demandé;2.8
REL-00574;DEV-00422;2023-05-30;2023-05;2022-2023;2;SMS;Bordeaux;Sophie Marchand;Sans réponse;3.1
REL-00575;DEV-00422;2023-06-07;2023-06;2022-2023;3;Email;Bordeaux;Sophie Marchand;Sans réponse;2.5
REL-00576;DEV-00423;2023-05-14;2023-05;2022-2023;1;Email;Bordeaux;Sophie Marchand;Sans réponse;3.0
REL-00577;DEV-00424;2023-05-16;2023-05;2022-2023;1;Téléphone;Bordeaux;Sophie Marchand;Sans réponse;14.0
REL-00578;DEV-00424;2023-05-26;2023-05;2022-2023;2;Email;Bordeaux;Sophie Marchand;Sans réponse;2.3
REL-00579;DEV-00425;2023-05-16;2023-05;2022-2023;1;Téléphone;Bordeaux;Karim Belkacem;Accord obtenu;11.2
REL-00580;DEV-00426;2023-05-12;2023-05;2022-2023;1;SMS;Bordeaux;Sophie Marchand;Sans réponse;4.2
REL-00581;DEV-00429;2023-05-16;2023-05;2022-2023;1;Email;Bordeaux;Karim Belkacem;Négociation en cours;4.2
REL-00582;DEV-00431;2023-05-25;2023-05;2022-2023;1;Téléphone;Toulouse;Julien Fabre;Sans réponse;7.9
REL-00583;DEV-00431;2023-05-30;2023-05;2022-2023;2;Email;Toulouse;Julien Fabre;Sans réponse;4.2
REL-00584;DEV-00432;2023-05-20;2023-05;2022-2023;1;Email;Toulouse;Julien Fabre;Refus signifié;3.3
REL-00585;DEV-00433;2023-05-23;2023-05;2022-2023;1;Téléphone;Toulouse;Julien Fabre;Sans réponse;5.2
REL-00586;DEV-00434;2023-05-22;2023-05;2022-2023;1;Téléphone;Bordeaux;Sophie Marchand;Accord obtenu;3.9
REL-00587;DEV-00435;2023-05-23;2023-05;2022-2023;1;Email;Bordeaux;Sophie Marchand;Sans réponse;4.4
REL-00588;DEV-00436;2023-05-27;2023-05;2022-2023;1;Email;Bordeaux;Karim Belkacem;Sans réponse;1.2
REL-00589;DEV-00436;2023-06-02;2023-06;2022-2023;2;Email;Bordeaux;Karim Belkacem;Sans réponse;3.4
REL-00590;DEV-00437;2023-05-19;2023-05;2022-2023;1;Téléphone;Toulouse;Julien Fabre;Accord obtenu;8.8
REL-00591;DEV-00438;2023-05-20;2023-05;2022-2023;1;Email;Toulouse;Julien Fabre;Refus signifié;2.1
REL-00592;DEV-00439;2023-05-26;2023-05;2022-2023;1;Téléphone;Bordeaux;Karim Belkacem;Accord obtenu;2.7
REL-00593;DEV-00440;2023-05-25;2023-05;2022-2023;1;Email;Bordeaux;Sophie Marchand;Rappel demandé;4.5
REL-00594;DEV-00441;2023-05-30;2023-05;2022-2023;1;Téléphone;Toulouse;Julien Fabre;Sans réponse;2.7
REL-00595;DEV-00441;2023-06-13;2023-06;2022-2023;2;Email;Toulouse;Julien Fabre;Accord obtenu;3.6
REL-00596;DEV-00442;2023-05-24;2023-05;2022-2023;1;Email;Toulouse;Julien Fabre;Sans réponse;2.9
REL-00597;DEV-00442;2023-06-02;2023-06;2022-2023;2;Téléphone;Toulouse;Julien Fabre;Sans réponse;10.8
REL-00598;DEV-00442;2023-06-12;2023-06;2022-2023;3;Email;Toulouse;Julien Fabre;Refus signifié;1.3
REL-00599;DEV-00443;2023-05-26;2023-05;2022-2023;1;Téléphone;Toulouse;Julien Fabre;Refus signifié;7.4
REL-00600;DEV-00444;2023-05-27;2023-05;2022-2023;1;Email;Bordeaux;Sophie Marchand;Rappel demandé;2.5
REL-00601;DEV-00444;2023-06-08;2023-06;2022-2023;2;SMS;Bordeaux;Sophie Marchand;Rappel demandé;1.1
REL-00602;DEV-00445;2023-05-29;2023-05;2022-2023;1;Email;Toulouse;Julien Fabre;Accord obtenu;3.3
REL-00603;DEV-00446;2023-05-29;2023-05;2022-2023;1;SMS;Bordeaux;Sophie Marchand;Rappel demandé;4.7
REL-00604;DEV-00446;2023-06-11;2023-06;2022-2023;2;Email;Bordeaux;Sophie Marchand;Négociation en cours;2.0
REL-00605;DEV-00446;2023-06-19;2023-06;2022-2023;3;Email;Bordeaux;Sophie Marchand;Accord obtenu;4.3
REL-00606;DEV-00447;2023-05-31;2023-05;2022-2023;1;Téléphone;Toulouse;Julien Fabre;Rappel demandé;13.6
REL-00607;DEV-00447;2023-06-07;2023-06;2022-2023;2;Email;Toulouse;Julien Fabre;Négociation en cours;1.2
REL-00608;DEV-00447;2023-06-14;2023-06;2022-2023;3;Email;Toulouse;Julien Fabre;Refus signifié;1.6
REL-00609;DEV-00451;2023-06-07;2023-06;2022-2023;1;Téléphone;Toulouse;Julien Fabre;Sans réponse;6.5
REL-00610;DEV-00451;2023-06-13;2023-06;2022-2023;2;Email;Toulouse;Julien Fabre;Accord obtenu;4.0
REL-00611;DEV-00452;2023-06-07;2023-06;2022-2023;1;Email;Toulouse;Julien Fabre;Négociation en cours;1.2
REL-00612;DEV-00452;2023-06-12;2023-06;2022-2023;2;Email;Toulouse;Julien Fabre;Sans réponse;4.4
REL-00613;DEV-00453;2023-06-04;2023-06;2022-2023;1;SMS;Bordeaux;Karim Belkacem;Sans réponse;2.5
REL-00614;DEV-00454;2023-06-11;2023-06;2022-2023;1;Email;Bordeaux;Sophie Marchand;Rappel demandé;3.5
REL-00615;DEV-00454;2023-06-17;2023-06;2022-2023;2;Email;Bordeaux;Sophie Marchand;Sans réponse;4.9
REL-00616;DEV-00454;2023-06-29;2023-06;2022-2023;3;Téléphone;Bordeaux;Sophie Marchand;Refus signifié;11.5
REL-00617;DEV-00455;2023-06-02;2023-06;2022-2023;1;Téléphone;Bordeaux;Karim Belkacem;Accord obtenu;9.0
REL-00618;DEV-00456;2023-06-03;2023-06;2022-2023;1;Email;Toulouse;Julien Fabre;Rappel demandé;4.7
REL-00619;DEV-00456;2023-06-09;2023-06;2022-2023;2;Email;Toulouse;Julien Fabre;Sans réponse;2.2
REL-00620;DEV-00456;2023-06-23;2023-06;2022-2023;3;Téléphone;Toulouse;Julien Fabre;Injoignable;4.5
REL-00621;DEV-00458;2023-06-11;2023-06;2022-2023;1;Email;Bordeaux;Karim Belkacem;Refus signifié;3.4
REL-00622;DEV-00459;2023-06-08;2023-06;2022-2023;1;Téléphone;Toulouse;Julien Fabre;Rappel demandé;2.1
REL-00623;DEV-00459;2023-06-21;2023-06;2022-2023;2;Email;Toulouse;Julien Fabre;Négociation en cours;2.4
REL-00624;DEV-00460;2023-06-10;2023-06;2022-2023;1;Téléphone;Toulouse;Julien Fabre;Négociation en cours;8.9
REL-00625;DEV-00460;2023-06-16;2023-06;2022-2023;2;Téléphone;Toulouse;Julien Fabre;Négociation en cours;5.3
REL-00626;DEV-00460;2023-06-21;2023-06;2022-2023;3;Email;Toulouse;Julien Fabre;Refus signifié;1.7
REL-00627;DEV-00461;2023-06-07;2023-06;2022-2023;1;Téléphone;Toulouse;Julien Fabre;Négociation en cours;2.7
REL-00628;DEV-00461;2023-06-18;2023-06;2022-2023;2;SMS;Toulouse;Julien Fabre;Rappel demandé;3.1
REL-00629;DEV-00462;2023-06-14;2023-06;2022-2023;1;Email;Toulouse;Julien Fabre;Négociation en cours;1.9
REL-00630;DEV-00462;2023-06-19;2023-06;2022-2023;2;SMS;Toulouse;Julien Fabre;Sans réponse;3.7
REL-00631;DEV-00462;2023-06-26;2023-06;2022-2023;3;Téléphone;Toulouse;Julien Fabre;Sans réponse;13.2
REL-00632;DEV-00464;2023-06-12;2023-06;2022-2023;1;Email;Toulouse;Julien Fabre;Rappel demandé;2.2
REL-00633;DEV-00464;2023-06-18;2023-06;2022-2023;2;Email;Toulouse;Julien Fabre;Rappel demandé;2.0
REL-00634;DEV-00465;2023-06-14;2023-06;2022-2023;1;Téléphone;Bordeaux;Sophie Marchand;Sans réponse;9.4
REL-00635;DEV-00465;2023-06-23;2023-06;2022-2023;2;Email;Bordeaux;Sophie Marchand;Rappel demandé;2.6
REL-00636;DEV-00466;2023-06-12;2023-06;2022-2023;1;Téléphone;Toulouse;Julien Fabre;Accord obtenu;2.8
REL-00637;DEV-00467;2023-06-15;2023-06;2022-2023;1;SMS;Bordeaux;Sophie Marchand;Rappel demandé;1.7
REL-00638;DEV-00467;2023-06-27;2023-06;2022-2023;2;Email;Bordeaux;Sophie Marchand;Refus signifié;3.4
REL-00639;DEV-00468;2023-06-10;2023-06;2022-2023;1;Téléphone;Bordeaux;Karim Belkacem;Accord obtenu;11.7
REL-00640;DEV-00471;2023-06-25;2023-06;2022-2023;1;Email;Toulouse;Julien Fabre;Négociation en cours;3.6
REL-00641;DEV-00472;2023-06-24;2023-06;2022-2023;1;Email;Bordeaux;Sophie Marchand;Injoignable;3.3
REL-00642;DEV-00472;2023-07-07;2023-07;2023-2024;2;Email;Bordeaux;Sophie Marchand;Injoignable;2.2
REL-00643;DEV-00474;2023-06-20;2023-06;2022-2023;1;Email;Toulouse;Julien Fabre;Accord obtenu;2.0
REL-00644;DEV-00475;2023-06-18;2023-06;2022-2023;1;SMS;Toulouse;Julien Fabre;Accord obtenu;4.4
REL-00645;DEV-00476;2023-06-17;2023-06;2022-2023;1;Téléphone;Toulouse;Julien Fabre;Refus signifié;13.8
REL-00646;DEV-00477;2023-06-24;2023-06;2022-2023;1;Téléphone;Toulouse;Julien Fabre;Rappel demandé;8.6
REL-00647;DEV-00477;2023-07-01;2023-07;2023-2024;2;Email;Toulouse;Julien Fabre;Sans réponse;3.6
REL-00648;DEV-00478;2023-06-21;2023-06;2022-2023;1;Email;Bordeaux;Sophie Marchand;Sans réponse;1.4
REL-00649;DEV-00478;2023-06-30;2023-06;2022-2023;2;Email;Bordeaux;Sophie Marchand;Accord obtenu;3.7
REL-00650;DEV-00480;2023-06-20;2023-06;2022-2023;1;Email;Bordeaux;Sophie Marchand;Sans réponse;2.4
REL-00651;DEV-00480;2023-06-29;2023-06;2022-2023;2;Téléphone;Bordeaux;Sophie Marchand;Sans réponse;10.4
REL-00652;DEV-00480;2023-07-05;2023-07;2023-2024;3;Email;Bordeaux;Sophie Marchand;Refus signifié;1.8
REL-00653;DEV-00481;2023-06-19;2023-06;2022-2023;1;Email;Bordeaux;Karim Belkacem;Rappel demandé;4.0
REL-00654;DEV-00482;2023-06-26;2023-06;2022-2023;1;SMS;Toulouse;Julien Fabre;Sans réponse;1.1
REL-00655;DEV-00482;2023-07-08;2023-07;2023-2024;2;Téléphone;Toulouse;Julien Fabre;Injoignable;13.0
REL-00656;DEV-00482;2023-07-16;2023-07;2023-2024;3;Email;Toulouse;Julien Fabre;Sans réponse;3.2
REL-00657;DEV-00483;2023-06-19;2023-06;2022-2023;1;Email;Bordeaux;Sophie Marchand;Sans réponse;1.0
REL-00658;DEV-00485;2023-07-04;2023-07;2023-2024;1;Téléphone;Toulouse;Julien Fabre;Refus signifié;3.6
REL-00659;DEV-00486;2023-06-23;2023-06;2022-2023;1;Téléphone;Toulouse;Julien Fabre;Accord obtenu;7.3
REL-00660;DEV-00487;2023-06-26;2023-06;2022-2023;1;Téléphone;Bordeaux;Sophie Marchand;Rappel demandé;3.1
REL-00661;DEV-00488;2023-06-25;2023-06;2022-2023;1;Email;Bordeaux;Sophie Marchand;Sans réponse;1.8
REL-00662;DEV-00489;2023-06-24;2023-06;2022-2023;1;Téléphone;Bordeaux;Sophie Marchand;Accord obtenu;2.9
REL-00663;DEV-00490;2023-06-23;2023-06;2022-2023;1;Email;Bordeaux;Karim Belkacem;Sans réponse;4.3
REL-00664;DEV-00490;2023-06-29;2023-06;2022-2023;2;Téléphone;Bordeaux;Karim Belkacem;Accord obtenu;4.3
REL-00665;DEV-00491;2023-06-27;2023-06;2022-2023;1;Email;Toulouse;Julien Fabre;Injoignable;4.9
REL-00666;DEV-00491;2023-07-10;2023-07;2023-2024;2;Téléphone;Toulouse;Julien Fabre;Négociation en cours;5.5
REL-00667;DEV-00492;2023-06-27;2023-06;2022-2023;1;Téléphone;Toulouse;Julien Fabre;Sans réponse;7.4
REL-00668;DEV-00493;2023-06-23;2023-06;2022-2023;1;Email;Toulouse;Julien Fabre;Négociation en cours;3.0
REL-00669;DEV-00493;2023-07-03;2023-07;2023-2024;2;Téléphone;Toulouse;Julien Fabre;Injoignable;7.3
REL-00670;DEV-00494;2023-06-24;2023-06;2022-2023;1;Téléphone;Toulouse;Julien Fabre;Sans réponse;2.9
REL-00671;DEV-00496;2023-06-30;2023-06;2022-2023;1;Email;Bordeaux;Sophie Marchand;Accord obtenu;3.4
REL-00672;DEV-00499;2023-07-04;2023-07;2023-2024;1;Email;Bordeaux;Karim Belkacem;Injoignable;3.3
REL-00673;DEV-00499;2023-07-14;2023-07;2023-2024;2;Téléphone;Bordeaux;Karim Belkacem;Sans réponse;12.6
REL-00674;DEV-00503;2023-07-08;2023-07;2023-2024;1;SMS;Toulouse;Julien Fabre;Rappel demandé;2.7
REL-00675;DEV-00504;2023-07-04;2023-07;2023-2024;1;Email;Bordeaux;Sophie Marchand;Rappel demandé;2.5
REL-00676;DEV-00504;2023-07-16;2023-07;2023-2024;2;Téléphone;Bordeaux;Sophie Marchand;Accord obtenu;11.8
REL-00677;DEV-00505;2023-07-05;2023-07;2023-2024;1;Email;Toulouse;Julien Fabre;Accord obtenu;3.6
REL-00678;DEV-00507;2023-07-02;2023-07;2023-2024;1;SMS;Toulouse;Julien Fabre;Injoignable;4.6
REL-00679;DEV-00507;2023-07-16;2023-07;2023-2024;2;Email;Toulouse;Julien Fabre;Sans réponse;4.7
REL-00680;DEV-00508;2023-07-12;2023-07;2023-2024;1;Email;Toulouse;Julien Fabre;Négociation en cours;2.2
REL-00681;DEV-00508;2023-07-25;2023-07;2023-2024;2;Email;Toulouse;Julien Fabre;Refus signifié;4.3
REL-00682;DEV-00509;2023-07-10;2023-07;2023-2024;1;Email;Bordeaux;Sophie Marchand;Sans réponse;3.7
REL-00683;DEV-00509;2023-07-20;2023-07;2023-2024;2;Téléphone;Bordeaux;Sophie Marchand;Accord obtenu;6.6
REL-00684;DEV-00510;2023-07-01;2023-07;2023-2024;1;Email;Bordeaux;Sophie Marchand;Accord obtenu;1.6
REL-00685;DEV-00511;2023-07-06;2023-07;2023-2024;1;Email;Toulouse;Julien Fabre;Rappel demandé;4.2
REL-00686;DEV-00512;2023-07-18;2023-07;2023-2024;1;Téléphone;Toulouse;Julien Fabre;Sans réponse;8.6
REL-00687;DEV-00512;2023-07-26;2023-07;2023-2024;2;Téléphone;Toulouse;Julien Fabre;Refus signifié;13.7
REL-00688;DEV-00513;2023-07-07;2023-07;2023-2024;1;Téléphone;Bordeaux;Karim Belkacem;Accord obtenu;9.2
REL-00689;DEV-00514;2023-07-15;2023-07;2023-2024;1;Téléphone;Bordeaux;Karim Belkacem;Refus signifié;11.9
REL-00690;DEV-00515;2023-07-09;2023-07;2023-2024;1;Téléphone;Toulouse;Julien Fabre;Refus signifié;12.5
REL-00691;DEV-00516;2023-07-08;2023-07;2023-2024;1;Email;Bordeaux;Sophie Marchand;Rappel demandé;1.8
REL-00692;DEV-00516;2023-07-19;2023-07;2023-2024;2;SMS;Bordeaux;Sophie Marchand;Négociation en cours;4.7
REL-00693;DEV-00518;2023-07-11;2023-07;2023-2024;1;Email;Toulouse;Julien Fabre;Refus signifié;4.7
REL-00694;DEV-00519;2023-07-12;2023-07;2023-2024;1;Email;Toulouse;Julien Fabre;Refus signifié;4.8
REL-00695;DEV-00520;2023-07-14;2023-07;2023-2024;1;Email;Toulouse;Julien Fabre;Accord obtenu;3.6
REL-00696;DEV-00521;2023-07-21;2023-07;2023-2024;1;Email;Bordeaux;Sophie Marchand;Sans réponse;4.5
REL-00697;DEV-00521;2023-07-26;2023-07;2023-2024;2;Téléphone;Bordeaux;Sophie Marchand;Rappel demandé;4.4
REL-00698;DEV-00522;2023-07-23;2023-07;2023-2024;1;Email;Toulouse;Julien Fabre;Injoignable;2.5
REL-00699;DEV-00522;2023-07-28;2023-07;2023-2024;2;Email;Toulouse;Julien Fabre;Accord obtenu;2.6
REL-00700;DEV-00523;2023-07-16;2023-07;2023-2024;1;SMS;Bordeaux;Sophie Marchand;Sans réponse;4.6
REL-00701;DEV-00523;2023-07-21;2023-07;2023-2024;2;Email;Bordeaux;Sophie Marchand;Accord obtenu;4.0
REL-00702;DEV-00524;2023-07-17;2023-07;2023-2024;1;Téléphone;Toulouse;Julien Fabre;Sans réponse;3.8
REL-00703;DEV-00525;2023-07-15;2023-07;2023-2024;1;Email;Bordeaux;Sophie Marchand;Accord obtenu;4.2
REL-00704;DEV-00526;2023-07-26;2023-07;2023-2024;1;Email;Toulouse;Julien Fabre;Sans réponse;4.1
REL-00705;DEV-00526;2023-08-04;2023-08;2023-2024;2;Email;Toulouse;Julien Fabre;Rappel demandé;4.3
REL-00706;DEV-00527;2023-07-18;2023-07;2023-2024;1;Email;Bordeaux;Sophie Marchand;Sans réponse;5.0
REL-00707;DEV-00528;2023-07-19;2023-07;2023-2024;1;Téléphone;Bordeaux;Sophie Marchand;Sans réponse;4.0
REL-00708;DEV-00528;2023-07-25;2023-07;2023-2024;2;Email;Bordeaux;Sophie Marchand;Rappel demandé;3.4
REL-00709;DEV-00528;2023-07-30;2023-07;2023-2024;3;Téléphone;Bordeaux;Sophie Marchand;Accord obtenu;7.1
REL-00710;DEV-00529;2023-07-18;2023-07;2023-2024;1;Téléphone;Toulouse;Julien Fabre;Sans réponse;3.5
REL-00711;DEV-00533;2023-07-29;2023-07;2023-2024;1;Téléphone;Bordeaux;Karim Belkacem;Injoignable;7.9
REL-00712;DEV-00535;2023-07-22;2023-07;2023-2024;1;Téléphone;Bordeaux;Karim Belkacem;Accord obtenu;9.0
REL-00713;DEV-00536;2023-07-27;2023-07;2023-2024;1;Email;Bordeaux;Karim Belkacem;Rappel demandé;3.9
REL-00714;DEV-00536;2023-08-02;2023-08;2023-2024;2;Email;Bordeaux;Karim Belkacem;Accord obtenu;1.1
REL-00715;DEV-00537;2023-07-28;2023-07;2023-2024;1;Email;Bordeaux;Sophie Marchand;Sans réponse;2.1
REL-00716;DEV-00537;2023-08-09;2023-08;2023-2024;2;SMS;Bordeaux;Sophie Marchand;Sans réponse;3.2
REL-00717;DEV-00538;2023-07-26;2023-07;2023-2024;1;Téléphone;Bordeaux;Sophie Marchand;Rappel demandé;5.7
REL-00718;DEV-00538;2023-08-07;2023-08;2023-2024;2;Téléphone;Bordeaux;Sophie Marchand;Refus signifié;9.9
REL-00719;DEV-00540;2023-07-30;2023-07;2023-2024;1;SMS;Bordeaux;Sophie Marchand;Injoignable;4.8
REL-00720;DEV-00540;2023-08-10;2023-08;2023-2024;2;Téléphone;Bordeaux;Sophie Marchand;Rappel demandé;9.2
REL-00721;DEV-00540;2023-08-16;2023-08;2023-2024;3;Téléphone;Bordeaux;Sophie Marchand;Sans réponse;3.4
REL-00722;DEV-00542;2023-07-29;2023-07;2023-2024;1;Email;Toulouse;Julien Fabre;Sans réponse;1.2
REL-00723;DEV-00542;2023-08-07;2023-08;2023-2024;2;Téléphone;Toulouse;Julien Fabre;Négociation en cours;12.0
REL-00724;DEV-00542;2023-08-14;2023-08;2023-2024;3;Téléphone;Toulouse;Julien Fabre;Accord obtenu;3.7
REL-00725;DEV-00544;2023-08-02;2023-08;2023-2024;1;Email;Toulouse;Julien Fabre;Sans réponse;4.4
REL-00726;DEV-00545;2023-08-07;2023-08;2023-2024;1;Email;Bordeaux;Sophie Marchand;Sans réponse;4.8
REL-00727;DEV-00545;2023-08-12;2023-08;2023-2024;2;Email;Bordeaux;Sophie Marchand;Rappel demandé;2.5
REL-00728;DEV-00545;2023-08-24;2023-08;2023-2024;3;Email;Bordeaux;Sophie Marchand;Sans réponse;3.7
REL-00729;DEV-00545;2023-08-31;2023-08;2023-2024;4;Téléphone;Bordeaux;Sophie Marchand;Refus signifié;8.1
REL-00730;DEV-00546;2023-08-03;2023-08;2023-2024;1;Téléphone;Toulouse;Julien Fabre;Négociation en cours;3.7
REL-00731;DEV-00546;2023-08-13;2023-08;2023-2024;2;Email;Toulouse;Julien Fabre;Accord obtenu;1.6
REL-00732;DEV-00547;2023-08-04;2023-08;2023-2024;1;Email;Toulouse;Julien Fabre;Injoignable;1.9
REL-00733;DEV-00548;2023-08-03;2023-08;2023-2024;1;Téléphone;Bordeaux;Sophie Marchand;Rappel demandé;3.9
REL-00734;DEV-00548;2023-08-13;2023-08;2023-2024;2;SMS;Bordeaux;Sophie Marchand;Sans réponse;4.7
REL-00735;DEV-00549;2023-08-06;2023-08;2023-2024;1;Email;Bordeaux;Karim Belkacem;Sans réponse;1.1
REL-00736;DEV-00551;2023-08-08;2023-08;2023-2024;1;Téléphone;Toulouse;Julien Fabre;Accord obtenu;8.9
REL-00737;DEV-00552;2023-08-08;2023-08;2023-2024;1;SMS;Bordeaux;Sophie Marchand;Sans réponse;3.2
REL-00738;DEV-00552;2023-08-13;2023-08;2023-2024;2;Email;Bordeaux;Sophie Marchand;Rappel demandé;3.1
REL-00739;DEV-00552;2023-08-19;2023-08;2023-2024;3;Email;Bordeaux;Sophie Marchand;Négociation en cours;3.1
REL-00740;DEV-00552;2023-08-26;2023-08;2023-2024;4;SMS;Bordeaux;Sophie Marchand;Refus signifié;1.9
REL-00741;DEV-00554;2023-08-06;2023-08;2023-2024;1;Téléphone;Toulouse;Julien Fabre;Sans réponse;11.8
REL-00742;DEV-00555;2023-08-04;2023-08;2023-2024;1;SMS;Bordeaux;Karim Belkacem;Accord obtenu;1.9
REL-00743;DEV-00557;2023-08-12;2023-08;2023-2024;1;Email;Bordeaux;Karim Belkacem;Négociation en cours;1.1
REL-00744;DEV-00558;2023-08-08;2023-08;2023-2024;1;Téléphone;Bordeaux;Sophie Marchand;Refus signifié;2.5
REL-00745;DEV-00559;2023-08-08;2023-08;2023-2024;1;Email;Toulouse;Julien Fabre;Sans réponse;2.8
REL-00746;DEV-00560;2023-08-05;2023-08;2023-2024;1;SMS;Bordeaux;Karim Belkacem;Sans réponse;3.3
REL-00747;DEV-00560;2023-08-11;2023-08;2023-2024;2;Téléphone;Bordeaux;Karim Belkacem;Refus signifié;6.4
REL-00748;DEV-00562;2023-08-14;2023-08;2023-2024;1;SMS;Bordeaux;Karim Belkacem;Sans réponse;4.2
REL-00749;DEV-00562;2023-08-28;2023-08;2023-2024;2;Téléphone;Bordeaux;Karim Belkacem;Injoignable;2.1
REL-00750;DEV-00562;2023-09-04;2023-09;2023-2024;3;Email;Bordeaux;Karim Belkacem;Sans réponse;1.7
REL-00751;DEV-00563;2023-08-15;2023-08;2023-2024;1;Téléphone;Toulouse;Julien Fabre;Refus signifié;5.2
REL-00752;DEV-00564;2023-08-19;2023-08;2023-2024;1;Email;Toulouse;Julien Fabre;Rappel demandé;4.7
REL-00753;DEV-00565;2023-08-11;2023-08;2023-2024;1;Email;Bordeaux;Sophie Marchand;Injoignable;1.0
REL-00754;DEV-00565;2023-08-24;2023-08;2023-2024;2;Email;Bordeaux;Sophie Marchand;Négociation en cours;3.3
REL-00755;DEV-00565;2023-08-30;2023-08;2023-2024;3;Téléphone;Bordeaux;Sophie Marchand;Injoignable;13.1
REL-00756;DEV-00566;2023-08-16;2023-08;2023-2024;1;Téléphone;Bordeaux;Sophie Marchand;Sans réponse;11.2
REL-00757;DEV-00568;2023-08-11;2023-08;2023-2024;1;Email;Bordeaux;Karim Belkacem;Accord obtenu;4.2
REL-00758;DEV-00569;2023-08-22;2023-08;2023-2024;1;Email;Toulouse;Julien Fabre;Injoignable;3.9
REL-00759;DEV-00572;2023-08-15;2023-08;2023-2024;1;Email;Toulouse;Julien Fabre;Accord obtenu;3.6
REL-00760;DEV-00573;2023-08-20;2023-08;2023-2024;1;SMS;Bordeaux;Sophie Marchand;Sans réponse;2.1
REL-00761;DEV-00573;2023-08-27;2023-08;2023-2024;2;Téléphone;Bordeaux;Sophie Marchand;Accord obtenu;8.2
REL-00762;DEV-00574;2023-08-16;2023-08;2023-2024;1;Email;Bordeaux;Karim Belkacem;Accord obtenu;3.5
REL-00763;DEV-00575;2023-08-20;2023-08;2023-2024;1;Email;Toulouse;Julien Fabre;Négociation en cours;3.2
REL-00764;DEV-00575;2023-08-28;2023-08;2023-2024;2;Email;Toulouse;Julien Fabre;Refus signifié;1.0
REL-00765;DEV-00576;2023-08-16;2023-08;2023-2024;1;Téléphone;Bordeaux;Karim Belkacem;Sans réponse;4.5
REL-00766;DEV-00576;2023-08-23;2023-08;2023-2024;2;Email;Bordeaux;Karim Belkacem;Rappel demandé;4.1
REL-00767;DEV-00577;2023-08-21;2023-08;2023-2024;1;Email;Bordeaux;Sophie Marchand;Rappel demandé;1.1
REL-00768;DEV-00577;2023-08-30;2023-08;2023-2024;2;Email;Bordeaux;Sophie Marchand;Rappel demandé;2.2
REL-00769;DEV-00578;2023-08-21;2023-08;2023-2024;1;Téléphone;Bordeaux;Sophie Marchand;Négociation en cours;6.8
REL-00770;DEV-00578;2023-09-03;2023-09;2023-2024;2;Email;Bordeaux;Sophie Marchand;Rappel demandé;1.6
REL-00771;DEV-00578;2023-09-10;2023-09;2023-2024;3;Email;Bordeaux;Sophie Marchand;Rappel demandé;1.8
REL-00772;DEV-00579;2023-08-26;2023-08;2023-2024;1;Email;Toulouse;Julien Fabre;Négociation en cours;4.0
REL-00773;DEV-00581;2023-08-18;2023-08;2023-2024;1;Email;Bordeaux;Karim Belkacem;Injoignable;2.2
REL-00774;DEV-00581;2023-08-24;2023-08;2023-2024;2;Email;Bordeaux;Karim Belkacem;Rappel demandé;2.6
REL-00775;DEV-00582;2023-08-19;2023-08;2023-2024;1;Email;Bordeaux;Karim Belkacem;Injoignable;1.0
REL-00776;DEV-00582;2023-08-29;2023-08;2023-2024;2;SMS;Bordeaux;Karim Belkacem;Refus signifié;1.9
REL-00777;DEV-00583;2023-08-24;2023-08;2023-2024;1;Téléphone;Bordeaux;Karim Belkacem;Rappel demandé;10.9
REL-00778;DEV-00583;2023-09-03;2023-09;2023-2024;2;Email;Bordeaux;Karim Belkacem;Accord obtenu;3.3
REL-00779;DEV-00584;2023-08-25;2023-08;2023-2024;1;Téléphone;Toulouse;Julien Fabre;Sans réponse;10.7
REL-00780;DEV-00584;2023-09-04;2023-09;2023-2024;2;Téléphone;Toulouse;Julien Fabre;Négociation en cours;11.9
REL-00781;DEV-00585;2023-08-27;2023-08;2023-2024;1;Email;Bordeaux;Sophie Marchand;Rappel demandé;1.4
REL-00782;DEV-00585;2023-09-08;2023-09;2023-2024;2;Téléphone;Bordeaux;Sophie Marchand;Refus signifié;10.3
REL-00783;DEV-00586;2023-08-28;2023-08;2023-2024;1;Email;Toulouse;Julien Fabre;Sans réponse;2.1
REL-00784;DEV-00586;2023-09-09;2023-09;2023-2024;2;Email;Toulouse;Julien Fabre;Rappel demandé;1.4
REL-00785;DEV-00586;2023-09-22;2023-09;2023-2024;3;Téléphone;Toulouse;Julien Fabre;Sans réponse;2.4
REL-00786;DEV-00587;2023-08-27;2023-08;2023-2024;1;Téléphone;Bordeaux;Karim Belkacem;Accord obtenu;10.2
REL-00787;DEV-00588;2023-08-27;2023-08;2023-2024;1;Email;Toulouse;Julien Fabre;Accord obtenu;3.2
REL-00788;DEV-00589;2023-08-25;2023-08;2023-2024;1;Email;Bordeaux;Karim Belkacem;Sans réponse;4.1
REL-00789;DEV-00589;2023-08-30;2023-08;2023-2024;2;Email;Bordeaux;Karim Belkacem;Sans réponse;3.6
REL-00790;DEV-00590;2023-08-25;2023-08;2023-2024;1;Email;Bordeaux;Karim Belkacem;Sans réponse;1.2
REL-00791;DEV-00595;2023-09-06;2023-09;2023-2024;1;Email;Toulouse;Julien Fabre;Refus signifié;2.7
REL-00792;DEV-00596;2023-09-05;2023-09;2023-2024;1;Téléphone;Toulouse;Julien Fabre;Refus signifié;11.0
REL-00793;DEV-00598;2023-09-06;2023-09;2023-2024;1;Téléphone;Toulouse;Julien Fabre;Rappel demandé;5.7
REL-00794;DEV-00599;2023-09-06;2023-09;2023-2024;1;Email;Toulouse;Julien Fabre;Négociation en cours;1.0
REL-00795;DEV-00599;2023-09-13;2023-09;2023-2024;2;Email;Toulouse;Julien Fabre;Accord obtenu;4.4
REL-00796;DEV-00600;2023-08-31;2023-08;2023-2024;1;Email;Bordeaux;Karim Belkacem;Sans réponse;3.2
REL-00797;DEV-00600;2023-09-08;2023-09;2023-2024;2;Email;Bordeaux;Karim Belkacem;Rappel demandé;3.3
REL-00798;DEV-00601;2023-09-01;2023-09;2023-2024;1;Téléphone;Bordeaux;Sophie Marchand;Refus signifié;11.5
REL-00799;DEV-00602;2023-09-02;2023-09;2023-2024;1;Téléphone;Toulouse;Julien Fabre;Sans réponse;6.4
REL-00800;DEV-00602;2023-09-12;2023-09;2023-2024;2;SMS;Toulouse;Julien Fabre;Sans réponse;1.8
REL-00801;DEV-00602;2023-09-18;2023-09;2023-2024;3;Email;Toulouse;Julien Fabre;Accord obtenu;3.1
REL-00802;DEV-00604;2023-09-02;2023-09;2023-2024;1;Email;Bordeaux;Sophie Marchand;Injoignable;3.7
REL-00803;DEV-00604;2023-09-16;2023-09;2023-2024;2;Téléphone;Bordeaux;Sophie Marchand;Sans réponse;12.0
REL-00804;DEV-00607;2023-09-05;2023-09;2023-2024;1;Email;Bordeaux;Karim Belkacem;Injoignable;4.2
REL-00805;DEV-00607;2023-09-13;2023-09;2023-2024;2;Email;Bordeaux;Karim Belkacem;Accord obtenu;3.3
REL-00806;DEV-00608;2023-09-14;2023-09;2023-2024;1;Email;Bordeaux;Sophie Marchand;Refus signifié;1.1
REL-00807;DEV-00611;2023-09-11;2023-09;2023-2024;1;Téléphone;Bordeaux;Karim Belkacem;Accord obtenu;3.0
REL-00808;DEV-00612;2023-09-12;2023-09;2023-2024;1;Email;Toulouse;Nadia Cherif;Négociation en cours;3.2
REL-00809;DEV-00614;2023-09-13;2023-09;2023-2024;1;Téléphone;Toulouse;Julien Fabre;Sans réponse;8.2
REL-00810;DEV-00614;2023-09-18;2023-09;2023-2024;2;Email;Toulouse;Julien Fabre;Refus signifié;1.0
REL-00811;DEV-00615;2023-09-12;2023-09;2023-2024;1;Email;Bordeaux;Karim Belkacem;Injoignable;4.3
REL-00812;DEV-00615;2023-09-24;2023-09;2023-2024;2;Téléphone;Bordeaux;Karim Belkacem;Négociation en cours;12.2
REL-00813;DEV-00615;2023-10-01;2023-10;2023-2024;3;Téléphone;Bordeaux;Karim Belkacem;Sans réponse;9.0
REL-00814;DEV-00616;2023-09-15;2023-09;2023-2024;1;Téléphone;Bordeaux;Karim Belkacem;Accord obtenu;11.1
REL-00815;DEV-00617;2023-09-15;2023-09;2023-2024;1;Téléphone;Bordeaux;Karim Belkacem;Sans réponse;3.9
REL-00816;DEV-00618;2023-09-15;2023-09;2023-2024;1;Email;Bordeaux;Karim Belkacem;Rappel demandé;1.7
REL-00817;DEV-00618;2023-09-22;2023-09;2023-2024;2;Email;Bordeaux;Karim Belkacem;Rappel demandé;1.8
REL-00818;DEV-00618;2023-10-06;2023-10;2023-2024;3;Téléphone;Bordeaux;Karim Belkacem;Accord obtenu;11.9
REL-00819;DEV-00620;2023-09-14;2023-09;2023-2024;1;Téléphone;Bordeaux;Sophie Marchand;Accord obtenu;8.2
REL-00820;DEV-00621;2023-09-16;2023-09;2023-2024;1;SMS;Bordeaux;Sophie Marchand;Sans réponse;1.2
REL-00821;DEV-00621;2023-09-23;2023-09;2023-2024;2;SMS;Bordeaux;Sophie Marchand;Accord obtenu;3.9
REL-00822;DEV-00622;2023-09-26;2023-09;2023-2024;1;Téléphone;Bordeaux;Sophie Marchand;Rappel demandé;10.5
REL-00823;DEV-00623;2023-09-15;2023-09;2023-2024;1;SMS;Bordeaux;Karim Belkacem;Négociation en cours;4.2
REL-00824;DEV-00623;2023-09-24;2023-09;2023-2024;2;Téléphone;Bordeaux;Karim Belkacem;Sans réponse;2.0
REL-00825;DEV-00624;2023-09-15;2023-09;2023-2024;1;Email;Bordeaux;Sophie Marchand;Accord obtenu;2.3
REL-00826;DEV-00625;2023-09-21;2023-09;2023-2024;1;SMS;Bordeaux;Karim Belkacem;Refus signifié;4.4
REL-00827;DEV-00627;2023-09-20;2023-09;2023-2024;1;Email;Bordeaux;Sophie Marchand;Rappel demandé;1.3
REL-00828;DEV-00627;2023-10-02;2023-10;2023-2024;2;Téléphone;Bordeaux;Sophie Marchand;Sans réponse;12.5
REL-00829;DEV-00628;2023-09-27;2023-09;2023-2024;1;Téléphone;Toulouse;Nadia Cherif;Sans réponse;8.6
REL-00830;DEV-00629;2023-09-23;2023-09;2023-2024;1;Email;Toulouse;Nadia Cherif;Injoignable;1.3
REL-00831;DEV-00630;2023-09-25;2023-09;2023-2024;1;Email;Toulouse;Julien Fabre;Sans réponse;2.2
REL-00832;DEV-00630;2023-10-02;2023-10;2023-2024;2;Email;Toulouse;Julien Fabre;Négociation en cours;3.9
REL-00833;DEV-00631;2023-09-23;2023-09;2023-2024;1;Téléphone;Bordeaux;Karim Belkacem;Accord obtenu;5.0
REL-00834;DEV-00632;2023-09-22;2023-09;2023-2024;1;Téléphone;Bordeaux;Sophie Marchand;Refus signifié;8.3
REL-00835;DEV-00634;2023-09-27;2023-09;2023-2024;1;Email;Bordeaux;Karim Belkacem;Sans réponse;4.1
REL-00836;DEV-00635;2023-09-24;2023-09;2023-2024;1;Email;Toulouse;Nadia Cherif;Sans réponse;2.8
REL-00837;DEV-00636;2023-09-24;2023-09;2023-2024;1;Email;Bordeaux;Karim Belkacem;Accord obtenu;2.1
REL-00838;DEV-00637;2023-10-03;2023-10;2023-2024;1;Email;Bordeaux;Karim Belkacem;Sans réponse;3.5
REL-00839;DEV-00637;2023-10-16;2023-10;2023-2024;2;SMS;Bordeaux;Karim Belkacem;Accord obtenu;4.7
REL-00840;DEV-00638;2023-09-26;2023-09;2023-2024;1;Téléphone;Toulouse;Nadia Cherif;Négociation en cours;2.2
REL-00841;DEV-00638;2023-10-05;2023-10;2023-2024;2;Email;Toulouse;Nadia Cherif;Sans réponse;1.0
REL-00842;DEV-00638;2023-10-12;2023-10;2023-2024;3;Email;Toulouse;Nadia Cherif;Refus signifié;3.9
REL-00843;DEV-00642;2023-09-28;2023-09;2023-2024;1;SMS;Toulouse;Nadia Cherif;Injoignable;4.2
REL-00844;DEV-00642;2023-10-04;2023-10;2023-2024;2;Téléphone;Toulouse;Nadia Cherif;Négociation en cours;9.9
REL-00845;DEV-00644;2023-10-12;2023-10;2023-2024;1;Email;Bordeaux;Sophie Marchand;Rappel demandé;3.4
REL-00846;DEV-00644;2023-10-25;2023-10;2023-2024;2;Téléphone;Bordeaux;Sophie Marchand;Accord obtenu;4.9
REL-00847;DEV-00646;2023-09-30;2023-09;2023-2024;1;Téléphone;Bordeaux;Karim Belkacem;Refus signifié;5.3
REL-00848;DEV-00649;2023-10-09;2023-10;2023-2024;1;Email;Toulouse;Nadia Cherif;Injoignable;3.9
REL-00849;DEV-00650;2023-10-13;2023-10;2023-2024;1;Téléphone;Bordeaux;Sophie Marchand;Sans réponse;9.4
REL-00850;DEV-00650;2023-10-18;2023-10;2023-2024;2;Email;Bordeaux;Sophie Marchand;Accord obtenu;4.5
REL-00851;DEV-00652;2023-10-12;2023-10;2023-2024;1;Téléphone;Toulouse;Julien Fabre;Sans réponse;5.9
REL-00852;DEV-00653;2023-10-09;2023-10;2023-2024;1;Email;Bordeaux;Karim Belkacem;Rappel demandé;3.7
REL-00853;DEV-00653;2023-10-18;2023-10;2023-2024;2;Email;Bordeaux;Karim Belkacem;Injoignable;2.5
REL-00854;DEV-00653;2023-10-27;2023-10;2023-2024;3;Email;Bordeaux;Karim Belkacem;Négociation en cours;2.8
REL-00855;DEV-00654;2023-10-21;2023-10;2023-2024;1;Email;Bordeaux;Karim Belkacem;Sans réponse;4.0
REL-00856;DEV-00654;2023-11-01;2023-11;2023-2024;2;Email;Bordeaux;Karim Belkacem;Sans réponse;4.9
REL-00857;DEV-00655;2023-10-08;2023-10;2023-2024;1;Email;Bordeaux;Karim Belkacem;Rappel demandé;3.4
REL-00858;DEV-00655;2023-10-18;2023-10;2023-2024;2;Téléphone;Bordeaux;Karim Belkacem;Sans réponse;3.2
REL-00859;DEV-00656;2023-10-11;2023-10;2023-2024;1;Téléphone;Bordeaux;Sophie Marchand;Sans réponse;5.9
REL-00860;DEV-00656;2023-10-25;2023-10;2023-2024;2;Téléphone;Bordeaux;Sophie Marchand;Rappel demandé;10.3
REL-00861;DEV-00656;2023-11-02;2023-11;2023-2024;3;Téléphone;Bordeaux;Sophie Marchand;Accord obtenu;4.2
REL-00862;DEV-00657;2023-10-14;2023-10;2023-2024;1;Email;Bordeaux;Sophie Marchand;Refus signifié;3.0
REL-00863;DEV-00659;2023-10-10;2023-10;2023-2024;1;Téléphone;Bordeaux;Sophie Marchand;Sans réponse;13.8
REL-00864;DEV-00659;2023-10-16;2023-10;2023-2024;2;Téléphone;Bordeaux;Sophie Marchand;Négociation en cours;10.9
REL-00865;DEV-00659;2023-10-21;2023-10;2023-2024;3;Email;Bordeaux;Sophie Marchand;Sans réponse;3.2
REL-00866;DEV-00660;2023-10-17;2023-10;2023-2024;1;Téléphone;Toulouse;Julien Fabre;Sans réponse;5.4
REL-00867;DEV-00661;2023-10-20;2023-10;2023-2024;1;Email;Bordeaux;Karim Belkacem;Sans réponse;2.7
REL-00868;DEV-00661;2023-10-25;2023-10;2023-2024;2;SMS;Bordeaux;Karim Belkacem;Sans réponse;4.3
REL-00869;DEV-00661;2023-10-30;2023-10;2023-2024;3;Téléphone;Bordeaux;Karim Belkacem;Sans réponse;12.0
REL-00870;DEV-00661;2023-11-08;2023-11;2023-2024;4;Email;Bordeaux;Karim Belkacem;Refus signifié;1.1
REL-00871;DEV-00662;2023-10-12;2023-10;2023-2024;1;Email;Bordeaux;Karim Belkacem;Injoignable;2.1
REL-00872;DEV-00662;2023-10-25;2023-10;2023-2024;2;Email;Bordeaux;Karim Belkacem;Sans réponse;3.1
REL-00873;DEV-00663;2023-10-20;2023-10;2023-2024;1;Email;Toulouse;Julien Fabre;Rappel demandé;2.2
REL-00874;DEV-00663;2023-10-28;2023-10;2023-2024;2;Email;Toulouse;Julien Fabre;Négociation en cours;4.7
REL-00875;DEV-00665;2023-10-13;2023-10;2023-2024;1;SMS;Bordeaux;Karim Belkacem;Sans réponse;3.6
REL-00876;DEV-00665;2023-10-18;2023-10;2023-2024;2;Téléphone;Bordeaux;Karim Belkacem;Négociation en cours;4.9
REL-00877;DEV-00666;2023-10-16;2023-10;2023-2024;1;Email;Bordeaux;Sophie Marchand;Accord obtenu;2.1
REL-00878;DEV-00667;2023-10-15;2023-10;2023-2024;1;Email;Toulouse;Julien Fabre;Accord obtenu;1.7
REL-00879;DEV-00668;2023-10-18;2023-10;2023-2024;1;Téléphone;Toulouse;Nadia Cherif;Rappel demandé;5.5
REL-00880;DEV-00669;2023-10-14;2023-10;2023-2024;1;Email;Bordeaux;Sophie Marchand;Accord obtenu;2.1
REL-00881;DEV-00670;2023-10-22;2023-10;2023-2024;1;Email;Toulouse;Julien Fabre;Sans réponse;1.2
REL-00882;DEV-00672;2023-10-18;2023-10;2023-2024;1;Email;Bordeaux;Sophie Marchand;Sans réponse;1.1
REL-00883;DEV-00672;2023-10-27;2023-10;2023-2024;2;Email;Bordeaux;Sophie Marchand;Refus signifié;1.2
REL-00884;DEV-00673;2023-10-19;2023-10;2023-2024;1;Email;Bordeaux;Karim Belkacem;Sans réponse;4.0
REL-00885;DEV-00673;2023-10-26;2023-10;2023-2024;2;Email;Bordeaux;Karim Belkacem;Négociation en cours;5.0
REL-00886;DEV-00675;2023-10-21;2023-10;2023-2024;1;Téléphone;Bordeaux;Karim Belkacem;Négociation en cours;2.3
REL-00887;DEV-00675;2023-11-03;2023-11;2023-2024;2;Téléphone;Bordeaux;Karim Belkacem;Injoignable;9.2
REL-00888;DEV-00676;2023-11-03;2023-11;2023-2024;1;Email;Toulouse;Julien Fabre;Rappel demandé;4.6
REL-00889;DEV-00676;2023-11-10;2023-11;2023-2024;2;Téléphone;Toulouse;Julien Fabre;Négociation en cours;2.6
REL-00890;DEV-00677;2023-10-23;2023-10;2023-2024;1;SMS;Toulouse;Julien Fabre;Injoignable;3.0
REL-00891;DEV-00677;2023-10-31;2023-10;2023-2024;2;Email;Toulouse;Julien Fabre;Accord obtenu;2.8
REL-00892;DEV-00678;2023-10-27;2023-10;2023-2024;1;Email;Bordeaux;Sophie Marchand;Négociation en cours;4.0
REL-00893;DEV-00678;2023-11-08;2023-11;2023-2024;2;Email;Bordeaux;Sophie Marchand;Rappel demandé;1.7
REL-00894;DEV-00678;2023-11-13;2023-11;2023-2024;3;Téléphone;Bordeaux;Sophie Marchand;Refus signifié;12.8
REL-00895;DEV-00679;2023-10-28;2023-10;2023-2024;1;Email;Bordeaux;Karim Belkacem;Accord obtenu;2.5
REL-00896;DEV-00680;2023-10-31;2023-10;2023-2024;1;Téléphone;Bordeaux;Karim Belkacem;Négociation en cours;11.2
REL-00897;DEV-00682;2023-10-27;2023-10;2023-2024;1;Email;Toulouse;Nadia Cherif;Accord obtenu;4.4
REL-00898;DEV-00684;2023-10-28;2023-10;2023-2024;1;Téléphone;Toulouse;Julien Fabre;Sans réponse;10.4
REL-00899;DEV-00684;2023-11-08;2023-11;2023-2024;2;Téléphone;Toulouse;Julien Fabre;Refus signifié;13.1
REL-00900;DEV-00685;2023-10-25;2023-10;2023-2024;1;Email;Bordeaux;Karim Belkacem;Sans réponse;1.3
REL-00901;DEV-00685;2023-10-31;2023-10;2023-2024;2;Téléphone;Bordeaux;Karim Belkacem;Accord obtenu;2.0
REL-00902;DEV-00686;2023-10-29;2023-10;2023-2024;1;Email;Toulouse;Julien Fabre;Refus signifié;1.2
REL-00903;DEV-00687;2023-10-28;2023-10;2023-2024;1;SMS;Toulouse;Julien Fabre;Accord obtenu;4.0
REL-00904;DEV-00688;2023-11-02;2023-11;2023-2024;1;SMS;Bordeaux;Karim Belkacem;Injoignable;2.0
REL-00905;DEV-00688;2023-11-10;2023-11;2023-2024;2;Téléphone;Bordeaux;Karim Belkacem;Injoignable;2.5
REL-00906;DEV-00689;2023-11-05;2023-11;2023-2024;1;Téléphone;Bordeaux;Sophie Marchand;Négociation en cours;13.2
REL-00907;DEV-00690;2023-11-03;2023-11;2023-2024;1;Téléphone;Bordeaux;Sophie Marchand;Injoignable;6.7
REL-00908;DEV-00690;2023-11-10;2023-11;2023-2024;2;SMS;Bordeaux;Sophie Marchand;Sans réponse;3.9
REL-00909;DEV-00691;2023-10-30;2023-10;2023-2024;1;SMS;Toulouse;Julien Fabre;Injoignable;2.9
REL-00910;DEV-00691;2023-11-07;2023-11;2023-2024;2;Téléphone;Toulouse;Julien Fabre;Accord obtenu;2.7
REL-00911;DEV-00692;2023-10-31;2023-10;2023-2024;1;Email;Toulouse;Nadia Cherif;Accord obtenu;2.6
REL-00912;DEV-00693;2023-11-03;2023-11;2023-2024;1;Email;Bordeaux;Karim Belkacem;Refus signifié;2.4
REL-00913;DEV-00694;2023-10-31;2023-10;2023-2024;1;SMS;Bordeaux;Karim Belkacem;Injoignable;2.4
REL-00914;DEV-00694;2023-11-10;2023-11;2023-2024;2;Téléphone;Bordeaux;Karim Belkacem;Accord obtenu;9.8
REL-00915;DEV-00695;2023-11-01;2023-11;2023-2024;1;Téléphone;Bordeaux;Karim Belkacem;Négociation en cours;11.6
REL-00916;DEV-00695;2023-11-11;2023-11;2023-2024;2;Email;Bordeaux;Karim Belkacem;Sans réponse;2.1
REL-00917;DEV-00695;2023-11-16;2023-11;2023-2024;3;Téléphone;Bordeaux;Karim Belkacem;Sans réponse;3.5
REL-00918;DEV-00695;2023-11-23;2023-11;2023-2024;4;Téléphone;Bordeaux;Karim Belkacem;Accord obtenu;10.7
REL-00919;DEV-00696;2023-11-11;2023-11;2023-2024;1;Email;Bordeaux;Sophie Marchand;Sans réponse;3.2
REL-00920;DEV-00696;2023-11-18;2023-11;2023-2024;2;Email;Bordeaux;Sophie Marchand;Accord obtenu;4.0
REL-00921;DEV-00697;2023-11-12;2023-11;2023-2024;1;Téléphone;Toulouse;Nadia Cherif;Négociation en cours;8.8
REL-00922;DEV-00698;2023-11-05;2023-11;2023-2024;1;Email;Bordeaux;Sophie Marchand;Injoignable;4.3
REL-00923;DEV-00698;2023-11-15;2023-11;2023-2024;2;Email;Bordeaux;Sophie Marchand;Accord obtenu;2.6
REL-00924;DEV-00699;2023-11-06;2023-11;2023-2024;1;SMS;Bordeaux;Sophie Marchand;Accord obtenu;4.8
REL-00925;DEV-00702;2023-11-08;2023-11;2023-2024;1;Email;Bordeaux;Sophie Marchand;Rappel demandé;1.6
REL-00926;DEV-00702;2023-11-21;2023-11;2023-2024;2;Email;Bordeaux;Sophie Marchand;Injoignable;2.0
REL-00927;DEV-00702;2023-12-01;2023-12;2023-2024;3;Email;Bordeaux;Sophie Marchand;Rappel demandé;2.1
REL-00928;DEV-00704;2023-11-07;2023-11;2023-2024;1;Email;Toulouse;Julien Fabre;Sans réponse;3.0
REL-00929;DEV-00704;2023-11-16;2023-11;2023-2024;2;Email;Toulouse;Julien Fabre;Accord obtenu;4.7
REL-00930;DEV-00706;2023-11-08;2023-11;2023-2024;1;SMS;Toulouse;Nadia Cherif;Sans réponse;2.0
REL-00931;DEV-00706;2023-11-19;2023-11;2023-2024;2;Email;Toulouse;Nadia Cherif;Rappel demandé;4.4
REL-00932;DEV-00708;2023-11-11;2023-11;2023-2024;1;Email;Toulouse;Julien Fabre;Rappel demandé;4.1
REL-00933;DEV-00708;2023-11-21;2023-11;2023-2024;2;Email;Toulouse;Julien Fabre;Sans réponse;1.7
REL-00934;DEV-00709;2023-11-10;2023-11;2023-2024;1;Téléphone;Bordeaux;Karim Belkacem;Accord obtenu;4.3
REL-00935;DEV-00711;2023-11-13;2023-11;2023-2024;1;Email;Toulouse;Nadia Cherif;Injoignable;1.8
REL-00936;DEV-00711;2023-11-25;2023-11;2023-2024;2;Téléphone;Toulouse;Nadia Cherif;Accord obtenu;6.9
REL-00937;DEV-00712;2023-11-14;2023-11;2023-2024;1;Téléphone;Bordeaux;Sophie Marchand;Sans réponse;6.3
REL-00938;DEV-00712;2023-11-24;2023-11;2023-2024;2;Téléphone;Bordeaux;Sophie Marchand;Accord obtenu;3.2
REL-00939;DEV-00713;2023-11-10;2023-11;2023-2024;1;Téléphone;Bordeaux;Karim Belkacem;Sans réponse;2.8
REL-00940;DEV-00713;2023-11-21;2023-11;2023-2024;2;Téléphone;Bordeaux;Karim Belkacem;Refus signifié;12.2
REL-00941;DEV-00715;2023-11-17;2023-11;2023-2024;1;Email;Toulouse;Nadia Cherif;Accord obtenu;1.9
REL-00942;DEV-00716;2023-11-18;2023-11;2023-2024;1;Email;Toulouse;Nadia Cherif;Rappel demandé;2.5
REL-00943;DEV-00716;2023-11-24;2023-11;2023-2024;2;Email;Toulouse;Nadia Cherif;Accord obtenu;2.0
REL-00944;DEV-00717;2023-11-17;2023-11;2023-2024;1;Email;Bordeaux;Karim Belkacem;Sans réponse;4.9
REL-00945;DEV-00717;2023-11-24;2023-11;2023-2024;2;Email;Bordeaux;Karim Belkacem;Injoignable;3.2
REL-00946;DEV-00717;2023-12-03;2023-12;2023-2024;3;Téléphone;Bordeaux;Karim Belkacem;Injoignable;4.2
REL-00947;DEV-00718;2023-11-15;2023-11;2023-2024;1;Téléphone;Toulouse;Nadia Cherif;Sans réponse;5.5
REL-00948;DEV-00720;2023-11-15;2023-11;2023-2024;1;Téléphone;Bordeaux;Karim Belkacem;Négociation en cours;10.6
REL-00949;DEV-00720;2023-11-24;2023-11;2023-2024;2;Téléphone;Bordeaux;Karim Belkacem;Accord obtenu;11.5
REL-00950;DEV-00721;2023-11-20;2023-11;2023-2024;1;Téléphone;Toulouse;Julien Fabre;Injoignable;6.4
REL-00951;DEV-00721;2023-11-27;2023-11;2023-2024;2;Email;Toulouse;Julien Fabre;Sans réponse;4.8
REL-00952;DEV-00721;2023-12-03;2023-12;2023-2024;3;Email;Toulouse;Julien Fabre;Accord obtenu;3.6
REL-00953;DEV-00723;2023-11-20;2023-11;2023-2024;1;Email;Bordeaux;Sophie Marchand;Injoignable;3.0
REL-00954;DEV-00723;2023-11-29;2023-11;2023-2024;2;Email;Bordeaux;Sophie Marchand;Sans réponse;3.1
REL-00955;DEV-00724;2023-11-25;2023-11;2023-2024;1;Téléphone;Bordeaux;Karim Belkacem;Sans réponse;10.8
REL-00956;DEV-00724;2023-12-05;2023-12;2023-2024;2;SMS;Bordeaux;Karim Belkacem;Refus signifié;1.8
REL-00957;DEV-00726;2023-11-26;2023-11;2023-2024;1;Email;Bordeaux;Karim Belkacem;Rappel demandé;3.0
REL-00958;DEV-00726;2023-12-04;2023-12;2023-2024;2;Email;Bordeaux;Karim Belkacem;Sans réponse;1.7
REL-00959;DEV-00726;2023-12-11;2023-12;2023-2024;3;Téléphone;Bordeaux;Karim Belkacem;Accord obtenu;8.3
REL-00960;DEV-00728;2023-11-22;2023-11;2023-2024;1;Email;Toulouse;Julien Fabre;Sans réponse;4.2
REL-00961;DEV-00728;2023-12-01;2023-12;2023-2024;2;SMS;Toulouse;Julien Fabre;Sans réponse;3.8
REL-00962;DEV-00728;2023-12-11;2023-12;2023-2024;3;Email;Toulouse;Julien Fabre;Accord obtenu;1.3
REL-00963;DEV-00729;2023-11-28;2023-11;2023-2024;1;Téléphone;Toulouse;Nadia Cherif;Sans réponse;5.3
REL-00964;DEV-00729;2023-12-06;2023-12;2023-2024;2;Email;Toulouse;Nadia Cherif;Sans réponse;2.0
REL-00965;DEV-00732;2023-11-27;2023-11;2023-2024;1;Email;Toulouse;Nadia Cherif;Sans réponse;2.9
REL-00966;DEV-00733;2023-11-26;2023-11;2023-2024;1;SMS;Bordeaux;Karim Belkacem;Injoignable;2.1
REL-00967;DEV-00735;2023-12-01;2023-12;2023-2024;1;Téléphone;Bordeaux;Sophie Marchand;Refus signifié;5.4
REL-00968;DEV-00736;2023-11-27;2023-11;2023-2024;1;SMS;Bordeaux;Sophie Marchand;Rappel demandé;4.5
REL-00969;DEV-00737;2023-11-30;2023-11;2023-2024;1;Email;Toulouse;Julien Fabre;Rappel demandé;4.1
REL-00970;DEV-00737;2023-12-08;2023-12;2023-2024;2;Téléphone;Toulouse;Julien Fabre;Rappel demandé;9.0
REL-00971;DEV-00737;2023-12-17;2023-12;2023-2024;3;SMS;Toulouse;Julien Fabre;Accord obtenu;2.1
REL-00972;DEV-00739;2023-11-28;2023-11;2023-2024;1;Email;Bordeaux;Sophie Marchand;Refus signifié;4.8
REL-00973;DEV-00740;2023-12-03;2023-12;2023-2024;1;Email;Bordeaux;Karim Belkacem;Refus signifié;4.9
REL-00974;DEV-00741;2023-11-29;2023-11;2023-2024;1;Téléphone;Bordeaux;Sophie Marchand;Sans réponse;9.2
REL-00975;DEV-00741;2023-12-08;2023-12;2023-2024;2;Email;Bordeaux;Sophie Marchand;Rappel demandé;1.6
REL-00976;DEV-00741;2023-12-16;2023-12;2023-2024;3;SMS;Bordeaux;Sophie Marchand;Sans réponse;1.2
REL-00977;DEV-00741;2023-12-23;2023-12;2023-2024;4;Téléphone;Bordeaux;Sophie Marchand;Accord obtenu;9.1
REL-00978;DEV-00742;2023-12-01;2023-12;2023-2024;1;Téléphone;Bordeaux;Sophie Marchand;Injoignable;13.4
REL-00979;DEV-00742;2023-12-14;2023-12;2023-2024;2;Email;Bordeaux;Sophie Marchand;Rappel demandé;4.3
REL-00980;DEV-00742;2023-12-21;2023-12;2023-2024;3;Email;Bordeaux;Sophie Marchand;Sans réponse;3.5
REL-00981;DEV-00743;2023-12-02;2023-12;2023-2024;1;Email;Toulouse;Julien Fabre;Rappel demandé;3.8
REL-00982;DEV-00743;2023-12-09;2023-12;2023-2024;2;Téléphone;Toulouse;Julien Fabre;Rappel demandé;4.3
REL-00983;DEV-00744;2023-12-06;2023-12;2023-2024;1;Email;Toulouse;Nadia Cherif;Sans réponse;1.7
REL-00984;DEV-00744;2023-12-15;2023-12;2023-2024;2;Téléphone;Toulouse;Nadia Cherif;Négociation en cours;9.8
REL-00985;DEV-00745;2023-12-14;2023-12;2023-2024;1;Email;Bordeaux;Sophie Marchand;Refus signifié;2.9
REL-00986;DEV-00746;2023-12-08;2023-12;2023-2024;1;Email;Toulouse;Nadia Cherif;Accord obtenu;3.3
REL-00987;DEV-00747;2023-12-08;2023-12;2023-2024;1;Téléphone;Toulouse;Nadia Cherif;Accord obtenu;11.5
REL-00988;DEV-00749;2023-12-07;2023-12;2023-2024;1;Email;Bordeaux;Sophie Marchand;Injoignable;4.8
REL-00989;DEV-00749;2023-12-14;2023-12;2023-2024;2;Téléphone;Bordeaux;Sophie Marchand;Rappel demandé;10.9
REL-00990;DEV-00750;2023-12-13;2023-12;2023-2024;1;Email;Bordeaux;Sophie Marchand;Accord obtenu;3.8
REL-00991;DEV-00751;2023-12-06;2023-12;2023-2024;1;Téléphone;Bordeaux;Karim Belkacem;Rappel demandé;2.9
REL-00992;DEV-00751;2023-12-11;2023-12;2023-2024;2;Email;Bordeaux;Karim Belkacem;Sans réponse;2.8
REL-00993;DEV-00751;2023-12-21;2023-12;2023-2024;3;Téléphone;Bordeaux;Karim Belkacem;Refus signifié;11.3
REL-00994;DEV-00753;2023-12-09;2023-12;2023-2024;1;Email;Bordeaux;Karim Belkacem;Injoignable;2.5
REL-00995;DEV-00753;2023-12-17;2023-12;2023-2024;2;Téléphone;Bordeaux;Karim Belkacem;Sans réponse;5.6
REL-00996;DEV-00754;2023-12-08;2023-12;2023-2024;1;SMS;Bordeaux;Karim Belkacem;Sans réponse;1.4
REL-00997;DEV-00754;2023-12-14;2023-12;2023-2024;2;Email;Bordeaux;Karim Belkacem;Rappel demandé;2.9
REL-00998;DEV-00757;2023-12-08;2023-12;2023-2024;1;Téléphone;Bordeaux;Sophie Marchand;Accord obtenu;8.7
REL-00999;DEV-00758;2023-12-16;2023-12;2023-2024;1;Téléphone;Bordeaux;Sophie Marchand;Sans réponse;2.8
REL-01000;DEV-00758;2023-12-23;2023-12;2023-2024;2;Email;Bordeaux;Sophie Marchand;Accord obtenu;4.2
REL-01001;DEV-00759;2023-12-20;2023-12;2023-2024;1;Email;Toulouse;Nadia Cherif;Rappel demandé;2.0
REL-01002;DEV-00759;2024-01-02;2024-01;2023-2024;2;Email;Toulouse;Nadia Cherif;Refus signifié;3.3
REL-01003;DEV-00760;2023-12-19;2023-12;2023-2024;1;Email;Toulouse;Nadia Cherif;Refus signifié;1.7
REL-01004;DEV-00761;2023-12-11;2023-12;2023-2024;1;Email;Toulouse;Nadia Cherif;Sans réponse;3.6
REL-01005;DEV-00761;2023-12-23;2023-12;2023-2024;2;Téléphone;Toulouse;Nadia Cherif;Injoignable;8.8
REL-01006;DEV-00761;2024-01-01;2024-01;2023-2024;3;Email;Toulouse;Nadia Cherif;Sans réponse;2.9
REL-01007;DEV-00762;2023-12-17;2023-12;2023-2024;1;Email;Bordeaux;Sophie Marchand;Sans réponse;4.0
REL-01008;DEV-00762;2023-12-26;2023-12;2023-2024;2;Email;Bordeaux;Sophie Marchand;Accord obtenu;3.8
REL-01009;DEV-00763;2023-12-21;2023-12;2023-2024;1;Téléphone;Bordeaux;Sophie Marchand;Refus signifié;3.5
REL-01010;DEV-00766;2023-12-19;2023-12;2023-2024;1;Téléphone;Bordeaux;Karim Belkacem;Injoignable;10.1
REL-01011;DEV-00767;2023-12-14;2023-12;2023-2024;1;Téléphone;Toulouse;Julien Fabre;Sans réponse;3.3
REL-01012;DEV-00768;2023-12-26;2023-12;2023-2024;1;Email;Toulouse;Nadia Cherif;Sans réponse;4.4
REL-01013;DEV-00770;2023-12-15;2023-12;2023-2024;1;Email;Toulouse;Nadia Cherif;Accord obtenu;4.3
REL-01014;DEV-00771;2023-12-19;2023-12;2023-2024;1;SMS;Bordeaux;Karim Belkacem;Refus signifié;2.7
REL-01015;DEV-00773;2023-12-24;2023-12;2023-2024;1;Email;Bordeaux;Sophie Marchand;Sans réponse;4.1
REL-01016;DEV-00774;2023-12-20;2023-12;2023-2024;1;Téléphone;Toulouse;Nadia Cherif;Sans réponse;4.7
REL-01017;DEV-00774;2023-12-26;2023-12;2023-2024;2;Email;Toulouse;Nadia Cherif;Rappel demandé;3.3
REL-01018;DEV-00774;2024-01-07;2024-01;2023-2024;3;Téléphone;Toulouse;Nadia Cherif;Accord obtenu;8.3
REL-01019;DEV-00775;2023-12-23;2023-12;2023-2024;1;Téléphone;Toulouse;Julien Fabre;Injoignable;4.2
REL-01020;DEV-00775;2024-01-01;2024-01;2023-2024;2;SMS;Toulouse;Julien Fabre;Sans réponse;4.7
REL-01021;DEV-00775;2024-01-07;2024-01;2023-2024;3;Téléphone;Toulouse;Julien Fabre;Négociation en cours;12.0
REL-01022;DEV-00776;2023-12-23;2023-12;2023-2024;1;SMS;Bordeaux;Sophie Marchand;Négociation en cours;2.4
REL-01023;DEV-00776;2023-12-28;2023-12;2023-2024;2;Email;Bordeaux;Sophie Marchand;Accord obtenu;3.6
REL-01024;DEV-00778;2023-12-29;2023-12;2023-2024;1;Email;Bordeaux;Sophie Marchand;Accord obtenu;1.8
REL-01025;DEV-00779;2023-12-24;2023-12;2023-2024;1;Email;Bordeaux;Sophie Marchand;Rappel demandé;2.0
REL-01026;DEV-00779;2023-12-31;2023-12;2023-2024;2;Téléphone;Bordeaux;Sophie Marchand;Accord obtenu;2.7
REL-01027;DEV-00780;2023-12-19;2023-12;2023-2024;1;Email;Bordeaux;Karim Belkacem;Sans réponse;4.2
REL-01028;DEV-00780;2023-12-31;2023-12;2023-2024;2;Email;Bordeaux;Karim Belkacem;Injoignable;4.7
REL-01029;DEV-00780;2024-01-07;2024-01;2023-2024;3;Téléphone;Bordeaux;Karim Belkacem;Accord obtenu;6.2
REL-01030;DEV-00781;2023-12-26;2023-12;2023-2024;1;Email;Toulouse;Nadia Cherif;Sans réponse;2.8
REL-01031;DEV-00781;2024-01-04;2024-01;2023-2024;2;Email;Toulouse;Nadia Cherif;Injoignable;2.2
REL-01032;DEV-00781;2024-01-12;2024-01;2023-2024;3;Téléphone;Toulouse;Nadia Cherif;Injoignable;2.8
REL-01033;DEV-00781;2024-01-18;2024-01;2023-2024;4;Email;Toulouse;Nadia Cherif;Sans réponse;2.9
REL-01034;DEV-00782;2023-12-24;2023-12;2023-2024;1;Email;Bordeaux;Karim Belkacem;Injoignable;1.9
REL-01035;DEV-00785;2023-12-27;2023-12;2023-2024;1;Email;Toulouse;Julien Fabre;Rappel demandé;2.3
REL-01036;DEV-00785;2024-01-02;2024-01;2023-2024;2;Email;Toulouse;Julien Fabre;Accord obtenu;4.4
REL-01037;DEV-00786;2024-01-01;2024-01;2023-2024;1;Email;Bordeaux;Sophie Marchand;Négociation en cours;1.3
REL-01038;DEV-00786;2024-01-15;2024-01;2023-2024;2;Téléphone;Bordeaux;Sophie Marchand;Sans réponse;7.7
REL-01039;DEV-00787;2023-12-27;2023-12;2023-2024;1;Email;Toulouse;Nadia Cherif;Négociation en cours;2.8
REL-01040;DEV-00788;2023-12-26;2023-12;2023-2024;1;Email;Bordeaux;Sophie Marchand;Sans réponse;4.0
REL-01041;DEV-00789;2023-12-23;2023-12;2023-2024;1;SMS;Bordeaux;Karim Belkacem;Injoignable;2.2
REL-01042;DEV-00789;2024-01-05;2024-01;2023-2024;2;Téléphone;Bordeaux;Karim Belkacem;Rappel demandé;4.4
REL-01043;DEV-00791;2023-12-29;2023-12;2023-2024;1;Téléphone;Bordeaux;Sophie Marchand;Sans réponse;11.3
REL-01044;DEV-00791;2024-01-07;2024-01;2023-2024;2;Téléphone;Bordeaux;Sophie Marchand;Sans réponse;9.5
REL-01045;DEV-00791;2024-01-18;2024-01;2023-2024;3;Téléphone;Bordeaux;Sophie Marchand;Accord obtenu;11.4
REL-01046;DEV-00792;2024-01-02;2024-01;2023-2024;1;Email;Toulouse;Julien Fabre;Refus signifié;2.5
REL-01047;DEV-00793;2023-12-30;2023-12;2023-2024;1;Téléphone;Bordeaux;Sophie Marchand;Sans réponse;2.8
REL-01048;DEV-00795;2023-12-28;2023-12;2023-2024;1;Email;Toulouse;Nadia Cherif;Accord obtenu;1.5
REL-01049;DEV-00796;2024-01-02;2024-01;2023-2024;1;Email;Bordeaux;Sophie Marchand;Sans réponse;4.3
REL-01050;DEV-00796;2024-01-15;2024-01;2023-2024;2;Email;Bordeaux;Sophie Marchand;Injoignable;3.0
REL-01051;DEV-00797;2024-01-12;2024-01;2023-2024;1;Téléphone;Toulouse;Julien Fabre;Accord obtenu;12.9
REL-01052;DEV-00798;2024-01-07;2024-01;2023-2024;1;Email;Bordeaux;Sophie Marchand;Rappel demandé;2.6
REL-01053;DEV-00800;2023-12-30;2023-12;2023-2024;1;Email;Toulouse;Nadia Cherif;Accord obtenu;3.2
REL-01054;DEV-00801;2024-01-03;2024-01;2023-2024;1;Email;Toulouse;Nadia Cherif;Sans réponse;2.8
REL-01055;DEV-00801;2024-01-16;2024-01;2023-2024;2;Téléphone;Toulouse;Nadia Cherif;Sans réponse;2.7
REL-01056;DEV-00802;2024-01-04;2024-01;2023-2024;1;SMS;Bordeaux;Karim Belkacem;Injoignable;4.9
REL-01057;DEV-00802;2024-01-10;2024-01;2023-2024;2;SMS;Bordeaux;Karim Belkacem;Accord obtenu;1.4
REL-01058;DEV-00803;2024-01-11;2024-01;2023-2024;1;SMS;Toulouse;Julien Fabre;Sans réponse;3.6
REL-01059;DEV-00804;2024-01-09;2024-01;2023-2024;1;Téléphone;Bordeaux;Sophie Marchand;Sans réponse;12.8
REL-01060;DEV-00804;2024-01-23;2024-01;2023-2024;2;Email;Bordeaux;Sophie Marchand;Accord obtenu;4.2
REL-01061;DEV-00805;2024-01-12;2024-01;2023-2024;1;Téléphone;Bordeaux;Sophie Marchand;Négociation en cours;13.2
REL-01062;DEV-00806;2024-01-07;2024-01;2023-2024;1;Email;Bordeaux;Sophie Marchand;Sans réponse;4.3
REL-01063;DEV-00807;2024-01-18;2024-01;2023-2024;1;Email;Bordeaux;Sophie Marchand;Rappel demandé;4.0
REL-01064;DEV-00807;2024-01-28;2024-01;2023-2024;2;SMS;Bordeaux;Sophie Marchand;Accord obtenu;4.0
REL-01065;DEV-00808;2024-01-13;2024-01;2023-2024;1;Email;Toulouse;Nadia Cherif;Négociation en cours;4.6
REL-01066;DEV-00808;2024-01-23;2024-01;2023-2024;2;Email;Toulouse;Nadia Cherif;Injoignable;4.0
REL-01067;DEV-00810;2024-01-17;2024-01;2023-2024;1;Téléphone;Bordeaux;Sophie Marchand;Refus signifié;4.4
REL-01068;DEV-00811;2024-01-17;2024-01;2023-2024;1;Email;Toulouse;Nadia Cherif;Refus signifié;2.4
REL-01069;DEV-00812;2024-01-16;2024-01;2023-2024;1;Téléphone;Bordeaux;Sophie Marchand;Refus signifié;13.4
REL-01070;DEV-00813;2024-01-06;2024-01;2023-2024;1;Téléphone;Toulouse;Julien Fabre;Négociation en cours;13.3
REL-01071;DEV-00813;2024-01-17;2024-01;2023-2024;2;Email;Toulouse;Julien Fabre;Refus signifié;2.2
REL-01072;DEV-00814;2024-01-14;2024-01;2023-2024;1;Téléphone;Toulouse;Nadia Cherif;Sans réponse;7.9
REL-01073;DEV-00814;2024-01-28;2024-01;2023-2024;2;Téléphone;Toulouse;Nadia Cherif;Rappel demandé;8.2
REL-01074;DEV-00814;2024-02-03;2024-02;2023-2024;3;Email;Toulouse;Nadia Cherif;Négociation en cours;2.0
REL-01075;DEV-00815;2024-01-15;2024-01;2023-2024;1;Téléphone;Bordeaux;Sophie Marchand;Sans réponse;9.8
REL-01076;DEV-00816;2024-01-16;2024-01;2023-2024;1;Email;Toulouse;Nadia Cherif;Négociation en cours;4.7
REL-01077;DEV-00816;2024-01-30;2024-01;2023-2024;2;Téléphone;Toulouse;Nadia Cherif;Accord obtenu;9.4
REL-01078;DEV-00817;2024-01-16;2024-01;2023-2024;1;Email;Bordeaux;Sophie Marchand;Rappel demandé;3.7
REL-01079;DEV-00817;2024-01-24;2024-01;2023-2024;2;Email;Bordeaux;Sophie Marchand;Accord obtenu;3.0
REL-01080;DEV-00818;2024-01-20;2024-01;2023-2024;1;Email;Bordeaux;Sophie Marchand;Accord obtenu;4.6
REL-01081;DEV-00819;2024-01-16;2024-01;2023-2024;1;Téléphone;Bordeaux;Sophie Marchand;Accord obtenu;4.8
REL-01082;DEV-00820;2024-01-18;2024-01;2023-2024;1;Email;Bordeaux;Sophie Marchand;Injoignable;3.5
REL-01083;DEV-00820;2024-01-31;2024-01;2023-2024;2;Téléphone;Bordeaux;Sophie Marchand;Accord obtenu;6.0
REL-01084;DEV-00821;2024-01-14;2024-01;2023-2024;1;Email;Bordeaux;Karim Belkacem;Sans réponse;2.1
REL-01085;DEV-00821;2024-01-21;2024-01;2023-2024;2;Email;Bordeaux;Karim Belkacem;Accord obtenu;5.0
REL-01086;DEV-00822;2024-01-17;2024-01;2023-2024;1;Email;Bordeaux;Sophie Marchand;Injoignable;4.4
REL-01087;DEV-00823;2024-01-14;2024-01;2023-2024;1;Email;Toulouse;Julien Fabre;Accord obtenu;2.4
REL-01088;DEV-00824;2024-01-20;2024-01;2023-2024;1;Téléphone;Toulouse;Julien Fabre;Sans réponse;7.8
REL-01089;DEV-00824;2024-01-27;2024-01;2023-2024;2;Email;Toulouse;Julien Fabre;Accord obtenu;3.6
REL-01090;DEV-00825;2024-01-20;2024-01;2023-2024;1;Téléphone;Toulouse;Nadia Cherif;Accord obtenu;13.3
REL-01091;DEV-00826;2024-01-16;2024-01;2023-2024;1;Email;Bordeaux;Karim Belkacem;Rappel demandé;3.6
REL-01092;DEV-00826;2024-01-24;2024-01;2023-2024;2;Email;Bordeaux;Karim Belkacem;Accord obtenu;3.7
REL-01093;DEV-00827;2024-01-18;2024-01;2023-2024;1;Téléphone;Bordeaux;Karim Belkacem;Accord obtenu;13.6
REL-01094;DEV-00830;2024-01-17;2024-01;2023-2024;1;Téléphone;Toulouse;Julien Fabre;Sans réponse;11.0
REL-01095;DEV-00830;2024-01-25;2024-01;2023-2024;2;SMS;Toulouse;Julien Fabre;Refus signifié;3.3
REL-01096;DEV-00831;2024-01-20;2024-01;2023-2024;1;Email;Bordeaux;Karim Belkacem;Rappel demandé;4.5
REL-01097;DEV-00831;2024-01-27;2024-01;2023-2024;2;Email;Bordeaux;Karim Belkacem;Sans réponse;4.0
REL-01098;DEV-00833;2024-01-18;2024-01;2023-2024;1;Téléphone;Bordeaux;Karim Belkacem;Sans réponse;11.0
REL-01099;DEV-00834;2024-01-22;2024-01;2023-2024;1;Email;Bordeaux;Karim Belkacem;Sans réponse;1.7
REL-01100;DEV-00834;2024-02-04;2024-02;2023-2024;2;Email;Bordeaux;Karim Belkacem;Accord obtenu;2.7
REL-01101;DEV-00835;2024-01-19;2024-01;2023-2024;1;Email;Bordeaux;Karim Belkacem;Négociation en cours;2.2
REL-01102;DEV-00835;2024-01-24;2024-01;2023-2024;2;SMS;Bordeaux;Karim Belkacem;Négociation en cours;2.0
REL-01103;DEV-00835;2024-02-04;2024-02;2023-2024;3;Email;Bordeaux;Karim Belkacem;Accord obtenu;4.1
REL-01104;DEV-00836;2024-01-19;2024-01;2023-2024;1;Email;Toulouse;Nadia Cherif;Négociation en cours;1.8
REL-01105;DEV-00836;2024-02-02;2024-02;2023-2024;2;Téléphone;Toulouse;Nadia Cherif;Sans réponse;6.7
REL-01106;DEV-00837;2024-01-28;2024-01;2023-2024;1;Email;Bordeaux;Karim Belkacem;Refus signifié;2.6
REL-01107;DEV-00838;2024-01-23;2024-01;2023-2024;1;Téléphone;Bordeaux;Sophie Marchand;Sans réponse;8.6
REL-01108;DEV-00838;2024-02-01;2024-02;2023-2024;2;Email;Bordeaux;Sophie Marchand;Injoignable;1.6
REL-01109;DEV-00839;2024-02-02;2024-02;2023-2024;1;Email;Bordeaux;Sophie Marchand;Accord obtenu;4.8
REL-01110;DEV-00842;2024-01-27;2024-01;2023-2024;1;Email;Bordeaux;Sophie Marchand;Sans réponse;2.2
REL-01111;DEV-00842;2024-02-07;2024-02;2023-2024;2;SMS;Bordeaux;Sophie Marchand;Injoignable;2.9
REL-01112;DEV-00843;2024-02-01;2024-02;2023-2024;1;Email;Bordeaux;Sophie Marchand;Sans réponse;2.0
REL-01113;DEV-00843;2024-02-13;2024-02;2023-2024;2;Téléphone;Bordeaux;Sophie Marchand;Sans réponse;9.5
REL-01114;DEV-00844;2024-01-24;2024-01;2023-2024;1;Email;Bordeaux;Karim Belkacem;Accord obtenu;1.4
REL-01115;DEV-00845;2024-01-28;2024-01;2023-2024;1;Téléphone;Bordeaux;Karim Belkacem;Négociation en cours;5.9
REL-01116;DEV-00845;2024-02-10;2024-02;2023-2024;2;Téléphone;Bordeaux;Karim Belkacem;Rappel demandé;13.3
REL-01117;DEV-00845;2024-02-15;2024-02;2023-2024;3;Email;Bordeaux;Karim Belkacem;Sans réponse;4.8
REL-01118;DEV-00846;2024-02-05;2024-02;2023-2024;1;Téléphone;Bordeaux;Karim Belkacem;Sans réponse;8.0
REL-01119;DEV-00847;2024-01-25;2024-01;2023-2024;1;Email;Bordeaux;Sophie Marchand;Sans réponse;4.5
REL-01120;DEV-00847;2024-02-07;2024-02;2023-2024;2;Email;Bordeaux;Sophie Marchand;Rappel demandé;1.3
REL-01121;DEV-00848;2024-01-31;2024-01;2023-2024;1;Email;Toulouse;Nadia Cherif;Rappel demandé;2.8
REL-01122;DEV-00850;2024-02-01;2024-02;2023-2024;1;Email;Bordeaux;Sophie Marchand;Sans réponse;4.6
REL-01123;DEV-00850;2024-02-10;2024-02;2023-2024;2;Téléphone;Bordeaux;Sophie Marchand;Refus signifié;3.7
REL-01124;DEV-00851;2024-02-08;2024-02;2023-2024;1;Email;Toulouse;Nadia Cherif;Négociation en cours;2.1
REL-01125;DEV-00852;2024-02-10;2024-02;2023-2024;1;Email;Bordeaux;Karim Belkacem;Sans réponse;1.1
REL-01126;DEV-00853;2024-01-30;2024-01;2023-2024;1;Email;Toulouse;Nadia Cherif;Sans réponse;2.0
REL-01127;DEV-00854;2024-02-04;2024-02;2023-2024;1;SMS;Bordeaux;Sophie Marchand;Rappel demandé;4.6
REL-01128;DEV-00854;2024-02-17;2024-02;2023-2024;2;Email;Bordeaux;Sophie Marchand;Refus signifié;2.9
REL-01129;DEV-00856;2024-02-06;2024-02;2023-2024;1;Téléphone;Toulouse;Nadia Cherif;Négociation en cours;12.8
REL-01130;DEV-00856;2024-02-14;2024-02;2023-2024;2;Email;Toulouse;Nadia Cherif;Sans réponse;4.6
REL-01131;DEV-00857;2024-02-03;2024-02;2023-2024;1;Email;Bordeaux;Sophie Marchand;Rappel demandé;4.4
REL-01132;DEV-00857;2024-02-13;2024-02;2023-2024;2;Téléphone;Bordeaux;Sophie Marchand;Refus signifié;11.0
REL-01133;DEV-00858;2024-02-06;2024-02;2023-2024;1;SMS;Bordeaux;Karim Belkacem;Accord obtenu;1.0
REL-01134;DEV-00859;2024-02-03;2024-02;2023-2024;1;Email;Bordeaux;Karim Belkacem;Sans réponse;4.7
REL-01135;DEV-00859;2024-02-12;2024-02;2023-2024;2;SMS;Bordeaux;Karim Belkacem;Sans réponse;3.4
REL-01136;DEV-00863;2024-02-08;2024-02;2023-2024;1;Email;Toulouse;Julien Fabre;Sans réponse;2.1
REL-01137;DEV-00864;2024-02-12;2024-02;2023-2024;1;Téléphone;Bordeaux;Sophie Marchand;Accord obtenu;10.2
REL-01138;DEV-00865;2024-02-03;2024-02;2023-2024;1;Email;Bordeaux;Karim Belkacem;Injoignable;1.1
REL-01139;DEV-00865;2024-02-11;2024-02;2023-2024;2;Email;Bordeaux;Karim Belkacem;Accord obtenu;1.9
REL-01140;DEV-00868;2024-02-13;2024-02;2023-2024;1;SMS;Bordeaux;Sophie Marchand;Sans réponse;1.9
REL-01141;DEV-00869;2024-02-14;2024-02;2023-2024;1;Email;Toulouse;Julien Fabre;Négociation en cours;4.8
REL-01142;DEV-00870;2024-02-07;2024-02;2023-2024;1;Email;Bordeaux;Sophie Marchand;Injoignable;2.0
REL-01143;DEV-00870;2024-02-21;2024-02;2023-2024;2;Téléphone;Bordeaux;Sophie Marchand;Refus signifié;7.7
REL-01144;DEV-00871;2024-02-20;2024-02;2023-2024;1;Téléphone;Bordeaux;Sophie Marchand;Accord obtenu;12.5
REL-01145;DEV-00873;2024-02-16;2024-02;2023-2024;1;Email;Bordeaux;Karim Belkacem;Refus signifié;1.4
REL-01146;DEV-00874;2024-02-14;2024-02;2023-2024;1;Téléphone;Toulouse;Julien Fabre;Négociation en cours;5.5
REL-01147;DEV-00874;2024-02-21;2024-02;2023-2024;2;Email;Toulouse;Julien Fabre;Sans réponse;3.8
REL-01148;DEV-00875;2024-02-15;2024-02;2023-2024;1;Email;Toulouse;Julien Fabre;Sans réponse;1.2
REL-01149;DEV-00875;2024-02-26;2024-02;2023-2024;2;Email;Toulouse;Julien Fabre;Rappel demandé;2.2
REL-01150;DEV-00875;2024-03-03;2024-03;2023-2024;3;Email;Toulouse;Julien Fabre;Refus signifié;3.4
REL-01151;DEV-00876;2024-02-10;2024-02;2023-2024;1;Email;Bordeaux;Karim Belkacem;Accord obtenu;3.1
REL-01152;DEV-00877;2024-02-19;2024-02;2023-2024;1;Téléphone;Bordeaux;Sophie Marchand;Accord obtenu;8.3
REL-01153;DEV-00878;2024-02-14;2024-02;2023-2024;1;Téléphone;Toulouse;Nadia Cherif;Sans réponse;13.4
REL-01154;DEV-00878;2024-02-19;2024-02;2023-2024;2;Téléphone;Toulouse;Nadia Cherif;Rappel demandé;11.1
REL-01155;DEV-00878;2024-03-02;2024-03;2023-2024;3;Email;Toulouse;Nadia Cherif;Sans réponse;4.7
REL-01156;DEV-00879;2024-02-11;2024-02;2023-2024;1;Téléphone;Toulouse;Julien Fabre;Rappel demandé;8.7
REL-01157;DEV-00881;2024-02-18;2024-02;2023-2024;1;Téléphone;Bordeaux;Karim Belkacem;Sans réponse;10.0
REL-01158;DEV-00881;2024-02-23;2024-02;2023-2024;2;SMS;Bordeaux;Karim Belkacem;Accord obtenu;3.1
REL-01159;DEV-00884;2024-02-14;2024-02;2023-2024;1;SMS;Bordeaux;Karim Belkacem;Sans réponse;2.6
REL-01160;DEV-00884;2024-02-25;2024-02;2023-2024;2;Email;Bordeaux;Karim Belkacem;Accord obtenu;1.7
REL-01161;DEV-00886;2024-02-23;2024-02;2023-2024;1;SMS;Toulouse;Nadia Cherif;Rappel demandé;3.0
REL-01162;DEV-00886;2024-03-08;2024-03;2023-2024;2;Email;Toulouse;Nadia Cherif;Refus signifié;2.1
REL-01163;DEV-00887;2024-02-21;2024-02;2023-2024;1;Téléphone;Toulouse;Nadia Cherif;Négociation en cours;13.2
REL-01164;DEV-00888;2024-02-23;2024-02;2023-2024;1;Email;Bordeaux;Sophie Marchand;Sans réponse;1.9
REL-01165;DEV-00889;2024-02-22;2024-02;2023-2024;1;SMS;Toulouse;Nadia Cherif;Sans réponse;4.9
REL-01166;DEV-00889;2024-03-02;2024-03;2023-2024;2;Téléphone;Toulouse;Nadia Cherif;Refus signifié;13.9
REL-01167;DEV-00890;2024-02-18;2024-02;2023-2024;1;Téléphone;Toulouse;Nadia Cherif;Injoignable;3.9
REL-01168;DEV-00890;2024-02-23;2024-02;2023-2024;2;Téléphone;Toulouse;Nadia Cherif;Accord obtenu;6.7
REL-01169;DEV-00892;2024-02-26;2024-02;2023-2024;1;Téléphone;Bordeaux;Karim Belkacem;Injoignable;4.8
REL-01170;DEV-00893;2024-02-20;2024-02;2023-2024;1;Téléphone;Bordeaux;Karim Belkacem;Accord obtenu;7.6
REL-01171;DEV-00895;2024-02-27;2024-02;2023-2024;1;SMS;Bordeaux;Karim Belkacem;Sans réponse;3.3
REL-01172;DEV-00896;2024-02-27;2024-02;2023-2024;1;Email;Bordeaux;Sophie Marchand;Sans réponse;1.2
REL-01173;DEV-00896;2024-03-04;2024-03;2023-2024;2;Email;Bordeaux;Sophie Marchand;Rappel demandé;3.5
REL-01174;DEV-00896;2024-03-18;2024-03;2023-2024;3;Téléphone;Bordeaux;Sophie Marchand;Négociation en cours;7.3
REL-01175;DEV-00897;2024-03-01;2024-03;2023-2024;1;Email;Bordeaux;Sophie Marchand;Rappel demandé;2.1
REL-01176;DEV-00898;2024-02-25;2024-02;2023-2024;1;Email;Bordeaux;Karim Belkacem;Négociation en cours;3.2
REL-01177;DEV-00899;2024-02-21;2024-02;2023-2024;1;Email;Bordeaux;Karim Belkacem;Rappel demandé;2.9
REL-01178;DEV-00899;2024-02-27;2024-02;2023-2024;2;Téléphone;Bordeaux;Karim Belkacem;Sans réponse;5.1
REL-01179;DEV-00899;2024-03-03;2024-03;2023-2024;3;Email;Bordeaux;Karim Belkacem;Négociation en cours;1.4
REL-01180;DEV-00899;2024-03-10;2024-03;2023-2024;4;Téléphone;Bordeaux;Karim Belkacem;Sans réponse;4.5
REL-01181;DEV-00901;2024-02-22;2024-02;2023-2024;1;Téléphone;Bordeaux;Sophie Marchand;Sans réponse;7.6
REL-01182;DEV-00901;2024-02-28;2024-02;2023-2024;2;Email;Bordeaux;Sophie Marchand;Accord obtenu;3.0
REL-01183;DEV-00903;2024-02-23;2024-02;2023-2024;1;Email;Bordeaux;Sophie Marchand;Sans réponse;4.0
REL-01184;DEV-00903;2024-03-03;2024-03;2023-2024;2;Téléphone;Bordeaux;Sophie Marchand;Négociation en cours;2.3
REL-01185;DEV-00906;2024-03-02;2024-03;2023-2024;1;Téléphone;Toulouse;Nadia Cherif;Accord obtenu;2.6
REL-01186;DEV-00907;2024-02-28;2024-02;2023-2024;1;Email;Bordeaux;Karim Belkacem;Refus signifié;4.8
REL-01187;DEV-00908;2024-03-01;2024-03;2023-2024;1;Téléphone;Toulouse;Nadia Cherif;Refus signifié;13.2
REL-01188;DEV-00909;2024-02-27;2024-02;2023-2024;1;Email;Bordeaux;Karim Belkacem;Sans réponse;1.6
REL-01189;DEV-00910;2024-03-08;2024-03;2023-2024;1;Email;Bordeaux;Sophie Marchand;Refus signifié;3.6
REL-01190;DEV-00913;2024-03-02;2024-03;2023-2024;1;Téléphone;Toulouse;Nadia Cherif;Refus signifié;4.4
REL-01191;DEV-00914;2024-03-04;2024-03;2023-2024;1;Email;Bordeaux;Sophie Marchand;Sans réponse;4.6
REL-01192;DEV-00914;2024-03-09;2024-03;2023-2024;2;Email;Bordeaux;Sophie Marchand;Sans réponse;2.5
REL-01193;DEV-00914;2024-03-20;2024-03;2023-2024;3;Téléphone;Bordeaux;Sophie Marchand;Sans réponse;3.7
REL-01194;DEV-00918;2024-03-09;2024-03;2023-2024;1;Téléphone;Bordeaux;Sophie Marchand;Sans réponse;11.9
REL-01195;DEV-00918;2024-03-20;2024-03;2023-2024;2;Téléphone;Bordeaux;Sophie Marchand;Sans réponse;3.0
REL-01196;DEV-00918;2024-03-25;2024-03;2023-2024;3;Téléphone;Bordeaux;Sophie Marchand;Accord obtenu;7.1
REL-01197;DEV-00919;2024-03-07;2024-03;2023-2024;1;Email;Toulouse;Nadia Cherif;Injoignable;4.7
REL-01198;DEV-00919;2024-03-14;2024-03;2023-2024;2;Email;Toulouse;Nadia Cherif;Accord obtenu;2.6
REL-01199;DEV-00921;2024-03-11;2024-03;2023-2024;1;Téléphone;Bordeaux;Sophie Marchand;Sans réponse;7.0
REL-01200;DEV-00923;2024-03-10;2024-03;2023-2024;1;Email;Bordeaux;Sophie Marchand;Rappel demandé;3.9
REL-01201;DEV-00923;2024-03-24;2024-03;2023-2024;2;Email;Bordeaux;Sophie Marchand;Accord obtenu;4.7
REL-01202;DEV-00925;2024-03-08;2024-03;2023-2024;1;SMS;Toulouse;Julien Fabre;Négociation en cours;4.2
REL-01203;DEV-00926;2024-03-07;2024-03;2023-2024;1;Email;Bordeaux;Karim Belkacem;Négociation en cours;2.0
REL-01204;DEV-00931;2024-03-09;2024-03;2023-2024;1;SMS;Bordeaux;Karim Belkacem;Négociation en cours;4.6
REL-01205;DEV-00933;2024-03-09;2024-03;2023-2024;1;Email;Bordeaux;Karim Belkacem;Accord obtenu;4.9
REL-01206;DEV-00934;2024-03-17;2024-03;2023-2024;1;Email;Toulouse;Julien Fabre;Injoignable;3.7
REL-01207;DEV-00934;2024-03-30;2024-03;2023-2024;2;Email;Toulouse;Julien Fabre;Refus signifié;1.2
REL-01208;DEV-00936;2024-03-16;2024-03;2023-2024;1;SMS;Toulouse;Julien Fabre;Refus signifié;3.9
REL-01209;DEV-00938;2024-03-15;2024-03;2023-2024;1;Téléphone;Toulouse;Nadia Cherif;Sans réponse;12.0
REL-01210;DEV-00938;2024-03-21;2024-03;2023-2024;2;SMS;Toulouse;Nadia Cherif;Accord obtenu;1.5
REL-01211;DEV-00939;2024-03-13;2024-03;2023-2024;1;Téléphone;Bordeaux;Karim Belkacem;Refus signifié;11.0
REL-01212;DEV-00941;2024-03-13;2024-03;2023-2024;1;Téléphone;Toulouse;Nadia Cherif;Négociation en cours;5.7
REL-01213;DEV-00941;2024-03-21;2024-03;2023-2024;2;Email;Toulouse;Nadia Cherif;Sans réponse;2.1
REL-01214;DEV-00941;2024-03-29;2024-03;2023-2024;3;Téléphone;Toulouse;Nadia Cherif;Sans réponse;2.2
REL-01215;DEV-00942;2024-03-14;2024-03;2023-2024;1;Téléphone;Toulouse;Julien Fabre;Accord obtenu;7.5
REL-01216;DEV-00945;2024-03-23;2024-03;2023-2024;1;Téléphone;Bordeaux;Sophie Marchand;Accord obtenu;4.8
REL-01217;DEV-00946;2024-03-21;2024-03;2023-2024;1;Email;Bordeaux;Karim Belkacem;Sans réponse;5.0
REL-01218;DEV-00946;2024-03-27;2024-03;2023-2024;2;Email;Bordeaux;Karim Belkacem;Accord obtenu;2.6
REL-01219;DEV-00947;2024-03-20;2024-03;2023-2024;1;Téléphone;Bordeaux;Sophie Marchand;Sans réponse;7.8
REL-01220;DEV-00947;2024-03-31;2024-03;2023-2024;2;Téléphone;Bordeaux;Sophie Marchand;Négociation en cours;11.2
REL-01221;DEV-00948;2024-03-17;2024-03;2023-2024;1;Email;Bordeaux;Karim Belkacem;Accord obtenu;4.4
REL-01222;DEV-00949;2024-03-24;2024-03;2023-2024;1;Téléphone;Toulouse;Julien Fabre;Négociation en cours;13.4
REL-01223;DEV-00949;2024-03-29;2024-03;2023-2024;2;Téléphone;Toulouse;Julien Fabre;Rappel demandé;2.6
REL-01224;DEV-00951;2024-03-27;2024-03;2023-2024;1;Téléphone;Toulouse;Nadia Cherif;Sans réponse;10.2
REL-01225;DEV-00951;2024-04-03;2024-04;2023-2024;2;Email;Toulouse;Nadia Cherif;Accord obtenu;3.5
REL-01226;DEV-00952;2024-03-24;2024-03;2023-2024;1;Email;Toulouse;Julien Fabre;Sans réponse;4.4
REL-01227;DEV-00953;2024-03-26;2024-03;2023-2024;1;Téléphone;Toulouse;Julien Fabre;Sans réponse;8.1
REL-01228;DEV-00954;2024-03-24;2024-03;2023-2024;1;Téléphone;Bordeaux;Karim Belkacem;Injoignable;3.5
REL-01229;DEV-00954;2024-04-06;2024-04;2023-2024;2;Téléphone;Bordeaux;Karim Belkacem;Accord obtenu;2.7
REL-01230;DEV-00956;2024-03-28;2024-03;2023-2024;1;Email;Bordeaux;Karim Belkacem;Rappel demandé;3.9
REL-01231;DEV-00956;2024-04-05;2024-04;2023-2024;2;Email;Bordeaux;Karim Belkacem;Injoignable;2.6
REL-01232;DEV-00957;2024-03-28;2024-03;2023-2024;1;Email;Toulouse;Julien Fabre;Sans réponse;3.1
REL-01233;DEV-00957;2024-04-11;2024-04;2023-2024;2;Téléphone;Toulouse;Julien Fabre;Injoignable;8.5
REL-01234;DEV-00958;2024-03-25;2024-03;2023-2024;1;Email;Bordeaux;Sophie Marchand;Injoignable;4.1
REL-01235;DEV-00958;2024-04-02;2024-04;2023-2024;2;SMS;Bordeaux;Sophie Marchand;Accord obtenu;4.0
REL-01236;DEV-00960;2024-03-31;2024-03;2023-2024;1;Téléphone;Toulouse;Julien Fabre;Sans réponse;7.0
REL-01237;DEV-00961;2024-03-26;2024-03;2023-2024;1;Email;Bordeaux;Sophie Marchand;Sans réponse;2.3
REL-01238;DEV-00962;2024-03-26;2024-03;2023-2024;1;Téléphone;Bordeaux;Sophie Marchand;Sans réponse;2.5
REL-01239;DEV-00964;2024-04-07;2024-04;2023-2024;1;Email;Toulouse;Nadia Cherif;Sans réponse;1.8
REL-01240;DEV-00965;2024-03-31;2024-03;2023-2024;1;Téléphone;Bordeaux;Sophie Marchand;Injoignable;2.8
REL-01241;DEV-00965;2024-04-11;2024-04;2023-2024;2;Email;Bordeaux;Sophie Marchand;Accord obtenu;3.4
REL-01242;DEV-00967;2024-03-28;2024-03;2023-2024;1;Téléphone;Bordeaux;Sophie Marchand;Accord obtenu;9.6
REL-01243;DEV-00969;2024-03-29;2024-03;2023-2024;1;Email;Toulouse;Julien Fabre;Sans réponse;3.9
REL-01244;DEV-00971;2024-03-29;2024-03;2023-2024;1;Téléphone;Toulouse;Nadia Cherif;Sans réponse;9.4
REL-01245;DEV-00972;2024-03-30;2024-03;2023-2024;1;Email;Bordeaux;Karim Belkacem;Rappel demandé;2.3
REL-01246;DEV-00972;2024-04-08;2024-04;2023-2024;2;Email;Bordeaux;Karim Belkacem;Sans réponse;3.8
REL-01247;DEV-00973;2024-04-08;2024-04;2023-2024;1;SMS;Toulouse;Nadia Cherif;Sans réponse;2.4
REL-01248;DEV-00973;2024-04-18;2024-04;2023-2024;2;Téléphone;Toulouse;Nadia Cherif;Accord obtenu;2.2
REL-01249;DEV-00974;2024-04-11;2024-04;2023-2024;1;Téléphone;Bordeaux;Sophie Marchand;Négociation en cours;9.7
REL-01250;DEV-00976;2024-04-04;2024-04;2023-2024;1;Email;Toulouse;Nadia Cherif;Injoignable;3.3
REL-01251;DEV-00976;2024-04-17;2024-04;2023-2024;2;Email;Toulouse;Nadia Cherif;Négociation en cours;1.1
REL-01252;DEV-00978;2024-04-09;2024-04;2023-2024;1;Téléphone;Toulouse;Julien Fabre;Rappel demandé;13.0
REL-01253;DEV-00978;2024-04-20;2024-04;2023-2024;2;Email;Toulouse;Julien Fabre;Rappel demandé;4.4
REL-01254;DEV-00979;2024-04-06;2024-04;2023-2024;1;Email;Bordeaux;Karim Belkacem;Négociation en cours;1.7
REL-01255;DEV-00979;2024-04-12;2024-04;2023-2024;2;Email;Bordeaux;Karim Belkacem;Accord obtenu;4.5
REL-01256;DEV-00980;2024-04-08;2024-04;2023-2024;1;Téléphone;Bordeaux;Karim Belkacem;Sans réponse;12.4
REL-01257;DEV-00980;2024-04-15;2024-04;2023-2024;2;Téléphone;Bordeaux;Karim Belkacem;Sans réponse;5.2
REL-01258;DEV-00982;2024-04-08;2024-04;2023-2024;1;Email;Bordeaux;Karim Belkacem;Rappel demandé;4.1
REL-01259;DEV-00984;2024-04-21;2024-04;2023-2024;1;Email;Toulouse;Julien Fabre;Négociation en cours;2.8
REL-01260;DEV-00984;2024-04-26;2024-04;2023-2024;2;Email;Toulouse;Julien Fabre;Rappel demandé;2.1
REL-01261;DEV-00985;2024-04-18;2024-04;2023-2024;1;Téléphone;Toulouse;Nadia Cherif;Refus signifié;7.8
REL-01262;DEV-00986;2024-04-17;2024-04;2023-2024;1;Email;Bordeaux;Sophie Marchand;Rappel demandé;3.0
REL-01263;DEV-00987;2024-04-21;2024-04;2023-2024;1;Téléphone;Toulouse;Nadia Cherif;Injoignable;9.2
REL-01264;DEV-00988;2024-04-13;2024-04;2023-2024;1;Téléphone;Toulouse;Julien Fabre;Sans réponse;8.1
REL-01265;DEV-00988;2024-04-22;2024-04;2023-2024;2;Téléphone;Toulouse;Julien Fabre;Sans réponse;4.6
REL-01266;DEV-00988;2024-04-28;2024-04;2023-2024;3;Email;Toulouse;Julien Fabre;Sans réponse;1.0
REL-01267;DEV-00988;2024-05-03;2024-05;2023-2024;4;Téléphone;Toulouse;Julien Fabre;Accord obtenu;13.8
REL-01268;DEV-00989;2024-04-16;2024-04;2023-2024;1;Téléphone;Toulouse;Nadia Cherif;Sans réponse;4.3
REL-01269;DEV-00989;2024-04-24;2024-04;2023-2024;2;Email;Toulouse;Nadia Cherif;Accord obtenu;2.6
REL-01270;DEV-00990;2024-04-16;2024-04;2023-2024;1;Téléphone;Toulouse;Julien Fabre;Accord obtenu;10.7
REL-01271;DEV-00991;2024-04-16;2024-04;2023-2024;1;Email;Toulouse;Nadia Cherif;Accord obtenu;1.7
REL-01272;DEV-00992;2024-04-10;2024-04;2023-2024;1;Email;Toulouse;Nadia Cherif;Rappel demandé;2.8
REL-01273;DEV-00992;2024-04-23;2024-04;2023-2024;2;Email;Toulouse;Nadia Cherif;Accord obtenu;2.5
REL-01274;DEV-00993;2024-04-14;2024-04;2023-2024;1;Email;Bordeaux;Karim Belkacem;Accord obtenu;3.7
REL-01275;DEV-00994;2024-04-21;2024-04;2023-2024;1;Email;Bordeaux;Karim Belkacem;Accord obtenu;4.3
REL-01276;DEV-00997;2024-04-17;2024-04;2023-2024;1;Email;Bordeaux;Sophie Marchand;Accord obtenu;3.5
REL-01277;DEV-01000;2024-04-15;2024-04;2023-2024;1;Email;Bordeaux;Sophie Marchand;Sans réponse;1.8
REL-01278;DEV-01000;2024-04-25;2024-04;2023-2024;2;Email;Bordeaux;Sophie Marchand;Accord obtenu;1.5
REL-01279;DEV-01002;2024-04-24;2024-04;2023-2024;1;Email;Bordeaux;Karim Belkacem;Sans réponse;1.4
REL-01280;DEV-01002;2024-05-02;2024-05;2023-2024;2;Email;Bordeaux;Karim Belkacem;Négociation en cours;1.8
REL-01281;DEV-01003;2024-04-18;2024-04;2023-2024;1;SMS;Bordeaux;Karim Belkacem;Rappel demandé;3.9
REL-01282;DEV-01003;2024-04-30;2024-04;2023-2024;2;Email;Bordeaux;Karim Belkacem;Sans réponse;2.7
REL-01283;DEV-01004;2024-04-24;2024-04;2023-2024;1;Email;Toulouse;Julien Fabre;Rappel demandé;1.4
REL-01284;DEV-01005;2024-04-27;2024-04;2023-2024;1;Téléphone;Bordeaux;Sophie Marchand;Sans réponse;11.5
REL-01285;DEV-01005;2024-05-03;2024-05;2023-2024;2;Email;Bordeaux;Sophie Marchand;Sans réponse;2.6
REL-01286;DEV-01006;2024-04-23;2024-04;2023-2024;1;Téléphone;Bordeaux;Karim Belkacem;Injoignable;12.3
REL-01287;DEV-01007;2024-04-19;2024-04;2023-2024;1;Téléphone;Toulouse;Nadia Cherif;Négociation en cours;11.5
REL-01288;DEV-01007;2024-05-02;2024-05;2023-2024;2;Email;Toulouse;Nadia Cherif;Négociation en cours;3.1
REL-01289;DEV-01008;2024-04-27;2024-04;2023-2024;1;Email;Toulouse;Nadia Cherif;Refus signifié;1.3
REL-01290;DEV-01009;2024-04-26;2024-04;2023-2024;1;Email;Bordeaux;Karim Belkacem;Sans réponse;3.2
REL-01291;DEV-01010;2024-04-19;2024-04;2023-2024;1;Email;Toulouse;Nadia Cherif;Accord obtenu;2.5
REL-01292;DEV-01011;2024-04-26;2024-04;2023-2024;1;Téléphone;Bordeaux;Sophie Marchand;Sans réponse;5.6
REL-01293;DEV-01013;2024-04-25;2024-04;2023-2024;1;Email;Bordeaux;Karim Belkacem;Rappel demandé;3.6
REL-01294;DEV-01013;2024-05-01;2024-05;2023-2024;2;Téléphone;Bordeaux;Karim Belkacem;Sans réponse;5.7
REL-01295;DEV-01015;2024-04-29;2024-04;2023-2024;1;Téléphone;Toulouse;Julien Fabre;Injoignable;5.3
REL-01296;DEV-01016;2024-04-29;2024-04;2023-2024;1;Email;Bordeaux;Sophie Marchand;Accord obtenu;2.4
REL-01297;DEV-01017;2024-04-29;2024-04;2023-2024;1;Téléphone;Toulouse;Nadia Cherif;Accord obtenu;13.2
REL-01298;DEV-01019;2024-04-28;2024-04;2023-2024;1;Téléphone;Bordeaux;Sophie Marchand;Sans réponse;6.7
REL-01299;DEV-01019;2024-05-06;2024-05;2023-2024;2;Email;Bordeaux;Sophie Marchand;Refus signifié;3.3
REL-01300;DEV-01020;2024-05-03;2024-05;2023-2024;1;Email;Toulouse;Nadia Cherif;Accord obtenu;3.1
REL-01301;DEV-01023;2024-05-02;2024-05;2023-2024;1;Téléphone;Bordeaux;Sophie Marchand;Sans réponse;11.4
REL-01302;DEV-01023;2024-05-12;2024-05;2023-2024;2;Téléphone;Bordeaux;Sophie Marchand;Sans réponse;6.6
REL-01303;DEV-01025;2024-05-02;2024-05;2023-2024;1;Téléphone;Bordeaux;Sophie Marchand;Sans réponse;7.3
REL-01304;DEV-01026;2024-05-11;2024-05;2023-2024;1;Email;Bordeaux;Sophie Marchand;Rappel demandé;1.2
REL-01305;DEV-01026;2024-05-25;2024-05;2023-2024;2;Email;Bordeaux;Sophie Marchand;Rappel demandé;1.0
REL-01306;DEV-01027;2024-05-05;2024-05;2023-2024;1;Email;Toulouse;Nadia Cherif;Sans réponse;4.4
REL-01307;DEV-01027;2024-05-14;2024-05;2023-2024;2;Email;Toulouse;Nadia Cherif;Refus signifié;3.1
REL-01308;DEV-01028;2024-05-11;2024-05;2023-2024;1;Téléphone;Toulouse;Julien Fabre;Sans réponse;13.7
REL-01309;DEV-01029;2024-05-13;2024-05;2023-2024;1;Email;Toulouse;Julien Fabre;Sans réponse;2.7
REL-01310;DEV-01030;2024-05-02;2024-05;2023-2024;1;Téléphone;Bordeaux;Sophie Marchand;Rappel demandé;9.7
REL-01311;DEV-01031;2024-05-05;2024-05;2023-2024;1;Email;Bordeaux;Sophie Marchand;Sans réponse;1.4
REL-01312;DEV-01032;2024-05-02;2024-05;2023-2024;1;Email;Toulouse;Nadia Cherif;Accord obtenu;2.1
REL-01313;DEV-01033;2024-05-09;2024-05;2023-2024;1;Téléphone;Toulouse;Julien Fabre;Accord obtenu;10.5
REL-01314;DEV-01034;2024-05-19;2024-05;2023-2024;1;Téléphone;Toulouse;Julien Fabre;Négociation en cours;12.0
REL-01315;DEV-01035;2024-05-12;2024-05;2023-2024;1;Téléphone;Bordeaux;Sophie Marchand;Négociation en cours;9.6
REL-01316;DEV-01036;2024-05-09;2024-05;2023-2024;1;Email;Bordeaux;Karim Belkacem;Accord obtenu;1.6
REL-01317;DEV-01037;2024-05-08;2024-05;2023-2024;1;Email;Bordeaux;Sophie Marchand;Sans réponse;4.4
REL-01318;DEV-01037;2024-05-16;2024-05;2023-2024;2;Téléphone;Bordeaux;Sophie Marchand;Accord obtenu;8.2
REL-01319;DEV-01040;2024-05-14;2024-05;2023-2024;1;Téléphone;Toulouse;Julien Fabre;Rappel demandé;13.1
REL-01320;DEV-01041;2024-05-13;2024-05;2023-2024;1;Téléphone;Toulouse;Nadia Cherif;Refus signifié;9.3
REL-01321;DEV-01042;2024-05-11;2024-05;2023-2024;1;Email;Bordeaux;Karim Belkacem;Sans réponse;1.1
REL-01322;DEV-01042;2024-05-20;2024-05;2023-2024;2;Email;Bordeaux;Karim Belkacem;Accord obtenu;4.2
REL-01323;DEV-01043;2024-05-13;2024-05;2023-2024;1;Email;Bordeaux;Sophie Marchand;Rappel demandé;4.3
REL-01324;DEV-01043;2024-05-19;2024-05;2023-2024;2;Email;Bordeaux;Sophie Marchand;Rappel demandé;5.0
REL-01325;DEV-01045;2024-05-09;2024-05;2023-2024;1;SMS;Bordeaux;Karim Belkacem;Rappel demandé;3.1
REL-01326;DEV-01045;2024-05-21;2024-05;2023-2024;2;Email;Bordeaux;Karim Belkacem;Sans réponse;2.7
REL-01327;DEV-01047;2024-05-13;2024-05;2023-2024;1;Email;Bordeaux;Karim Belkacem;Sans réponse;4.4
REL-01328;DEV-01047;2024-05-21;2024-05;2023-2024;2;Email;Bordeaux;Karim Belkacem;Refus signifié;3.0
REL-01329;DEV-01049;2024-05-17;2024-05;2023-2024;1;Téléphone;Bordeaux;Sophie Marchand;Accord obtenu;11.6
REL-01330;DEV-01052;2024-05-16;2024-05;2023-2024;1;Téléphone;Toulouse;Julien Fabre;Sans réponse;13.8
REL-01331;DEV-01052;2024-05-25;2024-05;2023-2024;2;Téléphone;Toulouse;Julien Fabre;Sans réponse;7.1
REL-01332;DEV-01053;2024-05-19;2024-05;2023-2024;1;Email;Bordeaux;Sophie Marchand;Négociation en cours;1.3
REL-01333;DEV-01053;2024-05-27;2024-05;2023-2024;2;Téléphone;Bordeaux;Sophie Marchand;Injoignable;13.7
REL-01334;DEV-01053;2024-06-07;2024-06;2023-2024;3;SMS;Bordeaux;Sophie Marchand;Sans réponse;4.1
REL-01335;DEV-01054;2024-05-19;2024-05;2023-2024;1;Téléphone;Toulouse;Julien Fabre;Rappel demandé;9.9
REL-01336;DEV-01054;2024-05-28;2024-05;2023-2024;2;Email;Toulouse;Julien Fabre;Sans réponse;1.8
REL-01337;DEV-01055;2024-05-22;2024-05;2023-2024;1;Téléphone;Bordeaux;Sophie Marchand;Accord obtenu;12.6
REL-01338;DEV-01056;2024-05-25;2024-05;2023-2024;1;Email;Toulouse;Julien Fabre;Accord obtenu;3.5
REL-01339;DEV-01059;2024-05-24;2024-05;2023-2024;1;Téléphone;Toulouse;Julien Fabre;Refus signifié;10.5
REL-01340;DEV-01062;2024-05-17;2024-05;2023-2024;1;Téléphone;Toulouse;Julien Fabre;Accord obtenu;7.5
REL-01341;DEV-01063;2024-05-26;2024-05;2023-2024;1;Email;Bordeaux;Karim Belkacem;Rappel demandé;2.1
REL-01342;DEV-01063;2024-06-07;2024-06;2023-2024;2;Téléphone;Bordeaux;Karim Belkacem;Injoignable;4.2
REL-01343;DEV-01064;2024-05-24;2024-05;2023-2024;1;Téléphone;Toulouse;Nadia Cherif;Injoignable;10.1
REL-01344;DEV-01064;2024-06-07;2024-06;2023-2024;2;Téléphone;Toulouse;Nadia Cherif;Accord obtenu;3.5
REL-01345;DEV-01065;2024-05-25;2024-05;2023-2024;1;Email;Bordeaux;Sophie Marchand;Sans réponse;1.9
REL-01346;DEV-01065;2024-06-07;2024-06;2023-2024;2;Téléphone;Bordeaux;Sophie Marchand;Sans réponse;13.4
REL-01347;DEV-01066;2024-05-30;2024-05;2023-2024;1;Email;Toulouse;Nadia Cherif;Rappel demandé;3.0
REL-01348;DEV-01067;2024-05-30;2024-05;2023-2024;1;Email;Toulouse;Julien Fabre;Rappel demandé;4.0
REL-01349;DEV-01069;2024-05-27;2024-05;2023-2024;1;Email;Toulouse;Nadia Cherif;Sans réponse;2.8
REL-01350;DEV-01069;2024-06-03;2024-06;2023-2024;2;Email;Toulouse;Nadia Cherif;Accord obtenu;3.3
REL-01351;DEV-01071;2024-05-23;2024-05;2023-2024;1;Téléphone;Bordeaux;Karim Belkacem;Rappel demandé;13.4
REL-01352;DEV-01071;2024-05-30;2024-05;2023-2024;2;Téléphone;Bordeaux;Karim Belkacem;Sans réponse;9.1
REL-01353;DEV-01074;2024-05-29;2024-05;2023-2024;1;Email;Toulouse;Nadia Cherif;Sans réponse;4.5
REL-01354;DEV-01075;2024-06-01;2024-06;2023-2024;1;Téléphone;Bordeaux;Sophie Marchand;Accord obtenu;5.2
REL-01355;DEV-01076;2024-05-30;2024-05;2023-2024;1;Téléphone;Bordeaux;Karim Belkacem;Négociation en cours;12.7
REL-01356;DEV-01076;2024-06-04;2024-06;2023-2024;2;Téléphone;Bordeaux;Karim Belkacem;Rappel demandé;6.6
REL-01357;DEV-01076;2024-06-10;2024-06;2023-2024;3;Téléphone;Bordeaux;Karim Belkacem;Accord obtenu;4.6
REL-01358;DEV-01078;2024-06-01;2024-06;2023-2024;1;Email;Bordeaux;Sophie Marchand;Sans réponse;3.2
REL-01359;DEV-01078;2024-06-06;2024-06;2023-2024;2;Téléphone;Bordeaux;Sophie Marchand;Accord obtenu;10.0
REL-01360;DEV-01079;2024-05-29;2024-05;2023-2024;1;Email;Bordeaux;Karim Belkacem;Sans réponse;1.8
REL-01361;DEV-01079;2024-06-05;2024-06;2023-2024;2;Téléphone;Bordeaux;Karim Belkacem;Refus signifié;8.6
REL-01362;DEV-01080;2024-06-03;2024-06;2023-2024;1;SMS;Bordeaux;Sophie Marchand;Injoignable;3.9
REL-01363;DEV-01080;2024-06-09;2024-06;2023-2024;2;Téléphone;Bordeaux;Sophie Marchand;Accord obtenu;7.6
REL-01364;DEV-01081;2024-05-28;2024-05;2023-2024;1;Téléphone;Bordeaux;Karim Belkacem;Injoignable;10.7
REL-01365;DEV-01081;2024-06-05;2024-06;2023-2024;2;SMS;Bordeaux;Karim Belkacem;Sans réponse;2.4
REL-01366;DEV-01086;2024-06-03;2024-06;2023-2024;1;Téléphone;Toulouse;Julien Fabre;Accord obtenu;2.0
REL-01367;DEV-01088;2024-06-08;2024-06;2023-2024;1;Email;Bordeaux;Sophie Marchand;Accord obtenu;4.2
REL-01368;DEV-01089;2024-06-04;2024-06;2023-2024;1;Email;Bordeaux;Karim Belkacem;Rappel demandé;3.6
REL-01369;DEV-01089;2024-06-14;2024-06;2023-2024;2;Email;Bordeaux;Karim Belkacem;Accord obtenu;3.6
REL-01370;DEV-01092;2024-06-05;2024-06;2023-2024;1;SMS;Toulouse;Nadia Cherif;Sans réponse;4.4
REL-01371;DEV-01092;2024-06-12;2024-06;2023-2024;2;Téléphone;Toulouse;Nadia Cherif;Refus signifié;9.2
REL-01372;DEV-01093;2024-06-09;2024-06;2023-2024;1;Email;Toulouse;Nadia Cherif;Refus signifié;4.7
REL-01373;DEV-01094;2024-06-03;2024-06;2023-2024;1;Email;Toulouse;Nadia Cherif;Refus signifié;3.3
REL-01374;DEV-01095;2024-06-10;2024-06;2023-2024;1;Email;Bordeaux;Karim Belkacem;Négociation en cours;4.0
REL-01375;DEV-01097;2024-06-07;2024-06;2023-2024;1;SMS;Bordeaux;Karim Belkacem;Rappel demandé;2.6
REL-01376;DEV-01098;2024-06-06;2024-06;2023-2024;1;Email;Toulouse;Nadia Cherif;Accord obtenu;1.2
REL-01377;DEV-01099;2024-06-13;2024-06;2023-2024;1;Email;Bordeaux;Karim Belkacem;Accord obtenu;1.1
REL-01378;DEV-01100;2024-06-09;2024-06;2023-2024;1;Téléphone;Toulouse;Nadia Cherif;Injoignable;7.9
REL-01379;DEV-01102;2024-06-06;2024-06;2023-2024;1;Email;Bordeaux;Karim Belkacem;Sans réponse;2.6
REL-01380;DEV-01103;2024-06-11;2024-06;2023-2024;1;Email;Bordeaux;Sophie Marchand;Sans réponse;1.7
REL-01381;DEV-01104;2024-06-13;2024-06;2023-2024;1;Email;Bordeaux;Sophie Marchand;Refus signifié;3.2
REL-01382;DEV-01106;2024-06-18;2024-06;2023-2024;1;SMS;Toulouse;Nadia Cherif;Sans réponse;1.2
REL-01383;DEV-01109;2024-06-17;2024-06;2023-2024;1;Email;Bordeaux;Sophie Marchand;Rappel demandé;4.9
REL-01384;DEV-01109;2024-06-28;2024-06;2023-2024;2;SMS;Bordeaux;Sophie Marchand;Sans réponse;3.4
REL-01385;DEV-01110;2024-06-20;2024-06;2023-2024;1;Téléphone;Bordeaux;Sophie Marchand;Sans réponse;3.1
REL-01386;DEV-01110;2024-07-01;2024-07;2024-2025;2;SMS;Bordeaux;Sophie Marchand;Injoignable;1.2
REL-01387;DEV-01112;2024-06-19;2024-06;2023-2024;1;Téléphone;Toulouse;Nadia Cherif;Rappel demandé;8.3
REL-01388;DEV-01112;2024-07-02;2024-07;2024-2025;2;Email;Toulouse;Nadia Cherif;Sans réponse;4.3
REL-01389;DEV-01114;2024-06-18;2024-06;2023-2024;1;Email;Toulouse;Nadia Cherif;Sans réponse;1.8
REL-01390;DEV-01117;2024-06-23;2024-06;2023-2024;1;Email;Toulouse;Julien Fabre;Injoignable;4.8
REL-01391;DEV-01117;2024-07-05;2024-07;2024-2025;2;Téléphone;Toulouse;Julien Fabre;Sans réponse;12.1
REL-01392;DEV-01117;2024-07-10;2024-07;2024-2025;3;Téléphone;Toulouse;Julien Fabre;Rappel demandé;8.9
REL-01393;DEV-01118;2024-06-13;2024-06;2023-2024;1;Email;Bordeaux;Karim Belkacem;Refus signifié;1.9
REL-01394;DEV-01119;2024-06-20;2024-06;2023-2024;1;Email;Bordeaux;Karim Belkacem;Injoignable;3.1
REL-01395;DEV-01119;2024-06-29;2024-06;2023-2024;2;Téléphone;Bordeaux;Karim Belkacem;Refus signifié;12.0
REL-01396;DEV-01120;2024-06-21;2024-06;2023-2024;1;SMS;Bordeaux;Sophie Marchand;Injoignable;4.6
REL-01397;DEV-01121;2024-06-15;2024-06;2023-2024;1;Email;Bordeaux;Karim Belkacem;Injoignable;2.6
REL-01398;DEV-01121;2024-06-24;2024-06;2023-2024;2;Téléphone;Bordeaux;Karim Belkacem;Négociation en cours;3.7
REL-01399;DEV-01121;2024-07-02;2024-07;2024-2025;3;Téléphone;Bordeaux;Karim Belkacem;Refus signifié;6.4
REL-01400;DEV-01122;2024-06-20;2024-06;2023-2024;1;Téléphone;Bordeaux;Sophie Marchand;Rappel demandé;12.2
REL-01401;DEV-01122;2024-06-27;2024-06;2023-2024;2;Téléphone;Bordeaux;Sophie Marchand;Injoignable;5.2
REL-01402;DEV-01123;2024-06-18;2024-06;2023-2024;1;SMS;Bordeaux;Karim Belkacem;Négociation en cours;4.7
REL-01403;DEV-01124;2024-06-17;2024-06;2023-2024;1;Email;Bordeaux;Sophie Marchand;Rappel demandé;4.2
REL-01404;DEV-01128;2024-06-28;2024-06;2023-2024;1;Téléphone;Bordeaux;Sophie Marchand;Sans réponse;8.0
REL-01405;DEV-01129;2024-06-20;2024-06;2023-2024;1;Email;Bordeaux;Karim Belkacem;Rappel demandé;2.4
REL-01406;DEV-01129;2024-06-28;2024-06;2023-2024;2;Email;Bordeaux;Karim Belkacem;Sans réponse;2.0
REL-01407;DEV-01129;2024-07-07;2024-07;2024-2025;3;Email;Bordeaux;Karim Belkacem;Accord obtenu;2.9
REL-01408;DEV-01130;2024-06-23;2024-06;2023-2024;1;Email;Toulouse;Nadia Cherif;Rappel demandé;3.0
REL-01409;DEV-01130;2024-06-30;2024-06;2023-2024;2;Téléphone;Toulouse;Nadia Cherif;Rappel demandé;4.9
REL-01410;DEV-01130;2024-07-06;2024-07;2024-2025;3;Email;Toulouse;Nadia Cherif;Refus signifié;1.5
REL-01411;DEV-01131;2024-06-29;2024-06;2023-2024;1;Téléphone;Bordeaux;Sophie Marchand;Accord obtenu;10.6
REL-01412;DEV-01132;2024-06-21;2024-06;2023-2024;1;Email;Bordeaux;Sophie Marchand;Sans réponse;4.3
REL-01413;DEV-01133;2024-07-01;2024-07;2024-2025;1;Téléphone;Toulouse;Nadia Cherif;Accord obtenu;6.1
REL-01414;DEV-01134;2024-06-22;2024-06;2023-2024;1;Téléphone;Toulouse;Julien Fabre;Injoignable;11.3
REL-01415;DEV-01134;2024-06-29;2024-06;2023-2024;2;Téléphone;Toulouse;Julien Fabre;Rappel demandé;13.1
REL-01416;DEV-01134;2024-07-09;2024-07;2024-2025;3;Email;Toulouse;Julien Fabre;Accord obtenu;5.0
REL-01417;DEV-01135;2024-06-21;2024-06;2023-2024;1;Téléphone;Toulouse;Nadia Cherif;Sans réponse;3.3
REL-01418;DEV-01136;2024-06-26;2024-06;2023-2024;1;Email;Toulouse;Nadia Cherif;Accord obtenu;2.3
REL-01419;DEV-01137;2024-06-22;2024-06;2023-2024;1;Email;Bordeaux;Karim Belkacem;Injoignable;2.3
REL-01420;DEV-01137;2024-07-01;2024-07;2024-2025;2;Téléphone;Bordeaux;Karim Belkacem;Négociation en cours;12.4
REL-01421;DEV-01137;2024-07-12;2024-07;2024-2025;3;Téléphone;Bordeaux;Karim Belkacem;Sans réponse;12.5
REL-01422;DEV-01137;2024-07-21;2024-07;2024-2025;4;Email;Bordeaux;Karim Belkacem;Sans réponse;3.3
REL-01423;DEV-01138;2024-06-26;2024-06;2023-2024;1;Email;Toulouse;Julien Fabre;Injoignable;1.4
REL-01424;DEV-01139;2024-06-29;2024-06;2023-2024;1;Email;Bordeaux;Karim Belkacem;Rappel demandé;3.0
REL-01425;DEV-01139;2024-07-04;2024-07;2024-2025;2;SMS;Bordeaux;Karim Belkacem;Accord obtenu;3.6
REL-01426;DEV-01140;2024-07-01;2024-07;2024-2025;1;Email;Bordeaux;Sophie Marchand;Sans réponse;2.4
REL-01427;DEV-01141;2024-07-01;2024-07;2024-2025;1;Email;Bordeaux;Sophie Marchand;Accord obtenu;4.1
REL-01428;DEV-01142;2024-07-04;2024-07;2024-2025;1;Email;Toulouse;Julien Fabre;Sans réponse;4.8
REL-01429;DEV-01142;2024-07-09;2024-07;2024-2025;2;Téléphone;Toulouse;Julien Fabre;Injoignable;6.8
REL-01430;DEV-01143;2024-06-27;2024-06;2023-2024;1;Email;Toulouse;Nadia Cherif;Rappel demandé;4.3
REL-01431;DEV-01143;2024-07-10;2024-07;2024-2025;2;Email;Toulouse;Nadia Cherif;Sans réponse;4.1
REL-01432;DEV-01143;2024-07-24;2024-07;2024-2025;3;Email;Toulouse;Nadia Cherif;Accord obtenu;3.7
REL-01433;DEV-01145;2024-07-05;2024-07;2024-2025;1;Téléphone;Bordeaux;Karim Belkacem;Négociation en cours;10.9
REL-01434;DEV-01145;2024-07-12;2024-07;2024-2025;2;Téléphone;Bordeaux;Karim Belkacem;Sans réponse;7.6
REL-01435;DEV-01147;2024-06-28;2024-06;2023-2024;1;Téléphone;Bordeaux;Karim Belkacem;Injoignable;12.7
REL-01436;DEV-01147;2024-07-06;2024-07;2024-2025;2;Email;Bordeaux;Karim Belkacem;Sans réponse;1.3
REL-01437;DEV-01147;2024-07-14;2024-07;2024-2025;3;Email;Bordeaux;Karim Belkacem;Accord obtenu;2.8
REL-01438;DEV-01148;2024-07-01;2024-07;2024-2025;1;Email;Toulouse;Julien Fabre;Sans réponse;3.7
REL-01439;DEV-01149;2024-07-11;2024-07;2024-2025;1;Email;Bordeaux;Sophie Marchand;Injoignable;4.4
REL-01440;DEV-01149;2024-07-20;2024-07;2024-2025;2;SMS;Bordeaux;Sophie Marchand;Injoignable;4.4
REL-01441;DEV-01150;2024-07-05;2024-07;2024-2025;1;SMS;Toulouse;Nadia Cherif;Accord obtenu;2.0
REL-01442;DEV-01151;2024-07-02;2024-07;2024-2025;1;Email;Toulouse;Julien Fabre;Sans réponse;3.0
REL-01443;DEV-01151;2024-07-09;2024-07;2024-2025;2;SMS;Toulouse;Julien Fabre;Sans réponse;4.2
REL-01444;DEV-01151;2024-07-21;2024-07;2024-2025;3;Email;Toulouse;Julien Fabre;Accord obtenu;3.4
REL-01445;DEV-01153;2024-06-30;2024-06;2023-2024;1;Téléphone;Toulouse;Julien Fabre;Rappel demandé;9.8
REL-01446;DEV-01153;2024-07-12;2024-07;2024-2025;2;Email;Toulouse;Julien Fabre;Refus signifié;3.4
REL-01447;DEV-01154;2024-07-07;2024-07;2024-2025;1;Téléphone;Toulouse;Nadia Cherif;Négociation en cours;9.7
REL-01448;DEV-01155;2024-07-05;2024-07;2024-2025;1;Email;Toulouse;Nadia Cherif;Accord obtenu;4.0
REL-01449;DEV-01156;2024-07-06;2024-07;2024-2025;1;Email;Toulouse;Nadia Cherif;Injoignable;4.2
REL-01450;DEV-01157;2024-07-18;2024-07;2024-2025;1;Email;Toulouse;Julien Fabre;Rappel demandé;4.0
REL-01451;DEV-01157;2024-07-29;2024-07;2024-2025;2;Email;Toulouse;Julien Fabre;Rappel demandé;3.2
REL-01452;DEV-01157;2024-08-06;2024-08;2024-2025;3;Email;Toulouse;Julien Fabre;Sans réponse;2.7
REL-01453;DEV-01158;2024-07-06;2024-07;2024-2025;1;Email;Bordeaux;Karim Belkacem;Sans réponse;3.1
REL-01454;DEV-01158;2024-07-12;2024-07;2024-2025;2;Email;Bordeaux;Karim Belkacem;Sans réponse;2.2
REL-01455;DEV-01158;2024-07-17;2024-07;2024-2025;3;Téléphone;Bordeaux;Karim Belkacem;Accord obtenu;12.4
REL-01456;DEV-01159;2024-07-11;2024-07;2024-2025;1;Email;Toulouse;Julien Fabre;Négociation en cours;3.6
REL-01457;DEV-01163;2024-07-19;2024-07;2024-2025;1;Email;Bordeaux;Sophie Marchand;Rappel demandé;3.0
REL-01458;DEV-01163;2024-07-24;2024-07;2024-2025;2;SMS;Bordeaux;Sophie Marchand;Sans réponse;1.9
REL-01459;DEV-01164;2024-07-06;2024-07;2024-2025;1;Téléphone;Bordeaux;Sophie Marchand;Sans réponse;13.4
REL-01460;DEV-01164;2024-07-17;2024-07;2024-2025;2;Téléphone;Bordeaux;Sophie Marchand;Rappel demandé;7.9
REL-01461;DEV-01165;2024-07-08;2024-07;2024-2025;1;Téléphone;Toulouse;Julien Fabre;Rappel demandé;7.1
REL-01462;DEV-01165;2024-07-19;2024-07;2024-2025;2;Email;Toulouse;Julien Fabre;Accord obtenu;2.4
REL-01463;DEV-01166;2024-07-19;2024-07;2024-2025;1;Email;Toulouse;Julien Fabre;Sans réponse;2.4
REL-01464;DEV-01167;2024-07-06;2024-07;2024-2025;1;Téléphone;Bordeaux;Sophie Marchand;Sans réponse;13.7
REL-01465;DEV-01167;2024-07-18;2024-07;2024-2025;2;SMS;Bordeaux;Sophie Marchand;Accord obtenu;4.9
REL-01466;DEV-01168;2024-07-06;2024-07;2024-2025;1;Email;Bordeaux;Karim Belkacem;Négociation en cours;3.4
REL-01467;DEV-01168;2024-07-11;2024-07;2024-2025;2;Email;Bordeaux;Karim Belkacem;Accord obtenu;1.6
REL-01468;DEV-01169;2024-07-14;2024-07;2024-2025;1;Email;Bordeaux;Karim Belkacem;Accord obtenu;2.7
REL-01469;DEV-01171;2024-07-21;2024-07;2024-2025;1;Téléphone;Toulouse;Julien Fabre;Accord obtenu;13.2
REL-01470;DEV-01172;2024-07-14;2024-07;2024-2025;1;Email;Toulouse;Julien Fabre;Rappel demandé;4.5
REL-01471;DEV-01175;2024-07-11;2024-07;2024-2025;1;Email;Bordeaux;Sophie Marchand;Rappel demandé;4.2
REL-01472;DEV-01175;2024-07-18;2024-07;2024-2025;2;Email;Bordeaux;Sophie Marchand;Accord obtenu;3.9
REL-01473;DEV-01176;2024-07-14;2024-07;2024-2025;1;Email;Bordeaux;Sophie Marchand;Négociation en cours;4.6
REL-01474;DEV-01176;2024-07-27;2024-07;2024-2025;2;Téléphone;Bordeaux;Sophie Marchand;Sans réponse;6.1
REL-01475;DEV-01176;2024-08-07;2024-08;2024-2025;3;Email;Bordeaux;Sophie Marchand;Sans réponse;3.1
REL-01476;DEV-01177;2024-07-11;2024-07;2024-2025;1;Email;Bordeaux;Karim Belkacem;Refus signifié;3.2
REL-01477;DEV-01179;2024-07-17;2024-07;2024-2025;1;Email;Toulouse;Julien Fabre;Accord obtenu;4.8
REL-01478;DEV-01181;2024-07-15;2024-07;2024-2025;1;Email;Bordeaux;Karim Belkacem;Sans réponse;3.6
REL-01479;DEV-01182;2024-07-22;2024-07;2024-2025;1;Téléphone;Bordeaux;Sophie Marchand;Rappel demandé;3.7
REL-01480;DEV-01182;2024-08-02;2024-08;2024-2025;2;Téléphone;Bordeaux;Sophie Marchand;Refus signifié;2.0
REL-01481;DEV-01183;2024-07-21;2024-07;2024-2025;1;Email;Bordeaux;Karim Belkacem;Sans réponse;3.0
REL-01482;DEV-01183;2024-08-01;2024-08;2024-2025;2;Email;Bordeaux;Karim Belkacem;Injoignable;3.2
REL-01483;DEV-01183;2024-08-13;2024-08;2024-2025;3;SMS;Bordeaux;Karim Belkacem;Accord obtenu;4.8
REL-01484;DEV-01184;2024-07-25;2024-07;2024-2025;1;Email;Toulouse;Nadia Cherif;Sans réponse;1.9
REL-01485;DEV-01184;2024-07-31;2024-07;2024-2025;2;Email;Toulouse;Nadia Cherif;Accord obtenu;4.5
REL-01486;DEV-01185;2024-07-22;2024-07;2024-2025;1;Email;Toulouse;Julien Fabre;Accord obtenu;4.8
REL-01487;DEV-01188;2024-07-26;2024-07;2024-2025;1;Email;Toulouse;Julien Fabre;Rappel demandé;4.1
REL-01488;DEV-01188;2024-08-04;2024-08;2024-2025;2;SMS;Toulouse;Julien Fabre;Rappel demandé;4.2
REL-01489;DEV-01188;2024-08-12;2024-08;2024-2025;3;SMS;Toulouse;Julien Fabre;Rappel demandé;3.0
REL-01490;DEV-01189;2024-07-25;2024-07;2024-2025;1;Email;Bordeaux;Sophie Marchand;Sans réponse;2.3
REL-01491;DEV-01189;2024-08-04;2024-08;2024-2025;2;Téléphone;Bordeaux;Sophie Marchand;Rappel demandé;4.5
REL-01492;DEV-01189;2024-08-09;2024-08;2024-2025;3;Email;Bordeaux;Sophie Marchand;Rappel demandé;3.6
REL-01493;DEV-01189;2024-08-16;2024-08;2024-2025;4;Email;Bordeaux;Sophie Marchand;Rappel demandé;4.3
REL-01494;DEV-01191;2024-07-23;2024-07;2024-2025;1;Email;Bordeaux;Karim Belkacem;Accord obtenu;3.0
REL-01495;DEV-01193;2024-07-20;2024-07;2024-2025;1;Email;Bordeaux;Karim Belkacem;Sans réponse;4.8
REL-01496;DEV-01194;2024-07-31;2024-07;2024-2025;1;Email;Toulouse;Julien Fabre;Sans réponse;4.1
REL-01497;DEV-01194;2024-08-13;2024-08;2024-2025;2;Téléphone;Toulouse;Julien Fabre;Refus signifié;9.0
REL-01498;DEV-01195;2024-07-30;2024-07;2024-2025;1;Email;Bordeaux;Sophie Marchand;Injoignable;4.0
REL-01499;DEV-01195;2024-08-06;2024-08;2024-2025;2;Email;Bordeaux;Sophie Marchand;Sans réponse;3.6
REL-01500;DEV-01195;2024-08-12;2024-08;2024-2025;3;Téléphone;Bordeaux;Sophie Marchand;Sans réponse;11.7
REL-01501;DEV-01197;2024-07-28;2024-07;2024-2025;1;Email;Bordeaux;Sophie Marchand;Sans réponse;4.3
REL-01502;DEV-01200;2024-07-28;2024-07;2024-2025;1;Téléphone;Toulouse;Julien Fabre;Sans réponse;7.5
REL-01503;DEV-01200;2024-08-04;2024-08;2024-2025;2;Email;Toulouse;Julien Fabre;Sans réponse;2.5
REL-01504;DEV-01202;2024-07-28;2024-07;2024-2025;1;Téléphone;Bordeaux;Karim Belkacem;Refus signifié;3.3
REL-01505;DEV-01204;2024-08-02;2024-08;2024-2025;1;Téléphone;Bordeaux;Sophie Marchand;Sans réponse;11.5
REL-01506;DEV-01204;2024-08-11;2024-08;2024-2025;2;Email;Bordeaux;Sophie Marchand;Refus signifié;1.2
REL-01507;DEV-01205;2024-07-31;2024-07;2024-2025;1;Téléphone;Bordeaux;Karim Belkacem;Accord obtenu;5.6
REL-01508;DEV-01206;2024-08-03;2024-08;2024-2025;1;Téléphone;Bordeaux;Karim Belkacem;Rappel demandé;7.2
REL-01509;DEV-01206;2024-08-09;2024-08;2024-2025;2;Téléphone;Bordeaux;Karim Belkacem;Injoignable;11.1
REL-01510;DEV-01206;2024-08-15;2024-08;2024-2025;3;Téléphone;Bordeaux;Karim Belkacem;Rappel demandé;8.5
REL-01511;DEV-01208;2024-07-31;2024-07;2024-2025;1;Email;Bordeaux;Karim Belkacem;Sans réponse;3.1
REL-01512;DEV-01209;2024-07-28;2024-07;2024-2025;1;SMS;Toulouse;Nadia Cherif;Sans réponse;3.1
REL-01513;DEV-01209;2024-08-11;2024-08;2024-2025;2;Email;Toulouse;Nadia Cherif;Négociation en cours;3.9
REL-01514;DEV-01209;2024-08-20;2024-08;2024-2025;3;Téléphone;Toulouse;Nadia Cherif;Accord obtenu;4.8
REL-01515;DEV-01210;2024-08-03;2024-08;2024-2025;1;Email;Toulouse;Julien Fabre;Sans réponse;3.4
REL-01516;DEV-01211;2024-08-01;2024-08;2024-2025;1;Email;Bordeaux;Karim Belkacem;Sans réponse;4.5
REL-01517;DEV-01211;2024-08-15;2024-08;2024-2025;2;SMS;Bordeaux;Karim Belkacem;Accord obtenu;1.5
REL-01518;DEV-01212;2024-07-30;2024-07;2024-2025;1;Email;Toulouse;Nadia Cherif;Sans réponse;4.6
REL-01519;DEV-01213;2024-08-05;2024-08;2024-2025;1;SMS;Bordeaux;Sophie Marchand;Accord obtenu;1.6
REL-01520;DEV-01215;2024-08-03;2024-08;2024-2025;1;Email;Toulouse;Nadia Cherif;Sans réponse;4.8
REL-01521;DEV-01215;2024-08-12;2024-08;2024-2025;2;Email;Toulouse;Nadia Cherif;Sans réponse;2.0
REL-01522;DEV-01216;2024-08-02;2024-08;2024-2025;1;Email;Bordeaux;Sophie Marchand;Refus signifié;2.8
REL-01523;DEV-01218;2024-08-08;2024-08;2024-2025;1;Téléphone;Bordeaux;Sophie Marchand;Accord obtenu;4.2
REL-01524;DEV-01219;2024-08-06;2024-08;2024-2025;1;Téléphone;Bordeaux;Karim Belkacem;Rappel demandé;6.2
REL-01525;DEV-01226;2024-08-08;2024-08;2024-2025;1;SMS;Toulouse;Julien Fabre;Sans réponse;2.6
REL-01526;DEV-01226;2024-08-17;2024-08;2024-2025;2;Téléphone;Toulouse;Julien Fabre;Accord obtenu;10.6
REL-01527;DEV-01227;2024-08-06;2024-08;2024-2025;1;SMS;Bordeaux;Sophie Marchand;Injoignable;4.3
REL-01528;DEV-01228;2024-08-12;2024-08;2024-2025;1;Email;Bordeaux;Karim Belkacem;Refus signifié;3.1
REL-01529;DEV-01229;2024-08-07;2024-08;2024-2025;1;Email;Bordeaux;Sophie Marchand;Rappel demandé;1.2
REL-01530;DEV-01231;2024-08-06;2024-08;2024-2025;1;Email;Bordeaux;Karim Belkacem;Négociation en cours;2.2
REL-01531;DEV-01231;2024-08-18;2024-08;2024-2025;2;Email;Bordeaux;Karim Belkacem;Négociation en cours;3.5
REL-01532;DEV-01232;2024-08-08;2024-08;2024-2025;1;Email;Bordeaux;Karim Belkacem;Sans réponse;2.4
REL-01533;DEV-01233;2024-08-13;2024-08;2024-2025;1;Email;Toulouse;Julien Fabre;Sans réponse;4.9
REL-01534;DEV-01234;2024-08-07;2024-08;2024-2025;1;Email;Toulouse;Julien Fabre;Négociation en cours;1.9
REL-01535;DEV-01234;2024-08-19;2024-08;2024-2025;2;Email;Toulouse;Julien Fabre;Accord obtenu;1.2
REL-01536;DEV-01236;2024-08-12;2024-08;2024-2025;1;Téléphone;Toulouse;Julien Fabre;Rappel demandé;10.5
REL-01537;DEV-01236;2024-08-19;2024-08;2024-2025;2;SMS;Toulouse;Julien Fabre;Injoignable;1.6
REL-01538;DEV-01236;2024-09-02;2024-09;2024-2025;3;Email;Toulouse;Julien Fabre;Accord obtenu;3.2
REL-01539;DEV-01238;2024-08-08;2024-08;2024-2025;1;Email;Toulouse;Julien Fabre;Négociation en cours;3.3
REL-01540;DEV-01238;2024-08-16;2024-08;2024-2025;2;Email;Toulouse;Julien Fabre;Négociation en cours;1.6
REL-01541;DEV-01239;2024-08-14;2024-08;2024-2025;1;Email;Bordeaux;Karim Belkacem;Refus signifié;2.1
REL-01542;DEV-01240;2024-08-18;2024-08;2024-2025;1;Téléphone;Bordeaux;Sophie Marchand;Accord obtenu;4.3
REL-01543;DEV-01242;2024-08-12;2024-08;2024-2025;1;Email;Bordeaux;Sophie Marchand;Sans réponse;5.0
REL-01544;DEV-01243;2024-08-17;2024-08;2024-2025;1;SMS;Bordeaux;Karim Belkacem;Accord obtenu;2.5
REL-01545;DEV-01244;2024-08-12;2024-08;2024-2025;1;Email;Bordeaux;Karim Belkacem;Négociation en cours;5.0
REL-01546;DEV-01245;2024-08-11;2024-08;2024-2025;1;Téléphone;Bordeaux;Karim Belkacem;Sans réponse;2.7
REL-01547;DEV-01245;2024-08-23;2024-08;2024-2025;2;Email;Bordeaux;Karim Belkacem;Accord obtenu;1.9
REL-01548;DEV-01247;2024-08-15;2024-08;2024-2025;1;Email;Toulouse;Nadia Cherif;Accord obtenu;3.2
REL-01549;DEV-01248;2024-08-12;2024-08;2024-2025;1;Email;Toulouse;Julien Fabre;Accord obtenu;2.8
REL-01550;DEV-01249;2024-08-13;2024-08;2024-2025;1;Email;Toulouse;Nadia Cherif;Sans réponse;4.9
REL-01551;DEV-01249;2024-08-21;2024-08;2024-2025;2;Email;Toulouse;Nadia Cherif;Accord obtenu;3.0
REL-01552;DEV-01250;2024-08-10;2024-08;2024-2025;1;Email;Toulouse;Nadia Cherif;Sans réponse;2.2
REL-01553;DEV-01250;2024-08-16;2024-08;2024-2025;2;Email;Toulouse;Nadia Cherif;Rappel demandé;4.7
REL-01554;DEV-01250;2024-08-21;2024-08;2024-2025;3;Email;Toulouse;Nadia Cherif;Sans réponse;4.9
REL-01555;DEV-01252;2024-08-15;2024-08;2024-2025;1;Email;Bordeaux;Karim Belkacem;Accord obtenu;4.5
REL-01556;DEV-01254;2024-08-20;2024-08;2024-2025;1;Email;Bordeaux;Sophie Marchand;Injoignable;1.4
REL-01557;DEV-01254;2024-08-31;2024-08;2024-2025;2;Email;Bordeaux;Sophie Marchand;Négociation en cours;4.3
REL-01558;DEV-01254;2024-09-14;2024-09;2024-2025;3;Téléphone;Bordeaux;Sophie Marchand;Injoignable;9.7
REL-01559;DEV-01254;2024-09-21;2024-09;2024-2025;4;Email;Bordeaux;Sophie Marchand;Sans réponse;2.6
REL-01560;DEV-01255;2024-08-21;2024-08;2024-2025;1;SMS;Toulouse;Nadia Cherif;Sans réponse;2.5
REL-01561;DEV-01255;2024-08-29;2024-08;2024-2025;2;SMS;Toulouse;Nadia Cherif;Négociation en cours;3.4
REL-01562;DEV-01256;2024-08-19;2024-08;2024-2025;1;SMS;Toulouse;Julien Fabre;Négociation en cours;3.9
REL-01563;DEV-01256;2024-08-27;2024-08;2024-2025;2;Email;Toulouse;Julien Fabre;Accord obtenu;2.9
REL-01564;DEV-01258;2024-08-16;2024-08;2024-2025;1;Téléphone;Bordeaux;Karim Belkacem;Refus signifié;13.1
REL-01565;DEV-01260;2024-08-19;2024-08;2024-2025;1;Email;Bordeaux;Sophie Marchand;Sans réponse;3.5
REL-01566;DEV-01260;2024-08-29;2024-08;2024-2025;2;Téléphone;Bordeaux;Sophie Marchand;Rappel demandé;12.7
REL-01567;DEV-01261;2024-08-20;2024-08;2024-2025;1;Email;Bordeaux;Sophie Marchand;Sans réponse;2.5
REL-01568;DEV-01261;2024-08-29;2024-08;2024-2025;2;Email;Bordeaux;Sophie Marchand;Accord obtenu;3.4
REL-01569;DEV-01262;2024-08-21;2024-08;2024-2025;1;Téléphone;Bordeaux;Sophie Marchand;Négociation en cours;8.0
REL-01570;DEV-01262;2024-09-01;2024-09;2024-2025;2;Téléphone;Bordeaux;Sophie Marchand;Accord obtenu;10.4
REL-01571;DEV-01266;2024-08-28;2024-08;2024-2025;1;Email;Toulouse;Nadia Cherif;Accord obtenu;4.8
REL-01572;DEV-01268;2024-08-24;2024-08;2024-2025;1;Email;Toulouse;Nadia Cherif;Accord obtenu;4.3
REL-01573;DEV-01269;2024-08-30;2024-08;2024-2025;1;SMS;Toulouse;Nadia Cherif;Négociation en cours;3.9
REL-01574;DEV-01270;2024-08-25;2024-08;2024-2025;1;Email;Bordeaux;Karim Belkacem;Accord obtenu;1.1
REL-01575;DEV-01273;2024-09-01;2024-09;2024-2025;1;Téléphone;Toulouse;Julien Fabre;Rappel demandé;4.0
REL-01576;DEV-01275;2024-08-27;2024-08;2024-2025;1;Email;Bordeaux;Karim Belkacem;Négociation en cours;2.8
REL-01577;DEV-01275;2024-09-07;2024-09;2024-2025;2;Email;Bordeaux;Karim Belkacem;Accord obtenu;3.0
REL-01578;DEV-01277;2024-09-02;2024-09;2024-2025;1;Email;Bordeaux;Karim Belkacem;Injoignable;3.3
REL-01579;DEV-01279;2024-09-11;2024-09;2024-2025;1;Email;Toulouse;Nadia Cherif;Accord obtenu;2.7
REL-01580;DEV-01281;2024-09-03;2024-09;2024-2025;1;Téléphone;Bordeaux;Sophie Marchand;Injoignable;13.8
REL-01581;DEV-01282;2024-09-01;2024-09;2024-2025;1;Téléphone;Bordeaux;Karim Belkacem;Refus signifié;13.7
REL-01582;DEV-01284;2024-08-28;2024-08;2024-2025;1;Téléphone;Toulouse;Nadia Cherif;Accord obtenu;5.9
REL-01583;DEV-01287;2024-08-31;2024-08;2024-2025;1;SMS;Toulouse;Julien Fabre;Accord obtenu;3.5
REL-01584;DEV-01289;2024-09-09;2024-09;2024-2025;1;SMS;Bordeaux;Karim Belkacem;Refus signifié;2.1
REL-01585;DEV-01290;2024-09-11;2024-09;2024-2025;1;SMS;Bordeaux;Sophie Marchand;Rappel demandé;3.6
REL-01586;DEV-01290;2024-09-16;2024-09;2024-2025;2;Téléphone;Bordeaux;Sophie Marchand;Rappel demandé;6.4
REL-01587;DEV-01291;2024-09-06;2024-09;2024-2025;1;Email;Bordeaux;Sophie Marchand;Sans réponse;2.2
REL-01588;DEV-01292;2024-09-07;2024-09;2024-2025;1;Téléphone;Toulouse;Julien Fabre;Sans réponse;9.8
REL-01589;DEV-01295;2024-09-06;2024-09;2024-2025;1;Téléphone;Bordeaux;Sophie Marchand;Rappel demandé;4.8
REL-01590;DEV-01296;2024-09-15;2024-09;2024-2025;1;Email;Toulouse;Nadia Cherif;Accord obtenu;1.2
REL-01591;DEV-01298;2024-09-12;2024-09;2024-2025;1;Email;Toulouse;Nadia Cherif;Rappel demandé;4.0
REL-01592;DEV-01299;2024-09-21;2024-09;2024-2025;1;Email;Toulouse;Julien Fabre;Refus signifié;1.2
REL-01593;DEV-01300;2024-09-09;2024-09;2024-2025;1;Email;Toulouse;Julien Fabre;Refus signifié;2.2
REL-01594;DEV-01302;2024-09-17;2024-09;2024-2025;1;Téléphone;Bordeaux;Karim Belkacem;Sans réponse;13.9
REL-01595;DEV-01304;2024-09-14;2024-09;2024-2025;1;Email;Bordeaux;Sophie Marchand;Rappel demandé;5.0
REL-01596;DEV-01304;2024-09-20;2024-09;2024-2025;2;Téléphone;Bordeaux;Sophie Marchand;Refus signifié;6.1
REL-01597;DEV-01305;2024-09-18;2024-09;2024-2025;1;Email;Toulouse;Julien Fabre;Négociation en cours;4.6
REL-01598;DEV-01305;2024-09-26;2024-09;2024-2025;2;Téléphone;Toulouse;Julien Fabre;Injoignable;12.2
REL-01599;DEV-01306;2024-09-18;2024-09;2024-2025;1;Email;Toulouse;Julien Fabre;Rappel demandé;1.9
REL-01600;DEV-01306;2024-09-30;2024-09;2024-2025;2;Email;Toulouse;Julien Fabre;Sans réponse;2.2
REL-01601;DEV-01307;2024-09-16;2024-09;2024-2025;1;Téléphone;Bordeaux;Sophie Marchand;Rappel demandé;11.1
REL-01602;DEV-01307;2024-09-25;2024-09;2024-2025;2;Email;Bordeaux;Sophie Marchand;Refus signifié;4.5
REL-01603;DEV-01308;2024-09-18;2024-09;2024-2025;1;Email;Toulouse;Julien Fabre;Sans réponse;1.1
REL-01604;DEV-01308;2024-09-25;2024-09;2024-2025;2;Email;Toulouse;Julien Fabre;Injoignable;4.5
REL-01605;DEV-01308;2024-10-05;2024-10;2024-2025;3;Téléphone;Toulouse;Julien Fabre;Injoignable;10.8
REL-01606;DEV-01309;2024-09-21;2024-09;2024-2025;1;Email;Bordeaux;Sophie Marchand;Négociation en cours;4.6
REL-01607;DEV-01311;2024-09-16;2024-09;2024-2025;1;Téléphone;Bordeaux;Sophie Marchand;Accord obtenu;4.4
REL-01608;DEV-01312;2024-09-18;2024-09;2024-2025;1;Email;Toulouse;Julien Fabre;Sans réponse;4.8
REL-01609;DEV-01314;2024-09-19;2024-09;2024-2025;1;Téléphone;Toulouse;Nadia Cherif;Sans réponse;5.4
REL-01610;DEV-01314;2024-10-01;2024-10;2024-2025;2;Email;Toulouse;Nadia Cherif;Négociation en cours;3.5
REL-01611;DEV-01314;2024-10-11;2024-10;2024-2025;3;Email;Toulouse;Nadia Cherif;Rappel demandé;2.2
REL-01612;DEV-01315;2024-09-12;2024-09;2024-2025;1;Email;Bordeaux;Karim Belkacem;Négociation en cours;3.0
REL-01613;DEV-01315;2024-09-21;2024-09;2024-2025;2;Email;Bordeaux;Karim Belkacem;Accord obtenu;2.8
REL-01614;DEV-01316;2024-09-21;2024-09;2024-2025;1;Email;Bordeaux;Sophie Marchand;Sans réponse;1.5
REL-01615;DEV-01316;2024-10-05;2024-10;2024-2025;2;Téléphone;Bordeaux;Sophie Marchand;Sans réponse;6.5
REL-01616;DEV-01316;2024-10-11;2024-10;2024-2025;3;Téléphone;Bordeaux;Sophie Marchand;Sans réponse;7.7
REL-01617;DEV-01317;2024-09-13;2024-09;2024-2025;1;Téléphone;Bordeaux;Karim Belkacem;Accord obtenu;4.6
REL-01618;DEV-01320;2024-09-20;2024-09;2024-2025;1;Email;Toulouse;Julien Fabre;Sans réponse;4.6
REL-01619;DEV-01321;2024-09-21;2024-09;2024-2025;1;Téléphone;Bordeaux;Karim Belkacem;Injoignable;8.0
REL-01620;DEV-01321;2024-10-01;2024-10;2024-2025;2;Téléphone;Bordeaux;Karim Belkacem;Accord obtenu;2.2
REL-01621;DEV-01322;2024-09-24;2024-09;2024-2025;1;Email;Bordeaux;Sophie Marchand;Négociation en cours;3.9
REL-01622;DEV-01323;2024-09-22;2024-09;2024-2025;1;Téléphone;Toulouse;Nadia Cherif;Négociation en cours;13.7
REL-01623;DEV-01323;2024-10-01;2024-10;2024-2025;2;SMS;Toulouse;Nadia Cherif;Refus signifié;4.0
REL-01624;DEV-01326;2024-09-19;2024-09;2024-2025;1;Téléphone;Toulouse;Nadia Cherif;Négociation en cours;5.0
REL-01625;DEV-01326;2024-09-24;2024-09;2024-2025;2;Email;Toulouse;Nadia Cherif;Refus signifié;3.0
REL-01626;DEV-01327;2024-09-26;2024-09;2024-2025;1;Email;Bordeaux;Karim Belkacem;Rappel demandé;4.4
REL-01627;DEV-01327;2024-10-05;2024-10;2024-2025;2;Email;Bordeaux;Karim Belkacem;Sans réponse;2.5
REL-01628;DEV-01328;2024-09-24;2024-09;2024-2025;1;Téléphone;Bordeaux;Sophie Marchand;Négociation en cours;5.9
REL-01629;DEV-01328;2024-10-02;2024-10;2024-2025;2;Téléphone;Bordeaux;Sophie Marchand;Injoignable;7.0
REL-01630;DEV-01329;2024-09-29;2024-09;2024-2025;1;Email;Montpellier;Thomas Rey;Sans réponse;3.1
REL-01631;DEV-01331;2024-09-21;2024-09;2024-2025;1;Email;Bordeaux;Karim Belkacem;Négociation en cours;3.1
REL-01632;DEV-01331;2024-09-29;2024-09;2024-2025;2;Email;Bordeaux;Karim Belkacem;Sans réponse;3.0
REL-01633;DEV-01332;2024-09-29;2024-09;2024-2025;1;Téléphone;Bordeaux;Sophie Marchand;Sans réponse;12.8
REL-01634;DEV-01333;2024-09-27;2024-09;2024-2025;1;Email;Toulouse;Nadia Cherif;Rappel demandé;3.5
REL-01635;DEV-01333;2024-10-09;2024-10;2024-2025;2;Email;Toulouse;Nadia Cherif;Sans réponse;2.1
REL-01636;DEV-01336;2024-09-30;2024-09;2024-2025;1;Email;Bordeaux;Karim Belkacem;Accord obtenu;3.8
REL-01637;DEV-01337;2024-09-28;2024-09;2024-2025;1;Téléphone;Toulouse;Nadia Cherif;Accord obtenu;5.3
REL-01638;DEV-01338;2024-09-30;2024-09;2024-2025;1;SMS;Montpellier;Thomas Rey;Sans réponse;4.8
REL-01639;DEV-01338;2024-10-13;2024-10;2024-2025;2;Email;Montpellier;Thomas Rey;Rappel demandé;2.0
REL-01640;DEV-01339;2024-09-28;2024-09;2024-2025;1;Email;Toulouse;Julien Fabre;Négociation en cours;1.5
REL-01641;DEV-01339;2024-10-07;2024-10;2024-2025;2;Téléphone;Toulouse;Julien Fabre;Sans réponse;9.0
REL-01642;DEV-01339;2024-10-16;2024-10;2024-2025;3;Email;Toulouse;Julien Fabre;Rappel demandé;4.4
REL-01643;DEV-01341;2024-09-30;2024-09;2024-2025;1;Téléphone;Bordeaux;Karim Belkacem;Injoignable;7.7
REL-01644;DEV-01342;2024-10-05;2024-10;2024-2025;1;Téléphone;Toulouse;Nadia Cherif;Rappel demandé;12.5
REL-01645;DEV-01342;2024-10-11;2024-10;2024-2025;2;Email;Toulouse;Nadia Cherif;Accord obtenu;1.5
REL-01646;DEV-01343;2024-10-07;2024-10;2024-2025;1;Email;Bordeaux;Sophie Marchand;Sans réponse;2.3
REL-01647;DEV-01343;2024-10-15;2024-10;2024-2025;2;Téléphone;Bordeaux;Sophie Marchand;Refus signifié;12.6
REL-01648;DEV-01344;2024-09-29;2024-09;2024-2025;1;Email;Bordeaux;Sophie Marchand;Négociation en cours;4.9
REL-01649;DEV-01345;2024-09-30;2024-09;2024-2025;1;Téléphone;Toulouse;Nadia Cherif;Sans réponse;10.9
REL-01650;DEV-01345;2024-10-08;2024-10;2024-2025;2;Email;Toulouse;Nadia Cherif;Sans réponse;2.9
REL-01651;DEV-01347;2024-10-07;2024-10;2024-2025;1;Téléphone;Toulouse;Nadia Cherif;Rappel demandé;8.5
REL-01652;DEV-01347;2024-10-16;2024-10;2024-2025;2;SMS;Toulouse;Nadia Cherif;Accord obtenu;1.3
REL-01653;DEV-01348;2024-09-30;2024-09;2024-2025;1;Email;Bordeaux;Sophie Marchand;Rappel demandé;3.7
REL-01654;DEV-01348;2024-10-14;2024-10;2024-2025;2;Email;Bordeaux;Sophie Marchand;Rappel demandé;1.4
REL-01655;DEV-01349;2024-10-03;2024-10;2024-2025;1;Email;Toulouse;Julien Fabre;Sans réponse;3.2
REL-01656;DEV-01349;2024-10-10;2024-10;2024-2025;2;Email;Toulouse;Julien Fabre;Rappel demandé;1.8
REL-01657;DEV-01349;2024-10-16;2024-10;2024-2025;3;Téléphone;Toulouse;Julien Fabre;Refus signifié;10.1
REL-01658;DEV-01350;2024-10-06;2024-10;2024-2025;1;Email;Bordeaux;Sophie Marchand;Sans réponse;1.3
REL-01659;DEV-01350;2024-10-14;2024-10;2024-2025;2;Email;Bordeaux;Sophie Marchand;Rappel demandé;1.4
REL-01660;DEV-01350;2024-10-25;2024-10;2024-2025;3;Email;Bordeaux;Sophie Marchand;Accord obtenu;3.6
REL-01661;DEV-01351;2024-10-05;2024-10;2024-2025;1;SMS;Bordeaux;Sophie Marchand;Sans réponse;2.5
REL-01662;DEV-01351;2024-10-11;2024-10;2024-2025;2;Téléphone;Bordeaux;Sophie Marchand;Accord obtenu;3.4
REL-01663;DEV-01354;2024-10-10;2024-10;2024-2025;1;Email;Montpellier;Thomas Rey;Injoignable;3.7
REL-01664;DEV-01354;2024-10-22;2024-10;2024-2025;2;Téléphone;Montpellier;Thomas Rey;Négociation en cours;6.1
REL-01665;DEV-01355;2024-10-02;2024-10;2024-2025;1;SMS;Toulouse;Nadia Cherif;Accord obtenu;4.6
REL-01666;DEV-01356;2024-10-08;2024-10;2024-2025;1;SMS;Toulouse;Julien Fabre;Sans réponse;2.4
REL-01667;DEV-01356;2024-10-16;2024-10;2024-2025;2;Email;Toulouse;Julien Fabre;Sans réponse;2.2
REL-01668;DEV-01357;2024-10-09;2024-10;2024-2025;1;SMS;Bordeaux;Karim Belkacem;Sans réponse;3.6
REL-01669;DEV-01357;2024-10-15;2024-10;2024-2025;2;Email;Bordeaux;Karim Belkacem;Refus signifié;1.7
REL-01670;DEV-01358;2024-10-05;2024-10;2024-2025;1;Téléphone;Bordeaux;Sophie Marchand;Sans réponse;8.2
REL-01671;DEV-01359;2024-10-07;2024-10;2024-2025;1;Email;Bordeaux;Sophie Marchand;Sans réponse;4.4
REL-01672;DEV-01359;2024-10-20;2024-10;2024-2025;2;SMS;Bordeaux;Sophie Marchand;Accord obtenu;2.6
REL-01673;DEV-01360;2024-10-08;2024-10;2024-2025;1;Téléphone;Toulouse;Julien Fabre;Négociation en cours;13.6
REL-01674;DEV-01360;2024-10-13;2024-10;2024-2025;2;SMS;Toulouse;Julien Fabre;Rappel demandé;4.5
REL-01675;DEV-01361;2024-10-14;2024-10;2024-2025;1;Email;Bordeaux;Sophie Marchand;Refus signifié;3.0
REL-01676;DEV-01365;2024-10-05;2024-10;2024-2025;1;Téléphone;Bordeaux;Karim Belkacem;Sans réponse;10.2
REL-01677;DEV-01365;2024-10-12;2024-10;2024-2025;2;SMS;Bordeaux;Karim Belkacem;Refus signifié;3.1
REL-01678;DEV-01366;2024-10-05;2024-10;2024-2025;1;Email;Bordeaux;Karim Belkacem;Sans réponse;1.5
REL-01679;DEV-01367;2024-10-08;2024-10;2024-2025;1;Téléphone;Bordeaux;Karim Belkacem;Refus signifié;10.7
REL-01680;DEV-01369;2024-10-09;2024-10;2024-2025;1;Téléphone;Montpellier;Thomas Rey;Sans réponse;13.1
REL-01681;DEV-01370;2024-10-12;2024-10;2024-2025;1;Téléphone;Toulouse;Nadia Cherif;Accord obtenu;12.3
REL-01682;DEV-01371;2024-10-17;2024-10;2024-2025;1;Téléphone;Bordeaux;Sophie Marchand;Refus signifié;8.2
REL-01683;DEV-01372;2024-10-14;2024-10;2024-2025;1;Email;Toulouse;Nadia Cherif;Accord obtenu;3.9
REL-01684;DEV-01373;2024-10-12;2024-10;2024-2025;1;Email;Toulouse;Nadia Cherif;Accord obtenu;4.0
REL-01685;DEV-01374;2024-10-17;2024-10;2024-2025;1;Téléphone;Toulouse;Nadia Cherif;Injoignable;4.6
REL-01686;DEV-01374;2024-10-27;2024-10;2024-2025;2;Téléphone;Toulouse;Nadia Cherif;Refus signifié;7.4
REL-01687;DEV-01375;2024-10-13;2024-10;2024-2025;1;Téléphone;Bordeaux;Karim Belkacem;Sans réponse;11.0
REL-01688;DEV-01375;2024-10-18;2024-10;2024-2025;2;Email;Bordeaux;Karim Belkacem;Sans réponse;4.1
REL-01689;DEV-01376;2024-10-19;2024-10;2024-2025;1;Email;Bordeaux;Sophie Marchand;Accord obtenu;4.8
REL-01690;DEV-01377;2024-10-21;2024-10;2024-2025;1;Email;Montpellier;Thomas Rey;Sans réponse;4.5
REL-01691;DEV-01377;2024-11-03;2024-11;2024-2025;2;Email;Montpellier;Thomas Rey;Sans réponse;4.7
REL-01692;DEV-01378;2024-10-19;2024-10;2024-2025;1;Téléphone;Bordeaux;Karim Belkacem;Sans réponse;13.4
REL-01693;DEV-01380;2024-10-24;2024-10;2024-2025;1;Téléphone;Bordeaux;Sophie Marchand;Injoignable;4.0
REL-01694;DEV-01380;2024-10-29;2024-10;2024-2025;2;SMS;Bordeaux;Sophie Marchand;Rappel demandé;2.2
REL-01695;DEV-01380;2024-11-05;2024-11;2024-2025;3;Email;Bordeaux;Sophie Marchand;Négociation en cours;2.5
REL-01696;DEV-01381;2024-10-13;2024-10;2024-2025;1;Email;Bordeaux;Karim Belkacem;Sans réponse;4.9
REL-01697;DEV-01385;2024-10-25;2024-10;2024-2025;1;SMS;Montpellier;Thomas Rey;Négociation en cours;1.3
REL-01698;DEV-01385;2024-11-03;2024-11;2024-2025;2;SMS;Montpellier;Thomas Rey;Négociation en cours;2.1
REL-01699;DEV-01386;2024-10-25;2024-10;2024-2025;1;Téléphone;Toulouse;Nadia Cherif;Rappel demandé;6.8
REL-01700;DEV-01386;2024-11-01;2024-11;2024-2025;2;Email;Toulouse;Nadia Cherif;Négociation en cours;3.9
REL-01701;DEV-01388;2024-10-21;2024-10;2024-2025;1;Email;Bordeaux;Karim Belkacem;Négociation en cours;4.0
REL-01702;DEV-01389;2024-10-24;2024-10;2024-2025;1;Email;Bordeaux;Sophie Marchand;Rappel demandé;4.0
REL-01703;DEV-01389;2024-11-04;2024-11;2024-2025;2;Email;Bordeaux;Sophie Marchand;Négociation en cours;4.9
REL-01704;DEV-01389;2024-11-09;2024-11;2024-2025;3;SMS;Bordeaux;Sophie Marchand;Sans réponse;1.9
REL-01705;DEV-01390;2024-10-21;2024-10;2024-2025;1;Email;Bordeaux;Karim Belkacem;Refus signifié;2.6
REL-01706;DEV-01391;2024-10-21;2024-10;2024-2025;1;Téléphone;Toulouse;Nadia Cherif;Accord obtenu;4.8
REL-01707;DEV-01394;2024-10-23;2024-10;2024-2025;1;Téléphone;Toulouse;Julien Fabre;Rappel demandé;9.5
REL-01708;DEV-01394;2024-11-04;2024-11;2024-2025;2;Email;Toulouse;Julien Fabre;Rappel demandé;2.9
REL-01709;DEV-01394;2024-11-14;2024-11;2024-2025;3;Email;Toulouse;Julien Fabre;Sans réponse;4.1
REL-01710;DEV-01397;2024-10-22;2024-10;2024-2025;1;Téléphone;Bordeaux;Karim Belkacem;Rappel demandé;5.3
REL-01711;DEV-01397;2024-10-30;2024-10;2024-2025;2;Email;Bordeaux;Karim Belkacem;Sans réponse;2.1
REL-01712;DEV-01397;2024-11-08;2024-11;2024-2025;3;Email;Bordeaux;Karim Belkacem;Accord obtenu;3.2
REL-01713;DEV-01398;2024-10-19;2024-10;2024-2025;1;Téléphone;Toulouse;Nadia Cherif;Accord obtenu;8.4
REL-01714;DEV-01400;2024-10-26;2024-10;2024-2025;1;Email;Bordeaux;Sophie Marchand;Sans réponse;3.7
REL-01715;DEV-01401;2024-10-29;2024-10;2024-2025;1;Téléphone;Bordeaux;Karim Belkacem;Sans réponse;5.6
REL-01716;DEV-01401;2024-11-09;2024-11;2024-2025;2;SMS;Bordeaux;Karim Belkacem;Sans réponse;1.6
REL-01717;DEV-01402;2024-11-01;2024-11;2024-2025;1;Téléphone;Bordeaux;Karim Belkacem;Sans réponse;8.7
REL-01718;DEV-01403;2024-10-26;2024-10;2024-2025;1;Email;Toulouse;Julien Fabre;Sans réponse;3.5
REL-01719;DEV-01403;2024-11-06;2024-11;2024-2025;2;Email;Toulouse;Julien Fabre;Négociation en cours;4.1
REL-01720;DEV-01406;2024-11-02;2024-11;2024-2025;1;SMS;Bordeaux;Sophie Marchand;Rappel demandé;2.7
REL-01721;DEV-01407;2024-11-09;2024-11;2024-2025;1;SMS;Toulouse;Nadia Cherif;Sans réponse;3.2
REL-01722;DEV-01412;2024-11-08;2024-11;2024-2025;1;Téléphone;Bordeaux;Sophie Marchand;Sans réponse;10.8
REL-01723;DEV-01413;2024-11-01;2024-11;2024-2025;1;Email;Toulouse;Julien Fabre;Sans réponse;2.8
REL-01724;DEV-01414;2024-11-07;2024-11;2024-2025;1;Téléphone;Bordeaux;Karim Belkacem;Rappel demandé;3.3
REL-01725;DEV-01415;2024-11-04;2024-11;2024-2025;1;Email;Toulouse;Nadia Cherif;Sans réponse;1.7
REL-01726;DEV-01415;2024-11-10;2024-11;2024-2025;2;SMS;Toulouse;Nadia Cherif;Injoignable;1.9
REL-01727;DEV-01416;2024-11-01;2024-11;2024-2025;1;Email;Toulouse;Julien Fabre;Refus signifié;3.9
REL-01728;DEV-01420;2024-11-05;2024-11;2024-2025;1;Email;Bordeaux;Karim Belkacem;Rappel demandé;3.5
REL-01729;DEV-01420;2024-11-14;2024-11;2024-2025;2;Téléphone;Bordeaux;Karim Belkacem;Injoignable;9.5
REL-01730;DEV-01421;2024-11-05;2024-11;2024-2025;1;Email;Toulouse;Nadia Cherif;Sans réponse;3.7
REL-01731;DEV-01421;2024-11-16;2024-11;2024-2025;2;Téléphone;Toulouse;Nadia Cherif;Accord obtenu;8.7
REL-01732;DEV-01422;2024-11-03;2024-11;2024-2025;1;Téléphone;Bordeaux;Karim Belkacem;Rappel demandé;3.6
REL-01733;DEV-01422;2024-11-12;2024-11;2024-2025;2;Email;Bordeaux;Karim Belkacem;Accord obtenu;3.9
REL-01734;DEV-01424;2024-11-01;2024-11;2024-2025;1;Téléphone;Toulouse;Nadia Cherif;Sans réponse;9.6
REL-01735;DEV-01425;2024-11-06;2024-11;2024-2025;1;SMS;Bordeaux;Karim Belkacem;Accord obtenu;3.2
REL-01736;DEV-01426;2024-11-05;2024-11;2024-2025;1;SMS;Toulouse;Nadia Cherif;Injoignable;2.8
REL-01737;DEV-01427;2024-11-08;2024-11;2024-2025;1;Email;Bordeaux;Karim Belkacem;Injoignable;1.6
REL-01738;DEV-01427;2024-11-16;2024-11;2024-2025;2;Email;Bordeaux;Karim Belkacem;Accord obtenu;1.2
REL-01739;DEV-01428;2024-11-06;2024-11;2024-2025;1;Email;Bordeaux;Karim Belkacem;Sans réponse;4.1
REL-01740;DEV-01429;2024-11-09;2024-11;2024-2025;1;SMS;Bordeaux;Sophie Marchand;Négociation en cours;3.5
REL-01741;DEV-01431;2024-11-13;2024-11;2024-2025;1;Email;Toulouse;Nadia Cherif;Rappel demandé;3.7
REL-01742;DEV-01431;2024-11-25;2024-11;2024-2025;2;Téléphone;Toulouse;Nadia Cherif;Refus signifié;13.9
REL-01743;DEV-01432;2024-11-16;2024-11;2024-2025;1;Email;Bordeaux;Sophie Marchand;Rappel demandé;3.8
REL-01744;DEV-01433;2024-11-11;2024-11;2024-2025;1;Téléphone;Toulouse;Nadia Cherif;Négociation en cours;10.4
REL-01745;DEV-01433;2024-11-17;2024-11;2024-2025;2;Email;Toulouse;Nadia Cherif;Accord obtenu;2.5
REL-01746;DEV-01434;2024-11-10;2024-11;2024-2025;1;Téléphone;Toulouse;Nadia Cherif;Accord obtenu;12.3
REL-01747;DEV-01435;2024-11-10;2024-11;2024-2025;1;Email;Bordeaux;Sophie Marchand;Rappel demandé;3.1
REL-01748;DEV-01436;2024-11-13;2024-11;2024-2025;1;Téléphone;Toulouse;Nadia Cherif;Sans réponse;4.4
REL-01749;DEV-01440;2024-11-16;2024-11;2024-2025;1;Email;Bordeaux;Sophie Marchand;Négociation en cours;3.9
REL-01750;DEV-01440;2024-11-28;2024-11;2024-2025;2;Téléphone;Bordeaux;Sophie Marchand;Refus signifié;12.5
REL-01751;DEV-01441;2024-11-09;2024-11;2024-2025;1;Email;Bordeaux;Karim Belkacem;Rappel demandé;1.4
REL-01752;DEV-01443;2024-11-14;2024-11;2024-2025;1;Email;Toulouse;Julien Fabre;Injoignable;4.9
REL-01753;DEV-01444;2024-11-12;2024-11;2024-2025;1;Email;Bordeaux;Karim Belkacem;Accord obtenu;1.9
REL-01754;DEV-01447;2024-11-12;2024-11;2024-2025;1;Email;Bordeaux;Karim Belkacem;Accord obtenu;4.5
REL-01755;DEV-01448;2024-11-15;2024-11;2024-2025;1;SMS;Bordeaux;Karim Belkacem;Injoignable;1.6
REL-01756;DEV-01449;2024-11-26;2024-11;2024-2025;1;SMS;Montpellier;Thomas Rey;Sans réponse;2.8
REL-01757;DEV-01450;2024-11-15;2024-11;2024-2025;1;Email;Toulouse;Nadia Cherif;Rappel demandé;1.6
REL-01758;DEV-01450;2024-11-27;2024-11;2024-2025;2;Téléphone;Toulouse;Nadia Cherif;Accord obtenu;8.2
REL-01759;DEV-01453;2024-11-21;2024-11;2024-2025;1;Téléphone;Bordeaux;Karim Belkacem;Rappel demandé;12.3
REL-01760;DEV-01454;2024-11-14;2024-11;2024-2025;1;Email;Bordeaux;Karim Belkacem;Sans réponse;3.1
REL-01761;DEV-01454;2024-11-20;2024-11;2024-2025;2;Email;Bordeaux;Karim Belkacem;Accord obtenu;2.9
REL-01762;DEV-01455;2024-11-27;2024-11;2024-2025;1;Téléphone;Bordeaux;Karim Belkacem;Rappel demandé;11.6
REL-01763;DEV-01457;2024-11-20;2024-11;2024-2025;1;Téléphone;Bordeaux;Sophie Marchand;Sans réponse;4.2
REL-01764;DEV-01458;2024-11-14;2024-11;2024-2025;1;Email;Bordeaux;Karim Belkacem;Sans réponse;4.7
REL-01765;DEV-01459;2024-11-23;2024-11;2024-2025;1;Téléphone;Bordeaux;Karim Belkacem;Injoignable;12.3
REL-01766;DEV-01459;2024-12-03;2024-12;2024-2025;2;Téléphone;Bordeaux;Karim Belkacem;Accord obtenu;6.9
REL-01767;DEV-01461;2024-11-22;2024-11;2024-2025;1;Email;Montpellier;Thomas Rey;Sans réponse;2.7
REL-01768;DEV-01461;2024-11-29;2024-11;2024-2025;2;Email;Montpellier;Thomas Rey;Rappel demandé;4.5
REL-01769;DEV-01462;2024-11-17;2024-11;2024-2025;1;SMS;Bordeaux;Karim Belkacem;Refus signifié;2.8
REL-01770;DEV-01463;2024-11-21;2024-11;2024-2025;1;Téléphone;Toulouse;Julien Fabre;Négociation en cours;2.2
REL-01771;DEV-01463;2024-11-29;2024-11;2024-2025;2;Téléphone;Toulouse;Julien Fabre;Accord obtenu;8.2
REL-01772;DEV-01464;2024-11-16;2024-11;2024-2025;1;Email;Bordeaux;Karim Belkacem;Injoignable;2.2
REL-01773;DEV-01465;2024-11-26;2024-11;2024-2025;1;Téléphone;Bordeaux;Karim Belkacem;Sans réponse;5.1
REL-01774;DEV-01465;2024-12-10;2024-12;2024-2025;2;SMS;Bordeaux;Karim Belkacem;Accord obtenu;4.9
REL-01775;DEV-01466;2024-11-28;2024-11;2024-2025;1;Téléphone;Bordeaux;Sophie Marchand;Accord obtenu;7.8
REL-01776;DEV-01467;2024-11-20;2024-11;2024-2025;1;Téléphone;Toulouse;Nadia Cherif;Rappel demandé;3.5
REL-01777;DEV-01467;2024-11-28;2024-11;2024-2025;2;SMS;Toulouse;Nadia Cherif;Rappel demandé;2.7
REL-01778;DEV-01467;2024-12-04;2024-12;2024-2025;3;Email;Toulouse;Nadia Cherif;Accord obtenu;2.3
REL-01779;DEV-01468;2024-11-23;2024-11;2024-2025;1;Téléphone;Bordeaux;Karim Belkacem;Sans réponse;9.6
REL-01780;DEV-01468;2024-11-28;2024-11;2024-2025;2;Email;Bordeaux;Karim Belkacem;Négociation en cours;2.2
REL-01781;DEV-01468;2024-12-09;2024-12;2024-2025;3;Email;Bordeaux;Karim Belkacem;Refus signifié;4.1
REL-01782;DEV-01469;2024-11-20;2024-11;2024-2025;1;Email;Toulouse;Julien Fabre;Négociation en cours;4.9
REL-01783;DEV-01469;2024-12-02;2024-12;2024-2025;2;Téléphone;Toulouse;Julien Fabre;Accord obtenu;13.7
REL-01784;DEV-01470;2024-11-25;2024-11;2024-2025;1;Téléphone;Toulouse;Nadia Cherif;Sans réponse;3.3
REL-01785;DEV-01470;2024-12-07;2024-12;2024-2025;2;Email;Toulouse;Nadia Cherif;Négociation en cours;3.1
REL-01786;DEV-01470;2024-12-14;2024-12;2024-2025;3;Téléphone;Toulouse;Nadia Cherif;Sans réponse;4.4
REL-01787;DEV-01470;2024-12-25;2024-12;2024-2025;4;Email;Toulouse;Nadia Cherif;Refus signifié;3.4
REL-01788;DEV-01471;2024-11-29;2024-11;2024-2025;1;Email;Toulouse;Julien Fabre;Négociation en cours;1.9
REL-01789;DEV-01471;2024-12-11;2024-12;2024-2025;2;Email;Toulouse;Julien Fabre;Accord obtenu;1.8
REL-01790;DEV-01472;2024-11-29;2024-11;2024-2025;1;SMS;Bordeaux;Sophie Marchand;Négociation en cours;1.8
REL-01791;DEV-01472;2024-12-06;2024-12;2024-2025;2;Téléphone;Bordeaux;Sophie Marchand;Sans réponse;9.5
REL-01792;DEV-01473;2024-11-29;2024-11;2024-2025;1;Email;Toulouse;Nadia Cherif;Sans réponse;2.9
REL-01793;DEV-01473;2024-12-04;2024-12;2024-2025;2;Téléphone;Toulouse;Nadia Cherif;Sans réponse;2.5
REL-01794;DEV-01475;2024-11-27;2024-11;2024-2025;1;Téléphone;Bordeaux;Sophie Marchand;Accord obtenu;3.6
REL-01795;DEV-01476;2024-12-11;2024-12;2024-2025;1;Téléphone;Montpellier;Thomas Rey;Injoignable;7.9
REL-01796;DEV-01477;2024-12-06;2024-12;2024-2025;1;Téléphone;Bordeaux;Karim Belkacem;Négociation en cours;9.6
REL-01797;DEV-01478;2024-11-30;2024-11;2024-2025;1;Email;Bordeaux;Sophie Marchand;Sans réponse;4.7
REL-01798;DEV-01478;2024-12-12;2024-12;2024-2025;2;Email;Bordeaux;Sophie Marchand;Refus signifié;2.7
REL-01799;DEV-01480;2024-11-26;2024-11;2024-2025;1;Email;Toulouse;Nadia Cherif;Accord obtenu;3.8
REL-01800;DEV-01481;2024-11-29;2024-11;2024-2025;1;Email;Bordeaux;Karim Belkacem;Sans réponse;3.0
REL-01801;DEV-01481;2024-12-10;2024-12;2024-2025;2;Email;Bordeaux;Karim Belkacem;Négociation en cours;3.9
REL-01802;DEV-01483;2024-12-04;2024-12;2024-2025;1;Téléphone;Toulouse;Nadia Cherif;Sans réponse;5.7
REL-01803;DEV-01483;2024-12-10;2024-12;2024-2025;2;Email;Toulouse;Nadia Cherif;Accord obtenu;1.2
REL-01804;DEV-01485;2024-12-04;2024-12;2024-2025;1;Email;Bordeaux;Sophie Marchand;Sans réponse;4.5
REL-01805;DEV-01485;2024-12-09;2024-12;2024-2025;2;Email;Bordeaux;Sophie Marchand;Rappel demandé;3.9
REL-01806;DEV-01486;2024-12-02;2024-12;2024-2025;1;Téléphone;Toulouse;Julien Fabre;Négociation en cours;8.9
REL-01807;DEV-01489;2024-11-30;2024-11;2024-2025;1;Email;Bordeaux;Sophie Marchand;Refus signifié;2.0
REL-01808;DEV-01490;2024-12-01;2024-12;2024-2025;1;Email;Bordeaux;Sophie Marchand;Accord obtenu;3.3
REL-01809;DEV-01491;2024-12-01;2024-12;2024-2025;1;Email;Bordeaux;Karim Belkacem;Sans réponse;2.1
REL-01810;DEV-01491;2024-12-14;2024-12;2024-2025;2;SMS;Bordeaux;Karim Belkacem;Accord obtenu;3.1
REL-01811;DEV-01492;2024-12-03;2024-12;2024-2025;1;Email;Bordeaux;Karim Belkacem;Rappel demandé;2.3
REL-01812;DEV-01492;2024-12-10;2024-12;2024-2025;2;Email;Bordeaux;Karim Belkacem;Injoignable;2.3
REL-01813;DEV-01493;2024-12-01;2024-12;2024-2025;1;Email;Toulouse;Nadia Cherif;Rappel demandé;1.2
REL-01814;DEV-01493;2024-12-11;2024-12;2024-2025;2;Téléphone;Toulouse;Nadia Cherif;Sans réponse;10.9
REL-01815;DEV-01494;2024-12-06;2024-12;2024-2025;1;Email;Toulouse;Nadia Cherif;Négociation en cours;3.3
REL-01816;DEV-01494;2024-12-11;2024-12;2024-2025;2;Email;Toulouse;Nadia Cherif;Accord obtenu;2.7
REL-01817;DEV-01496;2024-12-03;2024-12;2024-2025;1;Email;Toulouse;Nadia Cherif;Sans réponse;4.3
REL-01818;DEV-01496;2024-12-17;2024-12;2024-2025;2;Téléphone;Toulouse;Nadia Cherif;Sans réponse;12.6
REL-01819;DEV-01496;2024-12-31;2024-12;2024-2025;3;Téléphone;Toulouse;Nadia Cherif;Injoignable;8.8
REL-01820;DEV-01496;2025-01-10;2025-01;2024-2025;4;Téléphone;Toulouse;Nadia Cherif;Accord obtenu;10.7
REL-01821;DEV-01497;2024-12-12;2024-12;2024-2025;1;Email;Bordeaux;Karim Belkacem;Rappel demandé;1.3
REL-01822;DEV-01499;2024-12-06;2024-12;2024-2025;1;Email;Bordeaux;Karim Belkacem;Rappel demandé;2.6
REL-01823;DEV-01501;2024-12-05;2024-12;2024-2025;1;Téléphone;Bordeaux;Karim Belkacem;Sans réponse;11.4
REL-01824;DEV-01501;2024-12-10;2024-12;2024-2025;2;Téléphone;Bordeaux;Karim Belkacem;Accord obtenu;3.0
REL-01825;DEV-01502;2024-12-12;2024-12;2024-2025;1;Téléphone;Bordeaux;Sophie Marchand;Rappel demandé;5.8
REL-01826;DEV-01503;2024-12-07;2024-12;2024-2025;1;Email;Bordeaux;Karim Belkacem;Refus signifié;1.8
REL-01827;DEV-01506;2024-12-15;2024-12;2024-2025;1;SMS;Bordeaux;Sophie Marchand;Injoignable;1.3
REL-01828;DEV-01506;2024-12-20;2024-12;2024-2025;2;SMS;Bordeaux;Sophie Marchand;Sans réponse;3.1
REL-01829;DEV-01506;2024-12-27;2024-12;2024-2025;3;Email;Bordeaux;Sophie Marchand;Accord obtenu;4.6
REL-01830;DEV-01507;2024-12-16;2024-12;2024-2025;1;Email;Bordeaux;Karim Belkacem;Sans réponse;5.0
REL-01831;DEV-01507;2024-12-21;2024-12;2024-2025;2;Email;Bordeaux;Karim Belkacem;Rappel demandé;4.2
REL-01832;DEV-01508;2024-12-05;2024-12;2024-2025;1;Email;Toulouse;Nadia Cherif;Sans réponse;2.1
REL-01833;DEV-01508;2024-12-11;2024-12;2024-2025;2;Email;Toulouse;Nadia Cherif;Refus signifié;3.1
REL-01834;DEV-01511;2024-12-06;2024-12;2024-2025;1;Email;Bordeaux;Karim Belkacem;Rappel demandé;2.4
REL-01835;DEV-01513;2024-12-14;2024-12;2024-2025;1;Email;Bordeaux;Sophie Marchand;Sans réponse;2.4
REL-01836;DEV-01513;2024-12-27;2024-12;2024-2025;2;Email;Bordeaux;Sophie Marchand;Rappel demandé;4.6
REL-01837;DEV-01514;2024-12-11;2024-12;2024-2025;1;SMS;Bordeaux;Karim Belkacem;Rappel demandé;1.2
REL-01838;DEV-01515;2024-12-15;2024-12;2024-2025;1;Email;Bordeaux;Sophie Marchand;Négociation en cours;1.4
REL-01839;DEV-01515;2024-12-20;2024-12;2024-2025;2;SMS;Bordeaux;Sophie Marchand;Négociation en cours;2.4
REL-01840;DEV-01516;2024-12-16;2024-12;2024-2025;1;Téléphone;Bordeaux;Karim Belkacem;Injoignable;9.5
REL-01841;DEV-01516;2024-12-21;2024-12;2024-2025;2;Téléphone;Bordeaux;Karim Belkacem;Sans réponse;10.5
REL-01842;DEV-01517;2024-12-18;2024-12;2024-2025;1;SMS;Bordeaux;Karim Belkacem;Sans réponse;1.8
REL-01843;DEV-01518;2024-12-11;2024-12;2024-2025;1;Email;Bordeaux;Karim Belkacem;Rappel demandé;1.3
REL-01844;DEV-01518;2024-12-22;2024-12;2024-2025;2;Téléphone;Bordeaux;Karim Belkacem;Accord obtenu;13.0
REL-01845;DEV-01521;2024-12-17;2024-12;2024-2025;1;Email;Toulouse;Nadia Cherif;Rappel demandé;4.4
REL-01846;DEV-01522;2024-12-16;2024-12;2024-2025;1;Email;Bordeaux;Sophie Marchand;Négociation en cours;4.7
REL-01847;DEV-01522;2024-12-24;2024-12;2024-2025;2;SMS;Bordeaux;Sophie Marchand;Injoignable;2.6
REL-01848;DEV-01522;2024-12-29;2024-12;2024-2025;3;Téléphone;Bordeaux;Sophie Marchand;Sans réponse;11.0
REL-01849;DEV-01523;2024-12-21;2024-12;2024-2025;1;Téléphone;Montpellier;Thomas Rey;Rappel demandé;6.4
REL-01850;DEV-01523;2024-12-27;2024-12;2024-2025;2;Email;Montpellier;Thomas Rey;Injoignable;4.8
REL-01851;DEV-01524;2024-12-21;2024-12;2024-2025;1;SMS;Bordeaux;Karim Belkacem;Accord obtenu;3.9
REL-01852;DEV-01526;2024-12-17;2024-12;2024-2025;1;Email;Toulouse;Nadia Cherif;Refus signifié;3.8
REL-01853;DEV-01527;2024-12-21;2024-12;2024-2025;1;Email;Bordeaux;Sophie Marchand;Injoignable;1.9
REL-01854;DEV-01528;2024-12-21;2024-12;2024-2025;1;Téléphone;Bordeaux;Karim Belkacem;Négociation en cours;5.0
REL-01855;DEV-01528;2025-01-01;2025-01;2024-2025;2;Téléphone;Bordeaux;Karim Belkacem;Rappel demandé;10.3
REL-01856;DEV-01528;2025-01-14;2025-01;2024-2025;3;SMS;Bordeaux;Karim Belkacem;Accord obtenu;3.2
REL-01857;DEV-01529;2024-12-20;2024-12;2024-2025;1;Email;Bordeaux;Sophie Marchand;Négociation en cours;4.7
REL-01858;DEV-01529;2024-12-27;2024-12;2024-2025;2;SMS;Bordeaux;Sophie Marchand;Sans réponse;4.0
REL-01859;DEV-01530;2024-12-22;2024-12;2024-2025;1;Email;Bordeaux;Karim Belkacem;Sans réponse;3.6
REL-01860;DEV-01530;2024-12-31;2024-12;2024-2025;2;Téléphone;Bordeaux;Karim Belkacem;Refus signifié;3.4
REL-01861;DEV-01531;2024-12-18;2024-12;2024-2025;1;Email;Bordeaux;Karim Belkacem;Sans réponse;3.5
REL-01862;DEV-01531;2024-12-29;2024-12;2024-2025;2;Email;Bordeaux;Karim Belkacem;Sans réponse;2.8
REL-01863;DEV-01531;2025-01-03;2025-01;2024-2025;3;Email;Bordeaux;Karim Belkacem;Accord obtenu;2.9
REL-01864;DEV-01532;2024-12-22;2024-12;2024-2025;1;Téléphone;Toulouse;Nadia Cherif;Rappel demandé;13.3
REL-01865;DEV-01533;2024-12-24;2024-12;2024-2025;1;Email;Bordeaux;Sophie Marchand;Refus signifié;3.3
REL-01866;DEV-01534;2024-12-24;2024-12;2024-2025;1;Téléphone;Toulouse;Nadia Cherif;Rappel demandé;7.7
REL-01867;DEV-01534;2025-01-01;2025-01;2024-2025;2;Téléphone;Toulouse;Nadia Cherif;Sans réponse;5.1
REL-01868;DEV-01535;2024-12-26;2024-12;2024-2025;1;SMS;Bordeaux;Sophie Marchand;Négociation en cours;2.2
REL-01869;DEV-01537;2024-12-31;2024-12;2024-2025;1;Email;Toulouse;Julien Fabre;Sans réponse;1.9
REL-01870;DEV-01537;2025-01-10;2025-01;2024-2025;2;Email;Toulouse;Julien Fabre;Accord obtenu;2.5
REL-01871;DEV-01539;2024-12-24;2024-12;2024-2025;1;Téléphone;Toulouse;Julien Fabre;Sans réponse;7.0
REL-01872;DEV-01541;2024-12-21;2024-12;2024-2025;1;SMS;Bordeaux;Karim Belkacem;Négociation en cours;2.2
REL-01873;DEV-01542;2024-12-30;2024-12;2024-2025;1;Email;Bordeaux;Karim Belkacem;Accord obtenu;2.9
REL-01874;DEV-01544;2024-12-29;2024-12;2024-2025;1;Email;Toulouse;Julien Fabre;Accord obtenu;1.4
REL-01875;DEV-01545;2024-12-31;2024-12;2024-2025;1;Email;Bordeaux;Sophie Marchand;Refus signifié;4.8
REL-01876;DEV-01547;2024-12-25;2024-12;2024-2025;1;SMS;Toulouse;Julien Fabre;Sans réponse;4.0
REL-01877;DEV-01547;2025-01-07;2025-01;2024-2025;2;Téléphone;Toulouse;Julien Fabre;Refus signifié;8.6
REL-01878;DEV-01549;2024-12-27;2024-12;2024-2025;1;SMS;Bordeaux;Sophie Marchand;Rappel demandé;3.2
REL-01879;DEV-01550;2025-01-01;2025-01;2024-2025;1;Email;Bordeaux;Sophie Marchand;Sans réponse;3.6
REL-01880;DEV-01551;2024-12-30;2024-12;2024-2025;1;Téléphone;Bordeaux;Karim Belkacem;Sans réponse;10.3
REL-01881;DEV-01551;2025-01-12;2025-01;2024-2025;2;Téléphone;Bordeaux;Karim Belkacem;Accord obtenu;8.3
REL-01882;DEV-01552;2024-12-31;2024-12;2024-2025;1;Téléphone;Bordeaux;Sophie Marchand;Rappel demandé;6.0
REL-01883;DEV-01552;2025-01-10;2025-01;2024-2025;2;Email;Bordeaux;Sophie Marchand;Négociation en cours;4.5
REL-01884;DEV-01553;2024-12-30;2024-12;2024-2025;1;Email;Bordeaux;Karim Belkacem;Négociation en cours;1.6
REL-01885;DEV-01553;2025-01-07;2025-01;2024-2025;2;Téléphone;Bordeaux;Karim Belkacem;Sans réponse;7.5
REL-01886;DEV-01553;2025-01-12;2025-01;2024-2025;3;Téléphone;Bordeaux;Karim Belkacem;Sans réponse;2.3
REL-01887;DEV-01553;2025-01-21;2025-01;2024-2025;4;Email;Bordeaux;Karim Belkacem;Accord obtenu;4.8
REL-01888;DEV-01554;2025-01-05;2025-01;2024-2025;1;SMS;Toulouse;Nadia Cherif;Sans réponse;2.5
REL-01889;DEV-01554;2025-01-17;2025-01;2024-2025;2;SMS;Toulouse;Nadia Cherif;Accord obtenu;3.1
REL-01890;DEV-01555;2025-01-02;2025-01;2024-2025;1;SMS;Montpellier;Thomas Rey;Refus signifié;3.3
REL-01891;DEV-01556;2024-12-31;2024-12;2024-2025;1;Téléphone;Bordeaux;Sophie Marchand;Accord obtenu;4.0
REL-01892;DEV-01557;2025-01-03;2025-01;2024-2025;1;Email;Bordeaux;Sophie Marchand;Rappel demandé;1.3
REL-01893;DEV-01557;2025-01-14;2025-01;2024-2025;2;Email;Bordeaux;Sophie Marchand;Négociation en cours;3.2
REL-01894;DEV-01557;2025-01-22;2025-01;2024-2025;3;Téléphone;Bordeaux;Sophie Marchand;Sans réponse;4.0
REL-01895;DEV-01558;2025-01-08;2025-01;2024-2025;1;Téléphone;Bordeaux;Sophie Marchand;Sans réponse;5.7
REL-01896;DEV-01558;2025-01-21;2025-01;2024-2025;2;Email;Bordeaux;Sophie Marchand;Sans réponse;2.1
REL-01897;DEV-01558;2025-01-29;2025-01;2024-2025;3;Email;Bordeaux;Sophie Marchand;Accord obtenu;3.9
REL-01898;DEV-01559;2024-12-30;2024-12;2024-2025;1;Téléphone;Bordeaux;Sophie Marchand;Accord obtenu;10.0
REL-01899;DEV-01560;2025-01-01;2025-01;2024-2025;1;Email;Bordeaux;Karim Belkacem;Négociation en cours;1.9
REL-01900;DEV-01561;2025-01-05;2025-01;2024-2025;1;SMS;Toulouse;Nadia Cherif;Négociation en cours;3.4
REL-01901;DEV-01561;2025-01-16;2025-01;2024-2025;2;Téléphone;Toulouse;Nadia Cherif;Sans réponse;12.1
REL-01902;DEV-01562;2025-01-05;2025-01;2024-2025;1;Téléphone;Toulouse;Julien Fabre;Rappel demandé;3.9
REL-01903;DEV-01563;2025-01-03;2025-01;2024-2025;1;Téléphone;Bordeaux;Karim Belkacem;Accord obtenu;4.6
REL-01904;DEV-01564;2025-01-06;2025-01;2024-2025;1;SMS;Bordeaux;Karim Belkacem;Accord obtenu;3.8
REL-01905;DEV-01565;2025-01-02;2025-01;2024-2025;1;Téléphone;Montpellier;Thomas Rey;Sans réponse;11.6
REL-01906;DEV-01566;2025-01-12;2025-01;2024-2025;1;Téléphone;Toulouse;Nadia Cherif;Rappel demandé;2.5
REL-01907;DEV-01567;2025-01-08;2025-01;2024-2025;1;Téléphone;Bordeaux;Karim Belkacem;Sans réponse;11.4
REL-01908;DEV-01568;2025-01-15;2025-01;2024-2025;1;SMS;Toulouse;Julien Fabre;Rappel demandé;2.7
REL-01909;DEV-01568;2025-01-20;2025-01;2024-2025;2;Téléphone;Toulouse;Julien Fabre;Négociation en cours;10.2
REL-01910;DEV-01568;2025-01-28;2025-01;2024-2025;3;Téléphone;Toulouse;Julien Fabre;Accord obtenu;3.2
REL-01911;DEV-01570;2025-01-03;2025-01;2024-2025;1;Email;Bordeaux;Karim Belkacem;Accord obtenu;2.6
REL-01912;DEV-01572;2025-01-04;2025-01;2024-2025;1;Email;Bordeaux;Sophie Marchand;Sans réponse;2.1
REL-01913;DEV-01572;2025-01-09;2025-01;2024-2025;2;Téléphone;Bordeaux;Sophie Marchand;Négociation en cours;11.2
REL-01914;DEV-01573;2025-01-18;2025-01;2024-2025;1;Email;Toulouse;Julien Fabre;Sans réponse;1.4
REL-01915;DEV-01574;2025-01-04;2025-01;2024-2025;1;Téléphone;Bordeaux;Karim Belkacem;Négociation en cours;13.5
REL-01916;DEV-01574;2025-01-16;2025-01;2024-2025;2;Email;Bordeaux;Karim Belkacem;Sans réponse;1.4
REL-01917;DEV-01575;2025-01-13;2025-01;2024-2025;1;Email;Toulouse;Nadia Cherif;Négociation en cours;1.7
REL-01918;DEV-01576;2025-01-16;2025-01;2024-2025;1;Email;Bordeaux;Sophie Marchand;Négociation en cours;1.3
REL-01919;DEV-01576;2025-01-25;2025-01;2024-2025;2;Email;Bordeaux;Sophie Marchand;Accord obtenu;2.2
REL-01920;DEV-01577;2025-01-12;2025-01;2024-2025;1;Email;Bordeaux;Sophie Marchand;Négociation en cours;3.8
REL-01921;DEV-01577;2025-01-23;2025-01;2024-2025;2;Email;Bordeaux;Sophie Marchand;Négociation en cours;4.6
REL-01922;DEV-01578;2025-01-17;2025-01;2024-2025;1;Email;Toulouse;Julien Fabre;Injoignable;2.9
REL-01923;DEV-01578;2025-01-26;2025-01;2024-2025;2;Email;Toulouse;Julien Fabre;Rappel demandé;2.6
REL-01924;DEV-01580;2025-01-11;2025-01;2024-2025;1;Téléphone;Toulouse;Nadia Cherif;Accord obtenu;12.0
REL-01925;DEV-01581;2025-01-20;2025-01;2024-2025;1;Email;Toulouse;Julien Fabre;Négociation en cours;3.2
REL-01926;DEV-01584;2025-01-19;2025-01;2024-2025;1;Téléphone;Toulouse;Julien Fabre;Sans réponse;3.0
REL-01927;DEV-01586;2025-01-15;2025-01;2024-2025;1;Email;Toulouse;Julien Fabre;Rappel demandé;4.0
REL-01928;DEV-01586;2025-01-21;2025-01;2024-2025;2;Email;Toulouse;Julien Fabre;Sans réponse;2.1
REL-01929;DEV-01586;2025-01-30;2025-01;2024-2025;3;SMS;Toulouse;Julien Fabre;Injoignable;4.4
REL-01930;DEV-01587;2025-01-23;2025-01;2024-2025;1;Téléphone;Toulouse;Julien Fabre;Négociation en cours;9.9
REL-01931;DEV-01587;2025-02-05;2025-02;2024-2025;2;Email;Toulouse;Julien Fabre;Accord obtenu;2.3
REL-01932;DEV-01588;2025-01-18;2025-01;2024-2025;1;Email;Bordeaux;Karim Belkacem;Sans réponse;3.9
REL-01933;DEV-01588;2025-01-28;2025-01;2024-2025;2;SMS;Bordeaux;Karim Belkacem;Sans réponse;1.7
REL-01934;DEV-01589;2025-01-14;2025-01;2024-2025;1;Email;Toulouse;Nadia Cherif;Accord obtenu;3.9
REL-01935;DEV-01590;2025-01-26;2025-01;2024-2025;1;Email;Toulouse;Nadia Cherif;Sans réponse;4.3
REL-01936;DEV-01591;2025-01-15;2025-01;2024-2025;1;Téléphone;Bordeaux;Sophie Marchand;Sans réponse;9.8
REL-01937;DEV-01591;2025-01-27;2025-01;2024-2025;2;Téléphone;Bordeaux;Sophie Marchand;Refus signifié;3.6
REL-01938;DEV-01592;2025-01-22;2025-01;2024-2025;1;Email;Bordeaux;Karim Belkacem;Sans réponse;4.0
REL-01939;DEV-01592;2025-02-05;2025-02;2024-2025;2;Email;Bordeaux;Karim Belkacem;Accord obtenu;2.6
REL-01940;DEV-01594;2025-01-16;2025-01;2024-2025;1;SMS;Bordeaux;Karim Belkacem;Accord obtenu;3.5
REL-01941;DEV-01595;2025-01-18;2025-01;2024-2025;1;Téléphone;Montpellier;Thomas Rey;Refus signifié;9.0
REL-01942;DEV-01598;2025-01-20;2025-01;2024-2025;1;Téléphone;Toulouse;Julien Fabre;Refus signifié;12.4
REL-01943;DEV-01599;2025-01-17;2025-01;2024-2025;1;Email;Bordeaux;Karim Belkacem;Accord obtenu;2.2
REL-01944;DEV-01601;2025-01-16;2025-01;2024-2025;1;SMS;Bordeaux;Karim Belkacem;Accord obtenu;4.6
REL-01945;DEV-01602;2025-01-20;2025-01;2024-2025;1;Email;Bordeaux;Karim Belkacem;Rappel demandé;1.9
REL-01946;DEV-01602;2025-01-26;2025-01;2024-2025;2;Email;Bordeaux;Karim Belkacem;Rappel demandé;3.6
REL-01947;DEV-01605;2025-01-21;2025-01;2024-2025;1;SMS;Bordeaux;Sophie Marchand;Rappel demandé;4.9
REL-01948;DEV-01606;2025-01-28;2025-01;2024-2025;1;Email;Toulouse;Julien Fabre;Négociation en cours;4.3
REL-01949;DEV-01607;2025-01-24;2025-01;2024-2025;1;Téléphone;Montpellier;Thomas Rey;Rappel demandé;5.4
REL-01950;DEV-01607;2025-01-31;2025-01;2024-2025;2;Téléphone;Montpellier;Thomas Rey;Sans réponse;12.9
REL-01951;DEV-01607;2025-02-05;2025-02;2024-2025;3;Email;Montpellier;Thomas Rey;Sans réponse;1.1
REL-01952;DEV-01607;2025-02-11;2025-02;2024-2025;4;Email;Montpellier;Thomas Rey;Injoignable;1.9
REL-01953;DEV-01608;2025-02-01;2025-02;2024-2025;1;Email;Toulouse;Julien Fabre;Rappel demandé;4.1
REL-01954;DEV-01608;2025-02-06;2025-02;2024-2025;2;SMS;Toulouse;Julien Fabre;Injoignable;3.9
REL-01955;DEV-01609;2025-01-19;2025-01;2024-2025;1;SMS;Toulouse;Nadia Cherif;Refus signifié;1.5
REL-01956;DEV-01611;2025-01-29;2025-01;2024-2025;1;SMS;Montpellier;Thomas Rey;Sans réponse;2.7
REL-01957;DEV-01612;2025-01-29;2025-01;2024-2025;1;SMS;Toulouse;Julien Fabre;Refus signifié;4.5
REL-01958;DEV-01615;2025-01-30;2025-01;2024-2025;1;Email;Montpellier;Thomas Rey;Sans réponse;1.1
REL-01959;DEV-01615;2025-02-08;2025-02;2024-2025;2;Email;Montpellier;Thomas Rey;Refus signifié;2.6
REL-01960;DEV-01616;2025-02-02;2025-02;2024-2025;1;Email;Toulouse;Julien Fabre;Négociation en cours;4.1
REL-01961;DEV-01618;2025-01-29;2025-01;2024-2025;1;SMS;Toulouse;Julien Fabre;Accord obtenu;4.0
REL-01962;DEV-01619;2025-01-31;2025-01;2024-2025;1;Téléphone;Toulouse;Julien Fabre;Sans réponse;10.6
REL-01963;DEV-01620;2025-01-25;2025-01;2024-2025;1;Email;Bordeaux;Karim Belkacem;Accord obtenu;2.9
REL-01964;DEV-01622;2025-01-31;2025-01;2024-2025;1;Téléphone;Toulouse;Nadia Cherif;Sans réponse;10.2
REL-01965;DEV-01623;2025-01-27;2025-01;2024-2025;1;Email;Toulouse;Nadia Cherif;Rappel demandé;2.5
REL-01966;DEV-01623;2025-02-04;2025-02;2024-2025;2;Email;Toulouse;Nadia Cherif;Négociation en cours;2.6
REL-01967;DEV-01624;2025-01-26;2025-01;2024-2025;1;Téléphone;Bordeaux;Sophie Marchand;Sans réponse;4.9
REL-01968;DEV-01624;2025-02-01;2025-02;2024-2025;2;Téléphone;Bordeaux;Sophie Marchand;Négociation en cours;6.2
REL-01969;DEV-01624;2025-02-13;2025-02;2024-2025;3;Email;Bordeaux;Sophie Marchand;Accord obtenu;2.9
REL-01970;DEV-01625;2025-01-28;2025-01;2024-2025;1;SMS;Bordeaux;Sophie Marchand;Rappel demandé;1.2
REL-01971;DEV-01625;2025-02-04;2025-02;2024-2025;2;Email;Bordeaux;Sophie Marchand;Rappel demandé;3.3
REL-01972;DEV-01625;2025-02-12;2025-02;2024-2025;3;Téléphone;Bordeaux;Sophie Marchand;Sans réponse;9.8
REL-01973;DEV-01626;2025-02-05;2025-02;2024-2025;1;Email;Toulouse;Nadia Cherif;Rappel demandé;2.3
REL-01974;DEV-01628;2025-02-05;2025-02;2024-2025;1;SMS;Toulouse;Julien Fabre;Négociation en cours;3.6
REL-01975;DEV-01629;2025-02-06;2025-02;2024-2025;1;Email;Toulouse;Julien Fabre;Injoignable;2.7
REL-01976;DEV-01632;2025-02-05;2025-02;2024-2025;1;Téléphone;Toulouse;Julien Fabre;Sans réponse;13.5
REL-01977;DEV-01633;2025-01-30;2025-01;2024-2025;1;Email;Bordeaux;Karim Belkacem;Accord obtenu;4.1
REL-01978;DEV-01635;2025-02-05;2025-02;2024-2025;1;Téléphone;Bordeaux;Karim Belkacem;Sans réponse;13.6
REL-01979;DEV-01635;2025-02-14;2025-02;2024-2025;2;Téléphone;Bordeaux;Karim Belkacem;Refus signifié;3.2
REL-01980;DEV-01636;2025-02-11;2025-02;2024-2025;1;SMS;Bordeaux;Sophie Marchand;Sans réponse;4.5
REL-01981;DEV-01637;2025-02-15;2025-02;2024-2025;1;Téléphone;Toulouse;Julien Fabre;Refus signifié;7.2
REL-01982;DEV-01638;2025-02-07;2025-02;2024-2025;1;Téléphone;Bordeaux;Sophie Marchand;Négociation en cours;12.0
REL-01983;DEV-01643;2025-02-06;2025-02;2024-2025;1;Email;Bordeaux;Sophie Marchand;Refus signifié;1.6
REL-01984;DEV-01645;2025-02-13;2025-02;2024-2025;1;Email;Bordeaux;Sophie Marchand;Négociation en cours;3.3
REL-01985;DEV-01647;2025-02-10;2025-02;2024-2025;1;Téléphone;Bordeaux;Sophie Marchand;Sans réponse;4.4
REL-01986;DEV-01647;2025-02-22;2025-02;2024-2025;2;Email;Bordeaux;Sophie Marchand;Accord obtenu;2.1
REL-01987;DEV-01649;2025-02-14;2025-02;2024-2025;1;Email;Toulouse;Julien Fabre;Accord obtenu;4.1
REL-01988;DEV-01651;2025-02-15;2025-02;2024-2025;1;SMS;Bordeaux;Karim Belkacem;Injoignable;1.8
REL-01989;DEV-01653;2025-02-14;2025-02;2024-2025;1;SMS;Montpellier;Thomas Rey;Refus signifié;3.4
REL-01990;DEV-01654;2025-02-13;2025-02;2024-2025;1;Téléphone;Montpellier;Thomas Rey;Sans réponse;6.8
REL-01991;DEV-01654;2025-02-21;2025-02;2024-2025;2;Email;Montpellier;Thomas Rey;Négociation en cours;4.2
REL-01992;DEV-01654;2025-02-26;2025-02;2024-2025;3;Téléphone;Montpellier;Thomas Rey;Injoignable;3.5
REL-01993;DEV-01655;2025-02-12;2025-02;2024-2025;1;Téléphone;Toulouse;Julien Fabre;Refus signifié;11.6
REL-01994;DEV-01656;2025-02-12;2025-02;2024-2025;1;Téléphone;Toulouse;Julien Fabre;Injoignable;3.8
REL-01995;DEV-01659;2025-02-19;2025-02;2024-2025;1;Email;Toulouse;Nadia Cherif;Sans réponse;4.7
REL-01996;DEV-01660;2025-02-18;2025-02;2024-2025;1;Téléphone;Montpellier;Thomas Rey;Rappel demandé;5.6
REL-01997;DEV-01661;2025-02-12;2025-02;2024-2025;1;Téléphone;Bordeaux;Sophie Marchand;Sans réponse;2.1
REL-01998;DEV-01662;2025-02-20;2025-02;2024-2025;1;Email;Toulouse;Nadia Cherif;Accord obtenu;3.5
REL-01999;DEV-01664;2025-02-16;2025-02;2024-2025;1;SMS;Bordeaux;Sophie Marchand;Rappel demandé;4.1
REL-02000;DEV-01665;2025-02-16;2025-02;2024-2025;1;Téléphone;Bordeaux;Sophie Marchand;Sans réponse;3.7
REL-02001;DEV-01665;2025-02-21;2025-02;2024-2025;2;SMS;Bordeaux;Sophie Marchand;Sans réponse;1.1
REL-02002;DEV-01665;2025-03-06;2025-03;2024-2025;3;SMS;Bordeaux;Sophie Marchand;Sans réponse;4.2
REL-02003;DEV-01666;2025-02-14;2025-02;2024-2025;1;SMS;Bordeaux;Karim Belkacem;Rappel demandé;3.3
REL-02004;DEV-01667;2025-02-15;2025-02;2024-2025;1;Email;Bordeaux;Karim Belkacem;Injoignable;1.6
REL-02005;DEV-01667;2025-02-27;2025-02;2024-2025;2;Téléphone;Bordeaux;Karim Belkacem;Accord obtenu;8.5
REL-02006;DEV-01668;2025-02-22;2025-02;2024-2025;1;Email;Bordeaux;Sophie Marchand;Refus signifié;4.7
REL-02007;DEV-01671;2025-02-20;2025-02;2024-2025;1;Email;Toulouse;Nadia Cherif;Sans réponse;4.4
REL-02008;DEV-01673;2025-02-23;2025-02;2024-2025;1;SMS;Bordeaux;Sophie Marchand;Rappel demandé;4.6
REL-02009;DEV-01674;2025-02-22;2025-02;2024-2025;1;Email;Bordeaux;Sophie Marchand;Sans réponse;1.6
REL-02010;DEV-01675;2025-02-26;2025-02;2024-2025;1;Téléphone;Bordeaux;Sophie Marchand;Sans réponse;11.3
REL-02011;DEV-01678;2025-03-02;2025-03;2024-2025;1;SMS;Bordeaux;Sophie Marchand;Rappel demandé;1.2
REL-02012;DEV-01678;2025-03-07;2025-03;2024-2025;2;Email;Bordeaux;Sophie Marchand;Refus signifié;3.7
REL-02013;DEV-01679;2025-02-19;2025-02;2024-2025;1;Téléphone;Bordeaux;Sophie Marchand;Sans réponse;11.4
REL-02014;DEV-01679;2025-03-04;2025-03;2024-2025;2;Email;Bordeaux;Sophie Marchand;Accord obtenu;4.8
REL-02015;DEV-01680;2025-02-26;2025-02;2024-2025;1;Email;Bordeaux;Sophie Marchand;Sans réponse;4.5
REL-02016;DEV-01680;2025-03-09;2025-03;2024-2025;2;Email;Bordeaux;Sophie Marchand;Rappel demandé;3.3
REL-02017;DEV-01680;2025-03-14;2025-03;2024-2025;3;Téléphone;Bordeaux;Sophie Marchand;Sans réponse;11.5
REL-02018;DEV-01682;2025-02-26;2025-02;2024-2025;1;SMS;Toulouse;Nadia Cherif;Sans réponse;1.3
REL-02019;DEV-01682;2025-03-10;2025-03;2024-2025;2;SMS;Toulouse;Nadia Cherif;Refus signifié;3.2
REL-02020;DEV-01683;2025-03-03;2025-03;2024-2025;1;SMS;Bordeaux;Karim Belkacem;Rappel demandé;3.1
REL-02021;DEV-01683;2025-03-09;2025-03;2024-2025;2;Téléphone;Bordeaux;Karim Belkacem;Sans réponse;8.0
REL-02022;DEV-01686;2025-03-01;2025-03;2024-2025;1;Email;Toulouse;Julien Fabre;Accord obtenu;2.4
REL-02023;DEV-01687;2025-02-21;2025-02;2024-2025;1;Téléphone;Bordeaux;Karim Belkacem;Sans réponse;9.2
REL-02024;DEV-01688;2025-03-06;2025-03;2024-2025;1;Téléphone;Montpellier;Thomas Rey;Sans réponse;7.4
REL-02025;DEV-01690;2025-03-01;2025-03;2024-2025;1;Téléphone;Bordeaux;Karim Belkacem;Sans réponse;7.2
REL-02026;DEV-01692;2025-03-05;2025-03;2024-2025;1;Téléphone;Bordeaux;Sophie Marchand;Injoignable;6.9
REL-02027;DEV-01692;2025-03-16;2025-03;2024-2025;2;Téléphone;Bordeaux;Sophie Marchand;Rappel demandé;11.6
REL-02028;DEV-01695;2025-03-04;2025-03;2024-2025;1;Email;Bordeaux;Sophie Marchand;Rappel demandé;3.7
REL-02029;DEV-01695;2025-03-11;2025-03;2024-2025;2;Téléphone;Bordeaux;Sophie Marchand;Accord obtenu;13.2
REL-02030;DEV-01696;2025-03-08;2025-03;2024-2025;1;Téléphone;Bordeaux;Sophie Marchand;Rappel demandé;12.8
REL-02031;DEV-01696;2025-03-18;2025-03;2024-2025;2;Téléphone;Bordeaux;Sophie Marchand;Injoignable;11.4
REL-02032;DEV-01696;2025-03-23;2025-03;2024-2025;3;Email;Bordeaux;Sophie Marchand;Négociation en cours;1.4
REL-02033;DEV-01697;2025-03-12;2025-03;2024-2025;1;Email;Bordeaux;Karim Belkacem;Injoignable;2.1
REL-02034;DEV-01697;2025-03-20;2025-03;2024-2025;2;Téléphone;Bordeaux;Karim Belkacem;Refus signifié;8.2
REL-02035;DEV-01700;2025-02-27;2025-02;2024-2025;1;Email;Bordeaux;Sophie Marchand;Refus signifié;3.6
REL-02036;DEV-01701;2025-03-03;2025-03;2024-2025;1;Email;Bordeaux;Sophie Marchand;Accord obtenu;1.5
REL-02037;DEV-01702;2025-03-07;2025-03;2024-2025;1;Téléphone;Bordeaux;Karim Belkacem;Rappel demandé;12.2
REL-02038;DEV-01702;2025-03-17;2025-03;2024-2025;2;SMS;Bordeaux;Karim Belkacem;Sans réponse;1.6
REL-02039;DEV-01704;2025-03-09;2025-03;2024-2025;1;Email;Bordeaux;Karim Belkacem;Accord obtenu;1.7
REL-02040;DEV-01706;2025-03-09;2025-03;2024-2025;1;SMS;Bordeaux;Karim Belkacem;Refus signifié;2.4
REL-02041;DEV-01707;2025-03-07;2025-03;2024-2025;1;Email;Bordeaux;Sophie Marchand;Injoignable;4.5
REL-02042;DEV-01707;2025-03-12;2025-03;2024-2025;2;Email;Bordeaux;Sophie Marchand;Sans réponse;2.5
REL-02043;DEV-01707;2025-03-21;2025-03;2024-2025;3;Email;Bordeaux;Sophie Marchand;Sans réponse;2.4
REL-02044;DEV-01709;2025-03-14;2025-03;2024-2025;1;Email;Toulouse;Nadia Cherif;Accord obtenu;3.0
REL-02045;DEV-01713;2025-03-11;2025-03;2024-2025;1;Email;Bordeaux;Karim Belkacem;Sans réponse;2.0
REL-02046;DEV-01714;2025-03-13;2025-03;2024-2025;1;Email;Toulouse;Julien Fabre;Sans réponse;3.2
REL-02047;DEV-01718;2025-03-15;2025-03;2024-2025;1;Email;Bordeaux;Karim Belkacem;Négociation en cours;3.0
REL-02048;DEV-01719;2025-03-13;2025-03;2024-2025;1;Email;Toulouse;Nadia Cherif;Injoignable;4.3
REL-02049;DEV-01721;2025-03-13;2025-03;2024-2025;1;SMS;Bordeaux;Karim Belkacem;Sans réponse;2.7
REL-02050;DEV-01721;2025-03-22;2025-03;2024-2025;2;Email;Bordeaux;Karim Belkacem;Injoignable;3.9
REL-02051;DEV-01721;2025-04-04;2025-04;2024-2025;3;Email;Bordeaux;Karim Belkacem;Accord obtenu;1.3
REL-02052;DEV-01723;2025-03-17;2025-03;2024-2025;1;Téléphone;Bordeaux;Karim Belkacem;Négociation en cours;12.0
REL-02053;DEV-01723;2025-03-24;2025-03;2024-2025;2;Téléphone;Bordeaux;Karim Belkacem;Sans réponse;13.6
REL-02054;DEV-01724;2025-03-22;2025-03;2024-2025;1;Email;Toulouse;Julien Fabre;Négociation en cours;4.3
REL-02055;DEV-01724;2025-03-27;2025-03;2024-2025;2;Téléphone;Toulouse;Julien Fabre;Accord obtenu;2.5
REL-02056;DEV-01727;2025-03-23;2025-03;2024-2025;1;Téléphone;Toulouse;Julien Fabre;Sans réponse;3.0
REL-02057;DEV-01729;2025-03-13;2025-03;2024-2025;1;Téléphone;Bordeaux;Karim Belkacem;Négociation en cours;7.3
REL-02058;DEV-01729;2025-03-18;2025-03;2024-2025;2;Téléphone;Bordeaux;Karim Belkacem;Accord obtenu;10.6
REL-02059;DEV-01731;2025-03-22;2025-03;2024-2025;1;SMS;Toulouse;Julien Fabre;Sans réponse;3.3
REL-02060;DEV-01733;2025-03-19;2025-03;2024-2025;1;Email;Toulouse;Julien Fabre;Sans réponse;2.4
REL-02061;DEV-01733;2025-03-28;2025-03;2024-2025;2;Téléphone;Toulouse;Julien Fabre;Accord obtenu;10.8
REL-02062;DEV-01734;2025-03-24;2025-03;2024-2025;1;Email;Toulouse;Julien Fabre;Sans réponse;2.4
REL-02063;DEV-01736;2025-03-24;2025-03;2024-2025;1;Email;Bordeaux;Sophie Marchand;Accord obtenu;3.6
REL-02064;DEV-01738;2025-03-20;2025-03;2024-2025;1;Téléphone;Bordeaux;Karim Belkacem;Accord obtenu;9.6
REL-02065;DEV-01741;2025-03-24;2025-03;2024-2025;1;SMS;Toulouse;Julien Fabre;Sans réponse;3.9
REL-02066;DEV-01741;2025-03-30;2025-03;2024-2025;2;Email;Toulouse;Julien Fabre;Rappel demandé;1.3
REL-02067;DEV-01743;2025-03-24;2025-03;2024-2025;1;Email;Bordeaux;Sophie Marchand;Accord obtenu;5.0
REL-02068;DEV-01744;2025-04-02;2025-04;2024-2025;1;Email;Bordeaux;Karim Belkacem;Rappel demandé;4.7
REL-02069;DEV-01744;2025-04-08;2025-04;2024-2025;2;Email;Bordeaux;Karim Belkacem;Négociation en cours;3.1
REL-02070;DEV-01747;2025-03-25;2025-03;2024-2025;1;Email;Bordeaux;Karim Belkacem;Sans réponse;1.2
REL-02071;DEV-01748;2025-03-24;2025-03;2024-2025;1;Email;Toulouse;Nadia Cherif;Rappel demandé;2.9
REL-02072;DEV-01748;2025-03-31;2025-03;2024-2025;2;Email;Toulouse;Nadia Cherif;Rappel demandé;1.9
REL-02073;DEV-01748;2025-04-10;2025-04;2024-2025;3;Email;Toulouse;Nadia Cherif;Sans réponse;4.9
REL-02074;DEV-01749;2025-03-28;2025-03;2024-2025;1;Téléphone;Bordeaux;Karim Belkacem;Rappel demandé;8.2
REL-02075;DEV-01750;2025-03-22;2025-03;2024-2025;1;Téléphone;Toulouse;Julien Fabre;Rappel demandé;6.5
REL-02076;DEV-01751;2025-04-08;2025-04;2024-2025;1;Téléphone;Montpellier;Thomas Rey;Négociation en cours;11.7
REL-02077;DEV-01751;2025-04-15;2025-04;2024-2025;2;SMS;Montpellier;Thomas Rey;Refus signifié;3.9
REL-02078;DEV-01752;2025-03-27;2025-03;2024-2025;1;Email;Bordeaux;Karim Belkacem;Sans réponse;4.5
REL-02079;DEV-01752;2025-04-03;2025-04;2024-2025;2;Email;Bordeaux;Karim Belkacem;Sans réponse;4.7
REL-02080;DEV-01757;2025-03-29;2025-03;2024-2025;1;Email;Bordeaux;Sophie Marchand;Refus signifié;3.0
REL-02081;DEV-01758;2025-03-28;2025-03;2024-2025;1;SMS;Montpellier;Thomas Rey;Sans réponse;1.9
REL-02082;DEV-01758;2025-04-08;2025-04;2024-2025;2;SMS;Montpellier;Thomas Rey;Accord obtenu;2.1
REL-02083;DEV-01760;2025-04-05;2025-04;2024-2025;1;Téléphone;Toulouse;Julien Fabre;Rappel demandé;4.4
REL-02084;DEV-01760;2025-04-16;2025-04;2024-2025;2;Téléphone;Toulouse;Julien Fabre;Sans réponse;13.1
REL-02085;DEV-01760;2025-04-21;2025-04;2024-2025;3;Email;Toulouse;Julien Fabre;Sans réponse;2.6
REL-02086;DEV-01761;2025-03-30;2025-03;2024-2025;1;Email;Bordeaux;Karim Belkacem;Injoignable;4.0
REL-02087;DEV-01761;2025-04-09;2025-04;2024-2025;2;Téléphone;Bordeaux;Karim Belkacem;Accord obtenu;5.7
REL-02088;DEV-01762;2025-04-05;2025-04;2024-2025;1;Téléphone;Bordeaux;Karim Belkacem;Sans réponse;3.0
REL-02089;DEV-01763;2025-04-07;2025-04;2024-2025;1;Email;Bordeaux;Sophie Marchand;Rappel demandé;1.0
REL-02090;DEV-01764;2025-03-29;2025-03;2024-2025;1;Email;Bordeaux;Karim Belkacem;Négociation en cours;2.1
REL-02091;DEV-01764;2025-04-09;2025-04;2024-2025;2;Téléphone;Bordeaux;Karim Belkacem;Accord obtenu;7.4
REL-02092;DEV-01765;2025-04-06;2025-04;2024-2025;1;Téléphone;Toulouse;Nadia Cherif;Sans réponse;8.2
REL-02093;DEV-01767;2025-04-04;2025-04;2024-2025;1;Téléphone;Bordeaux;Sophie Marchand;Sans réponse;11.0
REL-02094;DEV-01768;2025-04-01;2025-04;2024-2025;1;Téléphone;Toulouse;Julien Fabre;Négociation en cours;11.5
REL-02095;DEV-01769;2025-03-29;2025-03;2024-2025;1;Email;Toulouse;Julien Fabre;Rappel demandé;2.4
REL-02096;DEV-01769;2025-04-07;2025-04;2024-2025;2;Téléphone;Toulouse;Julien Fabre;Accord obtenu;9.0
REL-02097;DEV-01770;2025-04-01;2025-04;2024-2025;1;Email;Bordeaux;Karim Belkacem;Accord obtenu;3.9
REL-02098;DEV-01772;2025-04-09;2025-04;2024-2025;1;Téléphone;Toulouse;Nadia Cherif;Sans réponse;12.5
REL-02099;DEV-01773;2025-04-03;2025-04;2024-2025;1;Email;Bordeaux;Karim Belkacem;Rappel demandé;2.0
REL-02100;DEV-01773;2025-04-15;2025-04;2024-2025;2;Téléphone;Bordeaux;Karim Belkacem;Sans réponse;2.4
REL-02101;DEV-01773;2025-04-21;2025-04;2024-2025;3;Téléphone;Bordeaux;Karim Belkacem;Sans réponse;12.2
REL-02102;DEV-01774;2025-03-29;2025-03;2024-2025;1;Email;Bordeaux;Sophie Marchand;Sans réponse;2.4
REL-02103;DEV-01774;2025-04-12;2025-04;2024-2025;2;Email;Bordeaux;Sophie Marchand;Rappel demandé;2.9
REL-02104;DEV-01776;2025-04-12;2025-04;2024-2025;1;Email;Montpellier;Thomas Rey;Rappel demandé;3.4
REL-02105;DEV-01777;2025-04-06;2025-04;2024-2025;1;Email;Bordeaux;Karim Belkacem;Rappel demandé;3.7
REL-02106;DEV-01777;2025-04-11;2025-04;2024-2025;2;Email;Bordeaux;Karim Belkacem;Accord obtenu;4.6
REL-02107;DEV-01778;2025-04-03;2025-04;2024-2025;1;Email;Toulouse;Julien Fabre;Négociation en cours;3.0
REL-02108;DEV-01780;2025-04-06;2025-04;2024-2025;1;Email;Montpellier;Thomas Rey;Sans réponse;3.4
REL-02109;DEV-01780;2025-04-11;2025-04;2024-2025;2;Téléphone;Montpellier;Thomas Rey;Accord obtenu;12.3
REL-02110;DEV-01782;2025-04-09;2025-04;2024-2025;1;Email;Bordeaux;Sophie Marchand;Négociation en cours;1.3
REL-02111;DEV-01783;2025-04-06;2025-04;2024-2025;1;Téléphone;Toulouse;Julien Fabre;Sans réponse;5.0
REL-02112;DEV-01783;2025-04-17;2025-04;2024-2025;2;Email;Toulouse;Julien Fabre;Refus signifié;2.7
REL-02113;DEV-01784;2025-04-13;2025-04;2024-2025;1;Email;Bordeaux;Sophie Marchand;Sans réponse;2.2
REL-02114;DEV-01785;2025-04-18;2025-04;2024-2025;1;Email;Bordeaux;Sophie Marchand;Sans réponse;1.8
REL-02115;DEV-01785;2025-04-27;2025-04;2024-2025;2;Téléphone;Bordeaux;Sophie Marchand;Sans réponse;6.3
REL-02116;DEV-01786;2025-04-12;2025-04;2024-2025;1;Email;Toulouse;Julien Fabre;Sans réponse;1.9
REL-02117;DEV-01787;2025-04-06;2025-04;2024-2025;1;Email;Toulouse;Nadia Cherif;Sans réponse;2.7
REL-02118;DEV-01787;2025-04-11;2025-04;2024-2025;2;Email;Toulouse;Nadia Cherif;Sans réponse;4.0
REL-02119;DEV-01787;2025-04-16;2025-04;2024-2025;3;Email;Toulouse;Nadia Cherif;Rappel demandé;4.6
REL-02120;DEV-01788;2025-04-07;2025-04;2024-2025;1;Email;Toulouse;Nadia Cherif;Sans réponse;4.1
REL-02121;DEV-01788;2025-04-16;2025-04;2024-2025;2;Téléphone;Toulouse;Nadia Cherif;Accord obtenu;13.0
REL-02122;DEV-01789;2025-04-04;2025-04;2024-2025;1;Téléphone;Bordeaux;Karim Belkacem;Injoignable;9.3
REL-02123;DEV-01789;2025-04-11;2025-04;2024-2025;2;Email;Bordeaux;Karim Belkacem;Refus signifié;3.9
REL-02124;DEV-01793;2025-04-11;2025-04;2024-2025;1;Email;Toulouse;Nadia Cherif;Négociation en cours;1.6
REL-02125;DEV-01793;2025-04-23;2025-04;2024-2025;2;Téléphone;Toulouse;Nadia Cherif;Accord obtenu;12.0
REL-02126;DEV-01794;2025-04-14;2025-04;2024-2025;1;Email;Toulouse;Nadia Cherif;Sans réponse;3.2
REL-02127;DEV-01794;2025-04-20;2025-04;2024-2025;2;Email;Toulouse;Nadia Cherif;Sans réponse;3.9
REL-02128;DEV-01794;2025-04-30;2025-04;2024-2025;3;Téléphone;Toulouse;Nadia Cherif;Sans réponse;11.7
REL-02129;DEV-01796;2025-04-15;2025-04;2024-2025;1;Email;Toulouse;Julien Fabre;Accord obtenu;3.4
REL-02130;DEV-01798;2025-04-19;2025-04;2024-2025;1;Téléphone;Montpellier;Thomas Rey;Rappel demandé;12.4
REL-02131;DEV-01799;2025-04-15;2025-04;2024-2025;1;Email;Bordeaux;Sophie Marchand;Injoignable;2.2
REL-02132;DEV-01801;2025-04-15;2025-04;2024-2025;1;Email;Bordeaux;Karim Belkacem;Accord obtenu;3.4
REL-02133;DEV-01802;2025-04-14;2025-04;2024-2025;1;Téléphone;Montpellier;Thomas Rey;Sans réponse;3.9
REL-02134;DEV-01802;2025-04-28;2025-04;2024-2025;2;Téléphone;Montpellier;Thomas Rey;Rappel demandé;7.9
REL-02135;DEV-01803;2025-04-17;2025-04;2024-2025;1;Téléphone;Toulouse;Julien Fabre;Refus signifié;5.1
REL-02136;DEV-01804;2025-04-15;2025-04;2024-2025;1;Email;Bordeaux;Sophie Marchand;Rappel demandé;4.0
REL-02137;DEV-01804;2025-04-28;2025-04;2024-2025;2;Email;Bordeaux;Sophie Marchand;Rappel demandé;1.3
REL-02138;DEV-01805;2025-04-17;2025-04;2024-2025;1;Email;Toulouse;Julien Fabre;Sans réponse;2.6
REL-02139;DEV-01805;2025-05-01;2025-05;2024-2025;2;Email;Toulouse;Julien Fabre;Rappel demandé;2.8
REL-02140;DEV-01807;2025-04-20;2025-04;2024-2025;1;Email;Bordeaux;Sophie Marchand;Refus signifié;1.1
REL-02141;DEV-01808;2025-04-21;2025-04;2024-2025;1;Téléphone;Montpellier;Thomas Rey;Sans réponse;13.5
REL-02142;DEV-01808;2025-05-02;2025-05;2024-2025;2;Email;Montpellier;Thomas Rey;Refus signifié;2.6
REL-02143;DEV-01809;2025-04-13;2025-04;2024-2025;1;SMS;Toulouse;Nadia Cherif;Sans réponse;1.1
REL-02144;DEV-01811;2025-04-16;2025-04;2024-2025;1;Téléphone;Toulouse;Nadia Cherif;Refus signifié;7.9
REL-02145;DEV-01812;2025-04-23;2025-04;2024-2025;1;Email;Bordeaux;Karim Belkacem;Rappel demandé;4.3
REL-02146;DEV-01813;2025-04-22;2025-04;2024-2025;1;Email;Toulouse;Julien Fabre;Négociation en cours;3.2
REL-02147;DEV-01813;2025-04-28;2025-04;2024-2025;2;SMS;Toulouse;Julien Fabre;Rappel demandé;1.4
REL-02148;DEV-01813;2025-05-05;2025-05;2024-2025;3;Téléphone;Toulouse;Julien Fabre;Rappel demandé;2.5
REL-02149;DEV-01814;2025-04-15;2025-04;2024-2025;1;Email;Montpellier;Thomas Rey;Négociation en cours;1.9
REL-02150;DEV-01816;2025-04-24;2025-04;2024-2025;1;Email;Bordeaux;Sophie Marchand;Injoignable;1.1
REL-02151;DEV-01816;2025-05-02;2025-05;2024-2025;2;Email;Bordeaux;Sophie Marchand;Injoignable;3.5
REL-02152;DEV-01816;2025-05-12;2025-05;2024-2025;3;Email;Bordeaux;Sophie Marchand;Accord obtenu;4.3
REL-02153;DEV-01819;2025-04-22;2025-04;2024-2025;1;Email;Bordeaux;Sophie Marchand;Rappel demandé;1.7
REL-02154;DEV-01819;2025-04-28;2025-04;2024-2025;2;Email;Bordeaux;Sophie Marchand;Injoignable;4.5
REL-02155;DEV-01822;2025-04-25;2025-04;2024-2025;1;Téléphone;Bordeaux;Karim Belkacem;Négociation en cours;14.0
REL-02156;DEV-01822;2025-05-04;2025-05;2024-2025;2;Email;Bordeaux;Karim Belkacem;Sans réponse;1.8
REL-02157;DEV-01822;2025-05-12;2025-05;2024-2025;3;Téléphone;Bordeaux;Karim Belkacem;Accord obtenu;7.2
REL-02158;DEV-01824;2025-04-26;2025-04;2024-2025;1;SMS;Toulouse;Nadia Cherif;Refus signifié;4.9
REL-02159;DEV-01825;2025-04-20;2025-04;2024-2025;1;Téléphone;Toulouse;Nadia Cherif;Rappel demandé;12.1
REL-02160;DEV-01825;2025-04-29;2025-04;2024-2025;2;Email;Toulouse;Nadia Cherif;Sans réponse;4.5
REL-02161;DEV-01825;2025-05-09;2025-05;2024-2025;3;Email;Toulouse;Nadia Cherif;Accord obtenu;4.7
REL-02162;DEV-01826;2025-04-26;2025-04;2024-2025;1;SMS;Montpellier;Thomas Rey;Sans réponse;3.8
REL-02163;DEV-01829;2025-05-01;2025-05;2024-2025;1;Email;Bordeaux;Sophie Marchand;Sans réponse;2.5
REL-02164;DEV-01830;2025-04-27;2025-04;2024-2025;1;Email;Toulouse;Julien Fabre;Rappel demandé;4.8
REL-02165;DEV-01831;2025-04-20;2025-04;2024-2025;1;Email;Toulouse;Nadia Cherif;Sans réponse;1.6
REL-02166;DEV-01831;2025-04-28;2025-04;2024-2025;2;SMS;Toulouse;Nadia Cherif;Refus signifié;4.8
REL-02167;DEV-01832;2025-04-26;2025-04;2024-2025;1;Email;Montpellier;Thomas Rey;Sans réponse;1.5
REL-02168;DEV-01833;2025-05-02;2025-05;2024-2025;1;Téléphone;Bordeaux;Sophie Marchand;Sans réponse;2.6
REL-02169;DEV-01835;2025-04-29;2025-04;2024-2025;1;Email;Bordeaux;Karim Belkacem;Sans réponse;2.9
REL-02170;DEV-01835;2025-05-10;2025-05;2024-2025;2;SMS;Bordeaux;Karim Belkacem;Accord obtenu;1.3
REL-02171;DEV-01836;2025-04-27;2025-04;2024-2025;1;SMS;Toulouse;Julien Fabre;Sans réponse;1.0
REL-02172;DEV-01839;2025-04-26;2025-04;2024-2025;1;Email;Montpellier;Thomas Rey;Accord obtenu;2.6
REL-02173;DEV-01840;2025-05-04;2025-05;2024-2025;1;Téléphone;Toulouse;Julien Fabre;Sans réponse;13.6
REL-02174;DEV-01840;2025-05-15;2025-05;2024-2025;2;Téléphone;Toulouse;Julien Fabre;Sans réponse;10.6
REL-02175;DEV-01842;2025-04-25;2025-04;2024-2025;1;Email;Toulouse;Julien Fabre;Sans réponse;3.8
REL-02176;DEV-01842;2025-05-01;2025-05;2024-2025;2;SMS;Toulouse;Julien Fabre;Accord obtenu;2.9
REL-02177;DEV-01844;2025-05-04;2025-05;2024-2025;1;Email;Bordeaux;Sophie Marchand;Sans réponse;5.0
REL-02178;DEV-01846;2025-05-05;2025-05;2024-2025;1;Email;Toulouse;Julien Fabre;Négociation en cours;3.9
REL-02179;DEV-01846;2025-05-13;2025-05;2024-2025;2;Email;Toulouse;Julien Fabre;Rappel demandé;3.3
REL-02180;DEV-01846;2025-05-23;2025-05;2024-2025;3;Email;Toulouse;Julien Fabre;Rappel demandé;4.8
REL-02181;DEV-01847;2025-05-09;2025-05;2024-2025;1;Email;Montpellier;Thomas Rey;Rappel demandé;2.2
REL-02182;DEV-01847;2025-05-23;2025-05;2024-2025;2;Email;Montpellier;Thomas Rey;Négociation en cours;3.1
REL-02183;DEV-01848;2025-05-03;2025-05;2024-2025;1;SMS;Toulouse;Julien Fabre;Sans réponse;1.2
REL-02184;DEV-01848;2025-05-09;2025-05;2024-2025;2;Email;Toulouse;Julien Fabre;Rappel demandé;1.8
REL-02185;DEV-01849;2025-05-06;2025-05;2024-2025;1;Email;Toulouse;Julien Fabre;Négociation en cours;1.5
REL-02186;DEV-01850;2025-05-10;2025-05;2024-2025;1;Email;Toulouse;Julien Fabre;Sans réponse;2.2
REL-02187;DEV-01853;2025-05-08;2025-05;2024-2025;1;SMS;Montpellier;Thomas Rey;Injoignable;2.4
REL-02188;DEV-01854;2025-05-08;2025-05;2024-2025;1;Téléphone;Bordeaux;Sophie Marchand;Refus signifié;12.2
REL-02189;DEV-01857;2025-05-12;2025-05;2024-2025;1;Téléphone;Toulouse;Nadia Cherif;Sans réponse;13.1
REL-02190;DEV-01858;2025-05-05;2025-05;2024-2025;1;Email;Bordeaux;Sophie Marchand;Rappel demandé;4.4
REL-02191;DEV-01861;2025-05-11;2025-05;2024-2025;1;Email;Montpellier;Thomas Rey;Sans réponse;2.1
REL-02192;DEV-01861;2025-05-22;2025-05;2024-2025;2;Téléphone;Montpellier;Thomas Rey;Injoignable;6.8
REL-02193;DEV-01861;2025-05-28;2025-05;2024-2025;3;Email;Montpellier;Thomas Rey;Sans réponse;2.9
REL-02194;DEV-01865;2025-05-23;2025-05;2024-2025;1;SMS;Montpellier;Thomas Rey;Rappel demandé;4.7
REL-02195;DEV-01869;2025-05-11;2025-05;2024-2025;1;Téléphone;Bordeaux;Karim Belkacem;Sans réponse;13.7
REL-02196;DEV-01869;2025-05-23;2025-05;2024-2025;2;Téléphone;Bordeaux;Karim Belkacem;Rappel demandé;8.9
REL-02197;DEV-01869;2025-05-28;2025-05;2024-2025;3;SMS;Bordeaux;Karim Belkacem;Refus signifié;2.8
REL-02198;DEV-01870;2025-05-07;2025-05;2024-2025;1;Téléphone;Bordeaux;Sophie Marchand;Injoignable;3.9
REL-02199;DEV-01875;2025-05-07;2025-05;2024-2025;1;Téléphone;Bordeaux;Sophie Marchand;Sans réponse;4.7
REL-02200;DEV-01875;2025-05-16;2025-05;2024-2025;2;SMS;Bordeaux;Sophie Marchand;Sans réponse;3.9
REL-02201;DEV-01875;2025-05-26;2025-05;2024-2025;3;Téléphone;Bordeaux;Sophie Marchand;Rappel demandé;9.4
REL-02202;DEV-01875;2025-06-09;2025-06;2024-2025;4;Téléphone;Bordeaux;Sophie Marchand;Accord obtenu;8.9
REL-02203;DEV-01876;2025-05-14;2025-05;2024-2025;1;Téléphone;Toulouse;Nadia Cherif;Négociation en cours;5.2
REL-02204;DEV-01878;2025-05-10;2025-05;2024-2025;1;Email;Bordeaux;Karim Belkacem;Sans réponse;2.0
REL-02205;DEV-01878;2025-05-20;2025-05;2024-2025;2;Téléphone;Bordeaux;Karim Belkacem;Sans réponse;12.6
REL-02206;DEV-01884;2025-05-13;2025-05;2024-2025;1;Email;Bordeaux;Sophie Marchand;Refus signifié;4.6
REL-02207;DEV-01885;2025-05-18;2025-05;2024-2025;1;SMS;Toulouse;Nadia Cherif;Rappel demandé;1.6
REL-02208;DEV-01885;2025-05-27;2025-05;2024-2025;2;SMS;Toulouse;Nadia Cherif;Refus signifié;4.9
REL-02209;DEV-01889;2025-05-21;2025-05;2024-2025;1;Email;Toulouse;Julien Fabre;Sans réponse;3.0
REL-02210;DEV-01890;2025-05-24;2025-05;2024-2025;1;Téléphone;Montpellier;Thomas Rey;Sans réponse;4.9
REL-02211;DEV-01890;2025-06-03;2025-06;2024-2025;2;Téléphone;Montpellier;Thomas Rey;Refus signifié;13.3
REL-02212;DEV-01892;2025-05-18;2025-05;2024-2025;1;Téléphone;Toulouse;Nadia Cherif;Négociation en cours;11.9
REL-02213;DEV-01892;2025-05-24;2025-05;2024-2025;2;SMS;Toulouse;Nadia Cherif;Sans réponse;2.7
REL-02214;DEV-01892;2025-06-02;2025-06;2024-2025;3;Email;Toulouse;Nadia Cherif;Refus signifié;1.8
REL-02215;DEV-01893;2025-05-21;2025-05;2024-2025;1;Email;Bordeaux;Karim Belkacem;Rappel demandé;2.9
REL-02216;DEV-01893;2025-06-04;2025-06;2024-2025;2;Téléphone;Bordeaux;Karim Belkacem;Sans réponse;10.6
REL-02217;DEV-01895;2025-05-24;2025-05;2024-2025;1;Téléphone;Bordeaux;Sophie Marchand;Sans réponse;5.6
REL-02218;DEV-01896;2025-05-18;2025-05;2024-2025;1;SMS;Toulouse;Julien Fabre;Sans réponse;1.7
REL-02219;DEV-01896;2025-05-26;2025-05;2024-2025;2;Email;Toulouse;Julien Fabre;Sans réponse;1.7
REL-02220;DEV-01897;2025-05-21;2025-05;2024-2025;1;Téléphone;Bordeaux;Sophie Marchand;Accord obtenu;8.0
REL-02221;DEV-01899;2025-05-16;2025-05;2024-2025;1;Email;Bordeaux;Karim Belkacem;Accord obtenu;1.5
REL-02222;DEV-01901;2025-05-22;2025-05;2024-2025;1;Email;Bordeaux;Sophie Marchand;Négociation en cours;1.1
REL-02223;DEV-01901;2025-05-28;2025-05;2024-2025;2;Email;Bordeaux;Sophie Marchand;Négociation en cours;2.5
REL-02224;DEV-01901;2025-06-02;2025-06;2024-2025;3;Email;Bordeaux;Sophie Marchand;Accord obtenu;3.8
REL-02225;DEV-01902;2025-05-26;2025-05;2024-2025;1;Téléphone;Bordeaux;Karim Belkacem;Sans réponse;8.3
REL-02226;DEV-01904;2025-05-30;2025-05;2024-2025;1;Email;Toulouse;Julien Fabre;Injoignable;3.7
REL-02227;DEV-01904;2025-06-13;2025-06;2024-2025;2;Téléphone;Toulouse;Julien Fabre;Accord obtenu;11.3
REL-02228;DEV-01907;2025-05-27;2025-05;2024-2025;1;Téléphone;Toulouse;Nadia Cherif;Rappel demandé;4.0
REL-02229;DEV-01908;2025-05-27;2025-05;2024-2025;1;Téléphone;Toulouse;Nadia Cherif;Sans réponse;2.6
REL-02230;DEV-01908;2025-06-06;2025-06;2024-2025;2;SMS;Toulouse;Nadia Cherif;Refus signifié;2.7
REL-02231;DEV-01909;2025-05-27;2025-05;2024-2025;1;SMS;Bordeaux;Karim Belkacem;Rappel demandé;2.6
REL-02232;DEV-01909;2025-06-08;2025-06;2024-2025;2;Téléphone;Bordeaux;Karim Belkacem;Sans réponse;10.9
REL-02233;DEV-01909;2025-06-22;2025-06;2024-2025;3;Téléphone;Bordeaux;Karim Belkacem;Rappel demandé;7.3
REL-02234;DEV-01909;2025-06-30;2025-06;2024-2025;4;Email;Bordeaux;Karim Belkacem;Refus signifié;3.0
REL-02235;DEV-01912;2025-05-29;2025-05;2024-2025;1;Téléphone;Toulouse;Julien Fabre;Sans réponse;13.3
REL-02236;DEV-01916;2025-05-29;2025-05;2024-2025;1;Téléphone;Toulouse;Nadia Cherif;Accord obtenu;9.7
REL-02237;DEV-01917;2025-06-05;2025-06;2024-2025;1;SMS;Toulouse;Nadia Cherif;Sans réponse;1.4
REL-02238;DEV-01917;2025-06-14;2025-06;2024-2025;2;Téléphone;Toulouse;Nadia Cherif;Sans réponse;12.2
REL-02239;DEV-01918;2025-05-24;2025-05;2024-2025;1;Email;Toulouse;Julien Fabre;Négociation en cours;3.9
REL-02240;DEV-01918;2025-05-31;2025-05;2024-2025;2;Email;Toulouse;Julien Fabre;Rappel demandé;4.6
REL-02241;DEV-01918;2025-06-06;2025-06;2024-2025;3;SMS;Toulouse;Julien Fabre;Accord obtenu;3.0
REL-02242;DEV-01920;2025-06-05;2025-06;2024-2025;1;Téléphone;Bordeaux;Karim Belkacem;Accord obtenu;9.4
REL-02243;DEV-01922;2025-06-06;2025-06;2024-2025;1;Email;Toulouse;Julien Fabre;Accord obtenu;1.2
REL-02244;DEV-01926;2025-05-31;2025-05;2024-2025;1;Téléphone;Bordeaux;Sophie Marchand;Sans réponse;11.4
REL-02245;DEV-01927;2025-05-29;2025-05;2024-2025;1;SMS;Toulouse;Julien Fabre;Négociation en cours;1.3
REL-02246;DEV-01927;2025-06-09;2025-06;2024-2025;2;Email;Toulouse;Julien Fabre;Injoignable;1.8
REL-02247;DEV-01928;2025-06-01;2025-06;2024-2025;1;Email;Toulouse;Nadia Cherif;Injoignable;3.6
REL-02248;DEV-01928;2025-06-15;2025-06;2024-2025;2;Téléphone;Toulouse;Nadia Cherif;Accord obtenu;6.9
REL-02249;DEV-01929;2025-06-04;2025-06;2024-2025;1;Email;Bordeaux;Sophie Marchand;Sans réponse;1.5
REL-02250;DEV-01931;2025-06-07;2025-06;2024-2025;1;Email;Bordeaux;Sophie Marchand;Sans réponse;4.0
REL-02251;DEV-01931;2025-06-13;2025-06;2024-2025;2;Email;Bordeaux;Sophie Marchand;Sans réponse;3.9
REL-02252;DEV-01933;2025-05-31;2025-05;2024-2025;1;Email;Bordeaux;Karim Belkacem;Sans réponse;1.9
REL-02253;DEV-01933;2025-06-08;2025-06;2024-2025;2;Téléphone;Bordeaux;Karim Belkacem;Accord obtenu;8.0
REL-02254;DEV-01935;2025-05-30;2025-05;2024-2025;1;Email;Bordeaux;Karim Belkacem;Sans réponse;4.3
REL-02255;DEV-01935;2025-06-09;2025-06;2024-2025;2;Email;Bordeaux;Karim Belkacem;Injoignable;2.9
REL-02256;DEV-01937;2025-06-11;2025-06;2024-2025;1;Téléphone;Bordeaux;Sophie Marchand;Négociation en cours;13.1
REL-02257;DEV-01937;2025-06-17;2025-06;2024-2025;2;Téléphone;Bordeaux;Sophie Marchand;Sans réponse;3.1
REL-02258;DEV-01938;2025-06-03;2025-06;2024-2025;1;Email;Bordeaux;Sophie Marchand;Accord obtenu;2.4
REL-02259;DEV-01939;2025-06-07;2025-06;2024-2025;1;Email;Toulouse;Nadia Cherif;Négociation en cours;2.0
REL-02260;DEV-01939;2025-06-14;2025-06;2024-2025;2;Email;Toulouse;Nadia Cherif;Sans réponse;3.8
REL-02261;DEV-01940;2025-06-09;2025-06;2024-2025;1;Email;Toulouse;Nadia Cherif;Rappel demandé;1.4
REL-02262;DEV-01940;2025-06-19;2025-06;2024-2025;2;Email;Toulouse;Nadia Cherif;Sans réponse;4.9
REL-02263;DEV-01941;2025-06-05;2025-06;2024-2025;1;Téléphone;Toulouse;Julien Fabre;Sans réponse;8.4
REL-02264;DEV-01941;2025-06-17;2025-06;2024-2025;2;Email;Toulouse;Julien Fabre;Accord obtenu;2.6
REL-02265;DEV-01942;2025-06-09;2025-06;2024-2025;1;Téléphone;Bordeaux;Sophie Marchand;Rappel demandé;2.5
REL-02266;DEV-01942;2025-06-21;2025-06;2024-2025;2;Téléphone;Bordeaux;Sophie Marchand;Sans réponse;8.3
REL-02267;DEV-01943;2025-06-09;2025-06;2024-2025;1;Email;Bordeaux;Karim Belkacem;Négociation en cours;2.0
REL-02268;DEV-01944;2025-06-08;2025-06;2024-2025;1;SMS;Toulouse;Julien Fabre;Accord obtenu;3.7
REL-02269;DEV-01948;2025-06-06;2025-06;2024-2025;1;Email;Bordeaux;Karim Belkacem;Sans réponse;1.8
REL-02270;DEV-01948;2025-06-15;2025-06;2024-2025;2;Téléphone;Bordeaux;Karim Belkacem;Sans réponse;4.6
REL-02271;DEV-01948;2025-06-23;2025-06;2024-2025;3;Email;Bordeaux;Karim Belkacem;Rappel demandé;1.3
REL-02272;DEV-01951;2025-06-13;2025-06;2024-2025;1;Téléphone;Toulouse;Nadia Cherif;Refus signifié;12.2
REL-02273;DEV-01955;2025-06-13;2025-06;2024-2025;1;Email;Bordeaux;Sophie Marchand;Injoignable;1.0
REL-02274;DEV-01955;2025-06-19;2025-06;2024-2025;2;Email;Bordeaux;Sophie Marchand;Accord obtenu;1.6
REL-02275;DEV-01957;2025-06-16;2025-06;2024-2025;1;Téléphone;Bordeaux;Karim Belkacem;Sans réponse;6.9
REL-02276;DEV-01958;2025-06-12;2025-06;2024-2025;1;Email;Bordeaux;Karim Belkacem;Accord obtenu;3.0
REL-02277;DEV-01959;2025-06-14;2025-06;2024-2025;1;SMS;Bordeaux;Sophie Marchand;Injoignable;2.9
REL-02278;DEV-01961;2025-06-16;2025-06;2024-2025;1;SMS;Montpellier;Thomas Rey;Sans réponse;2.1
REL-02279;DEV-01961;2025-06-30;2025-06;2024-2025;2;Email;Montpellier;Thomas Rey;Rappel demandé;1.4
REL-02280;DEV-01962;2025-06-16;2025-06;2024-2025;1;Téléphone;Bordeaux;Karim Belkacem;Accord obtenu;9.7
REL-02281;DEV-01964;2025-06-19;2025-06;2024-2025;1;Email;Toulouse;Julien Fabre;Sans réponse;4.1
REL-02282;DEV-01965;2025-06-14;2025-06;2024-2025;1;Téléphone;Bordeaux;Karim Belkacem;Accord obtenu;10.8
REL-02283;DEV-01967;2025-06-16;2025-06;2024-2025;1;Email;Bordeaux;Karim Belkacem;Sans réponse;4.7
REL-02284;DEV-01967;2025-06-24;2025-06;2024-2025;2;Email;Bordeaux;Karim Belkacem;Refus signifié;3.7
REL-02285;DEV-01969;2025-06-13;2025-06;2024-2025;1;Téléphone;Bordeaux;Karim Belkacem;Accord obtenu;9.5
REL-02286;DEV-01970;2025-06-23;2025-06;2024-2025;1;Email;Bordeaux;Sophie Marchand;Accord obtenu;2.3
REL-02287;DEV-01971;2025-06-21;2025-06;2024-2025;1;Email;Toulouse;Julien Fabre;Rappel demandé;3.0
REL-02288;DEV-01972;2025-06-19;2025-06;2024-2025;1;Téléphone;Toulouse;Nadia Cherif;Négociation en cours;4.7
REL-02289;DEV-01972;2025-06-27;2025-06;2024-2025;2;Email;Toulouse;Nadia Cherif;Sans réponse;2.4
REL-02290;DEV-01974;2025-06-21;2025-06;2024-2025;1;Email;Toulouse;Julien Fabre;Négociation en cours;1.9
REL-02291;DEV-01974;2025-06-28;2025-06;2024-2025;2;Email;Toulouse;Julien Fabre;Refus signifié;4.7
REL-02292;DEV-01975;2025-06-18;2025-06;2024-2025;1;Téléphone;Bordeaux;Karim Belkacem;Injoignable;10.6
REL-02293;DEV-01975;2025-06-28;2025-06;2024-2025;2;Téléphone;Bordeaux;Karim Belkacem;Sans réponse;2.5
REL-02294;DEV-01975;2025-07-09;2025-07;2025-2026;3;Email;Bordeaux;Karim Belkacem;Rappel demandé;2.8
REL-02295;DEV-01977;2025-06-28;2025-06;2024-2025;1;SMS;Montpellier;Thomas Rey;Sans réponse;1.2
REL-02296;DEV-01978;2025-06-15;2025-06;2024-2025;1;Email;Bordeaux;Karim Belkacem;Sans réponse;4.0
REL-02297;DEV-01979;2025-06-16;2025-06;2024-2025;1;Téléphone;Toulouse;Nadia Cherif;Sans réponse;9.9
REL-02298;DEV-01981;2025-06-24;2025-06;2024-2025;1;Email;Bordeaux;Sophie Marchand;Injoignable;3.1
REL-02299;DEV-01981;2025-07-06;2025-07;2025-2026;2;SMS;Bordeaux;Sophie Marchand;Injoignable;3.4
REL-02300;DEV-01983;2025-07-02;2025-07;2025-2026;1;Email;Toulouse;Nadia Cherif;Sans réponse;2.1
REL-02301;DEV-01985;2025-06-26;2025-06;2024-2025;1;Email;Bordeaux;Sophie Marchand;Rappel demandé;2.0
REL-02302;DEV-01985;2025-07-03;2025-07;2025-2026;2;Téléphone;Bordeaux;Sophie Marchand;Sans réponse;2.1
REL-02303;DEV-01987;2025-07-02;2025-07;2025-2026;1;Email;Montpellier;Thomas Rey;Sans réponse;2.6
REL-02304;DEV-01987;2025-07-08;2025-07;2025-2026;2;Email;Montpellier;Thomas Rey;Rappel demandé;3.6
REL-02305;DEV-01987;2025-07-17;2025-07;2025-2026;3;SMS;Montpellier;Thomas Rey;Refus signifié;2.9
REL-02306;DEV-01990;2025-06-20;2025-06;2024-2025;1;SMS;Bordeaux;Karim Belkacem;Sans réponse;4.1
REL-02307;DEV-01990;2025-06-28;2025-06;2024-2025;2;Email;Bordeaux;Karim Belkacem;Accord obtenu;1.2
REL-02308;DEV-01991;2025-06-29;2025-06;2024-2025;1;Email;Bordeaux;Karim Belkacem;Sans réponse;3.9
REL-02309;DEV-01992;2025-07-01;2025-07;2025-2026;1;Email;Toulouse;Nadia Cherif;Négociation en cours;1.3
REL-02310;DEV-01993;2025-07-02;2025-07;2025-2026;1;Email;Toulouse;Nadia Cherif;Accord obtenu;2.9
REL-02311;DEV-01995;2025-06-30;2025-06;2024-2025;1;Email;Bordeaux;Karim Belkacem;Sans réponse;4.3
REL-02312;DEV-01995;2025-07-09;2025-07;2025-2026;2;Email;Bordeaux;Karim Belkacem;Sans réponse;4.9
REL-02313;DEV-01996;2025-06-30;2025-06;2024-2025;1;Téléphone;Bordeaux;Karim Belkacem;Accord obtenu;4.3
REL-02314;DEV-01999;2025-06-30;2025-06;2024-2025;1;Email;Bordeaux;Sophie Marchand;Accord obtenu;4.3
REL-02315;DEV-02001;2025-06-26;2025-06;2024-2025;1;Email;Toulouse;Julien Fabre;Rappel demandé;1.0
REL-02316;DEV-02001;2025-07-02;2025-07;2025-2026;2;Téléphone;Toulouse;Julien Fabre;Rappel demandé;5.8
REL-02317;DEV-02001;2025-07-15;2025-07;2025-2026;3;SMS;Toulouse;Julien Fabre;Accord obtenu;3.8
REL-02318;DEV-02002;2025-07-05;2025-07;2025-2026;1;Email;Bordeaux;Karim Belkacem;Refus signifié;2.4
REL-02319;DEV-02004;2025-07-05;2025-07;2025-2026;1;SMS;Bordeaux;Sophie Marchand;Sans réponse;2.4
REL-02320;DEV-02004;2025-07-19;2025-07;2025-2026;2;SMS;Bordeaux;Sophie Marchand;Sans réponse;2.8
REL-02321;DEV-02007;2025-06-27;2025-06;2024-2025;1;SMS;Toulouse;Julien Fabre;Accord obtenu;1.6
REL-02322;DEV-02008;2025-07-11;2025-07;2025-2026;1;SMS;Bordeaux;Karim Belkacem;Négociation en cours;3.9
REL-02323;DEV-02012;2025-07-08;2025-07;2025-2026;1;Email;Toulouse;Nadia Cherif;Négociation en cours;2.2
REL-02324;DEV-02012;2025-07-16;2025-07;2025-2026;2;Téléphone;Toulouse;Nadia Cherif;Rappel demandé;5.2
REL-02325;DEV-02012;2025-07-22;2025-07;2025-2026;3;Téléphone;Toulouse;Nadia Cherif;Rappel demandé;12.3
REL-02326;DEV-02013;2025-07-10;2025-07;2025-2026;1;Téléphone;Montpellier;Thomas Rey;Sans réponse;6.7
REL-02327;DEV-02014;2025-07-16;2025-07;2025-2026;1;Téléphone;Bordeaux;Karim Belkacem;Sans réponse;11.0
REL-02328;DEV-02014;2025-07-21;2025-07;2025-2026;2;Téléphone;Bordeaux;Karim Belkacem;Accord obtenu;3.5
REL-02329;DEV-02015;2025-07-08;2025-07;2025-2026;1;Téléphone;Toulouse;Nadia Cherif;Accord obtenu;11.6
REL-02330;DEV-02017;2025-07-10;2025-07;2025-2026;1;Email;Bordeaux;Sophie Marchand;Refus signifié;2.0
REL-02331;DEV-02019;2025-07-09;2025-07;2025-2026;1;Téléphone;Toulouse;Nadia Cherif;Sans réponse;12.3
REL-02332;DEV-02020;2025-07-08;2025-07;2025-2026;1;Email;Montpellier;Thomas Rey;Sans réponse;4.2
REL-02333;DEV-02020;2025-07-14;2025-07;2025-2026;2;Email;Montpellier;Thomas Rey;Refus signifié;4.7
REL-02334;DEV-02021;2025-07-14;2025-07;2025-2026;1;Téléphone;Bordeaux;Sophie Marchand;Rappel demandé;8.8
REL-02335;DEV-02021;2025-07-28;2025-07;2025-2026;2;Téléphone;Bordeaux;Sophie Marchand;Négociation en cours;11.2
REL-02336;DEV-02023;2025-07-08;2025-07;2025-2026;1;Téléphone;Bordeaux;Sophie Marchand;Négociation en cours;13.9
REL-02337;DEV-02024;2025-07-07;2025-07;2025-2026;1;Email;Bordeaux;Sophie Marchand;Injoignable;3.3
REL-02338;DEV-02025;2025-07-10;2025-07;2025-2026;1;Téléphone;Toulouse;Nadia Cherif;Accord obtenu;6.1
REL-02339;DEV-02029;2025-07-10;2025-07;2025-2026;1;Email;Bordeaux;Sophie Marchand;Injoignable;1.7
REL-02340;DEV-02031;2025-07-12;2025-07;2025-2026;1;Email;Toulouse;Julien Fabre;Sans réponse;4.3
REL-02341;DEV-02031;2025-07-20;2025-07;2025-2026;2;Email;Toulouse;Julien Fabre;Sans réponse;4.1
REL-02342;DEV-02031;2025-07-25;2025-07;2025-2026;3;Email;Toulouse;Julien Fabre;Rappel demandé;3.8
REL-02343;DEV-02034;2025-07-10;2025-07;2025-2026;1;Email;Bordeaux;Sophie Marchand;Sans réponse;3.4
REL-02344;DEV-02034;2025-07-19;2025-07;2025-2026;2;Email;Bordeaux;Sophie Marchand;Rappel demandé;1.5
REL-02345;DEV-02035;2025-07-14;2025-07;2025-2026;1;Téléphone;Montpellier;Thomas Rey;Négociation en cours;4.0
REL-02346;DEV-02035;2025-07-27;2025-07;2025-2026;2;Email;Montpellier;Thomas Rey;Sans réponse;1.4
REL-02347;DEV-02036;2025-07-18;2025-07;2025-2026;1;SMS;Bordeaux;Karim Belkacem;Refus signifié;1.3
REL-02348;DEV-02038;2025-07-14;2025-07;2025-2026;1;Téléphone;Toulouse;Julien Fabre;Sans réponse;10.3
REL-02349;DEV-02038;2025-07-22;2025-07;2025-2026;2;Téléphone;Toulouse;Julien Fabre;Accord obtenu;10.4
REL-02350;DEV-02039;2025-07-13;2025-07;2025-2026;1;Email;Montpellier;Thomas Rey;Sans réponse;4.7
REL-02351;DEV-02039;2025-07-25;2025-07;2025-2026;2;SMS;Montpellier;Thomas Rey;Négociation en cours;1.1
REL-02352;DEV-02039;2025-08-02;2025-08;2025-2026;3;Téléphone;Montpellier;Thomas Rey;Négociation en cours;6.7
REL-02353;DEV-02040;2025-07-20;2025-07;2025-2026;1;Email;Montpellier;Thomas Rey;Négociation en cours;1.9
REL-02354;DEV-02040;2025-07-28;2025-07;2025-2026;2;Email;Montpellier;Thomas Rey;Refus signifié;4.6
REL-02355;DEV-02043;2025-07-13;2025-07;2025-2026;1;Email;Bordeaux;Karim Belkacem;Sans réponse;4.6
REL-02356;DEV-02045;2025-07-11;2025-07;2025-2026;1;Téléphone;Bordeaux;Karim Belkacem;Sans réponse;3.8
REL-02357;DEV-02046;2025-07-21;2025-07;2025-2026;1;Téléphone;Bordeaux;Karim Belkacem;Rappel demandé;2.4
REL-02358;DEV-02046;2025-07-26;2025-07;2025-2026;2;SMS;Bordeaux;Karim Belkacem;Sans réponse;2.2
REL-02359;DEV-02046;2025-08-04;2025-08;2025-2026;3;SMS;Bordeaux;Karim Belkacem;Rappel demandé;2.8
REL-02360;DEV-02047;2025-07-12;2025-07;2025-2026;1;Téléphone;Toulouse;Julien Fabre;Rappel demandé;13.9
REL-02361;DEV-02047;2025-07-23;2025-07;2025-2026;2;SMS;Toulouse;Julien Fabre;Négociation en cours;4.1
REL-02362;DEV-02047;2025-07-30;2025-07;2025-2026;3;Email;Toulouse;Julien Fabre;Accord obtenu;3.5
REL-02363;DEV-02048;2025-07-18;2025-07;2025-2026;1;Téléphone;Bordeaux;Sophie Marchand;Rappel demandé;11.1
REL-02364;DEV-02048;2025-07-29;2025-07;2025-2026;2;Téléphone;Bordeaux;Sophie Marchand;Sans réponse;5.4
REL-02365;DEV-02049;2025-07-19;2025-07;2025-2026;1;Email;Toulouse;Nadia Cherif;Accord obtenu;4.4
REL-02366;DEV-02050;2025-07-18;2025-07;2025-2026;1;Email;Bordeaux;Karim Belkacem;Rappel demandé;1.0
REL-02367;DEV-02051;2025-07-23;2025-07;2025-2026;1;Email;Toulouse;Nadia Cherif;Sans réponse;4.1
REL-02368;DEV-02051;2025-07-30;2025-07;2025-2026;2;Téléphone;Toulouse;Nadia Cherif;Rappel demandé;13.6
REL-02369;DEV-02052;2025-07-21;2025-07;2025-2026;1;Téléphone;Bordeaux;Sophie Marchand;Rappel demandé;11.8
REL-02370;DEV-02052;2025-07-27;2025-07;2025-2026;2;Téléphone;Bordeaux;Sophie Marchand;Négociation en cours;13.4
REL-02371;DEV-02052;2025-08-05;2025-08;2025-2026;3;Téléphone;Bordeaux;Sophie Marchand;Sans réponse;5.8
REL-02372;DEV-02057;2025-07-22;2025-07;2025-2026;1;Email;Toulouse;Nadia Cherif;Rappel demandé;1.3
REL-02373;DEV-02058;2025-07-27;2025-07;2025-2026;1;Téléphone;Toulouse;Nadia Cherif;Injoignable;9.7
REL-02374;DEV-02059;2025-07-31;2025-07;2025-2026;1;Email;Bordeaux;Sophie Marchand;Accord obtenu;4.1
REL-02375;DEV-02060;2025-07-23;2025-07;2025-2026;1;Email;Toulouse;Julien Fabre;Rappel demandé;1.9
REL-02376;DEV-02061;2025-07-23;2025-07;2025-2026;1;Email;Bordeaux;Sophie Marchand;Sans réponse;4.1
REL-02377;DEV-02061;2025-07-31;2025-07;2025-2026;2;Téléphone;Bordeaux;Sophie Marchand;Rappel demandé;9.8
REL-02378;DEV-02061;2025-08-06;2025-08;2025-2026;3;Email;Bordeaux;Sophie Marchand;Refus signifié;2.7
REL-02379;DEV-02063;2025-07-23;2025-07;2025-2026;1;Email;Bordeaux;Sophie Marchand;Rappel demandé;3.9
REL-02380;DEV-02063;2025-08-03;2025-08;2025-2026;2;Téléphone;Bordeaux;Sophie Marchand;Sans réponse;9.2
REL-02381;DEV-02063;2025-08-08;2025-08;2025-2026;3;SMS;Bordeaux;Sophie Marchand;Rappel demandé;3.8
REL-02382;DEV-02064;2025-07-30;2025-07;2025-2026;1;SMS;Toulouse;Julien Fabre;Sans réponse;1.3
REL-02383;DEV-02064;2025-08-05;2025-08;2025-2026;2;Email;Toulouse;Julien Fabre;Rappel demandé;1.3
REL-02384;DEV-02064;2025-08-15;2025-08;2025-2026;3;Email;Toulouse;Julien Fabre;Refus signifié;1.8
REL-02385;DEV-02066;2025-07-23;2025-07;2025-2026;1;Email;Toulouse;Nadia Cherif;Refus signifié;4.5
REL-02386;DEV-02067;2025-08-03;2025-08;2025-2026;1;Téléphone;Montpellier;Thomas Rey;Sans réponse;9.0
REL-02387;DEV-02067;2025-08-08;2025-08;2025-2026;2;Téléphone;Montpellier;Thomas Rey;Injoignable;11.0
REL-02388;DEV-02067;2025-08-22;2025-08;2025-2026;3;Email;Montpellier;Thomas Rey;Refus signifié;2.0
REL-02389;DEV-02068;2025-07-24;2025-07;2025-2026;1;Email;Bordeaux;Sophie Marchand;Refus signifié;4.0
REL-02390;DEV-02070;2025-07-26;2025-07;2025-2026;1;Email;Bordeaux;Sophie Marchand;Sans réponse;3.6
REL-02391;DEV-02070;2025-07-31;2025-07;2025-2026;2;Email;Bordeaux;Sophie Marchand;Sans réponse;2.9
REL-02392;DEV-02070;2025-08-08;2025-08;2025-2026;3;Téléphone;Bordeaux;Sophie Marchand;Sans réponse;13.0
REL-02393;DEV-02071;2025-07-21;2025-07;2025-2026;1;Email;Toulouse;Julien Fabre;Négociation en cours;2.7
REL-02394;DEV-02071;2025-08-02;2025-08;2025-2026;2;Téléphone;Toulouse;Julien Fabre;Négociation en cours;3.1
REL-02395;DEV-02075;2025-08-03;2025-08;2025-2026;1;Email;Bordeaux;Sophie Marchand;Rappel demandé;2.8
REL-02396;DEV-02078;2025-07-26;2025-07;2025-2026;1;SMS;Bordeaux;Sophie Marchand;Rappel demandé;4.8
REL-02397;DEV-02078;2025-08-05;2025-08;2025-2026;2;SMS;Bordeaux;Sophie Marchand;Refus signifié;1.3
REL-02398;DEV-02079;2025-08-06;2025-08;2025-2026;1;Email;Toulouse;Julien Fabre;Refus signifié;4.0
REL-02399;DEV-02080;2025-07-24;2025-07;2025-2026;1;Email;Bordeaux;Karim Belkacem;Rappel demandé;4.9
REL-02400;DEV-02081;2025-08-07;2025-08;2025-2026;1;Téléphone;Toulouse;Julien Fabre;Rappel demandé;13.2
REL-02401;DEV-02084;2025-08-10;2025-08;2025-2026;1;Email;Montpellier;Thomas Rey;Rappel demandé;3.3
REL-02402;DEV-02085;2025-08-01;2025-08;2025-2026;1;Téléphone;Toulouse;Nadia Cherif;Sans réponse;5.4
REL-02403;DEV-02085;2025-08-06;2025-08;2025-2026;2;Email;Toulouse;Nadia Cherif;Sans réponse;1.3
REL-02404;DEV-02085;2025-08-14;2025-08;2025-2026;3;Email;Toulouse;Nadia Cherif;Sans réponse;3.1
REL-02405;DEV-02085;2025-08-20;2025-08;2025-2026;4;Téléphone;Toulouse;Nadia Cherif;Accord obtenu;12.4
REL-02406;DEV-02095;2025-08-03;2025-08;2025-2026;1;SMS;Toulouse;Nadia Cherif;Négociation en cours;1.7
REL-02407;DEV-02095;2025-08-16;2025-08;2025-2026;2;Téléphone;Toulouse;Nadia Cherif;Négociation en cours;12.7
REL-02408;DEV-02095;2025-08-25;2025-08;2025-2026;3;Email;Toulouse;Nadia Cherif;Refus signifié;1.2
REL-02409;DEV-02096;2025-08-11;2025-08;2025-2026;1;Email;Bordeaux;Sophie Marchand;Rappel demandé;2.7
REL-02410;DEV-02097;2025-08-04;2025-08;2025-2026;1;Email;Toulouse;Julien Fabre;Négociation en cours;1.9
REL-02411;DEV-02098;2025-08-20;2025-08;2025-2026;1;Téléphone;Montpellier;Thomas Rey;Rappel demandé;12.2
REL-02412;DEV-02099;2025-08-09;2025-08;2025-2026;1;Email;Toulouse;Julien Fabre;Refus signifié;3.0
REL-02413;DEV-02100;2025-08-08;2025-08;2025-2026;1;Téléphone;Bordeaux;Karim Belkacem;Négociation en cours;9.7
REL-02414;DEV-02100;2025-08-13;2025-08;2025-2026;2;Téléphone;Bordeaux;Karim Belkacem;Sans réponse;10.4
REL-02415;DEV-02100;2025-08-19;2025-08;2025-2026;3;SMS;Bordeaux;Karim Belkacem;Sans réponse;2.7
REL-02416;DEV-02101;2025-08-10;2025-08;2025-2026;1;Téléphone;Bordeaux;Karim Belkacem;Accord obtenu;3.3
REL-02417;DEV-02102;2025-08-03;2025-08;2025-2026;1;Téléphone;Bordeaux;Karim Belkacem;Rappel demandé;12.7
REL-02418;DEV-02102;2025-08-15;2025-08;2025-2026;2;Email;Bordeaux;Karim Belkacem;Rappel demandé;4.9
REL-02419;DEV-02102;2025-08-20;2025-08;2025-2026;3;Téléphone;Bordeaux;Karim Belkacem;Rappel demandé;4.1
REL-02420;DEV-02105;2025-08-02;2025-08;2025-2026;1;Email;Toulouse;Julien Fabre;Injoignable;3.7
REL-02421;DEV-02105;2025-08-15;2025-08;2025-2026;2;SMS;Toulouse;Julien Fabre;Refus signifié;3.9
REL-02422;DEV-02106;2025-08-13;2025-08;2025-2026;1;Téléphone;Toulouse;Julien Fabre;Accord obtenu;8.6
REL-02423;DEV-02107;2025-08-06;2025-08;2025-2026;1;Email;Bordeaux;Sophie Marchand;Négociation en cours;1.6
REL-02424;DEV-02110;2025-08-13;2025-08;2025-2026;1;Email;Toulouse;Nadia Cherif;Injoignable;2.3
REL-02425;DEV-02114;2025-08-09;2025-08;2025-2026;1;Téléphone;Bordeaux;Karim Belkacem;Sans réponse;9.8
REL-02426;DEV-02114;2025-08-19;2025-08;2025-2026;2;SMS;Bordeaux;Karim Belkacem;Refus signifié;2.1
REL-02427;DEV-02117;2025-08-11;2025-08;2025-2026;1;Email;Montpellier;Thomas Rey;Accord obtenu;3.7
REL-02428;DEV-02119;2025-08-15;2025-08;2025-2026;1;Téléphone;Bordeaux;Sophie Marchand;Injoignable;10.2
REL-02429;DEV-02122;2025-08-14;2025-08;2025-2026;1;Email;Bordeaux;Karim Belkacem;Accord obtenu;1.9
REL-02430;DEV-02123;2025-08-13;2025-08;2025-2026;1;Email;Bordeaux;Sophie Marchand;Accord obtenu;3.8
REL-02431;DEV-02124;2025-08-19;2025-08;2025-2026;1;Email;Montpellier;Thomas Rey;Refus signifié;2.7
REL-02432;DEV-02125;2025-08-22;2025-08;2025-2026;1;Téléphone;Bordeaux;Sophie Marchand;Sans réponse;2.2
REL-02433;DEV-02125;2025-09-03;2025-09;2025-2026;2;Email;Bordeaux;Sophie Marchand;Sans réponse;1.2
REL-02434;DEV-02126;2025-08-16;2025-08;2025-2026;1;Téléphone;Toulouse;Julien Fabre;Sans réponse;9.5
REL-02435;DEV-02128;2025-08-13;2025-08;2025-2026;1;Email;Bordeaux;Karim Belkacem;Refus signifié;4.3
REL-02436;DEV-02129;2025-08-16;2025-08;2025-2026;1;Téléphone;Bordeaux;Karim Belkacem;Accord obtenu;8.3
REL-02437;DEV-02130;2025-08-21;2025-08;2025-2026;1;Email;Bordeaux;Sophie Marchand;Refus signifié;1.1
REL-02438;DEV-02132;2025-08-25;2025-08;2025-2026;1;Email;Toulouse;Nadia Cherif;Refus signifié;3.7
REL-02439;DEV-02136;2025-08-22;2025-08;2025-2026;1;Email;Toulouse;Julien Fabre;Refus signifié;4.6
REL-02440;DEV-02137;2025-08-20;2025-08;2025-2026;1;SMS;Toulouse;Nadia Cherif;Sans réponse;2.8
REL-02441;DEV-02138;2025-08-22;2025-08;2025-2026;1;Téléphone;Montpellier;Thomas Rey;Refus signifié;3.1
REL-02442;DEV-02142;2025-08-29;2025-08;2025-2026;1;Email;Montpellier;Thomas Rey;Accord obtenu;1.1
REL-02443;DEV-02147;2025-08-27;2025-08;2025-2026;1;SMS;Toulouse;Nadia Cherif;Sans réponse;1.2
REL-02444;DEV-02148;2025-08-17;2025-08;2025-2026;1;Téléphone;Bordeaux;Sophie Marchand;Rappel demandé;11.5
REL-02445;DEV-02148;2025-08-25;2025-08;2025-2026;2;SMS;Bordeaux;Sophie Marchand;Sans réponse;3.4
REL-02446;DEV-02149;2025-08-26;2025-08;2025-2026;1;SMS;Montpellier;Thomas Rey;Sans réponse;2.4
REL-02447;DEV-02150;2025-09-05;2025-09;2025-2026;1;Email;Toulouse;Nadia Cherif;Négociation en cours;2.0
REL-02448;DEV-02150;2025-09-12;2025-09;2025-2026;2;Email;Toulouse;Nadia Cherif;Rappel demandé;1.1
REL-02449;DEV-02151;2025-08-30;2025-08;2025-2026;1;Email;Bordeaux;Karim Belkacem;Sans réponse;2.2
REL-02450;DEV-02151;2025-09-08;2025-09;2025-2026;2;Téléphone;Bordeaux;Karim Belkacem;Rappel demandé;13.7
REL-02451;DEV-02155;2025-08-24;2025-08;2025-2026;1;Email;Toulouse;Nadia Cherif;Refus signifié;1.4
REL-02452;DEV-02156;2025-08-29;2025-08;2025-2026;1;SMS;Bordeaux;Karim Belkacem;Rappel demandé;1.8
REL-02453;DEV-02158;2025-08-28;2025-08;2025-2026;1;Email;Bordeaux;Karim Belkacem;Refus signifié;2.6
REL-02454;DEV-02165;2025-09-01;2025-09;2025-2026;1;SMS;Bordeaux;Sophie Marchand;Sans réponse;3.3
REL-02455;DEV-02166;2025-08-26;2025-08;2025-2026;1;Téléphone;Bordeaux;Karim Belkacem;Négociation en cours;9.4
REL-02456;DEV-02169;2025-09-05;2025-09;2025-2026;1;Email;Montpellier;Thomas Rey;Négociation en cours;3.0
REL-02457;DEV-02169;2025-09-13;2025-09;2025-2026;2;Email;Montpellier;Thomas Rey;Rappel demandé;3.3
REL-02458;DEV-02171;2025-08-27;2025-08;2025-2026;1;Téléphone;Bordeaux;Karim Belkacem;Refus signifié;11.6
REL-02459;DEV-02172;2025-09-03;2025-09;2025-2026;1;Téléphone;Toulouse;Nadia Cherif;Rappel demandé;4.9
REL-02460;DEV-02172;2025-09-09;2025-09;2025-2026;2;Email;Toulouse;Nadia Cherif;Injoignable;3.2
REL-02461;DEV-02172;2025-09-20;2025-09;2025-2026;3;Email;Toulouse;Nadia Cherif;Rappel demandé;1.3
REL-02462;DEV-02173;2025-09-05;2025-09;2025-2026;1;Email;Bordeaux;Sophie Marchand;Injoignable;1.5
REL-02463;DEV-02173;2025-09-16;2025-09;2025-2026;2;Téléphone;Bordeaux;Sophie Marchand;Négociation en cours;12.7
REL-02464;DEV-02174;2025-09-01;2025-09;2025-2026;1;Email;Toulouse;Julien Fabre;Accord obtenu;3.6
REL-02465;DEV-02177;2025-08-29;2025-08;2025-2026;1;Email;Toulouse;Nadia Cherif;Sans réponse;3.6
REL-02466;DEV-02178;2025-09-10;2025-09;2025-2026;1;Email;Bordeaux;Sophie Marchand;Accord obtenu;2.3
REL-02467;DEV-02179;2025-09-09;2025-09;2025-2026;1;Email;Bordeaux;Karim Belkacem;Sans réponse;4.6
REL-02468;DEV-02181;2025-09-05;2025-09;2025-2026;1;Email;Bordeaux;Sophie Marchand;Sans réponse;1.4
REL-02469;DEV-02182;2025-09-06;2025-09;2025-2026;1;Email;Bordeaux;Sophie Marchand;Rappel demandé;1.3
REL-02470;DEV-02182;2025-09-11;2025-09;2025-2026;2;Téléphone;Bordeaux;Sophie Marchand;Accord obtenu;10.2
REL-02471;DEV-02184;2025-09-08;2025-09;2025-2026;1;SMS;Bordeaux;Karim Belkacem;Rappel demandé;1.2
REL-02472;DEV-02185;2025-09-07;2025-09;2025-2026;1;Email;Toulouse;Nadia Cherif;Négociation en cours;2.8
REL-02473;DEV-02186;2025-09-10;2025-09;2025-2026;1;Téléphone;Toulouse;Nadia Cherif;Refus signifié;3.7
REL-02474;DEV-02187;2025-09-02;2025-09;2025-2026;1;Téléphone;Toulouse;Julien Fabre;Négociation en cours;10.0
REL-02475;DEV-02187;2025-09-08;2025-09;2025-2026;2;Téléphone;Toulouse;Julien Fabre;Négociation en cours;11.7
REL-02476;DEV-02189;2025-09-02;2025-09;2025-2026;1;Email;Bordeaux;Karim Belkacem;Sans réponse;3.7
REL-02477;DEV-02189;2025-09-09;2025-09;2025-2026;2;Téléphone;Bordeaux;Karim Belkacem;Accord obtenu;12.7
REL-02478;DEV-02193;2025-09-17;2025-09;2025-2026;1;Téléphone;Montpellier;Thomas Rey;Refus signifié;13.7
REL-02479;DEV-02194;2025-09-12;2025-09;2025-2026;1;Email;Bordeaux;Karim Belkacem;Négociation en cours;2.7
REL-02480;DEV-02194;2025-09-17;2025-09;2025-2026;2;Email;Bordeaux;Karim Belkacem;Accord obtenu;4.0
REL-02481;DEV-02195;2025-09-13;2025-09;2025-2026;1;SMS;Toulouse;Julien Fabre;Rappel demandé;1.2
REL-02482;DEV-02195;2025-09-23;2025-09;2025-2026;2;Email;Toulouse;Julien Fabre;Accord obtenu;2.5
REL-02483;DEV-02197;2025-09-08;2025-09;2025-2026;1;SMS;Montpellier;Thomas Rey;Rappel demandé;2.4
REL-02484;DEV-02197;2025-09-16;2025-09;2025-2026;2;SMS;Montpellier;Thomas Rey;Sans réponse;1.7
REL-02485;DEV-02197;2025-09-27;2025-09;2025-2026;3;Email;Montpellier;Thomas Rey;Refus signifié;3.0
REL-02486;DEV-02199;2025-09-15;2025-09;2025-2026;1;Email;Toulouse;Nadia Cherif;Rappel demandé;4.1
REL-02487;DEV-02199;2025-09-22;2025-09;2025-2026;2;Email;Toulouse;Nadia Cherif;Accord obtenu;2.9
REL-02488;DEV-02200;2025-09-19;2025-09;2025-2026;1;Email;Montpellier;Thomas Rey;Sans réponse;3.9
REL-02489;DEV-02200;2025-09-26;2025-09;2025-2026;2;Téléphone;Montpellier;Thomas Rey;Sans réponse;2.2
REL-02490;DEV-02201;2025-09-10;2025-09;2025-2026;1;Téléphone;Toulouse;Julien Fabre;Refus signifié;11.5
REL-02491;DEV-02202;2025-09-17;2025-09;2025-2026;1;SMS;Bordeaux;Karim Belkacem;Injoignable;1.5
REL-02492;DEV-02203;2025-09-14;2025-09;2025-2026;1;Email;Toulouse;Nadia Cherif;Injoignable;1.3
REL-02493;DEV-02204;2025-09-13;2025-09;2025-2026;1;Email;Montpellier;Thomas Rey;Accord obtenu;4.4
REL-02494;DEV-02206;2025-09-09;2025-09;2025-2026;1;Email;Bordeaux;Karim Belkacem;Refus signifié;2.0
REL-02495;DEV-02207;2025-09-10;2025-09;2025-2026;1;Email;Bordeaux;Karim Belkacem;Accord obtenu;4.5
REL-02496;DEV-02209;2025-09-19;2025-09;2025-2026;1;Téléphone;Bordeaux;Sophie Marchand;Refus signifié;6.7
REL-02497;DEV-02210;2025-09-21;2025-09;2025-2026;1;Email;Bordeaux;Sophie Marchand;Rappel demandé;1.8
REL-02498;DEV-02211;2025-09-20;2025-09;2025-2026;1;Téléphone;Toulouse;Nadia Cherif;Sans réponse;12.7
REL-02499;DEV-02211;2025-09-25;2025-09;2025-2026;2;Email;Toulouse;Nadia Cherif;Sans réponse;2.1
REL-02500;DEV-02212;2025-09-14;2025-09;2025-2026;1;Téléphone;Montpellier;Thomas Rey;Injoignable;7.7
REL-02501;DEV-02212;2025-09-26;2025-09;2025-2026;2;SMS;Montpellier;Thomas Rey;Accord obtenu;3.5
REL-02502;DEV-02213;2025-09-19;2025-09;2025-2026;1;Email;Bordeaux;Sophie Marchand;Refus signifié;2.5
REL-02503;DEV-02214;2025-09-22;2025-09;2025-2026;1;Email;Toulouse;Nadia Cherif;Injoignable;3.5
REL-02504;DEV-02217;2025-09-13;2025-09;2025-2026;1;Email;Montpellier;Thomas Rey;Sans réponse;2.7
REL-02505;DEV-02218;2025-09-19;2025-09;2025-2026;1;Téléphone;Toulouse;Julien Fabre;Sans réponse;13.9
REL-02506;DEV-02218;2025-10-01;2025-10;2025-2026;2;Téléphone;Toulouse;Julien Fabre;Refus signifié;11.7
REL-02507;DEV-02220;2025-09-15;2025-09;2025-2026;1;Email;Bordeaux;Karim Belkacem;Négociation en cours;3.7
REL-02508;DEV-02224;2025-09-19;2025-09;2025-2026;1;Email;Toulouse;Nadia Cherif;Sans réponse;4.8
REL-02509;DEV-02227;2025-09-26;2025-09;2025-2026;1;Email;Toulouse;Nadia Cherif;Injoignable;1.7
REL-02510;DEV-02227;2025-10-09;2025-10;2025-2026;2;Email;Toulouse;Nadia Cherif;Sans réponse;4.6
REL-02511;DEV-02227;2025-10-14;2025-10;2025-2026;3;Email;Toulouse;Nadia Cherif;Injoignable;4.9
REL-02512;DEV-02228;2025-09-27;2025-09;2025-2026;1;Email;Toulouse;Julien Fabre;Injoignable;2.5
REL-02513;DEV-02228;2025-10-11;2025-10;2025-2026;2;Email;Toulouse;Julien Fabre;Refus signifié;1.2
REL-02514;DEV-02229;2025-09-22;2025-09;2025-2026;1;SMS;Montpellier;Thomas Rey;Rappel demandé;2.4
REL-02515;DEV-02229;2025-09-28;2025-09;2025-2026;2;Téléphone;Montpellier;Thomas Rey;Sans réponse;12.5
REL-02516;DEV-02232;2025-10-03;2025-10;2025-2026;1;Téléphone;Bordeaux;Sophie Marchand;Sans réponse;6.5
REL-02517;DEV-02234;2025-09-27;2025-09;2025-2026;1;Téléphone;Bordeaux;Karim Belkacem;Injoignable;10.6
REL-02518;DEV-02234;2025-10-02;2025-10;2025-2026;2;Téléphone;Bordeaux;Karim Belkacem;Négociation en cours;12.1
REL-02519;DEV-02234;2025-10-15;2025-10;2025-2026;3;Téléphone;Bordeaux;Karim Belkacem;Négociation en cours;8.9
REL-02520;DEV-02234;2025-10-20;2025-10;2025-2026;4;Email;Bordeaux;Karim Belkacem;Refus signifié;4.3
REL-02521;DEV-02235;2025-09-17;2025-09;2025-2026;1;Téléphone;Toulouse;Julien Fabre;Rappel demandé;4.0
REL-02522;DEV-02235;2025-09-26;2025-09;2025-2026;2;Email;Toulouse;Julien Fabre;Accord obtenu;1.8
REL-02523;DEV-02237;2025-09-30;2025-09;2025-2026;1;Email;Montpellier;Thomas Rey;Injoignable;2.7
REL-02524;DEV-02239;2025-10-01;2025-10;2025-2026;1;SMS;Toulouse;Nadia Cherif;Accord obtenu;3.2
REL-02525;DEV-02240;2025-09-25;2025-09;2025-2026;1;Téléphone;Toulouse;Julien Fabre;Sans réponse;3.9
REL-02526;DEV-02240;2025-09-30;2025-09;2025-2026;2;Email;Toulouse;Julien Fabre;Refus signifié;4.3
REL-02527;DEV-02241;2025-09-28;2025-09;2025-2026;1;Email;Montpellier;Thomas Rey;Injoignable;1.9
REL-02528;DEV-02242;2025-09-30;2025-09;2025-2026;1;Email;Bordeaux;Karim Belkacem;Accord obtenu;4.4
REL-02529;DEV-02245;2025-09-30;2025-09;2025-2026;1;Téléphone;Bordeaux;Sophie Marchand;Négociation en cours;4.6
REL-02530;DEV-02247;2025-09-30;2025-09;2025-2026;1;Téléphone;Montpellier;Thomas Rey;Rappel demandé;11.4
REL-02531;DEV-02247;2025-10-11;2025-10;2025-2026;2;Email;Montpellier;Thomas Rey;Injoignable;3.8
REL-02532;DEV-02250;2025-09-29;2025-09;2025-2026;1;Email;Bordeaux;Karim Belkacem;Sans réponse;1.9
REL-02533;DEV-02250;2025-10-07;2025-10;2025-2026;2;Email;Bordeaux;Karim Belkacem;Accord obtenu;2.8
REL-02534;DEV-02253;2025-10-06;2025-10;2025-2026;1;Email;Toulouse;Julien Fabre;Refus signifié;3.1
REL-02535;DEV-02258;2025-10-01;2025-10;2025-2026;1;Email;Toulouse;Nadia Cherif;Rappel demandé;4.6
REL-02536;DEV-02264;2025-10-01;2025-10;2025-2026;1;Téléphone;Toulouse;Julien Fabre;Sans réponse;12.9
REL-02537;DEV-02264;2025-10-14;2025-10;2025-2026;2;Email;Toulouse;Julien Fabre;Rappel demandé;2.4
REL-02538;DEV-02264;2025-10-21;2025-10;2025-2026;3;Email;Toulouse;Julien Fabre;Refus signifié;4.3
REL-02539;DEV-02266;2025-10-16;2025-10;2025-2026;1;Téléphone;Montpellier;Thomas Rey;Rappel demandé;11.8
REL-02540;DEV-02266;2025-10-22;2025-10;2025-2026;2;Email;Montpellier;Thomas Rey;Refus signifié;3.8
REL-02541;DEV-02267;2025-10-06;2025-10;2025-2026;1;Email;Bordeaux;Sophie Marchand;Sans réponse;3.5
REL-02542;DEV-02267;2025-10-16;2025-10;2025-2026;2;Téléphone;Bordeaux;Sophie Marchand;Sans réponse;9.9
REL-02543;DEV-02268;2025-10-07;2025-10;2025-2026;1;Téléphone;Bordeaux;Karim Belkacem;Négociation en cours;10.5
REL-02544;DEV-02268;2025-10-20;2025-10;2025-2026;2;Téléphone;Bordeaux;Karim Belkacem;Refus signifié;11.5
REL-02545;DEV-02269;2025-10-06;2025-10;2025-2026;1;Email;Montpellier;Thomas Rey;Accord obtenu;2.7
REL-02546;DEV-02270;2025-10-06;2025-10;2025-2026;1;Téléphone;Toulouse;Nadia Cherif;Sans réponse;9.4
REL-02547;DEV-02270;2025-10-20;2025-10;2025-2026;2;Téléphone;Toulouse;Nadia Cherif;Accord obtenu;12.5
REL-02548;DEV-02271;2025-10-05;2025-10;2025-2026;1;SMS;Toulouse;Julien Fabre;Négociation en cours;2.2
REL-02549;DEV-02271;2025-10-12;2025-10;2025-2026;2;Téléphone;Toulouse;Julien Fabre;Négociation en cours;6.7
REL-02550;DEV-02271;2025-10-21;2025-10;2025-2026;3;Email;Toulouse;Julien Fabre;Accord obtenu;1.3
REL-02551;DEV-02272;2025-10-01;2025-10;2025-2026;1;Téléphone;Bordeaux;Karim Belkacem;Accord obtenu;6.7
REL-02552;DEV-02273;2025-10-08;2025-10;2025-2026;1;SMS;Toulouse;Julien Fabre;Sans réponse;1.8
REL-02553;DEV-02273;2025-10-22;2025-10;2025-2026;2;Email;Toulouse;Julien Fabre;Rappel demandé;3.0
REL-02554;DEV-02274;2025-10-07;2025-10;2025-2026;1;Téléphone;Toulouse;Julien Fabre;Accord obtenu;4.8
REL-02555;DEV-02275;2025-10-12;2025-10;2025-2026;1;Email;Montpellier;Thomas Rey;Injoignable;3.0
REL-02556;DEV-02277;2025-10-10;2025-10;2025-2026;1;Téléphone;Toulouse;Nadia Cherif;Refus signifié;3.8
REL-02557;DEV-02278;2025-10-04;2025-10;2025-2026;1;Email;Toulouse;Nadia Cherif;Accord obtenu;2.3
REL-02558;DEV-02279;2025-10-07;2025-10;2025-2026;1;Téléphone;Bordeaux;Sophie Marchand;Négociation en cours;6.5
REL-02559;DEV-02279;2025-10-16;2025-10;2025-2026;2;Email;Bordeaux;Sophie Marchand;Refus signifié;2.5
REL-02560;DEV-02280;2025-10-15;2025-10;2025-2026;1;Téléphone;Bordeaux;Sophie Marchand;Refus signifié;5.4
REL-02561;DEV-02281;2025-10-08;2025-10;2025-2026;1;Téléphone;Bordeaux;Sophie Marchand;Négociation en cours;4.0
REL-02562;DEV-02281;2025-10-15;2025-10;2025-2026;2;Email;Bordeaux;Sophie Marchand;Rappel demandé;1.7
REL-02563;DEV-02282;2025-10-16;2025-10;2025-2026;1;SMS;Toulouse;Julien Fabre;Refus signifié;4.3
REL-02564;DEV-02283;2025-10-07;2025-10;2025-2026;1;Email;Bordeaux;Sophie Marchand;Accord obtenu;2.1
REL-02565;DEV-02284;2025-10-11;2025-10;2025-2026;1;SMS;Bordeaux;Karim Belkacem;Sans réponse;3.8
REL-02566;DEV-02284;2025-10-19;2025-10;2025-2026;2;Téléphone;Bordeaux;Karim Belkacem;Rappel demandé;12.0
REL-02567;DEV-02285;2025-10-11;2025-10;2025-2026;1;Email;Bordeaux;Karim Belkacem;Refus signifié;2.4
REL-02568;DEV-02287;2025-10-21;2025-10;2025-2026;1;SMS;Bordeaux;Sophie Marchand;Sans réponse;2.4
REL-02569;DEV-02289;2025-10-07;2025-10;2025-2026;1;Téléphone;Toulouse;Nadia Cherif;Injoignable;13.7
REL-02570;DEV-02289;2025-10-15;2025-10;2025-2026;2;SMS;Toulouse;Nadia Cherif;Accord obtenu;1.7
REL-02571;DEV-02290;2025-10-19;2025-10;2025-2026;1;Email;Bordeaux;Sophie Marchand;Sans réponse;3.8
REL-02572;DEV-02290;2025-10-24;2025-10;2025-2026;2;Email;Bordeaux;Sophie Marchand;Rappel demandé;1.5
REL-02573;DEV-02291;2025-10-13;2025-10;2025-2026;1;Email;Montpellier;Thomas Rey;Rappel demandé;4.3
REL-02574;DEV-02292;2025-10-10;2025-10;2025-2026;1;Email;Bordeaux;Karim Belkacem;Sans réponse;4.0
REL-02575;DEV-02292;2025-10-20;2025-10;2025-2026;2;Email;Bordeaux;Karim Belkacem;Accord obtenu;1.1
REL-02576;DEV-02293;2025-10-13;2025-10;2025-2026;1;Téléphone;Bordeaux;Karim Belkacem;Rappel demandé;8.6
REL-02577;DEV-02293;2025-10-26;2025-10;2025-2026;2;Email;Bordeaux;Karim Belkacem;Accord obtenu;1.0
REL-02578;DEV-02297;2025-10-20;2025-10;2025-2026;1;Téléphone;Montpellier;Thomas Rey;Refus signifié;10.5
REL-02579;DEV-02298;2025-10-23;2025-10;2025-2026;1;Email;Montpellier;Thomas Rey;Sans réponse;2.7
REL-02580;DEV-02302;2025-10-19;2025-10;2025-2026;1;Email;Bordeaux;Sophie Marchand;Négociation en cours;1.7
REL-02581;DEV-02303;2025-10-20;2025-10;2025-2026;1;Email;Toulouse;Julien Fabre;Rappel demandé;2.9
REL-02582;DEV-02305;2025-10-11;2025-10;2025-2026;1;Téléphone;Toulouse;Julien Fabre;Refus signifié;7.4
REL-02583;DEV-02307;2025-10-21;2025-10;2025-2026;1;Email;Montpellier;Thomas Rey;Sans réponse;1.2
REL-02584;DEV-02307;2025-10-31;2025-10;2025-2026;2;Téléphone;Montpellier;Thomas Rey;Sans réponse;9.8
REL-02585;DEV-02307;2025-11-08;2025-11;2025-2026;3;Email;Montpellier;Thomas Rey;Rappel demandé;1.5
REL-02586;DEV-02309;2025-10-27;2025-10;2025-2026;1;Email;Bordeaux;Sophie Marchand;Injoignable;4.9
REL-02587;DEV-02309;2025-11-08;2025-11;2025-2026;2;Email;Bordeaux;Sophie Marchand;Refus signifié;1.2
REL-02588;DEV-02311;2025-10-23;2025-10;2025-2026;1;Email;Bordeaux;Sophie Marchand;Refus signifié;3.2
REL-02589;DEV-02312;2025-10-25;2025-10;2025-2026;1;Email;Toulouse;Nadia Cherif;Sans réponse;2.3
REL-02590;DEV-02312;2025-11-04;2025-11;2025-2026;2;Téléphone;Toulouse;Nadia Cherif;Refus signifié;2.4
REL-02591;DEV-02314;2025-10-23;2025-10;2025-2026;1;Email;Montpellier;Thomas Rey;Sans réponse;4.3
REL-02592;DEV-02314;2025-11-04;2025-11;2025-2026;2;SMS;Montpellier;Thomas Rey;Rappel demandé;1.9
REL-02593;DEV-02317;2025-10-17;2025-10;2025-2026;1;Email;Toulouse;Nadia Cherif;Accord obtenu;3.8
REL-02594;DEV-02320;2025-10-25;2025-10;2025-2026;1;Téléphone;Toulouse;Julien Fabre;Rappel demandé;8.9
REL-02595;DEV-02320;2025-11-01;2025-11;2025-2026;2;Téléphone;Toulouse;Julien Fabre;Sans réponse;6.7
REL-02596;DEV-02320;2025-11-11;2025-11;2025-2026;3;Email;Toulouse;Julien Fabre;Rappel demandé;3.2
REL-02597;DEV-02322;2025-11-01;2025-11;2025-2026;1;Email;Montpellier;Thomas Rey;Sans réponse;2.0
REL-02598;DEV-02322;2025-11-11;2025-11;2025-2026;2;Email;Montpellier;Thomas Rey;Refus signifié;3.4
REL-02599;DEV-02324;2025-10-22;2025-10;2025-2026;1;SMS;Toulouse;Julien Fabre;Rappel demandé;2.4
REL-02600;DEV-02325;2025-10-30;2025-10;2025-2026;1;Téléphone;Toulouse;Julien Fabre;Sans réponse;13.1
REL-02601;DEV-02325;2025-11-06;2025-11;2025-2026;2;Email;Toulouse;Julien Fabre;Refus signifié;4.1
REL-02602;DEV-02330;2025-10-24;2025-10;2025-2026;1;Email;Toulouse;Nadia Cherif;Négociation en cours;3.5
REL-02603;DEV-02330;2025-10-29;2025-10;2025-2026;2;Email;Toulouse;Nadia Cherif;Refus signifié;1.2
REL-02604;DEV-02331;2025-10-25;2025-10;2025-2026;1;Email;Toulouse;Nadia Cherif;Négociation en cours;2.2
REL-02605;DEV-02331;2025-11-02;2025-11;2025-2026;2;Téléphone;Toulouse;Nadia Cherif;Rappel demandé;4.8
REL-02606;DEV-02331;2025-11-10;2025-11;2025-2026;3;Téléphone;Toulouse;Nadia Cherif;Rappel demandé;6.2
REL-02607;DEV-02332;2025-11-03;2025-11;2025-2026;1;Email;Toulouse;Julien Fabre;Rappel demandé;1.4
REL-02608;DEV-02332;2025-11-08;2025-11;2025-2026;2;Email;Toulouse;Julien Fabre;Sans réponse;1.6
REL-02609;DEV-02332;2025-11-17;2025-11;2025-2026;3;Email;Toulouse;Julien Fabre;Refus signifié;4.8
REL-02610;DEV-02333;2025-11-03;2025-11;2025-2026;1;SMS;Montpellier;Thomas Rey;Négociation en cours;2.0
REL-02611;DEV-02335;2025-11-05;2025-11;2025-2026;1;Email;Bordeaux;Sophie Marchand;Rappel demandé;4.6
REL-02612;DEV-02335;2025-11-13;2025-11;2025-2026;2;Téléphone;Bordeaux;Sophie Marchand;Refus signifié;12.5
REL-02613;DEV-02340;2025-11-04;2025-11;2025-2026;1;Téléphone;Bordeaux;Sophie Marchand;Sans réponse;12.7
REL-02614;DEV-02342;2025-11-03;2025-11;2025-2026;1;Téléphone;Bordeaux;Karim Belkacem;Rappel demandé;6.3
REL-02615;DEV-02342;2025-11-12;2025-11;2025-2026;2;Email;Bordeaux;Karim Belkacem;Sans réponse;1.7
REL-02616;DEV-02343;2025-11-02;2025-11;2025-2026;1;SMS;Bordeaux;Karim Belkacem;Sans réponse;1.1
REL-02617;DEV-02343;2025-11-09;2025-11;2025-2026;2;Email;Bordeaux;Karim Belkacem;Rappel demandé;3.9
REL-02618;DEV-02343;2025-11-23;2025-11;2025-2026;3;Téléphone;Bordeaux;Karim Belkacem;Accord obtenu;3.5
REL-02619;DEV-02346;2025-11-03;2025-11;2025-2026;1;Email;Bordeaux;Sophie Marchand;Sans réponse;1.9
REL-02620;DEV-02348;2025-10-29;2025-10;2025-2026;1;Téléphone;Bordeaux;Sophie Marchand;Accord obtenu;11.3
REL-02621;DEV-02349;2025-10-31;2025-10;2025-2026;1;Téléphone;Montpellier;Thomas Rey;Rappel demandé;5.6
REL-02622;DEV-02353;2025-11-01;2025-11;2025-2026;1;Email;Montpellier;Thomas Rey;Rappel demandé;2.4
REL-02623;DEV-02355;2025-10-29;2025-10;2025-2026;1;Email;Bordeaux;Karim Belkacem;Sans réponse;2.2
REL-02624;DEV-02356;2025-11-23;2025-11;2025-2026;1;Téléphone;Montpellier;Thomas Rey;Sans réponse;3.9
REL-02625;DEV-02357;2025-11-01;2025-11;2025-2026;1;SMS;Bordeaux;Karim Belkacem;Négociation en cours;4.3
REL-02626;DEV-02357;2025-11-13;2025-11;2025-2026;2;SMS;Bordeaux;Karim Belkacem;Accord obtenu;3.2
REL-02627;DEV-02359;2025-11-06;2025-11;2025-2026;1;Téléphone;Bordeaux;Karim Belkacem;Négociation en cours;7.9
REL-02628;DEV-02360;2025-11-09;2025-11;2025-2026;1;Email;Toulouse;Nadia Cherif;Injoignable;3.2
REL-02629;DEV-02360;2025-11-23;2025-11;2025-2026;2;Téléphone;Toulouse;Nadia Cherif;Sans réponse;3.7
REL-02630;DEV-02361;2025-11-05;2025-11;2025-2026;1;Email;Toulouse;Julien Fabre;Accord obtenu;1.2
REL-02631;DEV-02362;2025-11-03;2025-11;2025-2026;1;SMS;Toulouse;Nadia Cherif;Sans réponse;1.6
REL-02632;DEV-02362;2025-11-11;2025-11;2025-2026;2;Email;Toulouse;Nadia Cherif;Injoignable;2.1
REL-02633;DEV-02363;2025-11-08;2025-11;2025-2026;1;Email;Montpellier;Thomas Rey;Refus signifié;2.9
REL-02634;DEV-02364;2025-11-06;2025-11;2025-2026;1;SMS;Bordeaux;Sophie Marchand;Accord obtenu;4.2
REL-02635;DEV-02365;2025-11-11;2025-11;2025-2026;1;Email;Bordeaux;Karim Belkacem;Rappel demandé;2.4
REL-02636;DEV-02367;2025-11-10;2025-11;2025-2026;1;Téléphone;Toulouse;Julien Fabre;Négociation en cours;3.8
REL-02637;DEV-02368;2025-11-07;2025-11;2025-2026;1;SMS;Montpellier;Thomas Rey;Rappel demandé;2.1
REL-02638;DEV-02368;2025-11-15;2025-11;2025-2026;2;Téléphone;Montpellier;Thomas Rey;Sans réponse;11.2
REL-02639;DEV-02369;2025-11-11;2025-11;2025-2026;1;Téléphone;Toulouse;Julien Fabre;Accord obtenu;5.3
REL-02640;DEV-02372;2025-11-14;2025-11;2025-2026;1;Téléphone;Toulouse;Julien Fabre;Injoignable;12.9
REL-02641;DEV-02373;2025-11-16;2025-11;2025-2026;1;Email;Bordeaux;Karim Belkacem;Sans réponse;4.6
REL-02642;DEV-02373;2025-11-23;2025-11;2025-2026;2;Téléphone;Bordeaux;Karim Belkacem;Sans réponse;13.5
REL-02643;DEV-02373;2025-12-05;2025-12;2025-2026;3;Email;Bordeaux;Karim Belkacem;Négociation en cours;4.2
REL-02644;DEV-02373;2025-12-17;2025-12;2025-2026;4;Téléphone;Bordeaux;Karim Belkacem;Accord obtenu;10.8
REL-02645;DEV-02374;2025-11-11;2025-11;2025-2026;1;Téléphone;Bordeaux;Sophie Marchand;Accord obtenu;9.4
REL-02646;DEV-02375;2025-11-19;2025-11;2025-2026;1;SMS;Bordeaux;Sophie Marchand;Sans réponse;2.8
REL-02647;DEV-02378;2025-11-10;2025-11;2025-2026;1;SMS;Bordeaux;Karim Belkacem;Négociation en cours;2.8
REL-02648;DEV-02379;2025-11-07;2025-11;2025-2026;1;Email;Bordeaux;Karim Belkacem;Injoignable;4.0
REL-02649;DEV-02379;2025-11-20;2025-11;2025-2026;2;Email;Bordeaux;Karim Belkacem;Accord obtenu;1.8
REL-02650;DEV-02380;2025-11-12;2025-11;2025-2026;1;Email;Montpellier;Thomas Rey;Sans réponse;3.6
REL-02651;DEV-02380;2025-11-18;2025-11;2025-2026;2;SMS;Montpellier;Thomas Rey;Rappel demandé;3.8
REL-02652;DEV-02381;2025-11-17;2025-11;2025-2026;1;Email;Toulouse;Nadia Cherif;Injoignable;2.4
REL-02653;DEV-02382;2025-11-15;2025-11;2025-2026;1;Email;Bordeaux;Sophie Marchand;Injoignable;2.2
REL-02654;DEV-02382;2025-11-28;2025-11;2025-2026;2;Téléphone;Bordeaux;Sophie Marchand;Sans réponse;10.2
REL-02655;DEV-02382;2025-12-03;2025-12;2025-2026;3;Email;Bordeaux;Sophie Marchand;Accord obtenu;3.8
REL-02656;DEV-02384;2025-11-11;2025-11;2025-2026;1;Email;Bordeaux;Karim Belkacem;Rappel demandé;4.9
REL-02657;DEV-02384;2025-11-17;2025-11;2025-2026;2;Email;Bordeaux;Karim Belkacem;Accord obtenu;2.3
REL-02658;DEV-02385;2025-11-10;2025-11;2025-2026;1;Téléphone;Montpellier;Thomas Rey;Sans réponse;7.6
REL-02659;DEV-02389;2025-11-11;2025-11;2025-2026;1;Email;Montpellier;Thomas Rey;Refus signifié;1.8
REL-02660;DEV-02390;2025-11-19;2025-11;2025-2026;1;Email;Montpellier;Thomas Rey;Sans réponse;4.8
REL-02661;DEV-02390;2025-11-25;2025-11;2025-2026;2;Téléphone;Montpellier;Thomas Rey;Sans réponse;4.4
REL-02662;DEV-02390;2025-12-06;2025-12;2025-2026;3;Email;Montpellier;Thomas Rey;Injoignable;2.3
REL-02663;DEV-02390;2025-12-12;2025-12;2025-2026;4;Email;Montpellier;Thomas Rey;Refus signifié;1.9
REL-02664;DEV-02392;2025-11-13;2025-11;2025-2026;1;Téléphone;Bordeaux;Karim Belkacem;Négociation en cours;2.8
REL-02665;DEV-02392;2025-11-23;2025-11;2025-2026;2;Email;Bordeaux;Karim Belkacem;Sans réponse;2.6
REL-02666;DEV-02393;2025-11-18;2025-11;2025-2026;1;Email;Bordeaux;Karim Belkacem;Sans réponse;3.7
REL-02667;DEV-02395;2025-11-18;2025-11;2025-2026;1;Email;Bordeaux;Sophie Marchand;Rappel demandé;2.8
REL-02668;DEV-02397;2025-11-17;2025-11;2025-2026;1;Téléphone;Bordeaux;Karim Belkacem;Négociation en cours;5.3
REL-02669;DEV-02397;2025-11-25;2025-11;2025-2026;2;Téléphone;Bordeaux;Karim Belkacem;Sans réponse;10.8
REL-02670;DEV-02400;2025-11-17;2025-11;2025-2026;1;Téléphone;Bordeaux;Karim Belkacem;Accord obtenu;11.0
REL-02671;DEV-02401;2025-11-25;2025-11;2025-2026;1;Téléphone;Bordeaux;Karim Belkacem;Rappel demandé;7.2
REL-02672;DEV-02402;2025-11-25;2025-11;2025-2026;1;SMS;Bordeaux;Karim Belkacem;Refus signifié;2.3
REL-02673;DEV-02405;2025-11-27;2025-11;2025-2026;1;Téléphone;Toulouse;Julien Fabre;Rappel demandé;7.9
REL-02674;DEV-02406;2025-11-17;2025-11;2025-2026;1;SMS;Bordeaux;Karim Belkacem;Rappel demandé;3.6
REL-02675;DEV-02407;2025-11-24;2025-11;2025-2026;1;Email;Montpellier;Thomas Rey;Accord obtenu;1.9
REL-02676;DEV-02409;2025-11-23;2025-11;2025-2026;1;Email;Bordeaux;Sophie Marchand;Accord obtenu;3.2
REL-02677;DEV-02410;2025-11-24;2025-11;2025-2026;1;Email;Bordeaux;Karim Belkacem;Sans réponse;1.1
REL-02678;DEV-02412;2025-11-29;2025-11;2025-2026;1;Téléphone;Bordeaux;Sophie Marchand;Refus signifié;5.5
REL-02679;DEV-02416;2025-11-28;2025-11;2025-2026;1;Email;Bordeaux;Karim Belkacem;Sans réponse;1.8
REL-02680;DEV-02416;2025-12-04;2025-12;2025-2026;2;Téléphone;Bordeaux;Karim Belkacem;Sans réponse;5.7
REL-02681;DEV-02417;2025-11-30;2025-11;2025-2026;1;Email;Toulouse;Julien Fabre;Injoignable;2.6
REL-02682;DEV-02417;2025-12-13;2025-12;2025-2026;2;Téléphone;Toulouse;Julien Fabre;Accord obtenu;3.3
REL-02683;DEV-02418;2025-11-29;2025-11;2025-2026;1;Email;Montpellier;Thomas Rey;Injoignable;2.1
REL-02684;DEV-02421;2025-11-23;2025-11;2025-2026;1;Téléphone;Bordeaux;Karim Belkacem;Rappel demandé;5.3
REL-02685;DEV-02421;2025-11-28;2025-11;2025-2026;2;Téléphone;Bordeaux;Karim Belkacem;Accord obtenu;7.9
REL-02686;DEV-02422;2025-11-30;2025-11;2025-2026;1;Email;Toulouse;Julien Fabre;Injoignable;4.3
REL-02687;DEV-02422;2025-12-08;2025-12;2025-2026;2;Téléphone;Toulouse;Julien Fabre;Refus signifié;6.3
REL-02688;DEV-02423;2025-12-04;2025-12;2025-2026;1;Téléphone;Bordeaux;Karim Belkacem;Sans réponse;10.1
REL-02689;DEV-02423;2025-12-15;2025-12;2025-2026;2;Email;Bordeaux;Karim Belkacem;Rappel demandé;3.4
REL-02690;DEV-02425;2025-12-02;2025-12;2025-2026;1;Téléphone;Montpellier;Thomas Rey;Rappel demandé;10.1
REL-02691;DEV-02425;2025-12-16;2025-12;2025-2026;2;Email;Montpellier;Thomas Rey;Rappel demandé;2.2
REL-02692;DEV-02426;2025-11-29;2025-11;2025-2026;1;Téléphone;Toulouse;Julien Fabre;Sans réponse;3.0
REL-02693;DEV-02427;2025-12-04;2025-12;2025-2026;1;Email;Bordeaux;Sophie Marchand;Sans réponse;2.5
REL-02694;DEV-02428;2025-11-28;2025-11;2025-2026;1;SMS;Bordeaux;Karim Belkacem;Accord obtenu;4.2
REL-02695;DEV-02429;2025-12-06;2025-12;2025-2026;1;Téléphone;Toulouse;Nadia Cherif;Sans réponse;6.5
REL-02696;DEV-02430;2025-12-04;2025-12;2025-2026;1;Téléphone;Montpellier;Thomas Rey;Refus signifié;10.9
REL-02697;DEV-02431;2025-12-07;2025-12;2025-2026;1;SMS;Montpellier;Thomas Rey;Refus signifié;2.3
REL-02698;DEV-02438;2025-12-06;2025-12;2025-2026;1;Email;Toulouse;Julien Fabre;Sans réponse;2.2
REL-02699;DEV-02439;2025-12-06;2025-12;2025-2026;1;Téléphone;Bordeaux;Sophie Marchand;Rappel demandé;5.8
REL-02700;DEV-02439;2025-12-15;2025-12;2025-2026;2;Téléphone;Bordeaux;Sophie Marchand;Négociation en cours;6.6
REL-02701;DEV-02440;2025-12-04;2025-12;2025-2026;1;SMS;Bordeaux;Karim Belkacem;Injoignable;3.4
REL-02702;DEV-02441;2025-11-29;2025-11;2025-2026;1;SMS;Bordeaux;Karim Belkacem;Négociation en cours;4.0
REL-02703;DEV-02442;2025-12-05;2025-12;2025-2026;1;Email;Bordeaux;Karim Belkacem;Sans réponse;3.5
REL-02704;DEV-02444;2025-12-05;2025-12;2025-2026;1;Téléphone;Montpellier;Thomas Rey;Sans réponse;2.6
REL-02705;DEV-02446;2025-12-11;2025-12;2025-2026;1;Email;Bordeaux;Sophie Marchand;Accord obtenu;4.2
REL-02706;DEV-02447;2025-12-05;2025-12;2025-2026;1;Email;Toulouse;Nadia Cherif;Refus signifié;1.7
REL-02707;DEV-02450;2025-12-08;2025-12;2025-2026;1;Email;Bordeaux;Sophie Marchand;Sans réponse;1.7
REL-02708;DEV-02452;2025-12-02;2025-12;2025-2026;1;Email;Toulouse;Nadia Cherif;Accord obtenu;2.3
REL-02709;DEV-02453;2025-12-14;2025-12;2025-2026;1;Email;Toulouse;Nadia Cherif;Rappel demandé;2.8
REL-02710;DEV-02453;2025-12-28;2025-12;2025-2026;2;Téléphone;Toulouse;Nadia Cherif;Rappel demandé;4.8
REL-02711;DEV-02454;2025-12-07;2025-12;2025-2026;1;Téléphone;Bordeaux;Sophie Marchand;Négociation en cours;5.0
REL-02712;DEV-02457;2025-12-14;2025-12;2025-2026;1;Email;Montpellier;Thomas Rey;Refus signifié;4.9
REL-02713;DEV-02460;2025-12-06;2025-12;2025-2026;1;Téléphone;Toulouse;Nadia Cherif;Sans réponse;13.4
REL-02714;DEV-02460;2025-12-17;2025-12;2025-2026;2;SMS;Toulouse;Nadia Cherif;Sans réponse;5.0
REL-02715;DEV-02461;2025-12-19;2025-12;2025-2026;1;Téléphone;Montpellier;Thomas Rey;Sans réponse;2.3
REL-02716;DEV-02463;2025-12-15;2025-12;2025-2026;1;Email;Bordeaux;Sophie Marchand;Sans réponse;4.0
REL-02717;DEV-02465;2025-12-14;2025-12;2025-2026;1;Email;Bordeaux;Sophie Marchand;Refus signifié;1.8
REL-02718;DEV-02468;2025-12-08;2025-12;2025-2026;1;Téléphone;Montpellier;Thomas Rey;Injoignable;10.8
REL-02719;DEV-02471;2025-12-10;2025-12;2025-2026;1;Téléphone;Toulouse;Nadia Cherif;Négociation en cours;3.3
REL-02720;DEV-02473;2025-12-09;2025-12;2025-2026;1;SMS;Bordeaux;Sophie Marchand;Rappel demandé;1.5
REL-02721;DEV-02473;2025-12-23;2025-12;2025-2026;2;Téléphone;Bordeaux;Sophie Marchand;Rappel demandé;12.1
REL-02722;DEV-02473;2026-01-05;2026-01;2025-2026;3;Email;Bordeaux;Sophie Marchand;Sans réponse;4.9
REL-02723;DEV-02474;2025-12-13;2025-12;2025-2026;1;Téléphone;Toulouse;Nadia Cherif;Refus signifié;7.0
REL-02724;DEV-02477;2025-12-15;2025-12;2025-2026;1;Email;Bordeaux;Karim Belkacem;Rappel demandé;4.9
REL-02725;DEV-02478;2025-12-17;2025-12;2025-2026;1;Email;Toulouse;Nadia Cherif;Sans réponse;2.2
REL-02726;DEV-02478;2025-12-28;2025-12;2025-2026;2;Téléphone;Toulouse;Nadia Cherif;Rappel demandé;12.5
REL-02727;DEV-02478;2026-01-06;2026-01;2025-2026;3;Téléphone;Toulouse;Nadia Cherif;Négociation en cours;8.1
REL-02728;DEV-02479;2025-12-27;2025-12;2025-2026;1;Téléphone;Montpellier;Thomas Rey;Rappel demandé;8.5
REL-02729;DEV-02480;2025-12-11;2025-12;2025-2026;1;Email;Bordeaux;Karim Belkacem;Sans réponse;4.4
REL-02730;DEV-02480;2025-12-25;2025-12;2025-2026;2;Email;Bordeaux;Karim Belkacem;Accord obtenu;4.0
REL-02731;DEV-02482;2025-12-16;2025-12;2025-2026;1;Email;Bordeaux;Karim Belkacem;Rappel demandé;4.3
REL-02732;DEV-02482;2025-12-22;2025-12;2025-2026;2;Email;Bordeaux;Karim Belkacem;Sans réponse;1.2
REL-02733;DEV-02483;2025-12-16;2025-12;2025-2026;1;Téléphone;Bordeaux;Karim Belkacem;Accord obtenu;6.0
REL-02734;DEV-02484;2025-12-20;2025-12;2025-2026;1;Email;Bordeaux;Karim Belkacem;Rappel demandé;1.6
REL-02735;DEV-02485;2025-12-23;2025-12;2025-2026;1;Téléphone;Montpellier;Thomas Rey;Accord obtenu;7.4
REL-02736;DEV-02486;2025-12-19;2025-12;2025-2026;1;Email;Bordeaux;Sophie Marchand;Rappel demandé;4.8
REL-02737;DEV-02490;2025-12-20;2025-12;2025-2026;1;Email;Bordeaux;Karim Belkacem;Rappel demandé;4.7
REL-02738;DEV-02491;2025-12-25;2025-12;2025-2026;1;Téléphone;Toulouse;Julien Fabre;Rappel demandé;7.5
REL-02739;DEV-02491;2026-01-07;2026-01;2025-2026;2;Email;Toulouse;Julien Fabre;Accord obtenu;3.1
REL-02740;DEV-02494;2025-12-26;2025-12;2025-2026;1;Email;Toulouse;Julien Fabre;Rappel demandé;2.1
REL-02741;DEV-02495;2025-12-20;2025-12;2025-2026;1;Email;Bordeaux;Karim Belkacem;Injoignable;2.4
REL-02742;DEV-02495;2025-12-27;2025-12;2025-2026;2;Email;Bordeaux;Karim Belkacem;Sans réponse;2.1
REL-02743;DEV-02496;2025-12-27;2025-12;2025-2026;1;Téléphone;Toulouse;Nadia Cherif;Injoignable;5.0
REL-02744;DEV-02496;2026-01-01;2026-01;2025-2026;2;Email;Toulouse;Nadia Cherif;Sans réponse;1.9
REL-02745;DEV-02497;2025-12-24;2025-12;2025-2026;1;Email;Toulouse;Nadia Cherif;Accord obtenu;3.0
REL-02746;DEV-02498;2025-12-28;2025-12;2025-2026;1;Téléphone;Toulouse;Julien Fabre;Accord obtenu;7.7
REL-02747;DEV-02507;2025-12-30;2025-12;2025-2026;1;Email;Bordeaux;Karim Belkacem;Rappel demandé;2.0
REL-02748;DEV-02507;2026-01-09;2026-01;2025-2026;2;Téléphone;Bordeaux;Karim Belkacem;Sans réponse;11.0
REL-02749;DEV-02508;2025-12-24;2025-12;2025-2026;1;Téléphone;Bordeaux;Karim Belkacem;Refus signifié;2.9
REL-02750;DEV-02510;2025-12-26;2025-12;2025-2026;1;Email;Toulouse;Nadia Cherif;Accord obtenu;4.1
REL-02751;DEV-02511;2025-12-28;2025-12;2025-2026;1;Téléphone;Toulouse;Julien Fabre;Accord obtenu;4.5
REL-02752;DEV-02512;2025-12-28;2025-12;2025-2026;1;Email;Toulouse;Nadia Cherif;Rappel demandé;4.0
REL-02753;DEV-02512;2026-01-05;2026-01;2025-2026;2;Email;Toulouse;Nadia Cherif;Sans réponse;4.2
REL-02754;DEV-02514;2026-01-02;2026-01;2025-2026;1;Email;Montpellier;Thomas Rey;Injoignable;4.7
REL-02755;DEV-02515;2026-01-02;2026-01;2025-2026;1;Email;Toulouse;Julien Fabre;Négociation en cours;2.0
REL-02756;DEV-02515;2026-01-16;2026-01;2025-2026;2;Email;Toulouse;Julien Fabre;Refus signifié;4.2
REL-02757;DEV-02516;2026-01-11;2026-01;2025-2026;1;Téléphone;Montpellier;Thomas Rey;Refus signifié;11.6
REL-02758;DEV-02517;2026-01-06;2026-01;2025-2026;1;Téléphone;Bordeaux;Sophie Marchand;Négociation en cours;8.1
REL-02759;DEV-02518;2026-01-02;2026-01;2025-2026;1;Téléphone;Bordeaux;Sophie Marchand;Rappel demandé;3.3
REL-02760;DEV-02519;2025-12-28;2025-12;2025-2026;1;Téléphone;Bordeaux;Sophie Marchand;Accord obtenu;10.0
REL-02761;DEV-02520;2026-01-04;2026-01;2025-2026;1;SMS;Montpellier;Thomas Rey;Refus signifié;4.3
REL-02762;DEV-02522;2026-01-02;2026-01;2025-2026;1;Email;Bordeaux;Karim Belkacem;Refus signifié;1.2
REL-02763;DEV-02523;2025-12-30;2025-12;2025-2026;1;Email;Toulouse;Julien Fabre;Refus signifié;1.3
REL-02764;DEV-02525;2026-01-05;2026-01;2025-2026;1;Email;Montpellier;Thomas Rey;Rappel demandé;1.9
REL-02765;DEV-02526;2026-01-05;2026-01;2025-2026;1;SMS;Bordeaux;Sophie Marchand;Sans réponse;4.1
REL-02766;DEV-02527;2025-12-28;2025-12;2025-2026;1;Email;Toulouse;Julien Fabre;Accord obtenu;3.0
REL-02767;DEV-02528;2026-01-10;2026-01;2025-2026;1;Email;Bordeaux;Sophie Marchand;Sans réponse;1.7
REL-02768;DEV-02529;2026-01-01;2026-01;2025-2026;1;Téléphone;Toulouse;Julien Fabre;Rappel demandé;2.2
REL-02769;DEV-02532;2026-01-07;2026-01;2025-2026;1;Téléphone;Toulouse;Julien Fabre;Négociation en cours;11.0
REL-02770;DEV-02532;2026-01-18;2026-01;2025-2026;2;Téléphone;Toulouse;Julien Fabre;Sans réponse;11.2
REL-02771;DEV-02532;2026-01-23;2026-01;2025-2026;3;Email;Toulouse;Julien Fabre;Refus signifié;3.2
REL-02772;DEV-02534;2025-12-30;2025-12;2025-2026;1;Email;Bordeaux;Karim Belkacem;Injoignable;2.9
REL-02773;DEV-02535;2026-01-05;2026-01;2025-2026;1;Email;Bordeaux;Karim Belkacem;Accord obtenu;1.6
REL-02774;DEV-02536;2026-01-04;2026-01;2025-2026;1;Téléphone;Montpellier;Thomas Rey;Refus signifié;4.0
REL-02775;DEV-02543;2026-01-12;2026-01;2025-2026;1;Email;Montpellier;Thomas Rey;Refus signifié;3.0
REL-02776;DEV-02546;2026-01-07;2026-01;2025-2026;1;Téléphone;Bordeaux;Karim Belkacem;Accord obtenu;9.7
REL-02777;DEV-02549;2026-01-20;2026-01;2025-2026;1;Téléphone;Toulouse;Julien Fabre;Sans réponse;4.0
REL-02778;DEV-02550;2026-01-16;2026-01;2025-2026;1;Téléphone;Bordeaux;Sophie Marchand;Sans réponse;12.6
REL-02779;DEV-02553;2026-01-15;2026-01;2025-2026;1;Téléphone;Bordeaux;Karim Belkacem;Refus signifié;10.2
REL-02780;DEV-02556;2026-01-20;2026-01;2025-2026;1;Email;Montpellier;Thomas Rey;Refus signifié;3.1
REL-02781;DEV-02557;2026-01-14;2026-01;2025-2026;1;Email;Bordeaux;Karim Belkacem;Négociation en cours;1.6
REL-02782;DEV-02557;2026-01-26;2026-01;2025-2026;2;Téléphone;Bordeaux;Karim Belkacem;Sans réponse;9.8
REL-02783;DEV-02557;2026-01-31;2026-01;2025-2026;3;SMS;Bordeaux;Karim Belkacem;Refus signifié;1.4
REL-02784;DEV-02559;2026-01-13;2026-01;2025-2026;1;Téléphone;Toulouse;Julien Fabre;Rappel demandé;11.1
REL-02785;DEV-02559;2026-01-23;2026-01;2025-2026;2;Email;Toulouse;Julien Fabre;Rappel demandé;2.3
REL-02786;DEV-02561;2026-01-10;2026-01;2025-2026;1;Email;Toulouse;Nadia Cherif;Rappel demandé;2.0
REL-02787;DEV-02561;2026-01-22;2026-01;2025-2026;2;Téléphone;Toulouse;Nadia Cherif;Sans réponse;5.1
REL-02788;DEV-02561;2026-02-01;2026-02;2025-2026;3;SMS;Toulouse;Nadia Cherif;Refus signifié;3.6
REL-02789;DEV-02563;2026-01-17;2026-01;2025-2026;1;Email;Montpellier;Thomas Rey;Sans réponse;2.3
REL-02790;DEV-02564;2026-01-14;2026-01;2025-2026;1;Téléphone;Toulouse;Julien Fabre;Sans réponse;9.3
REL-02791;DEV-02564;2026-01-25;2026-01;2025-2026;2;SMS;Toulouse;Julien Fabre;Accord obtenu;2.1
REL-02792;DEV-02568;2026-01-17;2026-01;2025-2026;1;Email;Montpellier;Thomas Rey;Refus signifié;4.6
REL-02793;DEV-02569;2026-01-20;2026-01;2025-2026;1;Email;Montpellier;Thomas Rey;Négociation en cours;2.7
REL-02794;DEV-02571;2026-01-14;2026-01;2025-2026;1;Email;Toulouse;Nadia Cherif;Rappel demandé;2.8
REL-02795;DEV-02572;2026-01-23;2026-01;2025-2026;1;Email;Bordeaux;Sophie Marchand;Refus signifié;1.4
REL-02796;DEV-02573;2026-01-16;2026-01;2025-2026;1;Téléphone;Bordeaux;Karim Belkacem;Sans réponse;6.7
REL-02797;DEV-02575;2026-01-20;2026-01;2025-2026;1;Email;Montpellier;Thomas Rey;Rappel demandé;4.7
REL-02798;DEV-02576;2026-01-20;2026-01;2025-2026;1;Téléphone;Bordeaux;Sophie Marchand;Refus signifié;11.5
REL-02799;DEV-02578;2026-01-26;2026-01;2025-2026;1;Email;Bordeaux;Sophie Marchand;Sans réponse;1.0
REL-02800;DEV-02584;2026-01-20;2026-01;2025-2026;1;Email;Toulouse;Julien Fabre;Sans réponse;2.2
REL-02801;DEV-02587;2026-01-23;2026-01;2025-2026;1;Email;Bordeaux;Karim Belkacem;Injoignable;4.7
REL-02802;DEV-02587;2026-01-28;2026-01;2025-2026;2;Email;Bordeaux;Karim Belkacem;Accord obtenu;4.1
REL-02803;DEV-02588;2026-01-24;2026-01;2025-2026;1;Téléphone;Bordeaux;Sophie Marchand;Sans réponse;11.5
REL-02804;DEV-02589;2026-01-18;2026-01;2025-2026;1;Email;Bordeaux;Sophie Marchand;Rappel demandé;4.9
REL-02805;DEV-02591;2026-01-20;2026-01;2025-2026;1;Email;Montpellier;Thomas Rey;Rappel demandé;1.2
REL-02806;DEV-02591;2026-01-26;2026-01;2025-2026;2;Email;Montpellier;Thomas Rey;Injoignable;3.8
REL-02807;DEV-02592;2026-01-23;2026-01;2025-2026;1;Email;Toulouse;Nadia Cherif;Accord obtenu;3.5
REL-02808;DEV-02594;2026-01-22;2026-01;2025-2026;1;Email;Bordeaux;Karim Belkacem;Accord obtenu;4.2
REL-02809;DEV-02596;2026-01-17;2026-01;2025-2026;1;Email;Bordeaux;Karim Belkacem;Injoignable;1.5
REL-02810;DEV-02597;2026-02-01;2026-02;2025-2026;1;Téléphone;Montpellier;Thomas Rey;Sans réponse;11.3
REL-02811;DEV-02603;2026-01-29;2026-01;2025-2026;1;Email;Montpellier;Thomas Rey;Sans réponse;3.8
REL-02812;DEV-02604;2026-01-31;2026-01;2025-2026;1;Email;Toulouse;Julien Fabre;Négociation en cours;3.7
REL-02813;DEV-02604;2026-02-12;2026-02;2025-2026;2;Téléphone;Toulouse;Julien Fabre;Refus signifié;4.2
REL-02814;DEV-02605;2026-01-29;2026-01;2025-2026;1;Email;Toulouse;Nadia Cherif;Négociation en cours;2.0
REL-02815;DEV-02609;2026-02-02;2026-02;2025-2026;1;Email;Montpellier;Thomas Rey;Refus signifié;1.5
REL-02816;DEV-02610;2026-02-07;2026-02;2025-2026;1;Email;Montpellier;Thomas Rey;Négociation en cours;3.1
REL-02817;DEV-02610;2026-02-19;2026-02;2025-2026;2;Email;Montpellier;Thomas Rey;Sans réponse;1.2
REL-02818;DEV-02611;2026-01-28;2026-01;2025-2026;1;Téléphone;Bordeaux;Sophie Marchand;Négociation en cours;3.3
REL-02819;DEV-02614;2026-01-27;2026-01;2025-2026;1;Téléphone;Bordeaux;Sophie Marchand;Sans réponse;9.4
REL-02820;DEV-02614;2026-02-02;2026-02;2025-2026;2;Email;Bordeaux;Sophie Marchand;Accord obtenu;5.0
REL-02821;DEV-02616;2026-01-28;2026-01;2025-2026;1;Téléphone;Bordeaux;Sophie Marchand;Sans réponse;8.8
REL-02822;DEV-02616;2026-02-05;2026-02;2025-2026;2;SMS;Bordeaux;Sophie Marchand;Sans réponse;1.6
REL-02823;DEV-02617;2026-01-29;2026-01;2025-2026;1;Téléphone;Toulouse;Julien Fabre;Négociation en cours;10.9
REL-02824;DEV-02617;2026-02-08;2026-02;2025-2026;2;Téléphone;Toulouse;Julien Fabre;Injoignable;12.3
REL-02825;DEV-02621;2026-01-28;2026-01;2025-2026;1;Email;Bordeaux;Karim Belkacem;Négociation en cours;2.6
REL-02826;DEV-02621;2026-02-08;2026-02;2025-2026;2;Email;Bordeaux;Karim Belkacem;Sans réponse;1.9
REL-02827;DEV-02622;2026-02-03;2026-02;2025-2026;1;SMS;Bordeaux;Karim Belkacem;Rappel demandé;1.7
REL-02828;DEV-02622;2026-02-11;2026-02;2025-2026;2;Téléphone;Bordeaux;Karim Belkacem;Sans réponse;5.0
REL-02829;DEV-02623;2026-02-04;2026-02;2025-2026;1;Téléphone;Bordeaux;Sophie Marchand;Refus signifié;7.2
REL-02830;DEV-02624;2026-02-06;2026-02;2025-2026;1;Email;Toulouse;Julien Fabre;Injoignable;2.8
REL-02831;DEV-02624;2026-02-12;2026-02;2025-2026;2;SMS;Toulouse;Julien Fabre;Rappel demandé;2.0
REL-02832;DEV-02631;2026-02-16;2026-02;2025-2026;1;Téléphone;Toulouse;Nadia Cherif;Rappel demandé;13.2
REL-02833;DEV-02632;2026-02-09;2026-02;2025-2026;1;Email;Toulouse;Nadia Cherif;Rappel demandé;3.4
REL-02834;DEV-02632;2026-02-21;2026-02;2025-2026;2;Email;Toulouse;Nadia Cherif;Négociation en cours;3.4
REL-02835;DEV-02634;2026-02-02;2026-02;2025-2026;1;SMS;Bordeaux;Karim Belkacem;Sans réponse;1.2
REL-02836;DEV-02634;2026-02-12;2026-02;2025-2026;2;Téléphone;Bordeaux;Karim Belkacem;Rappel demandé;8.8
REL-02837;DEV-02635;2026-02-10;2026-02;2025-2026;1;Email;Bordeaux;Sophie Marchand;Sans réponse;2.1
REL-02838;DEV-02635;2026-02-16;2026-02;2025-2026;2;Téléphone;Bordeaux;Sophie Marchand;Refus signifié;6.9
REL-02839;DEV-02636;2026-02-16;2026-02;2025-2026;1;SMS;Toulouse;Julien Fabre;Rappel demandé;1.9
REL-02840;DEV-02639;2026-02-10;2026-02;2025-2026;1;SMS;Toulouse;Julien Fabre;Accord obtenu;2.2
REL-02841;DEV-02640;2026-02-07;2026-02;2025-2026;1;Téléphone;Bordeaux;Sophie Marchand;Sans réponse;11.4
REL-02842;DEV-02641;2026-02-05;2026-02;2025-2026;1;Téléphone;Toulouse;Nadia Cherif;Sans réponse;6.1
REL-02843;DEV-02641;2026-02-14;2026-02;2025-2026;2;Email;Toulouse;Nadia Cherif;Sans réponse;2.6
REL-02844;DEV-02645;2026-02-06;2026-02;2025-2026;1;Téléphone;Toulouse;Julien Fabre;Accord obtenu;3.4
REL-02845;DEV-02646;2026-02-12;2026-02;2025-2026;1;Email;Bordeaux;Sophie Marchand;Sans réponse;3.2
REL-02846;DEV-02649;2026-02-06;2026-02;2025-2026;1;Email;Bordeaux;Karim Belkacem;Refus signifié;4.7
REL-02847;DEV-02650;2026-02-06;2026-02;2025-2026;1;Email;Bordeaux;Sophie Marchand;Accord obtenu;4.8
REL-02848;DEV-02653;2026-02-13;2026-02;2025-2026;1;Email;Bordeaux;Sophie Marchand;Sans réponse;3.9
REL-02849;DEV-02653;2026-02-20;2026-02;2025-2026;2;Téléphone;Bordeaux;Sophie Marchand;Sans réponse;9.8
REL-02850;DEV-02655;2026-02-15;2026-02;2025-2026;1;Téléphone;Toulouse;Nadia Cherif;Rappel demandé;10.0
REL-02851;DEV-02657;2026-02-18;2026-02;2025-2026;1;Email;Bordeaux;Sophie Marchand;Rappel demandé;4.8
REL-02852;DEV-02660;2026-02-16;2026-02;2025-2026;1;Email;Toulouse;Julien Fabre;Sans réponse;4.5
REL-02853;DEV-02661;2026-02-13;2026-02;2025-2026;1;Email;Toulouse;Nadia Cherif;Accord obtenu;1.2
REL-02854;DEV-02662;2026-02-15;2026-02;2025-2026;1;Email;Bordeaux;Sophie Marchand;Refus signifié;3.7
REL-02855;DEV-02664;2026-02-14;2026-02;2025-2026;1;Email;Bordeaux;Karim Belkacem;Rappel demandé;4.8
REL-02856;DEV-02664;2026-02-24;2026-02;2025-2026;2;Téléphone;Bordeaux;Karim Belkacem;Accord obtenu;5.1
REL-02857;DEV-02671;2026-02-17;2026-02;2025-2026;1;Téléphone;Bordeaux;Sophie Marchand;Refus signifié;11.3
REL-02858;DEV-02672;2026-02-27;2026-02;2025-2026;1;Téléphone;Toulouse;Julien Fabre;Rappel demandé;2.3
REL-02859;DEV-02672;2026-03-07;2026-03;2025-2026;2;Email;Toulouse;Julien Fabre;Accord obtenu;1.4
REL-02860;DEV-02673;2026-02-15;2026-02;2025-2026;1;Email;Bordeaux;Karim Belkacem;Négociation en cours;2.7
REL-02861;DEV-02673;2026-02-28;2026-02;2025-2026;2;Email;Bordeaux;Karim Belkacem;Rappel demandé;5.0
REL-02862;DEV-02673;2026-03-13;2026-03;2025-2026;3;Email;Bordeaux;Karim Belkacem;Sans réponse;4.8
REL-02863;DEV-02674;2026-02-23;2026-02;2025-2026;1;Email;Bordeaux;Sophie Marchand;Refus signifié;3.2
REL-02864;DEV-02676;2026-02-23;2026-02;2025-2026;1;Téléphone;Toulouse;Julien Fabre;Rappel demandé;2.8
REL-02865;DEV-02676;2026-03-01;2026-03;2025-2026;2;Téléphone;Toulouse;Julien Fabre;Accord obtenu;8.7
REL-02866;DEV-02678;2026-03-04;2026-03;2025-2026;1;Email;Toulouse;Julien Fabre;Rappel demandé;4.3
REL-02867;DEV-02678;2026-03-09;2026-03;2025-2026;2;Téléphone;Toulouse;Julien Fabre;Refus signifié;3.3
REL-02868;DEV-02680;2026-03-06;2026-03;2025-2026;1;Email;Bordeaux;Sophie Marchand;Injoignable;2.7
REL-02869;DEV-02682;2026-02-20;2026-02;2025-2026;1;Téléphone;Bordeaux;Sophie Marchand;Sans réponse;8.6
REL-02870;DEV-02682;2026-02-25;2026-02;2025-2026;2;Téléphone;Bordeaux;Sophie Marchand;Sans réponse;12.0
REL-02871;DEV-02682;2026-03-03;2026-03;2025-2026;3;Téléphone;Bordeaux;Sophie Marchand;Sans réponse;4.3
REL-02872;DEV-02684;2026-02-21;2026-02;2025-2026;1;Téléphone;Montpellier;Thomas Rey;Refus signifié;10.9
REL-02873;DEV-02686;2026-03-02;2026-03;2025-2026;1;Téléphone;Bordeaux;Sophie Marchand;Négociation en cours;9.3
REL-02874;DEV-02686;2026-03-08;2026-03;2025-2026;2;Email;Bordeaux;Sophie Marchand;Sans réponse;3.0
REL-02875;DEV-02691;2026-03-05;2026-03;2025-2026;1;SMS;Toulouse;Nadia Cherif;Injoignable;4.3
REL-02876;DEV-02691;2026-03-16;2026-03;2025-2026;2;Téléphone;Toulouse;Nadia Cherif;Refus signifié;10.3
REL-02877;DEV-02693;2026-03-08;2026-03;2025-2026;1;Téléphone;Bordeaux;Sophie Marchand;Injoignable;3.7
REL-02878;DEV-02693;2026-03-16;2026-03;2025-2026;2;Email;Bordeaux;Sophie Marchand;Rappel demandé;3.9
REL-02879;DEV-02696;2026-03-05;2026-03;2025-2026;1;Téléphone;Toulouse;Julien Fabre;Sans réponse;8.0
REL-02880;DEV-02696;2026-03-18;2026-03;2025-2026;2;Téléphone;Toulouse;Julien Fabre;Refus signifié;11.5
REL-02881;DEV-02697;2026-02-26;2026-02;2025-2026;1;Téléphone;Toulouse;Julien Fabre;Sans réponse;2.8
REL-02882;DEV-02698;2026-03-03;2026-03;2025-2026;1;Email;Montpellier;Thomas Rey;Sans réponse;3.8
REL-02883;DEV-02698;2026-03-12;2026-03;2025-2026;2;Email;Montpellier;Thomas Rey;Sans réponse;3.5
REL-02884;DEV-02698;2026-03-18;2026-03;2025-2026;3;SMS;Montpellier;Thomas Rey;Refus signifié;2.2
REL-02885;DEV-02700;2026-03-01;2026-03;2025-2026;1;Téléphone;Bordeaux;Karim Belkacem;Négociation en cours;13.7
REL-02886;DEV-02701;2026-03-08;2026-03;2025-2026;1;Email;Bordeaux;Sophie Marchand;Négociation en cours;1.9
REL-02887;DEV-02703;2026-03-09;2026-03;2025-2026;1;Email;Montpellier;Thomas Rey;Négociation en cours;4.0
REL-02888;DEV-02704;2026-03-01;2026-03;2025-2026;1;Email;Montpellier;Thomas Rey;Sans réponse;3.8
REL-02889;DEV-02704;2026-03-15;2026-03;2025-2026;2;Téléphone;Montpellier;Thomas Rey;Accord obtenu;11.4
REL-02890;DEV-02705;2026-03-04;2026-03;2025-2026;1;Téléphone;Bordeaux;Karim Belkacem;Accord obtenu;6.9
REL-02891;DEV-02710;2026-03-10;2026-03;2025-2026;1;Téléphone;Toulouse;Nadia Cherif;Refus signifié;12.0
REL-02892;DEV-02711;2026-03-12;2026-03;2025-2026;1;Email;Montpellier;Thomas Rey;Sans réponse;4.7
REL-02893;DEV-02712;2026-03-11;2026-03;2025-2026;1;Téléphone;Bordeaux;Sophie Marchand;Rappel demandé;10.5
REL-02894;DEV-02712;2026-03-19;2026-03;2025-2026;2;Email;Bordeaux;Sophie Marchand;Refus signifié;4.4
REL-02895;DEV-02713;2026-03-05;2026-03;2025-2026;1;Email;Bordeaux;Sophie Marchand;Sans réponse;1.5
REL-02896;DEV-02713;2026-03-15;2026-03;2025-2026;2;Email;Bordeaux;Sophie Marchand;Sans réponse;2.9
REL-02897;DEV-02714;2026-03-08;2026-03;2025-2026;1;Téléphone;Bordeaux;Karim Belkacem;Sans réponse;5.3
REL-02898;DEV-02714;2026-03-22;2026-03;2025-2026;2;Téléphone;Bordeaux;Karim Belkacem;Refus signifié;6.1
REL-02899;DEV-02715;2026-03-06;2026-03;2025-2026;1;Email;Montpellier;Thomas Rey;Sans réponse;2.1
REL-02900;DEV-02715;2026-03-14;2026-03;2025-2026;2;Email;Montpellier;Thomas Rey;Rappel demandé;4.6
REL-02901;DEV-02715;2026-03-23;2026-03;2025-2026;3;Email;Montpellier;Thomas Rey;Sans réponse;4.1
REL-02902;DEV-02717;2026-03-13;2026-03;2025-2026;1;Téléphone;Montpellier;Thomas Rey;Refus signifié;7.1
REL-02903;DEV-02718;2026-03-16;2026-03;2025-2026;1;Email;Bordeaux;Sophie Marchand;Refus signifié;1.5
REL-02904;DEV-02719;2026-03-11;2026-03;2025-2026;1;SMS;Bordeaux;Sophie Marchand;Rappel demandé;2.1
REL-02905;DEV-02719;2026-03-18;2026-03;2025-2026;2;Email;Bordeaux;Sophie Marchand;Accord obtenu;2.5
REL-02906;DEV-02720;2026-03-16;2026-03;2025-2026;1;Téléphone;Bordeaux;Sophie Marchand;Rappel demandé;12.5
REL-02907;DEV-02723;2026-03-16;2026-03;2025-2026;1;Téléphone;Montpellier;Thomas Rey;Injoignable;2.2
REL-02908;DEV-02723;2026-03-21;2026-03;2025-2026;2;Téléphone;Montpellier;Thomas Rey;Rappel demandé;11.3
REL-02909;DEV-02725;2026-03-10;2026-03;2025-2026;1;Email;Bordeaux;Karim Belkacem;Sans réponse;2.8
REL-02910;DEV-02725;2026-03-21;2026-03;2025-2026;2;Téléphone;Bordeaux;Karim Belkacem;Accord obtenu;6.2
REL-02911;DEV-02726;2026-03-19;2026-03;2025-2026;1;Email;Toulouse;Julien Fabre;Sans réponse;1.1
REL-02912;DEV-02727;2026-03-12;2026-03;2025-2026;1;Téléphone;Bordeaux;Karim Belkacem;Sans réponse;6.4
REL-02913;DEV-02728;2026-03-15;2026-03;2025-2026;1;Téléphone;Toulouse;Julien Fabre;Sans réponse;13.4
REL-02914;DEV-02730;2026-03-12;2026-03;2025-2026;1;Téléphone;Bordeaux;Sophie Marchand;Négociation en cours;2.1
REL-02915;DEV-02732;2026-03-20;2026-03;2025-2026;1;Téléphone;Toulouse;Julien Fabre;Refus signifié;10.5
REL-02916;DEV-02733;2026-03-12;2026-03;2025-2026;1;Email;Bordeaux;Karim Belkacem;Rappel demandé;4.1
REL-02917;DEV-02733;2026-03-17;2026-03;2025-2026;2;Email;Bordeaux;Karim Belkacem;Négociation en cours;1.0
REL-02918;DEV-02733;2026-03-28;2026-03;2025-2026;3;SMS;Bordeaux;Karim Belkacem;Rappel demandé;2.6
REL-02919;DEV-02734;2026-03-19;2026-03;2025-2026;1;SMS;Bordeaux;Karim Belkacem;Sans réponse;2.9
REL-02920;DEV-02737;2026-03-16;2026-03;2025-2026;1;Email;Toulouse;Julien Fabre;Sans réponse;4.1
REL-02921;DEV-02741;2026-03-22;2026-03;2025-2026;1;SMS;Bordeaux;Sophie Marchand;Rappel demandé;2.7
REL-02922;DEV-02741;2026-04-03;2026-04;2025-2026;2;SMS;Bordeaux;Sophie Marchand;Négociation en cours;3.4
REL-02923;DEV-02744;2026-03-20;2026-03;2025-2026;1;Email;Toulouse;Julien Fabre;Négociation en cours;2.2
REL-02924;DEV-02745;2026-03-22;2026-03;2025-2026;1;Email;Bordeaux;Karim Belkacem;Sans réponse;1.7
REL-02925;DEV-02745;2026-03-27;2026-03;2025-2026;2;Téléphone;Bordeaux;Karim Belkacem;Refus signifié;9.3
REL-02926;DEV-02748;2026-03-18;2026-03;2025-2026;1;Email;Toulouse;Julien Fabre;Sans réponse;1.2
REL-02927;DEV-02748;2026-03-30;2026-03;2025-2026;2;Téléphone;Toulouse;Julien Fabre;Sans réponse;9.7
REL-02928;DEV-02748;2026-04-06;2026-04;2025-2026;3;Email;Toulouse;Julien Fabre;Accord obtenu;4.2
REL-02929;DEV-02753;2026-04-02;2026-04;2025-2026;1;Email;Montpellier;Thomas Rey;Rappel demandé;4.2
REL-02930;DEV-02754;2026-03-27;2026-03;2025-2026;1;Email;Toulouse;Nadia Cherif;Rappel demandé;4.9
REL-02931;DEV-02754;2026-04-01;2026-04;2025-2026;2;Email;Toulouse;Nadia Cherif;Refus signifié;4.0
REL-02932;DEV-02755;2026-03-20;2026-03;2025-2026;1;Email;Toulouse;Nadia Cherif;Injoignable;2.1
REL-02933;DEV-02755;2026-03-29;2026-03;2025-2026;2;Email;Toulouse;Nadia Cherif;Refus signifié;3.6
REL-02934;DEV-02757;2026-03-18;2026-03;2025-2026;1;Téléphone;Bordeaux;Karim Belkacem;Sans réponse;10.3
REL-02935;DEV-02757;2026-03-28;2026-03;2025-2026;2;Email;Bordeaux;Karim Belkacem;Sans réponse;1.4
REL-02936;DEV-02758;2026-03-19;2026-03;2025-2026;1;Téléphone;Bordeaux;Karim Belkacem;Négociation en cours;3.0
REL-02937;DEV-02758;2026-03-27;2026-03;2025-2026;2;SMS;Bordeaux;Karim Belkacem;Accord obtenu;3.0
REL-02938;DEV-02764;2026-03-21;2026-03;2025-2026;1;Téléphone;Bordeaux;Sophie Marchand;Accord obtenu;10.9
REL-02939;DEV-02765;2026-03-20;2026-03;2025-2026;1;Email;Bordeaux;Karim Belkacem;Négociation en cours;4.3
REL-02940;DEV-02765;2026-03-29;2026-03;2025-2026;2;Email;Bordeaux;Karim Belkacem;Accord obtenu;4.7
REL-02941;DEV-02766;2026-03-24;2026-03;2025-2026;1;Email;Bordeaux;Karim Belkacem;Refus signifié;3.1
REL-02942;DEV-02768;2026-03-22;2026-03;2025-2026;1;Email;Bordeaux;Karim Belkacem;Refus signifié;4.2
REL-02943;DEV-02769;2026-03-27;2026-03;2025-2026;1;Téléphone;Bordeaux;Karim Belkacem;Rappel demandé;2.0
REL-02944;DEV-02769;2026-04-03;2026-04;2025-2026;2;Téléphone;Bordeaux;Karim Belkacem;Négociation en cours;13.0
REL-02945;DEV-02772;2026-03-31;2026-03;2025-2026;1;Téléphone;Montpellier;Thomas Rey;Refus signifié;9.5
REL-02946;DEV-02773;2026-04-01;2026-04;2025-2026;1;Email;Montpellier;Thomas Rey;Sans réponse;3.0
REL-02947;DEV-02773;2026-04-13;2026-04;2025-2026;2;Téléphone;Montpellier;Thomas Rey;Négociation en cours;5.7
REL-02948;DEV-02777;2026-03-24;2026-03;2025-2026;1;Téléphone;Toulouse;Nadia Cherif;Sans réponse;10.4
REL-02949;DEV-02778;2026-04-07;2026-04;2025-2026;1;Email;Toulouse;Nadia Cherif;Accord obtenu;1.7
REL-02950;DEV-02779;2026-04-04;2026-04;2025-2026;1;Email;Bordeaux;Karim Belkacem;Sans réponse;2.6
REL-02951;DEV-02779;2026-04-10;2026-04;2025-2026;2;SMS;Bordeaux;Karim Belkacem;Rappel demandé;2.3
REL-02952;DEV-02780;2026-04-05;2026-04;2025-2026;1;Email;Montpellier;Thomas Rey;Accord obtenu;2.6
REL-02953;DEV-02782;2026-04-02;2026-04;2025-2026;1;Téléphone;Toulouse;Nadia Cherif;Sans réponse;9.1
REL-02954;DEV-02783;2026-04-06;2026-04;2025-2026;1;Email;Bordeaux;Sophie Marchand;Rappel demandé;3.3
REL-02955;DEV-02783;2026-04-19;2026-04;2025-2026;2;SMS;Bordeaux;Sophie Marchand;Accord obtenu;4.0
REL-02956;DEV-02784;2026-04-07;2026-04;2025-2026;1;SMS;Toulouse;Julien Fabre;Sans réponse;2.5
REL-02957;DEV-02787;2026-04-12;2026-04;2025-2026;1;Email;Bordeaux;Sophie Marchand;Sans réponse;1.3
REL-02958;DEV-02787;2026-04-22;2026-04;2025-2026;2;SMS;Bordeaux;Sophie Marchand;Refus signifié;2.8
REL-02959;DEV-02788;2026-04-02;2026-04;2025-2026;1;Email;Toulouse;Nadia Cherif;Sans réponse;1.1
REL-02960;DEV-02788;2026-04-16;2026-04;2025-2026;2;Email;Toulouse;Nadia Cherif;Refus signifié;2.2
REL-02961;DEV-02792;2026-03-29;2026-03;2025-2026;1;Email;Bordeaux;Karim Belkacem;Sans réponse;2.5
REL-02962;DEV-02792;2026-04-07;2026-04;2025-2026;2;Email;Bordeaux;Karim Belkacem;Accord obtenu;1.8
REL-02963;DEV-02793;2026-04-05;2026-04;2025-2026;1;Téléphone;Bordeaux;Karim Belkacem;Sans réponse;4.7
REL-02964;DEV-02793;2026-04-19;2026-04;2025-2026;2;Téléphone;Bordeaux;Karim Belkacem;Refus signifié;5.5
REL-02965;DEV-02794;2026-04-04;2026-04;2025-2026;1;Email;Toulouse;Nadia Cherif;Sans réponse;3.8
REL-02966;DEV-02794;2026-04-11;2026-04;2025-2026;2;Email;Toulouse;Nadia Cherif;Injoignable;2.5
REL-02967;DEV-02796;2026-04-03;2026-04;2025-2026;1;SMS;Bordeaux;Karim Belkacem;Négociation en cours;3.3
REL-02968;DEV-02797;2026-04-06;2026-04;2025-2026;1;SMS;Bordeaux;Sophie Marchand;Rappel demandé;1.9
REL-02969;DEV-02797;2026-04-12;2026-04;2025-2026;2;Email;Bordeaux;Sophie Marchand;Rappel demandé;1.5
REL-02970;DEV-02798;2026-04-09;2026-04;2025-2026;1;Email;Bordeaux;Karim Belkacem;Négociation en cours;3.5
REL-02971;DEV-02799;2026-04-15;2026-04;2025-2026;1;Email;Toulouse;Julien Fabre;Rappel demandé;3.6
REL-02972;DEV-02802;2026-04-02;2026-04;2025-2026;1;Email;Bordeaux;Karim Belkacem;Rappel demandé;3.9
REL-02973;DEV-02802;2026-04-07;2026-04;2025-2026;2;Téléphone;Bordeaux;Karim Belkacem;Rappel demandé;10.1
REL-02974;DEV-02803;2026-04-08;2026-04;2025-2026;1;Téléphone;Toulouse;Nadia Cherif;Sans réponse;5.3
REL-02975;DEV-02803;2026-04-21;2026-04;2025-2026;2;Téléphone;Toulouse;Nadia Cherif;Rappel demandé;5.1
REL-02976;DEV-02807;2026-04-06;2026-04;2025-2026;1;Téléphone;Bordeaux;Sophie Marchand;Rappel demandé;5.5
REL-02977;DEV-02807;2026-04-11;2026-04;2025-2026;2;Email;Bordeaux;Sophie Marchand;Sans réponse;4.1
REL-02978;DEV-02807;2026-04-24;2026-04;2025-2026;3;Email;Bordeaux;Sophie Marchand;Accord obtenu;4.8
REL-02979;DEV-02808;2026-04-12;2026-04;2025-2026;1;SMS;Bordeaux;Sophie Marchand;Sans réponse;3.3
REL-02980;DEV-02810;2026-04-16;2026-04;2025-2026;1;Téléphone;Montpellier;Thomas Rey;Refus signifié;8.4
REL-02981;DEV-02813;2026-04-12;2026-04;2025-2026;1;Email;Montpellier;Thomas Rey;Sans réponse;3.5
REL-02982;DEV-02814;2026-04-13;2026-04;2025-2026;1;Téléphone;Toulouse;Nadia Cherif;Rappel demandé;12.4
REL-02983;DEV-02816;2026-04-22;2026-04;2025-2026;1;Téléphone;Toulouse;Nadia Cherif;Sans réponse;9.5
REL-02984;DEV-02816;2026-05-04;2026-05;2025-2026;2;Email;Toulouse;Nadia Cherif;Sans réponse;1.6
REL-02985;DEV-02816;2026-05-10;2026-05;2025-2026;3;Téléphone;Toulouse;Nadia Cherif;Sans réponse;3.8
REL-02986;DEV-02817;2026-04-23;2026-04;2025-2026;1;Email;Bordeaux;Sophie Marchand;Accord obtenu;4.6
REL-02987;DEV-02818;2026-04-18;2026-04;2025-2026;1;Email;Montpellier;Thomas Rey;Refus signifié;2.1
REL-02988;DEV-02819;2026-04-13;2026-04;2025-2026;1;Email;Bordeaux;Karim Belkacem;Injoignable;3.0
REL-02989;DEV-02821;2026-04-10;2026-04;2025-2026;1;Téléphone;Toulouse;Julien Fabre;Rappel demandé;13.7
REL-02990;DEV-02821;2026-04-19;2026-04;2025-2026;2;Téléphone;Toulouse;Julien Fabre;Accord obtenu;6.5
REL-02991;DEV-02824;2026-04-17;2026-04;2025-2026;1;Email;Bordeaux;Karim Belkacem;Rappel demandé;2.5
REL-02992;DEV-02824;2026-04-22;2026-04;2025-2026;2;Email;Bordeaux;Karim Belkacem;Rappel demandé;3.5
REL-02993;DEV-02824;2026-05-01;2026-05;2025-2026;3;Email;Bordeaux;Karim Belkacem;Refus signifié;1.8
REL-02994;DEV-02825;2026-04-11;2026-04;2025-2026;1;SMS;Toulouse;Nadia Cherif;Sans réponse;1.7
REL-02995;DEV-02825;2026-04-18;2026-04;2025-2026;2;Email;Toulouse;Nadia Cherif;Accord obtenu;3.5
REL-02996;DEV-02826;2026-04-20;2026-04;2025-2026;1;Email;Montpellier;Thomas Rey;Sans réponse;2.7
REL-02997;DEV-02828;2026-04-24;2026-04;2025-2026;1;Email;Bordeaux;Sophie Marchand;Négociation en cours;3.3
REL-02998;DEV-02829;2026-04-18;2026-04;2025-2026;1;Email;Bordeaux;Sophie Marchand;Rappel demandé;4.4
REL-02999;DEV-02829;2026-05-02;2026-05;2025-2026;2;SMS;Bordeaux;Sophie Marchand;Accord obtenu;2.7
REL-03000;DEV-02830;2026-04-13;2026-04;2025-2026;1;Email;Bordeaux;Karim Belkacem;Sans réponse;1.3
REL-03001;DEV-02830;2026-04-21;2026-04;2025-2026;2;SMS;Bordeaux;Karim Belkacem;Accord obtenu;4.9
REL-03002;DEV-02831;2026-04-17;2026-04;2025-2026;1;Téléphone;Bordeaux;Karim Belkacem;Négociation en cours;12.7
REL-03003;DEV-02838;2026-04-18;2026-04;2025-2026;1;Téléphone;Toulouse;Nadia Cherif;Sans réponse;5.6
REL-03004;DEV-02838;2026-05-02;2026-05;2025-2026;2;Email;Toulouse;Nadia Cherif;Accord obtenu;2.8
REL-03005;DEV-02839;2026-04-28;2026-04;2025-2026;1;Téléphone;Montpellier;Thomas Rey;Négociation en cours;2.3
REL-03006;DEV-02841;2026-04-20;2026-04;2025-2026;1;Email;Toulouse;Julien Fabre;Rappel demandé;4.9
REL-03007;DEV-02841;2026-05-01;2026-05;2025-2026;2;Email;Toulouse;Julien Fabre;Négociation en cours;3.9
REL-03008;DEV-02841;2026-05-15;2026-05;2025-2026;3;Téléphone;Toulouse;Julien Fabre;Accord obtenu;13.0
REL-03009;DEV-02843;2026-04-19;2026-04;2025-2026;1;Email;Bordeaux;Karim Belkacem;Sans réponse;1.8
REL-03010;DEV-02843;2026-05-01;2026-05;2025-2026;2;Email;Bordeaux;Karim Belkacem;Accord obtenu;3.7
REL-03011;DEV-02845;2026-04-28;2026-04;2025-2026;1;Téléphone;Bordeaux;Karim Belkacem;Refus signifié;8.0
REL-03012;DEV-02846;2026-04-23;2026-04;2025-2026;1;Téléphone;Bordeaux;Karim Belkacem;Injoignable;3.6
REL-03013;DEV-02847;2026-04-20;2026-04;2025-2026;1;Email;Bordeaux;Karim Belkacem;Négociation en cours;3.2
REL-03014;DEV-02847;2026-04-26;2026-04;2025-2026;2;Téléphone;Bordeaux;Karim Belkacem;Négociation en cours;3.0
REL-03015;DEV-02848;2026-04-25;2026-04;2025-2026;1;SMS;Montpellier;Thomas Rey;Sans réponse;4.7
REL-03016;DEV-02848;2026-04-30;2026-04;2025-2026;2;Téléphone;Montpellier;Thomas Rey;Sans réponse;4.1
REL-03017;DEV-02848;2026-05-12;2026-05;2025-2026;3;SMS;Montpellier;Thomas Rey;Accord obtenu;3.6
REL-03018;DEV-02849;2026-05-01;2026-05;2025-2026;1;Email;Bordeaux;Sophie Marchand;Sans réponse;3.5
REL-03019;DEV-02850;2026-04-24;2026-04;2025-2026;1;Téléphone;Toulouse;Julien Fabre;Accord obtenu;3.0
REL-03020;DEV-02851;2026-05-09;2026-05;2025-2026;1;Téléphone;Toulouse;Nadia Cherif;Négociation en cours;7.1
REL-03021;DEV-02851;2026-05-14;2026-05;2025-2026;2;Téléphone;Toulouse;Nadia Cherif;Accord obtenu;11.6
REL-03022;DEV-02852;2026-04-26;2026-04;2025-2026;1;Téléphone;Bordeaux;Sophie Marchand;Négociation en cours;11.9
REL-03023;DEV-02854;2026-05-03;2026-05;2025-2026;1;Email;Bordeaux;Karim Belkacem;Accord obtenu;4.7
REL-03024;DEV-02856;2026-05-04;2026-05;2025-2026;1;SMS;Montpellier;Thomas Rey;Sans réponse;2.4
REL-03025;DEV-02856;2026-05-12;2026-05;2025-2026;2;Téléphone;Montpellier;Thomas Rey;Accord obtenu;4.0
REL-03026;DEV-02857;2026-04-30;2026-04;2025-2026;1;Téléphone;Bordeaux;Sophie Marchand;Accord obtenu;9.0
REL-03027;DEV-02858;2026-04-27;2026-04;2025-2026;1;SMS;Bordeaux;Karim Belkacem;Accord obtenu;2.7
REL-03028;DEV-02859;2026-04-25;2026-04;2025-2026;1;Téléphone;Bordeaux;Karim Belkacem;Sans réponse;10.2
REL-03029;DEV-02859;2026-05-05;2026-05;2025-2026;2;Email;Bordeaux;Karim Belkacem;Injoignable;3.4
REL-03030;DEV-02863;2026-04-28;2026-04;2025-2026;1;SMS;Toulouse;Julien Fabre;Sans réponse;2.4
REL-03031;DEV-02863;2026-05-12;2026-05;2025-2026;2;Email;Toulouse;Julien Fabre;Sans réponse;4.6
REL-03032;DEV-02866;2026-05-03;2026-05;2025-2026;1;Email;Toulouse;Julien Fabre;Sans réponse;2.2
REL-03033;DEV-02867;2026-05-08;2026-05;2025-2026;1;Téléphone;Toulouse;Julien Fabre;Accord obtenu;2.2
REL-03034;DEV-02870;2026-05-02;2026-05;2025-2026;1;Email;Bordeaux;Sophie Marchand;Sans réponse;2.9
REL-03035;DEV-02870;2026-05-14;2026-05;2025-2026;2;Email;Bordeaux;Sophie Marchand;Rappel demandé;1.7
REL-03036;DEV-02870;2026-05-28;2026-05;2025-2026;3;Email;Bordeaux;Sophie Marchand;Rappel demandé;2.1
REL-03037;DEV-02871;2026-05-09;2026-05;2025-2026;1;Téléphone;Bordeaux;Sophie Marchand;Rappel demandé;5.0
REL-03038;DEV-02873;2026-05-05;2026-05;2025-2026;1;SMS;Bordeaux;Sophie Marchand;Sans réponse;4.3
REL-03039;DEV-02873;2026-05-17;2026-05;2025-2026;2;Email;Bordeaux;Sophie Marchand;Négociation en cours;2.0
REL-03040;DEV-02873;2026-05-24;2026-05;2025-2026;3;Email;Bordeaux;Sophie Marchand;Refus signifié;2.6
REL-03041;DEV-02876;2026-05-05;2026-05;2025-2026;1;Téléphone;Bordeaux;Karim Belkacem;Négociation en cours;7.0
REL-03042;DEV-02878;2026-05-10;2026-05;2025-2026;1;Email;Bordeaux;Sophie Marchand;Négociation en cours;4.2
REL-03043;DEV-02879;2026-05-14;2026-05;2025-2026;1;Téléphone;Toulouse;Julien Fabre;Injoignable;11.0
REL-03044;DEV-02880;2026-05-13;2026-05;2025-2026;1;Email;Montpellier;Thomas Rey;Refus signifié;3.9
REL-03045;DEV-02881;2026-05-09;2026-05;2025-2026;1;Téléphone;Toulouse;Julien Fabre;Accord obtenu;5.6
REL-03046;DEV-02882;2026-05-08;2026-05;2025-2026;1;Email;Bordeaux;Karim Belkacem;Sans réponse;2.7
REL-03047;DEV-02882;2026-05-18;2026-05;2025-2026;2;SMS;Bordeaux;Karim Belkacem;Sans réponse;2.8
REL-03048;DEV-02883;2026-05-09;2026-05;2025-2026;1;SMS;Toulouse;Julien Fabre;Accord obtenu;1.2
REL-03049;DEV-02888;2026-05-15;2026-05;2025-2026;1;Téléphone;Toulouse;Julien Fabre;Rappel demandé;8.9
REL-03050;DEV-02888;2026-05-20;2026-05;2025-2026;2;Email;Toulouse;Julien Fabre;Sans réponse;1.5
REL-03051;DEV-02888;2026-06-01;2026-06;2025-2026;3;Téléphone;Toulouse;Julien Fabre;Sans réponse;11.1
REL-03052;DEV-02890;2026-05-10;2026-05;2025-2026;1;Téléphone;Toulouse;Nadia Cherif;Sans réponse;13.2
REL-03053;DEV-02890;2026-05-17;2026-05;2025-2026;2;Email;Toulouse;Nadia Cherif;Rappel demandé;4.1
REL-03054;DEV-02891;2026-05-12;2026-05;2025-2026;1;Téléphone;Bordeaux;Sophie Marchand;Accord obtenu;3.7
REL-03055;DEV-02892;2026-05-12;2026-05;2025-2026;1;SMS;Bordeaux;Karim Belkacem;Rappel demandé;2.6
REL-03056;DEV-02892;2026-05-22;2026-05;2025-2026;2;Email;Bordeaux;Karim Belkacem;Refus signifié;4.4
REL-03057;DEV-02894;2026-05-12;2026-05;2025-2026;1;SMS;Bordeaux;Sophie Marchand;Rappel demandé;2.5
REL-03058;DEV-02896;2026-05-11;2026-05;2025-2026;1;Email;Bordeaux;Sophie Marchand;Sans réponse;3.0
REL-03059;DEV-02896;2026-05-17;2026-05;2025-2026;2;Téléphone;Bordeaux;Sophie Marchand;Injoignable;9.4
REL-03060;DEV-02897;2026-05-13;2026-05;2025-2026;1;Téléphone;Toulouse;Julien Fabre;Négociation en cours;12.8
REL-03061;DEV-02897;2026-05-22;2026-05;2025-2026;2;Email;Toulouse;Julien Fabre;Rappel demandé;3.8
REL-03062;DEV-02897;2026-06-01;2026-06;2025-2026;3;Téléphone;Toulouse;Julien Fabre;Refus signifié;5.6
REL-03063;DEV-02898;2026-05-25;2026-05;2025-2026;1;SMS;Toulouse;Julien Fabre;Négociation en cours;1.7
REL-03064;DEV-02899;2026-05-12;2026-05;2025-2026;1;Téléphone;Montpellier;Thomas Rey;Négociation en cours;11.5
REL-03065;DEV-02899;2026-05-24;2026-05;2025-2026;2;Email;Montpellier;Thomas Rey;Sans réponse;2.0
REL-03066;DEV-02900;2026-05-14;2026-05;2025-2026;1;Email;Bordeaux;Karim Belkacem;Accord obtenu;3.0
REL-03067;DEV-02901;2026-05-14;2026-05;2025-2026;1;Email;Bordeaux;Karim Belkacem;Sans réponse;2.9
REL-03068;DEV-02901;2026-05-26;2026-05;2025-2026;2;Téléphone;Bordeaux;Karim Belkacem;Négociation en cours;2.2
REL-03069;DEV-02901;2026-06-04;2026-06;2025-2026;3;Téléphone;Bordeaux;Karim Belkacem;Accord obtenu;11.4
REL-03070;DEV-02902;2026-05-19;2026-05;2025-2026;1;Email;Toulouse;Julien Fabre;Sans réponse;3.4
REL-03071;DEV-02904;2026-05-14;2026-05;2025-2026;1;Téléphone;Bordeaux;Sophie Marchand;Sans réponse;13.6
REL-03072;DEV-02904;2026-05-23;2026-05;2025-2026;2;Email;Bordeaux;Sophie Marchand;Accord obtenu;3.6
REL-03073;DEV-02912;2026-05-18;2026-05;2025-2026;1;Email;Toulouse;Julien Fabre;Injoignable;4.1
REL-03074;DEV-02912;2026-05-25;2026-05;2025-2026;2;Email;Toulouse;Julien Fabre;Sans réponse;1.0
REL-03075;DEV-02913;2026-05-18;2026-05;2025-2026;1;SMS;Bordeaux;Karim Belkacem;Rappel demandé;1.0
REL-03076;DEV-02916;2026-05-17;2026-05;2025-2026;1;Téléphone;Toulouse;Nadia Cherif;Refus signifié;9.3
REL-03077;DEV-02919;2026-05-25;2026-05;2025-2026;1;Téléphone;Toulouse;Julien Fabre;Rappel demandé;2.1
REL-03078;DEV-02919;2026-06-02;2026-06;2025-2026;2;Téléphone;Toulouse;Julien Fabre;Rappel demandé;4.8
REL-03079;DEV-02920;2026-05-28;2026-05;2025-2026;1;SMS;Montpellier;Thomas Rey;Négociation en cours;4.8
REL-03080;DEV-02921;2026-05-22;2026-05;2025-2026;1;Téléphone;Toulouse;Nadia Cherif;Négociation en cours;12.0
REL-03081;DEV-02921;2026-06-05;2026-06;2025-2026;2;Téléphone;Toulouse;Nadia Cherif;Sans réponse;12.9
REL-03082;DEV-02922;2026-05-30;2026-05;2025-2026;1;Téléphone;Bordeaux;Sophie Marchand;Refus signifié;12.1
REL-03083;DEV-02925;2026-05-23;2026-05;2025-2026;1;Email;Montpellier;Thomas Rey;Refus signifié;1.7
REL-03084;DEV-02928;2026-05-21;2026-05;2025-2026;1;Email;Bordeaux;Karim Belkacem;Rappel demandé;4.2
REL-03085;DEV-02928;2026-05-28;2026-05;2025-2026;2;Email;Bordeaux;Karim Belkacem;Sans réponse;4.9
REL-03086;DEV-02928;2026-06-03;2026-06;2025-2026;3;Email;Bordeaux;Karim Belkacem;Accord obtenu;2.4
REL-03087;DEV-02929;2026-05-28;2026-05;2025-2026;1;Téléphone;Montpellier;Thomas Rey;Rappel demandé;7.9
REL-03088;DEV-02930;2026-05-28;2026-05;2025-2026;1;Email;Toulouse;Julien Fabre;Sans réponse;4.8
REL-03089;DEV-02930;2026-06-10;2026-06;2025-2026;2;Téléphone;Toulouse;Julien Fabre;Accord obtenu;11.1
REL-03090;DEV-02931;2026-05-30;2026-05;2025-2026;1;Email;Toulouse;Julien Fabre;Injoignable;3.7
REL-03091;DEV-02932;2026-05-26;2026-05;2025-2026;1;Téléphone;Toulouse;Nadia Cherif;Accord obtenu;9.9
REL-03092;DEV-02935;2026-06-02;2026-06;2025-2026;1;Téléphone;Montpellier;Thomas Rey;Négociation en cours;2.8
REL-03093;DEV-02935;2026-06-09;2026-06;2025-2026;2;Email;Montpellier;Thomas Rey;Refus signifié;3.3
REL-03094;DEV-02938;2026-06-06;2026-06;2025-2026;1;Email;Toulouse;Julien Fabre;Accord obtenu;3.3
REL-03095;DEV-02941;2026-06-03;2026-06;2025-2026;1;Téléphone;Toulouse;Julien Fabre;Rappel demandé;8.5
REL-03096;DEV-02941;2026-06-16;2026-06;2025-2026;2;Téléphone;Toulouse;Julien Fabre;Refus signifié;13.5
REL-03097;DEV-02942;2026-06-04;2026-06;2025-2026;1;Email;Montpellier;Thomas Rey;Rappel demandé;1.8
REL-03098;DEV-02943;2026-05-30;2026-05;2025-2026;1;Email;Toulouse;Nadia Cherif;Sans réponse;4.4
REL-03099;DEV-02944;2026-05-29;2026-05;2025-2026;1;Email;Bordeaux;Sophie Marchand;Négociation en cours;2.7
REL-03100;DEV-02944;2026-06-12;2026-06;2025-2026;2;SMS;Bordeaux;Sophie Marchand;Rappel demandé;1.7
REL-03101;DEV-02944;2026-06-19;2026-06;2025-2026;3;Téléphone;Bordeaux;Sophie Marchand;Sans réponse;8.5
REL-03102;DEV-02945;2026-06-01;2026-06;2025-2026;1;Téléphone;Bordeaux;Karim Belkacem;Accord obtenu;5.8
REL-03103;DEV-02946;2026-06-04;2026-06;2025-2026;1;Email;Montpellier;Thomas Rey;Sans réponse;4.8
REL-03104;DEV-02948;2026-06-05;2026-06;2025-2026;1;Email;Toulouse;Nadia Cherif;Refus signifié;3.3
REL-03105;DEV-02949;2026-06-07;2026-06;2025-2026;1;Email;Toulouse;Nadia Cherif;Injoignable;2.4
REL-03106;DEV-02949;2026-06-15;2026-06;2025-2026;2;SMS;Toulouse;Nadia Cherif;Sans réponse;3.3
REL-03107;DEV-02950;2026-06-06;2026-06;2025-2026;1;Email;Bordeaux;Karim Belkacem;Sans réponse;3.3
REL-03108;DEV-02950;2026-06-16;2026-06;2025-2026;2;Téléphone;Bordeaux;Karim Belkacem;Injoignable;12.4
REL-03109;DEV-02952;2026-05-28;2026-05;2025-2026;1;Email;Montpellier;Thomas Rey;Sans réponse;1.0
REL-03110;DEV-02952;2026-06-09;2026-06;2025-2026;2;SMS;Montpellier;Thomas Rey;Négociation en cours;4.1
REL-03111;DEV-02952;2026-06-14;2026-06;2025-2026;3;SMS;Montpellier;Thomas Rey;Rappel demandé;2.1
REL-03112;DEV-02953;2026-05-30;2026-05;2025-2026;1;SMS;Bordeaux;Karim Belkacem;Négociation en cours;2.6
REL-03113;DEV-02954;2026-06-08;2026-06;2025-2026;1;Email;Bordeaux;Karim Belkacem;Refus signifié;3.2
REL-03114;DEV-02956;2026-06-03;2026-06;2025-2026;1;Email;Toulouse;Nadia Cherif;Injoignable;4.3
REL-03115;DEV-02956;2026-06-13;2026-06;2025-2026;2;Téléphone;Toulouse;Nadia Cherif;Rappel demandé;3.1
REL-03116;DEV-02956;2026-06-19;2026-06;2025-2026;3;Email;Toulouse;Nadia Cherif;Accord obtenu;3.5
REL-03117;DEV-02957;2026-06-04;2026-06;2025-2026;1;Email;Bordeaux;Sophie Marchand;Négociation en cours;1.5
REL-03118;DEV-02957;2026-06-16;2026-06;2025-2026;2;SMS;Bordeaux;Sophie Marchand;Sans réponse;2.7
REL-03119;DEV-02957;2026-06-23;2026-06;2025-2026;3;Email;Bordeaux;Sophie Marchand;Sans réponse;1.7
REL-03120;DEV-02959;2026-06-17;2026-06;2025-2026;1;Email;Toulouse;Nadia Cherif;Négociation en cours;3.7
REL-03121;DEV-02961;2026-06-10;2026-06;2025-2026;1;Téléphone;Montpellier;Thomas Rey;Sans réponse;3.8
REL-03122;DEV-02962;2026-06-15;2026-06;2025-2026;1;Téléphone;Montpellier;Thomas Rey;Sans réponse;9.1
REL-03123;DEV-02963;2026-06-05;2026-06;2025-2026;1;Email;Bordeaux;Karim Belkacem;Injoignable;2.8
REL-03124;DEV-02963;2026-06-15;2026-06;2025-2026;2;Email;Bordeaux;Karim Belkacem;Sans réponse;3.8
REL-03125;DEV-02963;2026-06-22;2026-06;2025-2026;3;Téléphone;Bordeaux;Karim Belkacem;Sans réponse;7.4
REL-03126;DEV-02964;2026-06-12;2026-06;2025-2026;1;Email;Bordeaux;Sophie Marchand;Sans réponse;2.4
REL-03127;DEV-02967;2026-06-11;2026-06;2025-2026;1;Email;Bordeaux;Sophie Marchand;Refus signifié;2.1
REL-03128;DEV-02970;2026-06-10;2026-06;2025-2026;1;Téléphone;Toulouse;Julien Fabre;Sans réponse;9.9
REL-03129;DEV-02971;2026-06-11;2026-06;2025-2026;1;Téléphone;Montpellier;Thomas Rey;Injoignable;11.4
REL-03130;DEV-02971;2026-06-19;2026-06;2025-2026;2;Email;Montpellier;Thomas Rey;Refus signifié;1.3
REL-03131;DEV-02973;2026-06-17;2026-06;2025-2026;1;Email;Montpellier;Thomas Rey;Accord obtenu;1.2
REL-03132;DEV-02974;2026-06-10;2026-06;2025-2026;1;Email;Bordeaux;Karim Belkacem;Négociation en cours;1.4
REL-03133;DEV-02974;2026-06-18;2026-06;2025-2026;2;Email;Bordeaux;Karim Belkacem;Accord obtenu;1.8
REL-03134;DEV-02975;2026-06-12;2026-06;2025-2026;1;Email;Bordeaux;Karim Belkacem;Rappel demandé;3.5
REL-03135;DEV-02978;2026-06-09;2026-06;2025-2026;1;Téléphone;Bordeaux;Sophie Marchand;Refus signifié;3.6
REL-03136;DEV-02980;2026-06-11;2026-06;2025-2026;1;Email;Bordeaux;Karim Belkacem;Accord obtenu;1.9
REL-03137;DEV-02982;2026-06-13;2026-06;2025-2026;1;Email;Toulouse;Julien Fabre;Sans réponse;3.9
REL-03138;DEV-02982;2026-06-27;2026-06;2025-2026;2;SMS;Toulouse;Julien Fabre;Rappel demandé;2.1
REL-03139;DEV-02983;2026-06-27;2026-06;2025-2026;1;Email;Bordeaux;Sophie Marchand;Rappel demandé;4.6
REL-03140;DEV-02984;2026-06-17;2026-06;2025-2026;1;Téléphone;Bordeaux;Karim Belkacem;Refus signifié;9.1
REL-03141;DEV-02985;2026-06-27;2026-06;2025-2026;1;Email;Toulouse;Julien Fabre;Refus signifié;1.5
REL-03142;DEV-02986;2026-06-14;2026-06;2025-2026;1;Téléphone;Toulouse;Nadia Cherif;Sans réponse;7.2
REL-03143;DEV-02987;2026-06-20;2026-06;2025-2026;1;Email;Montpellier;Thomas Rey;Négociation en cours;4.0
REL-03144;DEV-02987;2026-06-25;2026-06;2025-2026;2;Téléphone;Montpellier;Thomas Rey;Sans réponse;10.9
REL-03145;DEV-02988;2026-06-23;2026-06;2025-2026;1;SMS;Toulouse;Nadia Cherif;Rappel demandé;2.6
REL-03146;DEV-02989;2026-06-18;2026-06;2025-2026;1;Email;Bordeaux;Karim Belkacem;Sans réponse;3.0
REL-03147;DEV-02996;2026-06-20;2026-06;2025-2026;1;Téléphone;Toulouse;Julien Fabre;Négociation en cours;13.1
REL-03148;DEV-03001;2026-06-18;2026-06;2025-2026;1;Email;Toulouse;Nadia Cherif;Sans réponse;4.1
REL-03149;DEV-03001;2026-06-27;2026-06;2025-2026;2;Téléphone;Toulouse;Nadia Cherif;Sans réponse;7.0
REL-03150;DEV-03003;2026-06-25;2026-06;2025-2026;1;Téléphone;Montpellier;Thomas Rey;Négociation en cours;4.9
REL-03151;DEV-03005;2026-06-28;2026-06;2025-2026;1;Email;Bordeaux;Sophie Marchand;Sans réponse;3.4
REL-03152;DEV-03006;2026-06-22;2026-06;2025-2026;1;Téléphone;Toulouse;Julien Fabre;Sans réponse;4.2
REL-03153;DEV-03007;2026-06-26;2026-06;2025-2026;1;SMS;Montpellier;Thomas Rey;Négociation en cours;4.9
REL-03154;DEV-03009;2026-06-23;2026-06;2025-2026;1;Email;Bordeaux;Karim Belkacem;Sans réponse;4.9
REL-03155;DEV-03010;2026-06-25;2026-06;2025-2026;1;SMS;Bordeaux;Sophie Marchand;Injoignable;2.1
REL-03156;DEV-03011;2026-06-21;2026-06;2025-2026;1;Email;Bordeaux;Sophie Marchand;Sans réponse;1.4
REL-03157;DEV-03015;2026-06-18;2026-06;2025-2026;1;SMS;Toulouse;Nadia Cherif;Sans réponse;2.7
REL-03158;DEV-03015;2026-06-30;2026-06;2025-2026;2;Téléphone;Toulouse;Nadia Cherif;Sans réponse;7.7
REL-03159;DEV-03016;2026-06-28;2026-06;2025-2026;1;Téléphone;Toulouse;Nadia Cherif;Injoignable;3.2
REL-03160;DEV-03019;2026-06-26;2026-06;2025-2026;1;Téléphone;Bordeaux;Karim Belkacem;Rappel demandé;5.4
REL-03161;DEV-03021;2026-06-27;2026-06;2025-2026;1;SMS;Toulouse;Nadia Cherif;Sans réponse;3.1
REL-03162;DEV-03022;2026-06-24;2026-06;2025-2026;1;Email;Bordeaux;Karim Belkacem;Injoignable;4.9
REL-03163;DEV-03023;2026-06-27;2026-06;2025-2026;1;Téléphone;Bordeaux;Karim Belkacem;Accord obtenu;2.5
REL-03164;DEV-03025;2026-06-28;2026-06;2025-2026;1;Email;Bordeaux;Sophie Marchand;Sans réponse;1.9
REL-03165;DEV-03030;2026-06-29;2026-06;2025-2026;1;SMS;Bordeaux;Sophie Marchand;Sans réponse;3.6
REL-03166;DEV-03033;2026-06-29;2026-06;2025-2026;1;Email;Toulouse;Julien Fabre;Accord obtenu;2.0
REL-03167;DEV-03038;2026-06-29;2026-06;2025-2026;1;Téléphone;Bordeaux;Karim Belkacem;Sans réponse;12.8
